Workbook

Sheet חאזם
A1: מעקב ביצועי סוכן חאזם
A2: תאריך הדוח: | B2: 46250
A3: יום בדיקה (קלט ידני): | B3: 46249
A4: תחילת החודש הרלוונטי: | B4: =EOMONTH(B3,-1)+1 -> 46235
A5: סוף החודש הרלוונטי: | B5: =EOMONTH(B3,0) -> 46265
A6: סה"כ ימי א'-ה' בחודש: | B6: =SUMPRODUCT((WEEKDAY(ROW(INDIRECT(B4&":"&B5)))<6)*1) -> 22
A7: ימי א'-ה' שעברו (מ-1 בחודש עד יום הבדיקה): | B7: =SUMPRODUCT((WEEKDAY(ROW(INDIRECT(B4&":"&B3)))<6)*1) -> 10
A9: סוכן | B9: קטגוריה | C9: יעד חודשי (₪) | D9: מכירות (snapshot) | E9: פתוחות (snapshot) | F9: מכירות עד לבדיקה (₪) | G9: אחוז ביצוע לפי יעד | H9: כמה נשאר לסיום החודש (₪) | I9: קצב אומדן סוף חודש (₪) | J9: קצב %
A10: חאזם | B10: בתי מרקחת פרטיים | C10: 109000 | D10: 20013.1 | E10: 4595 | F10: =D10+E10 -> 24608.1 | G10: =IFERROR(F10/C10,"") -> 0.22576239 | H10: =IF(C10="","",C10-F10) -> 84391.9 | I10: =IFERROR((F10/$B$7)*$B$6,"") -> 54137.82 | J10: =IFERROR(I10/C10,"") -> 0.49667725
B11: BE | C11: 25070 | D11: 9809.2 | E11: 646 | F11: =D11+E11 -> 10455.2 | G11: =IFERROR(F11/C11,"") -> 0.41704029 | H11: =IF(C11="","",C11-F11) -> 14614.8 | I11: =IFERROR((F11/$B$7)*$B$6,"") -> 23001.44 | J11: =IFERROR(I11/C11,"") -> 0.91748863
B12: סופרפארם | C12: 119900 | D12: 50294 | F12: =D12+E12 -> 50294 | G12: =IFERROR(F12/C12,"") -> 0.41946622 | H12: =IF(C12="","",C12-F12) -> 69606 | I12: =IFERROR((F12/$B$7)*$B$6,"") -> 110646.8 | J12: =IFERROR(I12/C12,"") -> 0.92282569
B13: סה"כ | C13: =SUM(C10:C12) -> 253970 | D13: =SUM(D10:D12) -> 80116.3 | E13: =SUM(E10:E12) -> 5241 | F13: =SUM(F10:F12) -> 85357.3 | G13: =IFERROR(F13/C13,"") -> 0.33609206 | H13: =IF(C13="","",C13-F13) -> 168612.7 | I13: =IFERROR((F13/$B$7)*$B$6,"") -> 187786.06 | J13: =IFERROR(I13/C13,"") -> 0.73940253
B14: מכוני אורטופדיה | C14: 47457 | D14: 19629 | F14: =D14+E14 -> 19629 | G14: =IFERROR(F14/C14,"") -> 0.41361654 | H14: =IF(C14="","",C14-F14) -> 27828 | I14: =IFERROR((F14/$B$7)*$B$6,"") -> 43183.8 | J14: =IFERROR(I14/C14,"") -> 0.90995638
B15: מכוני פיזוטרפיה | C15: =16734+302 -> 17036 | D15: 5352 | F15: =D15+E15 -> 5352 | G15: =IFERROR(F15/C15,"") -> 0.31415825 | H15: =IF(C15="","",C15-F15) -> 11684 | I15: =IFERROR((F15/$B$7)*$B$6,"") -> 11774.4 | J15: =IFERROR(I15/C15,"") -> 0.69114816
B16: מאוחדת | C16: 21800 | D16: 6626.4 | E16: 302 | F16: =D16+E16 -> 6928.4 | G16: =IFERROR(F16/C16,"") -> 0.31781651 | H16: =IF(C16="","",C16-F16) -> 14871.6 | I16: =IFERROR((F16/$B$7)*$B$6,"") -> 15242.48 | J16: =IFERROR(I16/C16,"") -> 0.69919633
B17: חנויות פרטיות | C17: 6250 | D17: 0 | F17: =D17+E17 -> 0 | G17: =IFERROR(F17/C17,"") -> 0 | H17: =IF(C17="","",C17-F17) -> 6250 | I17: =IFERROR((F17/$B$7)*$B$6,"") -> 0 | J17: =IFERROR(I17/C17,"") -> 0
B18: חנויות ספורט | D18: 1276 | F18: =D18+E18 -> 1276 | G18: =IFERROR(F18/C18,"") | H18: =IF(C18="","",C18-F18) | I18: =IFERROR((F18/$B$7)*$B$6,"") -> 2807.2 | J18: =IFERROR(I18/C18,"")
B19: סה"כ | C19: =SUM(C14:C18) -> 92543 | D19: =SUM(D14:D18) -> 32883.4 | E19: =SUM(E14:E18) -> 302 | F19: =SUM(F14:F18) -> 33185.4 | G19: =IFERROR(F19/C19,"") -> 0.35859438 | H19: =IF(C19="","",C19-F19) -> 59357.6 | I19: =IFERROR((F19/$B$7)*$B$6,"") -> 73007.88 | J19: =IFERROR(I19/C19,"") -> 0.78890764
B20: סה"כ כללי | C20: =C13+C19 -> 346513 | D20: =D13+D19 -> 112999.7 | E20: =E13+E19 -> 5543 | F20: =F13+F19 -> 118542.7 | G20: =IFERROR(F20/C20,"") -> 0.34210174 | H20: =IF(C20="","",C20-F20) -> 227970.3 | I20: =IFERROR((F20/$B$7)*$B$6,"") -> 260793.94 | J20: =IFERROR(I20/C20,"") -> 0.75262383
A22: סיכום ביצועים — סה"כ כללי (חאזם)
A24: ימים שעברו
A25: ממוצע מכירות יומי
A26: קצב
A28: הגעה ל 100%
A29: ימים שנותרו
A30: יעד ממוצע ליום

Sheet דודו
A1: מעקב ביצועי סוכן דודו
A2: תאריך חישוב: | B2: 46250
A3: יום בדיקה (קלט ידני): | B3: 46249
A4: תחילת החודש הרלוונטי: | B4: =EOMONTH(B3,-1)+1 -> 46235
A5: סוף החודש הרלוונטי: | B5: =EOMONTH(B3,0) -> 46265
A6: סה"כ ימי א'-ה' בחודש: | B6: =SUMPRODUCT((WEEKDAY(ROW(INDIRECT(B4&":"&B5)))<6)*1) -> 22
A7: ימי א'-ה' שעברו (מ-1 בחודש עד יום הבדיקה): | B7: =SUMPRODUCT((WEEKDAY(ROW(INDIRECT(B4&":"&B3)))<6)*1) -> 10
A8: הערה: עמודות D ('מכירות') ו-E ('פתוחות') הן צילום מצב (snapshot) של הערכים המחושבים (קאש) שכבר קיימים בקובץ המקור שהועלה (agents-tracking-source-full.xlsx, גיליון 'דודו'), שם הם תוצאה של נוסחאות פנימיות מול גיליונות 'מכירות'/'פתוחות' באותו קובץ. הועתקו לכאן כערכים קשיחים (לא לינק חי), בהתאם לאותה שיטה שבה נבנה גיליון חאזם. לתשומת לב - פער בנתוני המקור: לא נמצא יעד חודשי (עמודה C) לקטגוריות: מכוני פיזוטרפיה; חנויות ספורט. עד להשלמה ידנית, אחוז ביצוע וקצב % לקטגוריות אלה יוצגו כריק.
A9: גיליון זה = נתוני מקור וחישוב (Working Data): כל הנוסחאות, המקור וה-snapshot המלאים נמצאים כאן. לתצוגת סיכום ויזואלית עם גרפים למנהל ⇦ עבור לגיליון DASHBOARD.
A10: סוכן | B10: קטגוריה | C10: יעד חודשי (₪) | D10: מכירות (snapshot) | E10: פתוחות (snapshot) | F10: מכירות עד לבדיקה (₪) | G10: אחוז ביצוע לפי יעד | H10: כמה נשאר לסיום החודש (₪) | I10: קצב אומדן סוף חודש (₪) | J10: קצב %
A11: דודו | B11: בתי מרקחת פרטיים | C11: 45780 | D11: 28518.9 | E11: 885 | F11: =D11+E11 -> 29403.9 | G11: =IFERROR(F11/C11,"") -> 0.64228702 | H11: =IF(C11="","",C11-F11) -> 16376.1 | I11: =IFERROR((F11/$B$7)*$B$6,"") -> 64688.58 | J11: =IFERROR(I11/C11,"") -> 1.4130315
B12: BE | C12: 25070 | D12: 5330.1 | E12: 320 | F12: =D12+E12 -> 5650.1 | G12: =IFERROR(F12/C12,"") -> 0.22537296 | H12: =IF(C12="","",C12-F12) -> 19419.9 | I12: =IFERROR((F12/$B$7)*$B$6,"") -> 12430.22 | J12: =IFERROR(I12/C12,"") -> 0.4958205
B13: סופרפארם | C13: 167860 | D13: 78350.3 | F13: =D13+E13 -> 78350.3 | G13: =IFERROR(F13/C13,"") -> 0.4667598 | H13: =IF(C13="","",C13-F13) -> 89509.7 | I13: =IFERROR((F13/$B$7)*$B$6,"") -> 172370.66 | J13: =IFERROR(I13/C13,"") -> 1.0268716
B14: סה"כ | C14: =SUM(C11:C13) -> 238710 | D14: =SUM(D11:D13) -> 112199.3 | E14: =SUM(E11:E13) -> 1205 | F14: =SUM(F11:F13) -> 113404.3 | G14: =IFERROR(F14/C14,"") -> 0.47507143 | H14: =IF(C14="","",C14-F14) -> 125305.7 | I14: =IFERROR((F14/$B$7)*$B$6,"") -> 249489.46 | J14: =IFERROR(I14/C14,"") -> 1.0451571
B15: מכוני אורטופדיה | C15: 28992 | D15: 8622 | F15: =D15+E15 -> 8622 | G15: =IFERROR(F15/C15,"") -> 0.29739238 | H15: =IF(C15="","",C15-F15) -> 20370 | I15: =IFERROR((F15/$B$7)*$B$6,"") -> 18968.4 | J15: =IFERROR(I15/C15,"") -> 0.65426325
B16: מכוני פיזוטרפיה | D16: 0 | F16: =D16+E16 -> 0 | G16: =IFERROR(F16/C16,"") | H16: =IF(C16="","",C16-F16) | I16: =IFERROR((F16/$B$7)*$B$6,"") -> 0 | J16: =IFERROR(I16/C16,"")
B17: מאוחדת | C17: 43600 | D17: 27849.1 | E17: 2240 | F17: =D17+E17 -> 30089.1 | G17: =IFERROR(F17/C17,"") -> 0.69011697 | H17: =IF(C17="","",C17-F17) -> 13510.9 | I17: =IFERROR((F17/$B$7)*$B$6,"") -> 66196.02 | J17: =IFERROR(I17/C17,"") -> 1.5182573
B18: חנויות פרטיות | C18: 6250 | D18: 0 | F18: =D18+E18 -> 0 | G18: =IFERROR(F18/C18,"") -> 0 | H18: =IF(C18="","",C18-F18) -> 6250 | I18: =IFERROR((F18/$B$7)*$B$6,"") -> 0 | J18: =IFERROR(I18/C18,"") -> 0
B19: חנויות ספורט | D19: 457 | F19: =D19+E19 -> 457 | G19: =IFERROR(F19/C19,"") | H19: =IF(C19="","",C19-F19) | I19: =IFERROR((F19/$B$7)*$B$6,"") -> 1005.4 | J19: =IFERROR(I19/C19,"")
B20: סה"כ | C20: =SUM(C15:C19) -> 78842 | D20: =SUM(D15:D19) -> 36928.1 | E20: =SUM(E15:E19) -> 2240 | F20: =SUM(F15:F19) -> 39168.1 | G20: =IFERROR(F20/C20,"") -> 0.49679232 | H20: =IF(C20="","",C20-F20) -> 39673.9 | I20: =IFERROR((F20/$B$7)*$B$6,"") -> 86169.82 | J20: =IFERROR(I20/C20,"") -> 1.0929431
B21: סה"כ כללי | C21: =C14+C20 -> 317552 | D21: =D14+D20 -> 149127.4 | E21: =E14+E20 -> 3445 | F21: =F14+F20 -> 152572.4 | G21: =IFERROR(F21/C21,"") -> 0.4804643 | H21: =IF(C21="","",C21-F21) -> 164979.6 | I21: =IFERROR((F21/$B$7)*$B$6,"") -> 335659.28 | J21: =IFERROR(I21/C21,"") -> 1.0570215
A23: סיכום ביצועים — סה"כ כללי (דודו)
A25: ימים שנותרו (א'-ה', עד סוף החודש) | D25: יעד יומי נדרש להשלמה (₪) | G25: אחוז ביצוע נוכחי (מתוך היעד הכולל)
A26: =IFERROR(B6-B7,"—") -> 12 | D26: =IFERROR(H21/(B6-B7),"—") -> 13748.3 | G26: =IFERROR((D21+E21)/C21,"—") -> 0.4804643
A28: הערה: "ימים שנותרו" = סה"כ ימי א'-ה' בחודש (B6) פחות ימי א'-ה' שעברו עד יום הבדיקה (B7). "יעד יומי נדרש" = הסכום שנותר להשלמת היעד הכללי (H21) חלקי הימים שנותרו. עיצוב מותנה על תא האחוז: אדום מתחת ל-33%, צהוב 33%-66%, ירוק מעל 66%.

Sheet חיים
A1: מעקב ביצועי סוכן חיים
A2: תאריך חישוב: | B2: 46250
A3: יום בדיקה (קלט ידני): | B3: 46249
A4: תחילת החודש הרלוונטי: | B4: =EOMONTH(B3,-1)+1 -> 46235
A5: סוף החודש הרלוונטי: | B5: =EOMONTH(B3,0) -> 46265
A6: סה"כ ימי א'-ה' בחודש: | B6: =SUMPRODUCT((WEEKDAY(ROW(INDIRECT(B4&":"&B5)))<6)*1) -> 22
A7: ימי א'-ה' שעברו (מ-1 בחודש עד יום הבדיקה): | B7: =SUMPRODUCT((WEEKDAY(ROW(INDIRECT(B4&":"&B3)))<6)*1) -> 10
A8: הערה: עמודות D ('מכירות') ו-E ('פתוחות') הן צילום מצב (snapshot) של הערכים המחושבים (קאש) שכבר קיימים בקובץ המקור שהועלה (agents-tracking-source-full.xlsx, גיליון 'חיים'), שם הם תוצאה של נוסחאות פנימיות מול גיליונות 'מכירות'/'פתוחות' באותו קובץ. הועתקו לכאן כערכים קשיחים (לא לינק חי), בהתאם לאותה שיטה שבה נבנה גיליון חאזם. לתשומת לב - פער בנתוני המקור: לא נמצא יעד חודשי (עמודה C) לקטגוריות: חנויות ספורט. עד להשלמה ידנית, אחוז ביצוע וקצב % לקטגוריות אלה יוצגו כריק.
A9: גיליון זה = נתוני מקור וחישוב (Working Data): כל הנוסחאות, המקור וה-snapshot המלאים נמצאים כאן. לתצוגת סיכום ויזואלית עם גרפים למנהל ⇦ עבור לגיליון DASHBOARD.
A10: סוכן | B10: קטגוריה | C10: יעד חודשי (₪) | D10: מכירות (snapshot) | E10: פתוחות (snapshot) | F10: מכירות עד לבדיקה (₪) | G10: אחוז ביצוע לפי יעד | H10: כמה נשאר לסיום החודש (₪) | I10: קצב אומדן סוף חודש (₪) | J10: קצב %
A11: חיים | B11: בתי מרקחת פרטיים | C11: 30520 | D11: 13592.7 | E11: 75 | F11: =D11+E11 -> 13667.7 | G11: =IFERROR(F11/C11,"") -> 0.44782765 | H11: =IF(C11="","",C11-F11) -> 16852.3 | I11: =IFERROR((F11/$B$7)*$B$6,"") -> 30068.94 | J11: =IFERROR(I11/C11,"") -> 0.98522084
B12: BE | C12: 30520 | D12: 9861.2 | E12: 408 | F12: =D12+E12 -> 10269.2 | G12: =IFERROR(F12/C12,"") -> 0.33647444 | H12: =IF(C12="","",C12-F12) -> 20250.8 | I12: =IFERROR((F12/$B$7)*$B$6,"") -> 22592.24 | J12: =IFERROR(I12/C12,"") -> 0.74024377
B13: סופרפארם | C13: 161865 | D13: 64049.2 | F13: =D13+E13 -> 64049.2 | G13: =IFERROR(F13/C13,"") -> 0.39569518 | H13: =IF(C13="","",C13-F13) -> 97815.8 | I13: =IFERROR((F13/$B$7)*$B$6,"") -> 140908.24 | J13: =IFERROR(I13/C13,"") -> 0.87052939
B14: סה"כ | C14: =SUM(C11:C13) -> 222905 | D14: =SUM(D11:D13) -> 87503.1 | E14: =SUM(E11:E13) -> 483 | F14: =SUM(F11:F13) -> 87986.1 | G14: =IFERROR(F14/C14,"") -> 0.39472466 | H14: =IF(C14="","",C14-F14) -> 134918.9 | I14: =IFERROR((F14/$B$7)*$B$6,"") -> 193569.42 | J14: =IFERROR(I14/C14,"") -> 0.86839425
B15: מכוני אורטופדיה | C15: 12794 | D15: 4269 | F15: =D15+E15 -> 4269 | G15: =IFERROR(F15/C15,"") -> 0.33367203 | H15: =IF(C15="","",C15-F15) -> 8525 | I15: =IFERROR((F15/$B$7)*$B$6,"") -> 9391.8 | J15: =IFERROR(I15/C15,"") -> 0.73407847
B16: מכוני פיזוטרפיה | C16: 0 | D16: 0 | F16: =D16+E16 -> 0 | G16: =IFERROR(F16/C16,"") | H16: =IF(C16="","",C16-F16) -> 0 | I16: =IFERROR((F16/$B$7)*$B$6,"") -> 0 | J16: =IFERROR(I16/C16,"")
B17: מאוחדת | C17: 6625 | D17: 4045 | E17: 537 | F17: =D17+E17 -> 4582 | G17: =IFERROR(F17/C17,"") -> 0.69162264 | H17: =IF(C17="","",C17-F17) -> 2043 | I17: =IFERROR((F17/$B$7)*$B$6,"") -> 10080.4 | J17: =IFERROR(I17/C17,"") -> 1.5215698
B18: חנויות פרטיות | C18: 22036 | D18: 1212 | F18: =D18+E18 -> 1212 | G18: =IFERROR(F18/C18,"") -> 0.055000908 | H18: =IF(C18="","",C18-F18) -> 20824 | I18: =IFERROR((F18/$B$7)*$B$6,"") -> 2666.4 | J18: =IFERROR(I18/C18,"") -> 0.121002
B19: חנויות ספורט | F19: =D19+E19 -> 0 | G19: =IFERROR(F19/C19,"") | H19: =IF(C19="","",C19-F19) | I19: =IFERROR((F19/$B$7)*$B$6,"") -> 0 | J19: =IFERROR(I19/C19,"")
B20: סה"כ | C20: =SUM(C15:C19) -> 41455 | D20: =SUM(D15:D19) -> 9526 | E20: =SUM(E15:E19) -> 537 | F20: =SUM(F15:F19) -> 10063 | G20: =IFERROR(F20/C20,"") -> 0.24274515 | H20: =IF(C20="","",C20-F20) -> 31392 | I20: =IFERROR((F20/$B$7)*$B$6,"") -> 22138.6 | J20: =IFERROR(I20/C20,"") -> 0.53403932
B21: סה"כ כללי | C21: =C14+C20 -> 264360 | D21: =D14+D20 -> 97029.1 | E21: =E14+E20 -> 1020 | F21: =F14+F20 -> 98049.1 | G21: =IFERROR(F21/C21,"") -> 0.37089234 | H21: =IF(C21="","",C21-F21) -> 166310.9 | I21: =IFERROR((F21/$B$7)*$B$6,"") -> 215708.02 | J21: =IFERROR(I21/C21,"") -> 0.81596316
A23: סיכום ביצועים — סה"כ כללי (חיים)
A25: ימים שנותרו (א'-ה', עד סוף החודש) | D25: יעד יומי נדרש להשלמה (₪) | G25: אחוז ביצוע נוכחי (מתוך היעד הכולל)
A26: =IFERROR(B6-B7,"—") -> 12 | D26: =IFERROR(H21/(B6-B7),"—") -> 13859.242 | G26: =IFERROR((D21+E21)/C21,"—") -> 0.37089234
A28: הערה: "ימים שנותרו" = סה"כ ימי א'-ה' בחודש (B6) פחות ימי א'-ה' שעברו עד יום הבדיקה (B7). "יעד יומי נדרש" = הסכום שנותר להשלמת היעד הכללי (H21) חלקי הימים שנותרו. עיצוב מותנה על תא האחוז: אדום מתחת ל-33%, צהוב 33%-66%, ירוק מעל 66%.

Sheet סטאס
A1: מעקב ביצועי סוכן סטאס
A2: תאריך חישוב: | B2: 46250
A3: יום בדיקה (קלט ידני): | B3: 46249
A4: תחילת החודש הרלוונטי: | B4: =EOMONTH(B3,-1)+1 -> 46235
A5: סוף החודש הרלוונטי: | B5: =EOMONTH(B3,0) -> 46265
A6: סה"כ ימי א'-ה' בחודש: | B6: =SUMPRODUCT((WEEKDAY(ROW(INDIRECT(B4&":"&B5)))<6)*1) -> 22
A7: ימי א'-ה' שעברו (מ-1 בחודש עד יום הבדיקה): | B7: =SUMPRODUCT((WEEKDAY(ROW(INDIRECT(B4&":"&B3)))<6)*1) -> 10
A8: הערה: עמודות D ('מכירות') ו-E ('פתוחות') הן צילום מצב (snapshot) של הערכים המחושבים (קאש) שכבר קיימים בקובץ המקור שהועלה (agents-tracking-source-full.xlsx, גיליון 'סטאס'), שם הם תוצאה של נוסחאות פנימיות מול גיליונות 'מכירות'/'פתוחות' באותו קובץ. הועתקו לכאן כערכים קשיחים (לא לינק חי), בהתאם לאותה שיטה שבה נבנה גיליון חאזם. לתשומת לב - פער בנתוני המקור: לא נמצא יעד חודשי (עמודה C) לקטגוריות: חנויות ספורט. עד להשלמה ידנית, אחוז ביצוע וקצב % לקטגוריות אלה יוצגו כריק.
A9: גיליון זה = נתוני מקור וחישוב (Working Data): כל הנוסחאות, המקור וה-snapshot המלאים נמצאים כאן. לתצוגת סיכום ויזואלית עם גרפים למנהל ⇦ עבור לגיליון DASHBOARD.
A10: סוכן | B10: קטגוריה | C10: יעד חודשי (₪) | D10: מכירות (snapshot) | E10: פתוחות (snapshot) | F10: מכירות עד לבדיקה (₪) | G10: אחוז ביצוע לפי יעד | H10: כמה נשאר לסיום החודש (₪) | I10: קצב אומדן סוף חודש (₪) | J10: קצב %
A11: סטאס | B11: בתי מרקחת פרטיים | C11: 32700 | D11: 10036.8 | E11: 0 | F11: =D11+E11 -> 10036.8 | G11: =IFERROR(F11/C11,"") -> 0.30693578 | H11: =IF(C11="","",C11-F11) -> 22663.2 | I11: =IFERROR((F11/$B$7)*$B$6,"") -> 22080.96 | J11: =IFERROR(I11/C11,"") -> 0.67525872
B12: BE | C12: 28340 | D12: 11639.9 | E12: 481 | F12: =D12+E12 -> 12120.9 | G12: =IFERROR(F12/C12,"") -> 0.42769584 | H12: =IF(C12="","",C12-F12) -> 16219.1 | I12: =IFERROR((F12/$B$7)*$B$6,"") -> 26665.98 | J12: =IFERROR(I12/C12,"") -> 0.94093084
B13: סופרפארם | C13: 149875 | D13: 56289.2 | F13: =D13+E13 -> 56289.2 | G13: =IFERROR(F13/C13,"") -> 0.37557431 | H13: =IF(C13="","",C13-F13) -> 93585.8 | I13: =IFERROR((F13/$B$7)*$B$6,"") -> 123836.24 | J13: =IFERROR(I13/C13,"") -> 0.82626349
B14: סה"כ | C14: =SUM(C11:C13) -> 210915 | D14: =SUM(D11:D13) -> 77965.9 | E14: =SUM(E11:E13) -> 481 | F14: =SUM(F11:F13) -> 78446.9 | G14: =IFERROR(F14/C14,"") -> 0.37193609 | H14: =IF(C14="","",C14-F14) -> 132468.1 | I14: =IFERROR((F14/$B$7)*$B$6,"") -> 172583.18 | J14: =IFERROR(I14/C14,"") -> 0.81825939
B15: מכוני אורטופדיה | C15: 10756 | D15: 1222 | F15: =D15+E15 -> 1222 | G15: =IFERROR(F15/C15,"") -> 0.11361101 | H15: =IF(C15="","",C15-F15) -> 9534 | I15: =IFERROR((F15/$B$7)*$B$6,"") -> 2688.4 | J15: =IFERROR(I15/C15,"") -> 0.24994422
B16: מכוני פיזוטרפיה | C16: 7964 | D16: 899 | F16: =D16+E16 -> 899 | G16: =IFERROR(F16/C16,"") -> 0.11288297 | H16: =IF(C16="","",C16-F16) -> 7065 | I16: =IFERROR((F16/$B$7)*$B$6,"") -> 1977.8 | J16: =IFERROR(I16/C16,"") -> 0.24834254
B17: מאוחדת | C17: 21564 | D17: 7584.6 | E17: 132 | F17: =D17+E17 -> 7716.6 | G17: =IFERROR(F17/C17,"") -> 0.35784641 | H17: =IF(C17="","",C17-F17) -> 13847.4 | I17: =IFERROR((F17/$B$7)*$B$6,"") -> 16976.52 | J17: =IFERROR(I17/C17,"") -> 0.7872621
B18: חנויות פרטיות | C18: 5875 | D18: 157 | F18: =D18+E18 -> 157 | G18: =IFERROR(F18/C18,"") -> 0.026723404 | H18: =IF(C18="","",C18-F18) -> 5718 | I18: =IFERROR((F18/$B$7)*$B$6,"") -> 345.4 | J18: =IFERROR(I18/C18,"") -> 0.058791489
B19: חנויות ספורט | F19: =D19+E19 -> 0 | G19: =IFERROR(F19/C19,"") | H19: =IF(C19="","",C19-F19) | I19: =IFERROR((F19/$B$7)*$B$6,"") -> 0 | J19: =IFERROR(I19/C19,"")
B20: סה"כ | C20: =SUM(C15:C19) -> 46159 | D20: =SUM(D15:D19) -> 9862.6 | E20: =SUM(E15:E19) -> 132 | F20: =SUM(F15:F19) -> 9994.6 | G20: =IFERROR(F20/C20,"") -> 0.21652549 | H20: =IF(C20="","",C20-F20) -> 36164.4 | I20: =IFERROR((F20/$B$7)*$B$6,"") -> 21988.12 | J20: =IFERROR(I20/C20,"") -> 0.47635607
B21: סה"כ כללי | C21: =C14+C20 -> 257074 | D21: =D14+D20 -> 87828.5 | E21: =E14+E20 -> 613 | F21: =F14+F20 -> 88441.5 | G21: =IFERROR(F21/C21,"") -> 0.34403129 | H21: =IF(C21="","",C21-F21) -> 168632.5 | I21: =IFERROR((F21/$B$7)*$B$6,"") -> 194571.3 | J21: =IFERROR(I21/C21,"") -> 0.75686884
A23: סיכום ביצועים — סה"כ כללי (סטאס)
A25: ימים שנותרו (א'-ה', עד סוף החודש) | D25: יעד יומי נדרש להשלמה (₪) | G25: אחוז ביצוע נוכחי (מתוך היעד הכולל)
A26: =IFERROR(B6-B7,"—") -> 12 | D26: =IFERROR(H21/(B6-B7),"—") -> 14052.708 | G26: =IFERROR((D21+E21)/C21,"—") -> 0.34403129
A28: הערה: "ימים שנותרו" = סה"כ ימי א'-ה' בחודש (B6) פחות ימי א'-ה' שעברו עד יום הבדיקה (B7). "יעד יומי נדרש" = הסכום שנותר להשלמת היעד הכללי (H21) חלקי הימים שנותרו. עיצוב מותנה על תא האחוז: אדום מתחת ל-33%, צהוב 33%-66%, ירוק מעל 66%.

Sheet DASHBOARD
A1: דשבורד מרכז — השוואת ביצועי כל הסוכנים
A2: ="תצוגת מרכז לכל הסוכנים — נכון לתאריך חישוב "&TEXT(חאזם!B2,"dd/mm/yy")&" | יום בדיקה: "&TEXT(חאזם!B3,"dd/mm/yy")&" | סך ימי א-ה בחודש: "&חאזם!B6&" | ימים שעברו: "&חאזם!B7&" | ימים שנותרו: "&חאזם!#REF! -> #REF!
A3: גיליון זה = תצוגת מרכז ומעקב לכל 4 הסוכנים יחד: כל תא כאן הוא קישור חי לבלוק הסיכום (שורה 21 ושורות 25-26) בגיליון הסוכן המתאים. לנתוני המקור, הקטגוריות והנוסחאות המלאות של סוכן ספציפי ⇦ עבור לגיליון שלו (חאזם / דודו / חיים / סטאס).
A5: סוכן | B5: יעד חודשי (₪) | C5: מכירות עד לבדיקה (₪) | D5: אחוז ביצוע | E5: % הגעה ליעד לפי קצב נוכחי | F5: ימים נותרים לעבודה | G5: יעד כספי יומי נדרש להגעה ל-100%
A6: =חאזם!A10 -> חאזם | B6: =חאזם!C20 -> 346513 | C6: =חאזם!D20+חאזם!E20 -> 118542.7 | D6: =חאזם!G20 -> 0.34210174 | E6: =חאזם!J20 -> 0.75262383 | F6: =חאזם!#REF! -> #REF! | G6: =חאזם!#REF! -> #REF!
A7: =דודו!A11 -> דודו | B7: =דודו!C21 -> 317552 | C7: =דודו!D21+דודו!E21 -> 152572.4 | D7: =דודו!G21 -> 0.4804643 | E7: =דודו!J21 -> 1.0570215 | F7: =דודו!A26 -> 12 | G7: =דודו!D26 -> 13748.3
A8: =חיים!A11 -> חיים | B8: =חיים!C21 -> 264360 | C8: =חיים!D21+חיים!E21 -> 98049.1 | D8: =חיים!G21 -> 0.37089234 | E8: =חיים!J21 -> 0.81596316 | F8: =חיים!A26 -> 12 | G8: =חיים!D26 -> 13859.242
A9: =סטאס!A11 -> סטאס | B9: =סטאס!C21 -> 257074 | C9: =סטאס!D21+סטאס!E21 -> 88441.5 | D9: =סטאס!G21 -> 0.34403129 | E9: =סטאס!J21 -> 0.75686884 | F9: =סטאס!A26 -> 12 | G9: =סטאס!D26 -> 14052.708
A10: סה"כ כללי | B10: =SUM(B6:B9) -> 1185499 | C10: =SUM(C6:C9) -> 457605.7 | D10: =IFERROR(C10/B10,"") -> 0.3860026 | E10: =IFERROR((חאזם!I20+דודו!I21+חיים!I21+סטאס!I21)/B10,"") -> 0.84920573 | F10: =F6 -> #REF! | G10: =IFERROR((B10-C10)/F10,"")
A12: הערות: (1) "יעד חודשי", "מכירות עד לבדיקה", "ימים נותרים לעבודה" ו"יעד כספי יומי נדרש להגעה ל-100%" נמשכים בנוסחה חיה מבלוק הסיכום (שורה 21, ושורות 25-26) בגיליון כל סוכן. עמודת "יעד כספי יומי נדרש להגעה ל-100%" = (יעד חודשי − מכירות עד לבדיקה) / ימים נותרים לעבודה (בגיליון הסוכן: =H21/(B6-B7), כאשר H21=C21-F21 הוא הפער ליעד, ו-B6-B7 הם ימי א'-ה' שנותרו עד סוף החודש) — כלומר כמה עוד יש למכור בממוצע בכל יום עבודה נותר כדי להגיע בדיוק ל-100% מהיעד החודשי. (2) "ימים נותרים לעבודה" זהה לכל הסוכנים (אותו חודש ואותו יום בדיקה) ולכן שורת "סה"כ כללי" מציגה את אותו המספר, לא סכום. (3) עיצוב מותנה על עמודת "אחוז ביצוע": אדום מתחת ל-33%, צהוב 33%-66%, ירוק מעל 66% — זהה לעיצוב שבכל גיליון סוכן. (4) עמודת "% הגעה ליעד לפי קצב נוכחי" = תחזית סיום חודש (אם ממשיכים באותו קצב מכירות יומי ממוצע עד כה) חלקי היעד החודשי, נמשכת בנוסחה חיה מעמודה J שורה 21 בגיליון כל סוכן. עיצוב מותנה על עמודה זו: אדום מתחת ל-80% (לא צפויים לעמוד ביעד), צהוב 80%-100% (גבולי), ירוק מעל 100% (צפויים לעמוד/לעבור את היעד) — סף שונה מעמודת "אחוז ביצוע" כי כאן ההשוואה היא מול 100% מהיעד (תחזית), לא מול אמצע החודש. שורת "סה"כ כללי" בעמודה זו = סכום תחזיות ה-₪ של כל 4 הסוכנים חלקי סכום היעדים (B10), לא ממוצע של אחוזי הקצב הבודדים.
