Workbook

Sheet חאזם
G1: =10/22 -> 0.45454545 | H1: 12
A2: סוכן | B2: סוכן | C2: יעד | D2: מכירות | E2: פתוחות | F2: אחוז ביצוע | G2: אומדן | H2: אחוז אומדן | I2: יעד יומי | J2: הפרש יעד יומי
A3: חאזם | B3: בתי מרקחת פרטיים | C3: 109000 | D3: =[1]מכירות!C2+[1]מכירות!C11 -> 20013.1 | E3: =[1]פתוחות!D2 -> 4595 | F3: =(E3+D3)/C3 -> 0.22576239 | G3: =(E3+D3)/$G$1 -> 54137.82 | H3: =G3/C3 -> 0.49667725 | I3: =C3/22 -> 4954.5455 | J3: =(D3-E3)/$H$1 -> 1284.8417
B4: BE | C4: 25070 | D4: =[1]מכירות!C3 -> 9809.2 | E4: =[1]פתוחות!D3 -> 646 | F4: =(E4+D4)/C4 -> 0.41704029 | G4: =(E4+D4)/$G$1 -> 23001.44 | H4: =G4/C4 -> 0.91748863 | I4: =C4/22 -> 1139.5455 | J4: =(D4-E4)/$H$1 -> 763.6
B5: סופרפארם | C5: 119900 | D5: =[1]מכירות!C4 -> 50294 | F5: =(E5+D5)/C5 -> 0.41946622 | G5: =(E5+D5)/$G$1 -> 110646.8 | H5: =G5/C5 -> 0.92282569 | I5: =C5/22 -> 5450 | J5: =(D5-E5)/$H$1 -> 4191.1667
B6: סה"כ | C6: =SUM(C3:C5) -> 253970 | D6: =SUM(D3:D5) -> 80116.3 | E6: =SUM(E3:E5) -> 5241 | F6: =(E6+D6)/C6 -> 0.33609206 | G6: =SUM(G3:G5) -> 187786.06 | H6: =G6/C6 -> 0.73940253 | I6: =SUM(I3:I5) -> 11544.091 | J6: =SUM(J3:J5) -> 6239.6083
B7: מכוני אורטופדיה | C7: 47457 | D7: =[1]מכירות!C7 -> 19629 | F7: =(E7+D7)/C7 -> 0.41361654 | G7: =(E7+D7)/$G$1 -> 43183.8 | H7: =G7/C7 -> 0.90995638 | I7: =C7/22 -> 2157.1364 | J7: =(D7-E7)/$H$1 -> 1635.75
B8: מכוני פיזוטרפיה | C8: =16734+302 -> 17036 | D8: =[1]מכירות!C8 -> 5352 | F8: =(E8+D8)/C8 -> 0.31415825 | G8: =(E8+D8)/$G$1 -> 11774.4 | H8: =G8/C8 -> 0.69114816 | I8: =C8/22 -> 774.36364 | J8: =(D8-E8)/$H$1 -> 446
B9: מאוחדת | C9: 21800 | D9: =[1]מכירות!C5 -> 6626.4 | E9: =[1]פתוחות!D4 -> 302 | F9: =(E9+D9)/C9 -> 0.31781651 | G9: =(E9+D9)/$G$1 -> 15242.48 | H9: =G9/C9 -> 0.69919633 | I9: =C9/22 -> 990.90909 | J9: =(D9-E9)/$H$1 -> 527.03333
B10: חנויות פרטיות | C10: 6250 | D10: =[1]מכירות!C9 -> 0 | F10: =(E10+D10)/C10 -> 0 | G10: =(E10+D10)/$G$1 -> 0 | H10: =G10/C10 -> 0 | I10: =C10/22 -> 284.09091 | J10: =(D10-E10)/$H$1 -> 0
B11: חנויות ספורט | D11: =[1]מכירות!C11 -> 1276 | F11: =(E11+D11)/C11 -> #DIV/0! | G11: =(E11+D11)/$G$1 -> 2807.2 | H11: =G11/C11 -> #DIV/0! | I11: =C11/20 -> 0 | J11: =(D11-E11)/$H$1 -> 106.33333
B12: סה"כ | C12: =SUM(C7:C11) -> 92543 | D12: =SUM(D7:D11) -> 32883.4 | E12: =SUM(E7:E11) -> 302 | F12: =(E12+D12)/C12 -> 0.35859438 | G12: =SUM(G7:G11) -> 73007.88 | H12: =G12/C12 -> 0.78890764 | I12: =SUM(I7:I11) -> 4206.5 | J12: =SUM(J7:J11) -> 2715.1167
B13: סה"כ כללי | C13: =C6+C12 -> 346513 | D13: =D6+D12 -> 112999.7 | E13: =E6+E12 -> 5543 | F13: =(E13+D13)/C13 -> 0.34210174 | G13: =G6+G12 -> 260793.94 | H13: =G13/C13 -> 0.75262383 | I13: =I6+I12 -> 15750.591 | J13: =J6+J12 -> 8954.725
