Workbook

Sheet תקציב  
E1: 2 | F1: =+E1+1 -> 3 | G1: =+F1+1 -> 4 | H1: =+G1+1 -> 5 | I1: =+H1+1 -> 6 | J1: =+I1+1 -> 7 | K1: =+J1+1 -> 8 | L1: =+K1+1 -> 9 | M1: =+L1+1 -> 10 | ... P1: =+O1+1 -> 13
E2: 3 | F2: =E2+3 -> 6 | G2: =F2+3 -> 9 | H2: =G2+3 -> 12 | I2: =H2+3 -> 15 | J2: =I2+3 -> 18 | K2: =J2+3 -> 21 | L2: =K2+3 -> 24 | M2: =L2+3 -> 27 | ... P2: =O2+3 -> 36
AG3: Actual | AI3: מטרה
A4: # | D4: ארץ | E4: ינואר | F4: פברואר | G4: מרץ | H4: אפריל | I4: מאי | J4: יוני | K4: יולי | L4: אוגוסט | M4: ספטמבר | N4: אוקטובר | O4: נובמבר | P4: דצמבר | Q4: שנתי | S4: מצטבר ינואר | U4: מצטבר פברואר | V4: מצטבר מרץ | W4: מצטבר אפריל | X4: מצטבר מאי | Y4: מצטבר יוני | Z4: מצטבר יולי | AA4: מצטבר אוגוסט | AB4: מצטבר ספטמבר | AC4: מצטבר אוקטובר | AD4: מצטבר נובמבר | AE4: מצטבר דצמבר | AG4: H1 | AI4: יולי | AJ4: אוגוסט | AK4: ספטמבר | AL4: אוקטובר | AM4: נובמבר | AN4: דצמבר | AO4: H2 | AP4: שנתי | AR4: מצטבר יולי | AS4: מצטבר אוגוסט | AT4: מצטבר ספטמבר | AU4: מצטבר אוקטובר | AV4: מצטבר נובמבר | AW4: מצטבר דצמבר
A5: 5 | B5: סופר פארם לייף | C5: סופר פארם לייף | D5: ISRAEL | E5: 176666.67 | F5: 168253.97 | G5: 193492.06 | H5: 173015.87 | I5: 188253.97 | J5: 235079.37 | K5: 235079.37 | L5: 235079.37 | M5: 209841.27 | N5: 226666.67 | O5: 235079.37 | P5: 243492.06 | Q5: =SUM(E5:P5) -> 2520000 | S5: =SUM(E5:E5) -> 176666.67 | U5: =SUM($E5:F5) -> 344920.63 | V5: =SUM($E5:G5) -> 538412.7 | W5: =SUM($E5:H5) -> 711428.57 | X5: =SUM($E5:I5) -> 899682.54 | Y5: =SUM($E5:J5) -> 1134761.9 | Z5: =SUM($E5:K5) -> 1369841.3 | AA5: =SUM($E5:L5) -> 1604920.6 | AB5: =SUM($E5:M5) -> 1814761.9 | ... AE5: =SUM($E5:P5) -> 2520000 | AG5: =_xlfn.XLOOKUP(A5,'מצטבר יוני'!A:A,'מצטבר יוני'!H:H) -> 740443.3 | AI5: =AJ5 -> 200000 | AJ5: =_xlfn.XLOOKUP($A5,'[1]ישראל חציון שני הערכה '!$B:$B,'[1]ישראל חציון שני הערכה '!L:L) -> 200000 | AK5: =_xlfn.XLOOKUP($A5,'[1]ישראל חציון שני הערכה '!$B:$B,'[1]ישראל חציון שני הערכה '!M:M) -> 200000 | AL5: =_xlfn.XLOOKUP($A5,'[1]ישראל חציון שני הערכה '!$B:$B,'[1]ישראל חציון שני הערכה '!N:N) -> 200000 | AM5: =_xlfn.XLOOKUP($A5,'[1]ישראל חציון שני הערכה '!$B:$B,'[1]ישראל חציון שני הערכה '!O:O) -> 200000 | AN5: =_xlfn.XLOOKUP($A5,'[1]ישראל חציון שני הערכה '!$B:$B,'[1]ישראל חציון שני הערכה '!P:P) -> 200000 | AO5: =SUM(AI5:AN5) -> 1200000 | AP5: =SUM(AI5:AN5)+Y5 -> 2334761.9 | AR5: =AI5+AG5 -> 940443.3 | AS5: =AR5+AJ5 -> 1140443.3 | AT5: =AS5+AK5 -> 1340443.3 | AU5: =AT5+AL5 -> 1540443.3 | AV5: =AU5+AM5 -> 1740443.3 | AW5: =AV5+AN5 -> 1940443.3
A6: 1 | B6: סופרפארם | C6: סופרפארם | D6: ISRAEL | E6: 536666.67 | F6: 532634.92 | G6: 610730.16 | H6: 475539.68 | I6: 558634.92 | J6: 605698.41 | K6: 605698.41 | L6: 605698.41 | M6: 527603.17 | N6: 546666.67 | O6: 574698.41 | P6: 598730.16 | Q6: =SUM(E6:P6) -> 6779000 | S6: =SUM(E6:E6) -> 536666.67 | U6: =SUM($E6:F6) -> 1069301.6 | V6: =SUM($E6:G6) -> 1680031.7 | W6: =SUM($E6:H6) -> 2155571.4 | X6: =SUM($E6:I6) -> 2714206.3 | Y6: =SUM($E6:J6) -> 3319904.8 | Z6: =SUM($E6:K6) -> 3925603.2 | AA6: =SUM($E6:L6) -> 4531301.6 | AB6: =SUM($E6:M6) -> 5058904.8 | ... AE6: =SUM($E6:P6) -> 6779000 | AG6: =_xlfn.XLOOKUP(A6,'מצטבר יוני'!A:A,'מצטבר יוני'!H:H) -> 2774937.9 | AI6: =AJ6 -> 550000 | AJ6: =_xlfn.XLOOKUP($A6,'[1]ישראל חציון שני הערכה '!$B:$B,'[1]ישראל חציון שני הערכה '!L:L) -> 550000 | AK6: =_xlfn.XLOOKUP($A6,'[1]ישראל חציון שני הערכה '!$B:$B,'[1]ישראל חציון שני הערכה '!M:M) -> 550000 | AL6: =_xlfn.XLOOKUP($A6,'[1]ישראל חציון שני הערכה '!$B:$B,'[1]ישראל חציון שני הערכה '!N:N) -> 550000 | AM6: =_xlfn.XLOOKUP($A6,'[1]ישראל חציון שני הערכה '!$B:$B,'[1]ישראל חציון שני הערכה '!O:O) -> 550000 | AN6: =_xlfn.XLOOKUP($A6,'[1]ישראל חציון שני הערכה '!$B:$B,'[1]ישראל חציון שני הערכה '!P:P) -> 550000 | AO6: =SUM(AI6:AN6) -> 3300000 | AP6: =SUM(AI6:AN6)+Y6 -> 6619904.8 | AR6: =AI6+AG6 -> 3324937.9 | AS6: =AR6+AJ6 -> 3874937.9 | AT6: =AS6+AK6 -> 4424937.9 | AU6: =AT6+AL6 -> 4974937.9 | AV6: =AU6+AM6 -> 5524937.9 | AW6: =AV6+AN6 -> 6074937.9
A7: 7 | B7: BE | C7: BE | D7: ISRAEL | E7: 73000 | F7: 73428.571 | G7: 82142.857 | H7: 60714.286 | I7: 71428.571 | J7: 78571.429 | K7: 78571.429 | L7: 78571.429 | M7: 67857.143 | N7: 75000 | O7: 78571.429 | P7: 82142.857 | Q7: =SUM(E7:P7) -> 900000 | S7: =SUM(E7:E7) -> 73000 | U7: =SUM($E7:F7) -> 146428.57 | V7: =SUM($E7:G7) -> 228571.43 | W7: =SUM($E7:H7) -> 289285.71 | X7: =SUM($E7:I7) -> 360714.29 | Y7: =SUM($E7:J7) -> 439285.71 | Z7: =SUM($E7:K7) -> 517857.14 | AA7: =SUM($E7:L7) -> 596428.57 | AB7: =SUM($E7:M7) -> 664285.71 | ... AE7: =SUM($E7:P7) -> 900000 | AG7: =_xlfn.XLOOKUP(A7,'מצטבר יוני'!A:A,'מצטבר יוני'!H:H) -> 437274.57 | AI7: =AJ7 -> 100000 | AJ7: =_xlfn.XLOOKUP($A7,'[1]ישראל חציון שני הערכה '!$B:$B,'[1]ישראל חציון שני הערכה '!L:L) -> 100000 | AK7: =_xlfn.XLOOKUP($A7,'[1]ישראל חציון שני הערכה '!$B:$B,'[1]ישראל חציון שני הערכה '!M:M) -> 100000 | AL7: =_xlfn.XLOOKUP($A7,'[1]ישראל חציון שני הערכה '!$B:$B,'[1]ישראל חציון שני הערכה '!N:N) -> 100000 | AM7: =_xlfn.XLOOKUP($A7,'[1]ישראל חציון שני הערכה '!$B:$B,'[1]ישראל חציון שני הערכה '!O:O) -> 100000 | AN7: =_xlfn.XLOOKUP($A7,'[1]ישראל חציון שני הערכה '!$B:$B,'[1]ישראל חציון שני הערכה '!P:P) -> 100000 | AO7: =SUM(AI7:AN7) -> 600000 | AP7: =SUM(AI7:AN7)+Y7 -> 1039285.7 | AR7: =AI7+AG7 -> 537274.56 | AS7: =AR7+AJ7 -> 637274.56 | AT7: =AS7+AK7 -> 737274.56 | AU7: =AT7+AL7 -> 837274.56 | AV7: =AU7+AM7 -> 937274.56 | AW7: =AV7+AN7 -> 1037274.6
A8: 4 | B8: בתי מרקחת | C8: בתי מרקחת | D8: ISRAEL | E8: 152333.33 | F8: 156793.65 | G8: 173412.7 | H8: 134174.6 | I8: 160793.65 | J8: 170873.02 | K8: 170873.02 | L8: 170873.02 | M8: 150253.97 | N8: 162333.33 | O8: 170873.02 | P8: 173412.7 | Q8: =SUM(E8:P8) -> 1947000 | S8: =SUM(E8:E8) -> 152333.33 | U8: =SUM($E8:F8) -> 309126.98 | V8: =SUM($E8:G8) -> 482539.68 | W8: =SUM($E8:H8) -> 616714.29 | X8: =SUM($E8:I8) -> 777507.94 | Y8: =SUM($E8:J8) -> 948380.95 | Z8: =SUM($E8:K8) -> 1119254 | AA8: =SUM($E8:L8) -> 1290127 | AB8: =SUM($E8:M8) -> 1440381 | ... AE8: =SUM($E8:P8) -> 1947000 | AG8: =_xlfn.XLOOKUP(A8,'מצטבר יוני'!A:A,'מצטבר יוני'!H:H) -> 918523.98 | AI8: =AJ8 -> 200000 | AJ8: =_xlfn.XLOOKUP($A8,'[1]ישראל חציון שני הערכה '!$B:$B,'[1]ישראל חציון שני הערכה '!L:L) -> 200000 | AK8: =_xlfn.XLOOKUP($A8,'[1]ישראל חציון שני הערכה '!$B:$B,'[1]ישראל חציון שני הערכה '!M:M) -> 200000 | AL8: =_xlfn.XLOOKUP($A8,'[1]ישראל חציון שני הערכה '!$B:$B,'[1]ישראל חציון שני הערכה '!N:N) -> 200000 | AM8: =_xlfn.XLOOKUP($A8,'[1]ישראל חציון שני הערכה '!$B:$B,'[1]ישראל חציון שני הערכה '!O:O) -> 200000 | AN8: =_xlfn.XLOOKUP($A8,'[1]ישראל חציון שני הערכה '!$B:$B,'[1]ישראל חציון שני הערכה '!P:P) -> 200000 | AO8: =SUM(AI8:AN8) -> 1200000 | AP8: =SUM(AI8:AN8)+Y8 -> 2148381 | AR8: =AI8+AG8 -> 1118524 | AS8: =AR8+AJ8 -> 1318524 | AT8: =AS8+AK8 -> 1518524 | AU8: =AT8+AL8 -> 1718524 | AV8: =AU8+AM8 -> 1918524 | AW8: =AV8+AN8 -> 2118524
A9: 3 | B9: כללית | C9: כללית | D9: ISRAEL | E9: 365000 | F9: 365000 | G9: 365000 | H9: 365000 | I9: 365000 | J9: 365000 | K9: 365000 | L9: 365000 | M9: 365000 | N9: 365000 | O9: 365000 | P9: 366000 | Q9: =SUM(E9:P9) -> 4381000 | S9: =SUM(E9:E9) -> 365000 | U9: =SUM($E9:F9) -> 730000 | V9: =SUM($E9:G9) -> 1095000 | W9: =SUM($E9:H9) -> 1460000 | X9: =SUM($E9:I9) -> 1825000 | Y9: =SUM($E9:J9) -> 2190000 | Z9: =SUM($E9:K9) -> 2555000 | AA9: =SUM($E9:L9) -> 2920000 | AB9: =SUM($E9:M9) -> 3285000 | ... AE9: =SUM($E9:P9) -> 4381000 | AG9: =_xlfn.XLOOKUP(A9,'מצטבר יוני'!A:A,'מצטבר יוני'!H:H) -> 1742410.9 | AI9: =AJ9 -> 330000 | AJ9: =_xlfn.XLOOKUP($A9,'[1]ישראל חציון שני הערכה '!$B:$B,'[1]ישראל חציון שני הערכה '!L:L) -> 330000 | AK9: =_xlfn.XLOOKUP($A9,'[1]ישראל חציון שני הערכה '!$B:$B,'[1]ישראל חציון שני הערכה '!M:M) -> 330000 | AL9: =_xlfn.XLOOKUP($A9,'[1]ישראל חציון שני הערכה '!$B:$B,'[1]ישראל חציון שני הערכה '!N:N) -> 330000 | AM9: =_xlfn.XLOOKUP($A9,'[1]ישראל חציון שני הערכה '!$B:$B,'[1]ישראל חציון שני הערכה '!O:O) -> 330000 | AN9: =_xlfn.XLOOKUP($A9,'[1]ישראל חציון שני הערכה '!$B:$B,'[1]ישראל חציון שני הערכה '!P:P) -> 330000 | AO9: =SUM(AI9:AN9) -> 1980000 | AP9: =SUM(AI9:AN9)+Y9 -> 4170000 | AR9: =AI9+AG9 -> 2072410.9 | AS9: =AR9+AJ9 -> 2402410.9 | AT9: =AS9+AK9 -> 2732410.9 | AU9: =AT9+AL9 -> 3062410.9 | AV9: =AU9+AM9 -> 3392410.9 | AW9: =AV9+AN9 -> 3722410.9
A10: 8 | B10: מאוחדת | C10: מאוחדת | D10: ISRAEL | E10: 83333.333 | F10: 109365.08 | G10: 111269.84 | H10: 97460.317 | I10: 99365.079 | J10: 107301.59 | K10: 107301.59 | L10: 107301.59 | M10: 95396.825 | N10: 103333.33 | O10: 107301.59 | P10: 91269.841 | Q10: =SUM(E10:P10) -> 1220000 | S10: =SUM(E10:E10) -> 83333.333 | U10: =SUM($E10:F10) -> 192698.41 | V10: =SUM($E10:G10) -> 303968.25 | W10: =SUM($E10:H10) -> 401428.57 | X10: =SUM($E10:I10) -> 500793.65 | Y10: =SUM($E10:J10) -> 608095.24 | Z10: =SUM($E10:K10) -> 715396.83 | AA10: =SUM($E10:L10) -> 822698.41 | AB10: =SUM($E10:M10) -> 918095.24 | ... AE10: =SUM($E10:P10) -> 1220000 | AG10: =_xlfn.XLOOKUP(A10,'מצטבר יוני'!A:A,'מצטבר יוני'!H:H) -> 343097.61 | AI10: =AJ10 -> 100000 | AJ10: =_xlfn.XLOOKUP($A10,'[1]ישראל חציון שני הערכה '!$B:$B,'[1]ישראל חציון שני הערכה '!L:L) -> 100000 | AK10: =_xlfn.XLOOKUP($A10,'[1]ישראל חציון שני הערכה '!$B:$B,'[1]ישראל חציון שני הערכה '!M:M) -> 100000 | AL10: =_xlfn.XLOOKUP($A10,'[1]ישראל חציון שני הערכה '!$B:$B,'[1]ישראל חציון שני הערכה '!N:N) -> 100000 | AM10: =_xlfn.XLOOKUP($A10,'[1]ישראל חציון שני הערכה '!$B:$B,'[1]ישראל חציון שני הערכה '!O:O) -> 100000 | AN10: =_xlfn.XLOOKUP($A10,'[1]ישראל חציון שני הערכה '!$B:$B,'[1]ישראל חציון שני הערכה '!P:P) -> 100000 | AO10: =SUM(AI10:AN10) -> 600000 | AP10: =SUM(AI10:AN10)+Y10 -> 1208095.2 | AR10: =AI10+AG10 -> 443097.61 | AS10: =AR10+AJ10 -> 543097.61 | AT10: =AS10+AK10 -> 643097.61 | AU10: =AT10+AL10 -> 743097.61 | AV10: =AU10+AM10 -> 843097.61 | AW10: =AV10+AN10 -> 943097.61
A11: 6 | B11: מכוני אורטופדיה | C11: מכוני אורטופדיה | D11: ISRAEL | E11: 127583.33 | F11: 155079.37 | G11: 160591.27 | H11: 139567.46 | I11: 170079.37 | J11: 177087.3 | K11: 177087.3 | L11: 177087.3 | M11: 166575.4 | N11: 173583.33 | O11: 177087.3 | P11: 177591.27 | Q11: =SUM(E11:P11) -> 1979000 | S11: =SUM(E11:E11) -> 127583.33 | U11: =SUM($E11:F11) -> 282662.7 | V11: =SUM($E11:G11) -> 443253.97 | W11: =SUM($E11:H11) -> 582821.43 | X11: =SUM($E11:I11) -> 752900.79 | Y11: =SUM($E11:J11) -> 929988.1 | Z11: =SUM($E11:K11) -> 1107075.4 | AA11: =SUM($E11:L11) -> 1284162.7 | AB11: =SUM($E11:M11) -> 1450738.1 | ... AE11: =SUM($E11:P11) -> 1979000 | AG11: =_xlfn.XLOOKUP(A11,'מצטבר יוני'!A:A,'מצטבר יוני'!H:H) -> 475277.57 | AI11: =AJ11 -> 100000 | AJ11: =_xlfn.XLOOKUP($A11,'[1]ישראל חציון שני הערכה '!$B:$B,'[1]ישראל חציון שני הערכה '!L:L) -> 100000 | AK11: =_xlfn.XLOOKUP($A11,'[1]ישראל חציון שני הערכה '!$B:$B,'[1]ישראל חציון שני הערכה '!M:M) -> 100000 | AL11: =_xlfn.XLOOKUP($A11,'[1]ישראל חציון שני הערכה '!$B:$B,'[1]ישראל חציון שני הערכה '!N:N) -> 100000 | AM11: =_xlfn.XLOOKUP($A11,'[1]ישראל חציון שני הערכה '!$B:$B,'[1]ישראל חציון שני הערכה '!O:O) -> 100000 | AN11: =_xlfn.XLOOKUP($A11,'[1]ישראל חציון שני הערכה '!$B:$B,'[1]ישראל חציון שני הערכה '!P:P) -> 100000 | AO11: =SUM(AI11:AN11) -> 600000 | AP11: =SUM(AI11:AN11)+Y11 -> 1529988.1 | AR11: =AI11+AG11 -> 575277.57 | AS11: =AR11+AJ11 -> 675277.57 | AT11: =AS11+AK11 -> 775277.57 | AU11: =AT11+AL11 -> 875277.57 | AV11: =AU11+AM11 -> 975277.57 | AW11: =AV11+AN11 -> 1075277.6
A12: 10 | B12: לקוחות מפעל | C12: לקוחות מפעל | D12: ISRAEL | E12: 15833.333 | F12: 15079.365 | G12: 17341.27 | H12: 12817.46 | I12: 15079.365 | J12: 16587.302 | K12: 16587.302 | L12: 16587.302 | M12: 14325.397 | N12: 15833.333 | O12: 16587.302 | P12: 17341.27 | Q12: =SUM(E12:P12) -> 190000 | S12: =SUM(E12:E12) -> 15833.333 | U12: =SUM($E12:F12) -> 30912.698 | V12: =SUM($E12:G12) -> 48253.968 | W12: =SUM($E12:H12) -> 61071.429 | X12: =SUM($E12:I12) -> 76150.794 | Y12: =SUM($E12:J12) -> 92738.095 | Z12: =SUM($E12:K12) -> 109325.4 | AA12: =SUM($E12:L12) -> 125912.7 | AB12: =SUM($E12:M12) -> 140238.1 | ... AE12: =SUM($E12:P12) -> 190000 | AG12: =_xlfn.XLOOKUP(A12,'מצטבר יוני'!A:A,'מצטבר יוני'!H:H) -> 61235.08 | AI12: =AJ12 -> 15000 | AJ12: =_xlfn.XLOOKUP($A12,'[1]ישראל חציון שני הערכה '!$B:$B,'[1]ישראל חציון שני הערכה '!L:L) -> 15000 | AK12: =_xlfn.XLOOKUP($A12,'[1]ישראל חציון שני הערכה '!$B:$B,'[1]ישראל חציון שני הערכה '!M:M) -> 15000 | AL12: =_xlfn.XLOOKUP($A12,'[1]ישראל חציון שני הערכה '!$B:$B,'[1]ישראל חציון שני הערכה '!N:N) -> 15000 | AM12: =_xlfn.XLOOKUP($A12,'[1]ישראל חציון שני הערכה '!$B:$B,'[1]ישראל חציון שני הערכה '!O:O) -> 15000 | AN12: =_xlfn.XLOOKUP($A12,'[1]ישראל חציון שני הערכה '!$B:$B,'[1]ישראל חציון שני הערכה '!P:P) -> 15000 | AO12: =SUM(AI12:AN12) -> 90000 | AP12: =SUM(AI12:AN12)+Y12 -> 182738.1 | AR12: =AI12+AG12 -> 76235.08 | AS12: =AR12+AJ12 -> 91235.08 | AT12: =AS12+AK12 -> 106235.08 | AU12: =AT12+AL12 -> 121235.08 | AV12: =AU12+AM12 -> 136235.08 | AW12: =AV12+AN12 -> 151235.08
A13: 11 | B13: חנויות פרטיות | C13: חנויות פרטיות | D13: ISRAEL | E13: 6333.3333 | F13: 7936.5079 | G13: 9126.9841 | H13: 6746.0317 | I13: 7936.5079 | J13: 8730.1587 | K13: 8730.1587 | L13: 8730.1587 | M13: 8539.6825 | N13: 9333.3333 | O13: 8730.1587 | P13: 9126.9841 | Q13: =SUM(E13:P13) -> 100000 | S13: =SUM(E13:E13) -> 6333.3333 | U13: =SUM($E13:F13) -> 14269.841 | V13: =SUM($E13:G13) -> 23396.825 | W13: =SUM($E13:H13) -> 30142.857 | X13: =SUM($E13:I13) -> 38079.365 | Y13: =SUM($E13:J13) -> 46809.524 | Z13: =SUM($E13:K13) -> 55539.683 | AA13: =SUM($E13:L13) -> 64269.841 | AB13: =SUM($E13:M13) -> 72809.524 | ... AE13: =SUM($E13:P13) -> 100000 | AG13: =_xlfn.XLOOKUP(A13,'מצטבר יוני'!A:A,'מצטבר יוני'!H:H) -> 34015.41 | AI13: =AJ13 -> 10000 | AJ13: =_xlfn.XLOOKUP($A13,'[1]ישראל חציון שני הערכה '!$B:$B,'[1]ישראל חציון שני הערכה '!L:L) -> 10000 | AK13: =_xlfn.XLOOKUP($A13,'[1]ישראל חציון שני הערכה '!$B:$B,'[1]ישראל חציון שני הערכה '!M:M) -> 10000 | AL13: =_xlfn.XLOOKUP($A13,'[1]ישראל חציון שני הערכה '!$B:$B,'[1]ישראל חציון שני הערכה '!N:N) -> 10000 | AM13: =_xlfn.XLOOKUP($A13,'[1]ישראל חציון שני הערכה '!$B:$B,'[1]ישראל חציון שני הערכה '!O:O) -> 10000 | AN13: =_xlfn.XLOOKUP($A13,'[1]ישראל חציון שני הערכה '!$B:$B,'[1]ישראל חציון שני הערכה '!P:P) -> 10000 | AO13: =SUM(AI13:AN13) -> 60000 | AP13: =SUM(AI13:AN13)+Y13 -> 106809.52 | AR13: =AI13+AG13 -> 44015.41 | AS13: =AR13+AJ13 -> 54015.41 | AT13: =AS13+AK13 -> 64015.41 | AU13: =AT13+AL13 -> 74015.41 | AV13: =AU13+AM13 -> 84015.41 | AW13: =AV13+AN13 -> 94015.41
A14: 14 | B14: מכוני פדיקור | C14: מכוני פדיקור | D14: ISRAEL | E14: 0 | F14: 0 | G14: 0 | H14: 0 | I14: 0 | J14: 0 | K14: 0 | L14: 0 | M14: 0 | N14: 0 | O14: 0 | P14: 0 | Q14: =SUM(E14:P14) -> 0 | S14: =SUM(E14:E14) -> 0 | U14: =SUM($E14:F14) -> 0 | V14: =SUM($E14:G14) -> 0 | W14: =SUM($E14:H14) -> 0 | X14: =SUM($E14:I14) -> 0 | Y14: =SUM($E14:J14) -> 0 | Z14: =SUM($E14:K14) -> 0 | AA14: =SUM($E14:L14) -> 0 | AB14: =SUM($E14:M14) -> 0 | ... AE14: =SUM($E14:P14) -> 0 | AG14: =_xlfn.XLOOKUP(A14,'מצטבר יוני'!A:A,'מצטבר יוני'!H:H) -> 3576.15 | AI14: =AJ14 -> 5000 | AJ14: =_xlfn.XLOOKUP($A14,'[1]ישראל חציון שני הערכה '!$B:$B,'[1]ישראל חציון שני הערכה '!L:L) -> 5000 | AK14: =_xlfn.XLOOKUP($A14,'[1]ישראל חציון שני הערכה '!$B:$B,'[1]ישראל חציון שני הערכה '!M:M) -> 5000 | AL14: =_xlfn.XLOOKUP($A14,'[1]ישראל חציון שני הערכה '!$B:$B,'[1]ישראל חציון שני הערכה '!N:N) -> 5000 | AM14: =_xlfn.XLOOKUP($A14,'[1]ישראל חציון שני הערכה '!$B:$B,'[1]ישראל חציון שני הערכה '!O:O) -> 5000 | AN14: =_xlfn.XLOOKUP($A14,'[1]ישראל חציון שני הערכה '!$B:$B,'[1]ישראל חציון שני הערכה '!P:P) -> 5000 | AO14: =SUM(AI14:AN14) -> 30000 | AP14: =SUM(AI14:AN14)+Y14 -> 30000 | AR14: =AI14+AG14 -> 8576.15 | AS14: =AR14+AJ14 -> 13576.15 | AT14: =AS14+AK14 -> 18576.15 | AU14: =AT14+AL14 -> 23576.15 | AV14: =AU14+AM14 -> 28576.15 | AW14: =AV14+AN14 -> 33576.15
A15: 16 | B15: חנויות ספורט | C15: חנויות ספורט | D15: ISRAEL | E15: 0 | F15: 0 | G15: 0 | H15: 0 | I15: 0 | J15: 0 | K15: 0 | L15: 0 | M15: 0 | N15: 0 | O15: 0 | P15: 0 | Q15: =SUM(E15:P15) -> 0 | S15: =SUM(E15:E15) -> 0 | U15: =SUM($E15:F15) -> 0 | V15: =SUM($E15:G15) -> 0 | W15: =SUM($E15:H15) -> 0 | X15: =SUM($E15:I15) -> 0 | Y15: =SUM($E15:J15) -> 0 | Z15: =SUM($E15:K15) -> 0 | AA15: =SUM($E15:L15) -> 0 | AB15: =SUM($E15:M15) -> 0 | ... AE15: =SUM($E15:P15) -> 0 | AI15: =AJ15 -> 0 | AO15: =SUM(AI15:AN15) -> 0 | AP15: =SUM(AI15:AN15)+Y15 -> 0 | AR15: =AI15+AG15 -> 0 | AS15: =AR15+AJ15 -> 0 | AT15: =AS15+AK15 -> 0 | AU15: =AT15+AL15 -> 0 | AV15: =AU15+AM15 -> 0 | AW15: =AV15+AN15 -> 0
A16: 13 | B16: בתי חולים ושרות | C16: בתי חולים ושרות | D16: ISRAEL | E16: 0 | F16: 0 | G16: 0 | H16: 50000 | I16: 50000 | J16: 50000 | K16: 50000 | L16: 50000 | M16: 50000 | N16: 50000 | O16: 50000 | P16: 0 | Q16: =SUM(E16:P16) -> 400000 | S16: =SUM(E16:E16) -> 0 | U16: =SUM($E16:F16) -> 0 | V16: =SUM($E16:G16) -> 0 | W16: =SUM($E16:H16) -> 50000 | X16: =SUM($E16:I16) -> 100000 | Y16: =SUM($E16:J16) -> 150000 | Z16: =SUM($E16:K16) -> 200000 | AA16: =SUM($E16:L16) -> 250000 | AB16: =SUM($E16:M16) -> 300000 | ... AE16: =SUM($E16:P16) -> 400000 | AG16: =_xlfn.XLOOKUP(A16,'מצטבר יוני'!A:A,'מצטבר יוני'!H:H) -> 7748.72 | AI16: =AJ16 -> 5000 | AJ16: =_xlfn.XLOOKUP($A16,'[1]ישראל חציון שני הערכה '!$B:$B,'[1]ישראל חציון שני הערכה '!L:L) -> 5000 | AK16: =_xlfn.XLOOKUP($A16,'[1]ישראל חציון שני הערכה '!$B:$B,'[1]ישראל חציון שני הערכה '!M:M) -> 5000 | AL16: =_xlfn.XLOOKUP($A16,'[1]ישראל חציון שני הערכה '!$B:$B,'[1]ישראל חציון שני הערכה '!N:N) -> 5000 | AM16: =_xlfn.XLOOKUP($A16,'[1]ישראל חציון שני הערכה '!$B:$B,'[1]ישראל חציון שני הערכה '!O:O) -> 5000 | AN16: =_xlfn.XLOOKUP($A16,'[1]ישראל חציון שני הערכה '!$B:$B,'[1]ישראל חציון שני הערכה '!P:P) -> 5000 | AO16: =SUM(AI16:AN16) -> 30000 | AP16: =SUM(AI16:AN16)+Y16 -> 180000 | AR16: =AI16+AG16 -> 12748.72 | AS16: =AR16+AJ16 -> 17748.72 | AT16: =AS16+AK16 -> 22748.72 | AU16: =AT16+AL16 -> 27748.72 | AV16: =AU16+AM16 -> 32748.72 | AW16: =AV16+AN16 -> 37748.72
A17: 9 | B17: מכוני פיזיותרפיה | C17: מכוני פיזיותרפיה | D17: ISRAEL | E17: 16666.667 | F17: 15873.016 | G17: 18253.968 | H17: 13492.063 | I17: 15873.016 | J17: 17460.317 | K17: 17460.317 | L17: 17460.317 | M17: 15079.365 | N17: 16666.667 | O17: 17460.317 | P17: 18253.968 | Q17: =SUM(E17:P17) -> 200000 | S17: =SUM(E17:E17) -> 16666.667 | U17: =SUM($E17:F17) -> 32539.683 | V17: =SUM($E17:G17) -> 50793.651 | W17: =SUM($E17:H17) -> 64285.714 | X17: =SUM($E17:I17) -> 80158.73 | Y17: =SUM($E17:J17) -> 97619.048 | Z17: =SUM($E17:K17) -> 115079.37 | AA17: =SUM($E17:L17) -> 132539.68 | AB17: =SUM($E17:M17) -> 147619.05 | ... AE17: =SUM($E17:P17) -> 200000 | AG17: =_xlfn.XLOOKUP(A17,'מצטבר יוני'!A:A,'מצטבר יוני'!H:H) -> 89111.1 | AI17: =AJ17 -> 25000 | AJ17: =_xlfn.XLOOKUP($A17,'[1]ישראל חציון שני הערכה '!$B:$B,'[1]ישראל חציון שני הערכה '!L:L) -> 25000 | AK17: =_xlfn.XLOOKUP($A17,'[1]ישראל חציון שני הערכה '!$B:$B,'[1]ישראל חציון שני הערכה '!M:M) -> 25000 | AL17: =_xlfn.XLOOKUP($A17,'[1]ישראל חציון שני הערכה '!$B:$B,'[1]ישראל חציון שני הערכה '!N:N) -> 25000 | AM17: =_xlfn.XLOOKUP($A17,'[1]ישראל חציון שני הערכה '!$B:$B,'[1]ישראל חציון שני הערכה '!O:O) -> 25000 | AN17: =_xlfn.XLOOKUP($A17,'[1]ישראל חציון שני הערכה '!$B:$B,'[1]ישראל חציון שני הערכה '!P:P) -> 25000 | AO17: =SUM(AI17:AN17) -> 150000 | AP17: =SUM(AI17:AN17)+Y17 -> 247619.05 | AR17: =AI17+AG17 -> 114111.1 | AS17: =AR17+AJ17 -> 139111.1 | AT17: =AS17+AK17 -> 164111.1 | AU17: =AT17+AL17 -> 189111.1 | AV17: =AU17+AM17 -> 214111.1 | AW17: =AV17+AN17 -> 239111.1
A18: 2 | B18: לקוחות אינטרנט | C18: לקוחות אינטרנט | D18: ISRAEL | E18: 296610.17 | F18: 444915.25 | G18: 489406.78 | H18: 453601.69 | I18: 592182.2 | J18: 888273.73 | K18: 977100.85 | L18: 1159556.8 | M18: 1012800 | N18: 1300521.2 | O18: 1684810.2 | P18: 1488884.7 | Q18: 10788664 | S18: =SUM(E18:E18) -> 296610.17 | U18: =SUM($E18:F18) -> 741525.42 | V18: =SUM($E18:G18) -> 1230932.2 | W18: =SUM($E18:H18) -> 1684533.9 | X18: =SUM($E18:I18) -> 2276716.1 | Y18: =SUM($E18:J18) -> 3164989.8 | Z18: =SUM($E18:K18) -> 4142090.7 | AA18: =SUM($E18:L18) -> 5301647.5 | AB18: =SUM($E18:M18) -> 6314447.5 | ... AE18: =SUM($E18:P18) -> 10788664 | AG18: =_xlfn.XLOOKUP(A18,'מצטבר יוני'!A:A,'מצטבר יוני'!H:H) -> 2231238.2 | AI18: 450000 | AJ18: =_xlfn.XLOOKUP($A18,'[1]ישראל חציון שני הערכה '!$B:$B,'[1]ישראל חציון שני הערכה '!L:L) -> 481500 | AK18: =_xlfn.XLOOKUP($A18,'[1]ישראל חציון שני הערכה '!$B:$B,'[1]ישראל חציון שני הערכה '!M:M) -> 977100.85 | AL18: =_xlfn.XLOOKUP($A18,'[1]ישראל חציון שני הערכה '!$B:$B,'[1]ישראל חציון שני הערכה '!N:N) -> 1159556.8 | AM18: =_xlfn.XLOOKUP($A18,'[1]ישראל חציון שני הערכה '!$B:$B,'[1]ישראל חציון שני הערכה '!O:O) -> 1012800 | AN18: =_xlfn.XLOOKUP($A18,'[1]ישראל חציון שני הערכה '!$B:$B,'[1]ישראל חציון שני הערכה '!P:P) -> 1300521.2 | AO18: =SUM(AI18:AN18) -> 5381478.8 | AP18: =SUM(AI18:AN18)+Y18 -> 8546468.6 | AR18: =AI18+AG18 -> 2681238.2 | AS18: =AR18+AJ18 -> 3162738.2 | AT18: =AS18+AK18 -> 4139839 | AU18: =AT18+AL18 -> 5299395.8 | AV18: =AU18+AM18 -> 6312195.8 | AW18: =AV18+AN18 -> 7612717
A19: 12 | B19: סופר פארם מרקט פלייס | C19: סופר פארם מרקט פלייס | D19: ISRAEL | E19: 2536.9283 | F19: 2536.9283 | G19: 2536.9283 | H19: 2536.9283 | I19: 2536.9283 | J19: 2536.9283 | K19: 2536.9283 | L19: 2536.9283 | M19: 2536.9283 | N19: 2536.9283 | O19: 2536.9283 | P19: 2536.9283 | Q19: 30443.14 | S19: =SUM(E19:E19) -> 2536.9283 | U19: =SUM($E19:F19) -> 5073.8567 | V19: =SUM($E19:G19) -> 7610.785 | W19: =SUM($E19:H19) -> 10147.713 | X19: =SUM($E19:I19) -> 12684.642 | Y19: =SUM($E19:J19) -> 15221.57 | Z19: =SUM($E19:K19) -> 17758.498 | AA19: =SUM($E19:L19) -> 20295.427 | AB19: =SUM($E19:M19) -> 22832.355 | ... AE19: =SUM($E19:P19) -> 30443.14 | AG19: =_xlfn.XLOOKUP(A19,'מצטבר יוני'!A:A,'מצטבר יוני'!H:H) -> 9807.02 | AI19: =AJ19 -> 5000 | AJ19: =_xlfn.XLOOKUP($A19,'[1]ישראל חציון שני הערכה '!$B:$B,'[1]ישראל חציון שני הערכה '!L:L) -> 5000 | AK19: =_xlfn.XLOOKUP($A19,'[1]ישראל חציון שני הערכה '!$B:$B,'[1]ישראל חציון שני הערכה '!M:M) -> 5000 | AL19: =_xlfn.XLOOKUP($A19,'[1]ישראל חציון שני הערכה '!$B:$B,'[1]ישראל חציון שני הערכה '!N:N) -> 5000 | AM19: =_xlfn.XLOOKUP($A19,'[1]ישראל חציון שני הערכה '!$B:$B,'[1]ישראל חציון שני הערכה '!O:O) -> 5000 | AN19: =_xlfn.XLOOKUP($A19,'[1]ישראל חציון שני הערכה '!$B:$B,'[1]ישראל חציון שני הערכה '!P:P) -> 5000 | AO19: =SUM(AI19:AN19) -> 30000 | AP19: =SUM(AI19:AN19)+Y19 -> 45221.57 | AR19: =AI19+AG19 -> 14807.02 | AS19: =AR19+AJ19 -> 19807.02 | AT19: =AS19+AK19 -> 24807.02 | AU19: =AT19+AL19 -> 29807.02 | AV19: =AU19+AM19 -> 34807.02 | AW19: =AV19+AN19 -> 39807.02
A20: 15 | B20: חנויות נעליים | C20: חנויות נעליים | D20: ISRAEL | E20: 0 | F20: 0 | G20: 0 | H20: 12500 | I20: 0 | J20: 0 | K20: 0 | L20: 0 | M20: 0 | N20: 0 | O20: 12500 | P20: 0 | Q20: =SUM(E20:P20) -> 25000 | S20: =SUM(E20:E20) -> 0 | U20: =SUM($E20:F20) -> 0 | V20: =SUM($E20:G20) -> 0 | W20: =SUM($E20:H20) -> 12500 | X20: =SUM($E20:I20) -> 12500 | Y20: =SUM($E20:J20) -> 12500 | Z20: =SUM($E20:K20) -> 12500 | AA20: =SUM($E20:L20) -> 12500 | AB20: =SUM($E20:M20) -> 12500 | ... AE20: =SUM($E20:P20) -> 25000 | AG20: =_xlfn.XLOOKUP(A20,'מצטבר יוני'!A:A,'מצטבר יוני'!H:H) -> 1896.82 | AI20: =AJ20 -> 5000 | AJ20: =_xlfn.XLOOKUP($A20,'[1]ישראל חציון שני הערכה '!$B:$B,'[1]ישראל חציון שני הערכה '!L:L) -> 5000 | AK20: =_xlfn.XLOOKUP($A20,'[1]ישראל חציון שני הערכה '!$B:$B,'[1]ישראל חציון שני הערכה '!M:M) -> 5000 | AL20: =_xlfn.XLOOKUP($A20,'[1]ישראל חציון שני הערכה '!$B:$B,'[1]ישראל חציון שני הערכה '!N:N) -> 5000 | AM20: =_xlfn.XLOOKUP($A20,'[1]ישראל חציון שני הערכה '!$B:$B,'[1]ישראל חציון שני הערכה '!O:O) -> 5000 | AN20: =_xlfn.XLOOKUP($A20,'[1]ישראל חציון שני הערכה '!$B:$B,'[1]ישראל חציון שני הערכה '!P:P) -> 5000 | AO20: =SUM(AI20:AN20) -> 30000 | AP20: =SUM(AI20:AN20)+Y20 -> 42500 | AR20: =AI20+AG20 -> 6896.82 | AS20: =AR20+AJ20 -> 11896.82 | AT20: =AS20+AK20 -> 16896.82 | AU20: =AT20+AL20 -> 21896.82 | AV20: =AU20+AM20 -> 26896.82 | AW20: =AV20+AN20 -> 31896.82
B21: סה"כ ישראל | E21: =SUM(E5:E20) -> 1852563.8 | F21: =SUM(F5:F20) -> 2046896.6 | G21: =SUM(G5:G20) -> 2233304.8 | H21: =SUM(H5:H20) -> 1997166.4 | I21: =SUM(I5:I20) -> 2297163.6 | J21: =SUM(J5:J20) -> 2723199.5 | K21: =SUM(K5:K20) -> 2812026.7 | L21: =SUM(L5:L20) -> 2994482.6 | ... Q21: =SUM(Q5:Q20) -> 31460107 | S21: =SUM(S5:S20) -> 1852563.8 | U21: =SUM(U5:U20) -> 3899460.4 | V21: =SUM(V5:V20) -> 6132765.2 | W21: =SUM(W5:W20) -> 8129931.6 | X21: =SUM(X5:X20) -> 10427095 | Y21: =SUM(Y5:Y20) -> 13150295 | Z21: =SUM(Z5:Z20) -> 15962321 | AA21: =SUM(AA5:AA20) -> 18956804 | AB21: =SUM(AB5:AB20) -> 21642613 | ... AE21: =SUM(AE5:AE20) -> 31460107 | AG21: =SUM(AG5:AG20) -> 9870594.3 | AI21: =SUM(AI5:AI20) -> 2100000 | AJ21: =SUM(AJ5:AJ20) -> 2131500 | AK21: =SUM(AK5:AK20) -> 2627100.8 | AL21: =SUM(AL5:AL20) -> 2809556.8 | AM21: =SUM(AM5:AM20) -> 2662800 | AN21: =SUM(AN5:AN20) -> 2950521.2 | AO21: =SUM(AO5:AO20) -> 15281479 | AP21: =SUM(AP5:AP20) -> 28431774 | AR21: =AI21+AG21 -> 11970594 | AS21: =AR21+AJ21 -> 14102094 | AT21: =AS21+AK21 -> 16729195 | AU21: =AT21+AL21 -> 19538752 | AV21: =AU21+AM21 -> 22201552 | AW21: =AV21+AN21 -> 25152073
A22: 50 | B22: Total - 301 - Amazon | C22: AMAZON | D22: USA | E22: 272275.11 | F22: 312309.92 | G22: 332824.44 | H22: 367136.19 | I22: 398486.47 | J22: 428463.75 | K22: 461212.92 | L22: 481801.95 | M22: 477395.47 | N22: 443955.52 | O22: 398561.08 | P22: 402156.53 | Q22: 4776579.4 | S22: =SUM(E22:E22) -> 272275.11 | U22: =SUM($E22:F22) -> 584585.03 | V22: =SUM($E22:G22) -> 917409.48 | W22: =SUM($E22:H22) -> 1284545.7 | X22: =SUM($E22:I22) -> 1683032.1 | Y22: =SUM($E22:J22) -> 2111495.9 | Z22: =SUM($E22:K22) -> 2572708.8 | AA22: =SUM($E22:L22) -> 3054510.8 | AB22: =SUM($E22:M22) -> 3531906.2 | ... AE22: =SUM($E22:P22) -> 4776579.4 | AG22: =_xlfn.XLOOKUP(A22,'מצטבר יוני'!A:A,'מצטבר יוני'!H:H) -> 1254357.4 | AI22: =[1]אמזון!$M$29 -> 265966.8 | AJ22: =[1]אמזון!$M$30 -> 305012.4 | AK22: =[1]אמזון!$M$31 -> 327115.8 | AL22: =[1]אמזון!$M$32 -> 321888.6 | AM22: =[1]אמזון!$M$33 -> 326122.5 | AN22: =[1]אמזון!$M$34 -> 297561 | AO22: =SUM(AI22:AN22) -> 1843667.1 | AP22: =SUM(AI22:AN22)+Y22 -> 3955163 | AR22: =AI22+AG22 -> 1520324.2 | AS22: =AR22+AJ22 -> 1825336.6 | AT22: =AS22+AK22 -> 2152452.4 | AU22: =AT22+AL22 -> 2474341 | AV22: =AU22+AM22 -> 2800463.5 | AW22: =AV22+AN22 -> 3098024.5
A23: 20 | B23: Total - 202 - Super-Pharm POLAND | C23: SUPER PHARM POLAND | D23: POLAND | F23: =980000*0.24 -> 235200 | I23: =980000*0.24 -> 235200 | K23: =980000*0.21 -> 205800 | N23: =980000*0.16 -> 156800 | P23: =980000*0.15 -> 147000 | Q23: =SUM(E23:P23) -> 980000 | R23: 980000 | S23: =SUM(E23:E23) -> 0 | U23: =SUM($E23:F23) -> 235200 | V23: =SUM($E23:G23) -> 235200 | W23: =SUM($E23:H23) -> 235200 | X23: =SUM($E23:I23) -> 470400 | Y23: =SUM($E23:J23) -> 470400 | Z23: =SUM($E23:K23) -> 676200 | AA23: =SUM($E23:L23) -> 676200 | AB23: =SUM($E23:M23) -> 676200 | ... AE23: =SUM($E23:P23) -> 980000 | AG23: =_xlfn.XLOOKUP(A23,'מצטבר יוני'!A:A,'מצטבר יוני'!H:H) -> 342081.02 | AI23: =_xlfn.XLOOKUP($A23,'[1]מפיצים הערכה לחציון שני '!$L:$L,'[1]מפיצים הערכה לחציון שני '!O:O) -> 0 | AJ23: =_xlfn.XLOOKUP($A23,'[1]מפיצים הערכה לחציון שני '!$L:$L,'[1]מפיצים הערכה לחציון שני '!P:P) -> 130000 | AK23: =_xlfn.XLOOKUP($A23,'[1]מפיצים הערכה לחציון שני '!$L:$L,'[1]מפיצים הערכה לחציון שני '!Q:Q) -> 0 | AL23: =_xlfn.XLOOKUP($A23,'[1]מפיצים הערכה לחציון שני '!$L:$L,'[1]מפיצים הערכה לחציון שני '!R:R) -> 300000 | AM23: =_xlfn.XLOOKUP($A23,'[1]מפיצים הערכה לחציון שני '!$L:$L,'[1]מפיצים הערכה לחציון שני '!S:S) -> 0 | AN23: =_xlfn.XLOOKUP($A23,'[1]מפיצים הערכה לחציון שני '!$L:$L,'[1]מפיצים הערכה לחציון שני '!T:T) -> 150000 | AO23: =SUM(AI23:AN23) -> 580000 | AP23: =SUM(AI23:AN23)+Y23 -> 1050400 | AR23: =AI23+AG23 -> 342081.02 | AS23: =AR23+AJ23 -> 472081.02 | AT23: =AS23+AK23 -> 472081.02 | AU23: =AT23+AL23 -> 772081.02 | AV23: =AU23+AM23 -> 772081.02 | AW23: =AV23+AN23 -> 922081.02
A24: 21 | B24: Total - 203 - Ortho- Partner ag SWITZERLAND | C24: ORTHO- PARTNER AG. | D24: SWITZERLAND | E24: 124895.37 | F24: =3779*3.1 -> 11714.9 | G24: 15000 | H24: 100000 | I24: 15000 | J24: 35000 | K24: 13390 | L24: 120000 | M24: 15000 | O24: 200000 | Q24: =SUM(E24:P24) -> 650000.27 | R24: 650000 | S24: =SUM(E24:E24) -> 124895.37 | U24: =SUM($E24:F24) -> 136610.27 | V24: =SUM($E24:G24) -> 151610.27 | W24: =SUM($E24:H24) -> 251610.27 | X24: =SUM($E24:I24) -> 266610.27 | Y24: =SUM($E24:J24) -> 301610.27 | Z24: =SUM($E24:K24) -> 315000.27 | AA24: =SUM($E24:L24) -> 435000.27 | AB24: =SUM($E24:M24) -> 450000.27 | ... AE24: =SUM($E24:P24) -> 650000.27 | AG24: =_xlfn.XLOOKUP(A24,'מצטבר יוני'!A:A,'מצטבר יוני'!H:H) -> 333276.52 | AI24: =_xlfn.XLOOKUP($A24,'[1]מפיצים הערכה לחציון שני '!$L:$L,'[1]מפיצים הערכה לחציון שני '!O:O) -> 0 | AJ24: =_xlfn.XLOOKUP($A24,'[1]מפיצים הערכה לחציון שני '!$L:$L,'[1]מפיצים הערכה לחציון שני '!P:P) -> 20000 | AK24: =_xlfn.XLOOKUP($A24,'[1]מפיצים הערכה לחציון שני '!$L:$L,'[1]מפיצים הערכה לחציון שני '!Q:Q) -> 40000 | AL24: =_xlfn.XLOOKUP($A24,'[1]מפיצים הערכה לחציון שני '!$L:$L,'[1]מפיצים הערכה לחציון שני '!R:R) -> 0 | AM24: =_xlfn.XLOOKUP($A24,'[1]מפיצים הערכה לחציון שני '!$L:$L,'[1]מפיצים הערכה לחציון שני '!S:S) -> 220000 | AN24: =_xlfn.XLOOKUP($A24,'[1]מפיצים הערכה לחציון שני '!$L:$L,'[1]מפיצים הערכה לחציון שני '!T:T) -> 0 | AO24: =SUM(AI24:AN24) -> 280000 | AP24: =SUM(AI24:AN24)+Y24 -> 581610.27 | AR24: =AI24+AG24 -> 333276.52 | AS24: =AR24+AJ24 -> 353276.52 | AT24: =AS24+AK24 -> 393276.52 | AU24: =AT24+AL24 -> 393276.52 | AV24: =AU24+AM24 -> 613276.52 | AW24: =AV24+AN24 -> 613276.52
A25: 22 | B25: Total - 204 - Sanaflex Anatomic GREECE | C25: SANAFLEX ANATOMIC | D25: GREECE | E25: 67158.97 | G25: 95000 | I25: 85000 | K25: 85000 | M25: 85000 | O25: 82841 | Q25: =SUM(E25:P25) -> 499999.97 | R25: 500000 | S25: =SUM(E25:E25) -> 67158.97 | U25: =SUM($E25:F25) -> 67158.97 | V25: =SUM($E25:G25) -> 162158.97 | W25: =SUM($E25:H25) -> 162158.97 | X25: =SUM($E25:I25) -> 247158.97 | Y25: =SUM($E25:J25) -> 247158.97 | Z25: =SUM($E25:K25) -> 332158.97 | AA25: =SUM($E25:L25) -> 332158.97 | AB25: =SUM($E25:M25) -> 417158.97 | ... AE25: =SUM($E25:P25) -> 499999.97 | AG25: =_xlfn.XLOOKUP(A25,'מצטבר יוני'!A:A,'מצטבר יוני'!H:H) -> 307053.13 | AI25: =_xlfn.XLOOKUP($A25,'[1]מפיצים הערכה לחציון שני '!$L:$L,'[1]מפיצים הערכה לחציון שני '!O:O) -> 0 | AJ25: =_xlfn.XLOOKUP($A25,'[1]מפיצים הערכה לחציון שני '!$L:$L,'[1]מפיצים הערכה לחציון שני '!P:P) -> 0 | AK25: =_xlfn.XLOOKUP($A25,'[1]מפיצים הערכה לחציון שני '!$L:$L,'[1]מפיצים הערכה לחציון שני '!Q:Q) -> 75000 | AL25: =_xlfn.XLOOKUP($A25,'[1]מפיצים הערכה לחציון שני '!$L:$L,'[1]מפיצים הערכה לחציון שני '!R:R) -> 0 | AM25: =_xlfn.XLOOKUP($A25,'[1]מפיצים הערכה לחציון שני '!$L:$L,'[1]מפיצים הערכה לחציון שני '!S:S) -> 75000 | AN25: =_xlfn.XLOOKUP($A25,'[1]מפיצים הערכה לחציון שני '!$L:$L,'[1]מפיצים הערכה לחציון שני '!T:T) -> 0 | AO25: =SUM(AI25:AN25) -> 150000 | AP25: =SUM(AI25:AN25)+Y25 -> 397158.97 | AR25: =AI25+AG25 -> 307053.13 | AS25: =AR25+AJ25 -> 307053.13 | AT25: =AS25+AK25 -> 382053.13 | AU25: =AT25+AL25 -> 382053.13 | AV25: =AU25+AM25 -> 457053.13 | AW25: =AV25+AN25 -> 457053.13
A26: 23 | B26: Total - 205 - Health Care Prod. Gmbh GERMANY | C26: HEALTH CARE PROD. GMBH | D26: GERMANY | E26: 15774.92 | G26: 17000 | H26: 10000 | I26: 17000 | J26: 10000 | K26: 17000 | L26: 10000 | M26: 17000 | N26: 9225 | O26: 17000 | Q26: =SUM(E26:P26) -> 139999.92 | R26: 140000 | S26: =SUM(E26:E26) -> 15774.92 | U26: =SUM($E26:F26) -> 15774.92 | V26: =SUM($E26:G26) -> 32774.92 | W26: =SUM($E26:H26) -> 42774.92 | X26: =SUM($E26:I26) -> 59774.92 | Y26: =SUM($E26:J26) -> 69774.92 | Z26: =SUM($E26:K26) -> 86774.92 | AA26: =SUM($E26:L26) -> 96774.92 | AB26: =SUM($E26:M26) -> 113774.92 | ... AE26: =SUM($E26:P26) -> 139999.92 | AG26: =_xlfn.XLOOKUP(A26,'מצטבר יוני'!A:A,'מצטבר יוני'!H:H) -> 76678.59 | AI26: =_xlfn.XLOOKUP($A26,'[1]מפיצים הערכה לחציון שני '!$L:$L,'[1]מפיצים הערכה לחציון שני '!O:O) -> 20000 | AJ26: =_xlfn.XLOOKUP($A26,'[1]מפיצים הערכה לחציון שני '!$L:$L,'[1]מפיצים הערכה לחציון שני '!P:P) -> 0 | AK26: =_xlfn.XLOOKUP($A26,'[1]מפיצים הערכה לחציון שני '!$L:$L,'[1]מפיצים הערכה לחציון שני '!Q:Q) -> 15000 | AL26: =_xlfn.XLOOKUP($A26,'[1]מפיצים הערכה לחציון שני '!$L:$L,'[1]מפיצים הערכה לחציון שני '!R:R) -> 0 | AM26: =_xlfn.XLOOKUP($A26,'[1]מפיצים הערכה לחציון שני '!$L:$L,'[1]מפיצים הערכה לחציון שני '!S:S) -> 20000 | AN26: =_xlfn.XLOOKUP($A26,'[1]מפיצים הערכה לחציון שני '!$L:$L,'[1]מפיצים הערכה לחציון שני '!T:T) -> 0 | AO26: =SUM(AI26:AN26) -> 55000 | AP26: =SUM(AI26:AN26)+Y26 -> 124774.92 | AR26: =AI26+AG26 -> 96678.59 | AS26: =AR26+AJ26 -> 96678.59 | AT26: =AS26+AK26 -> 111678.59 | AU26: =AT26+AL26 -> 111678.59 | AV26: =AU26+AM26 -> 131678.59 | AW26: =AV26+AN26 -> 131678.59
A27: 24 | B27: Total - 206 - Orthomed Ltd BULGARIA | C27: ORTHOMED LTD | D27: BULGARIA | G27: 5000 | H27: 5000 | I27: 5000 | J27: 5000 | K27: 5000 | L27: 5000 | M27: 5000 | N27: 5000 | O27: 5000 | P27: 5000 | Q27: =SUM(E27:P27) -> 50000 | R27: 50000 | S27: =SUM(E27:E27) -> 0 | U27: =SUM($E27:F27) -> 0 | V27: =SUM($E27:G27) -> 5000 | W27: =SUM($E27:H27) -> 10000 | X27: =SUM($E27:I27) -> 15000 | Y27: =SUM($E27:J27) -> 20000 | Z27: =SUM($E27:K27) -> 25000 | AA27: =SUM($E27:L27) -> 30000 | AB27: =SUM($E27:M27) -> 35000 | ... AE27: =SUM($E27:P27) -> 50000 | AG27: =_xlfn.XLOOKUP(A27,'מצטבר יוני'!A:A,'מצטבר יוני'!H:H) -> 0 | AI27: =_xlfn.XLOOKUP($A27,'[1]מפיצים הערכה לחציון שני '!$L:$L,'[1]מפיצים הערכה לחציון שני '!O:O) -> 0 | AJ27: =_xlfn.XLOOKUP($A27,'[1]מפיצים הערכה לחציון שני '!$L:$L,'[1]מפיצים הערכה לחציון שני '!P:P) -> 0 | AK27: =_xlfn.XLOOKUP($A27,'[1]מפיצים הערכה לחציון שני '!$L:$L,'[1]מפיצים הערכה לחציון שני '!Q:Q) -> 0 | AL27: =_xlfn.XLOOKUP($A27,'[1]מפיצים הערכה לחציון שני '!$L:$L,'[1]מפיצים הערכה לחציון שני '!R:R) -> 0 | AM27: =_xlfn.XLOOKUP($A27,'[1]מפיצים הערכה לחציון שני '!$L:$L,'[1]מפיצים הערכה לחציון שני '!S:S) -> 0 | AN27: =_xlfn.XLOOKUP($A27,'[1]מפיצים הערכה לחציון שני '!$L:$L,'[1]מפיצים הערכה לחציון שני '!T:T) -> 0 | AO27: =SUM(AI27:AN27) -> 0 | AP27: =SUM(AI27:AN27)+Y27 -> 20000 | AR27: =AI27+AG27 -> 0 | AS27: =AR27+AJ27 -> 0 | AT27: =AS27+AK27 -> 0 | AU27: =AT27+AL27 -> 0 | AV27: =AU27+AM27 -> 0 | AW27: =AV27+AN27 -> 0
A28: 25 | B28: Total - 207 - Salus HUNGARY | C28: SALUS | D28: HUNGARY | H28: 150000 | K28: 150000 | O28: 150000 | Q28: =SUM(E28:P28) -> 450000 | R28: 450000 | S28: =SUM(E28:E28) -> 0 | U28: =SUM($E28:F28) -> 0 | V28: =SUM($E28:G28) -> 0 | W28: =SUM($E28:H28) -> 150000 | X28: =SUM($E28:I28) -> 150000 | Y28: =SUM($E28:J28) -> 150000 | Z28: =SUM($E28:K28) -> 300000 | AA28: =SUM($E28:L28) -> 300000 | AB28: =SUM($E28:M28) -> 300000 | ... AE28: =SUM($E28:P28) -> 450000 | AG28: =_xlfn.XLOOKUP(A28,'מצטבר יוני'!A:A,'מצטבר יוני'!H:H) -> 144147.47 | AI28: =_xlfn.XLOOKUP($A28,'[1]מפיצים הערכה לחציון שני '!$L:$L,'[1]מפיצים הערכה לחציון שני '!O:O) -> 240000 | AJ28: =_xlfn.XLOOKUP($A28,'[1]מפיצים הערכה לחציון שני '!$L:$L,'[1]מפיצים הערכה לחציון שני '!P:P) -> 0 | AK28: =_xlfn.XLOOKUP($A28,'[1]מפיצים הערכה לחציון שני '!$L:$L,'[1]מפיצים הערכה לחציון שני '!Q:Q) -> 70000 | AL28: =_xlfn.XLOOKUP($A28,'[1]מפיצים הערכה לחציון שני '!$L:$L,'[1]מפיצים הערכה לחציון שני '!R:R) -> 0 | AM28: =_xlfn.XLOOKUP($A28,'[1]מפיצים הערכה לחציון שני '!$L:$L,'[1]מפיצים הערכה לחציון שני '!S:S) -> 70000 | AN28: =_xlfn.XLOOKUP($A28,'[1]מפיצים הערכה לחציון שני '!$L:$L,'[1]מפיצים הערכה לחציון שני '!T:T) -> 0 | AO28: =SUM(AI28:AN28) -> 380000 | AP28: =SUM(AI28:AN28)+Y28 -> 530000 | AR28: =AI28+AG28 -> 384147.47 | AS28: =AR28+AJ28 -> 384147.47 | AT28: =AS28+AK28 -> 454147.47 | AU28: =AT28+AL28 -> 454147.47 | AV28: =AU28+AM28 -> 524147.47 | AW28: =AV28+AN28 -> 524147.47
A29: 26 | B29: Total - 216 - Max Konnaris CYPRUS | C29: MAX KONNARIS LTD | D29: CYPRUS | F29: 40000 | H29: 40000 | J29: 40000 | L29: 40000 | O29: 40000 | Q29: =SUM(E29:P29) -> 200000 | R29: 200000 | S29: =SUM(E29:E29) -> 0 | T29: =R29-Q29 -> 0 | U29: =SUM($E29:F29) -> 40000 | V29: =SUM($E29:G29) -> 40000 | W29: =SUM($E29:H29) -> 80000 | X29: =SUM($E29:I29) -> 80000 | Y29: =SUM($E29:J29) -> 120000 | Z29: =SUM($E29:K29) -> 120000 | AA29: =SUM($E29:L29) -> 160000 | AB29: =SUM($E29:M29) -> 160000 | ... AE29: =SUM($E29:P29) -> 200000 | AG29: =_xlfn.XLOOKUP(A29,'מצטבר יוני'!A:A,'מצטבר יוני'!H:H) -> 60694.01 | AI29: =_xlfn.XLOOKUP($A29,'[1]מפיצים הערכה לחציון שני '!$L:$L,'[1]מפיצים הערכה לחציון שני '!O:O) -> 0 | AJ29: =_xlfn.XLOOKUP($A29,'[1]מפיצים הערכה לחציון שני '!$L:$L,'[1]מפיצים הערכה לחציון שני '!P:P) -> 0 | AK29: =_xlfn.XLOOKUP($A29,'[1]מפיצים הערכה לחציון שני '!$L:$L,'[1]מפיצים הערכה לחציון שני '!Q:Q) -> 20000 | AL29: =_xlfn.XLOOKUP($A29,'[1]מפיצים הערכה לחציון שני '!$L:$L,'[1]מפיצים הערכה לחציון שני '!R:R) -> 0 | AM29: =_xlfn.XLOOKUP($A29,'[1]מפיצים הערכה לחציון שני '!$L:$L,'[1]מפיצים הערכה לחציון שני '!S:S) -> 20000 | AN29: =_xlfn.XLOOKUP($A29,'[1]מפיצים הערכה לחציון שני '!$L:$L,'[1]מפיצים הערכה לחציון שני '!T:T) -> 0 | AO29: =SUM(AI29:AN29) -> 40000 | AP29: =SUM(AI29:AN29)+Y29 -> 160000 | AR29: =AI29+AG29 -> 60694.01 | AS29: =AR29+AJ29 -> 60694.01 | AT29: =AS29+AK29 -> 80694.01 | AU29: =AT29+AL29 -> 80694.01 | AV29: =AU29+AM29 -> 100694.01 | AW29: =AV29+AN29 -> 100694.01
A30: 27 | B30: Total - 208 - Medipal Company NABLUS | C30: MEDIPAL COMPANY | D30: NABLUS | L30: 250000 | Q30: =SUM(E30:P30) -> 250000 | R30: 250000 | S30: =SUM(E30:E30) -> 0 | T30: =R30-Q30 -> 0 | U30: =SUM($E30:F30) -> 0 | V30: =SUM($E30:G30) -> 0 | W30: =SUM($E30:H30) -> 0 | X30: =SUM($E30:I30) -> 0 | Y30: =SUM($E30:J30) -> 0 | Z30: =SUM($E30:K30) -> 0 | AA30: =SUM($E30:L30) -> 250000 | AB30: =SUM($E30:M30) -> 250000 | ... AE30: =SUM($E30:P30) -> 250000 | AG30: =_xlfn.XLOOKUP(A30,'מצטבר יוני'!A:A,'מצטבר יוני'!H:H) -> 0 | AI30: =_xlfn.XLOOKUP($A30,'[1]מפיצים הערכה לחציון שני '!$L:$L,'[1]מפיצים הערכה לחציון שני '!O:O) -> 0 | AJ30: =_xlfn.XLOOKUP($A30,'[1]מפיצים הערכה לחציון שני '!$L:$L,'[1]מפיצים הערכה לחציון שני '!P:P) -> 0 | AK30: =_xlfn.XLOOKUP($A30,'[1]מפיצים הערכה לחציון שני '!$L:$L,'[1]מפיצים הערכה לחציון שני '!Q:Q) -> 150000 | AL30: =_xlfn.XLOOKUP($A30,'[1]מפיצים הערכה לחציון שני '!$L:$L,'[1]מפיצים הערכה לחציון שני '!R:R) -> 100000 | AM30: =_xlfn.XLOOKUP($A30,'[1]מפיצים הערכה לחציון שני '!$L:$L,'[1]מפיצים הערכה לחציון שני '!S:S) -> 0 | AN30: =_xlfn.XLOOKUP($A30,'[1]מפיצים הערכה לחציון שני '!$L:$L,'[1]מפיצים הערכה לחציון שני '!T:T) -> 0 | AO30: =SUM(AI30:AN30) -> 250000 | AP30: =SUM(AI30:AN30)+Y30 -> 250000 | AR30: =AI30+AG30 -> 0 | AS30: =AR30+AJ30 -> 0 | AT30: =AS30+AK30 -> 150000 | AU30: =AT30+AL30 -> 250000 | AV30: =AU30+AM30 -> 250000 | AW30: =AV30+AN30 -> 250000
A31: 28 | B31: Total - 209 - Ortoprofil Prod ROMANIA | C31: ORTOPROFIL PROD. ROMANIA | D31: ROMANIA | E31: 27429.74 | F31: =6735*3.7 -> 24919.5 | G31: =(450000-$E$31-$F$31)/10 -> 39765.076 | H31: =(450000-$E$31-$F$31)/10 -> 39765.076 | I31: =(450000-$E$31-$F$31)/10 -> 39765.076 | J31: =(450000-$E$31-$F$31)/10 -> 39765.076 | K31: =(450000-$E$31-$F$31)/10 -> 39765.076 | L31: =(450000-$E$31-$F$31)/10 -> 39765.076 | M31: =(450000-$E$31-$F$31)/10 -> 39765.076 | N31: =(450000-$E$31-$F$31)/10 -> 39765.076 | ... P31: =(450000-$E$31-$F$31)/10 -> 39765.076 | Q31: =SUM(E31:P31) -> 450000 | R31: 450000 | S31: =SUM(E31:E31) -> 27429.74 | T31: =R31-Q31 -> 0 | U31: =SUM($E31:F31) -> 52349.24 | V31: =SUM($E31:G31) -> 92114.316 | W31: =SUM($E31:H31) -> 131879.39 | X31: =SUM($E31:I31) -> 171644.47 | Y31: =SUM($E31:J31) -> 211409.54 | Z31: =SUM($E31:K31) -> 251174.62 | AA31: =SUM($E31:L31) -> 290939.7 | AB31: =SUM($E31:M31) -> 330704.77 | ... AE31: =SUM($E31:P31) -> 450000 | AG31: =_xlfn.XLOOKUP(A31,'מצטבר יוני'!A:A,'מצטבר יוני'!H:H) -> 203207.09 | AI31: =_xlfn.XLOOKUP($A31,'[1]מפיצים הערכה לחציון שני '!$L:$L,'[1]מפיצים הערכה לחציון שני '!O:O) -> 40000 | AJ31: =_xlfn.XLOOKUP($A31,'[1]מפיצים הערכה לחציון שני '!$L:$L,'[1]מפיצים הערכה לחציון שני '!P:P) -> 20000 | AK31: =_xlfn.XLOOKUP($A31,'[1]מפיצים הערכה לחציון שני '!$L:$L,'[1]מפיצים הערכה לחציון שני '!Q:Q) -> 40000 | AL31: =_xlfn.XLOOKUP($A31,'[1]מפיצים הערכה לחציון שני '!$L:$L,'[1]מפיצים הערכה לחציון שני '!R:R) -> 20000 | AM31: =_xlfn.XLOOKUP($A31,'[1]מפיצים הערכה לחציון שני '!$L:$L,'[1]מפיצים הערכה לחציון שני '!S:S) -> 40000 | AN31: =_xlfn.XLOOKUP($A31,'[1]מפיצים הערכה לחציון שני '!$L:$L,'[1]מפיצים הערכה לחציון שני '!T:T) -> 15000 | AO31: =SUM(AI31:AN31) -> 175000 | AP31: =SUM(AI31:AN31)+Y31 -> 386409.54 | AR31: =AI31+AG31 -> 243207.09 | AS31: =AR31+AJ31 -> 263207.09 | AT31: =AS31+AK31 -> 303207.09 | AU31: =AT31+AL31 -> 323207.09 | AV31: =AU31+AM31 -> 363207.09 | AW31: =AV31+AN31 -> 378207.09
A32: 29 | B32: Total - 210 - Oy. Ea. Ab. FINLAND | C32: OY. EA. AB. | D32: FINLAND | H32: 35000 | N32: 35000 | Q32: =SUM(E32:P32) -> 70000 | R32: 70000 | S32: =SUM(E32:E32) -> 0 | T32: =R32-Q32 -> 0 | U32: =SUM($E32:F32) -> 0 | V32: =SUM($E32:G32) -> 0 | W32: =SUM($E32:H32) -> 35000 | X32: =SUM($E32:I32) -> 35000 | Y32: =SUM($E32:J32) -> 35000 | Z32: =SUM($E32:K32) -> 35000 | AA32: =SUM($E32:L32) -> 35000 | AB32: =SUM($E32:M32) -> 35000 | ... AE32: =SUM($E32:P32) -> 70000 | AG32: =_xlfn.XLOOKUP(A32,'מצטבר יוני'!A:A,'מצטבר יוני'!H:H) -> 43116.44 | AI32: =_xlfn.XLOOKUP($A32,'[1]מפיצים הערכה לחציון שני '!$L:$L,'[1]מפיצים הערכה לחציון שני '!O:O) -> 0 | AJ32: =_xlfn.XLOOKUP($A32,'[1]מפיצים הערכה לחציון שני '!$L:$L,'[1]מפיצים הערכה לחציון שני '!P:P) -> 0 | AK32: =_xlfn.XLOOKUP($A32,'[1]מפיצים הערכה לחציון שני '!$L:$L,'[1]מפיצים הערכה לחציון שני '!Q:Q) -> 0 | AL32: =_xlfn.XLOOKUP($A32,'[1]מפיצים הערכה לחציון שני '!$L:$L,'[1]מפיצים הערכה לחציון שני '!R:R) -> 30000 | AM32: =_xlfn.XLOOKUP($A32,'[1]מפיצים הערכה לחציון שני '!$L:$L,'[1]מפיצים הערכה לחציון שני '!S:S) -> 0 | AN32: =_xlfn.XLOOKUP($A32,'[1]מפיצים הערכה לחציון שני '!$L:$L,'[1]מפיצים הערכה לחציון שני '!T:T) -> 0 | AO32: =SUM(AI32:AN32) -> 30000 | AP32: =SUM(AI32:AN32)+Y32 -> 65000 | AR32: =AI32+AG32 -> 43116.44 | AS32: =AR32+AJ32 -> 43116.44 | AT32: =AS32+AK32 -> 43116.44 | AU32: =AT32+AL32 -> 73116.44 | AV32: =AU32+AM32 -> 73116.44 | AW32: =AV32+AN32 -> 73116.44
A33: 30 | B33: Total - 201- Seven Gear FINLAND oy | C33: SEVEN GEAR | D33: FINLAND | G33: 20000 | K33: 20000 | O33: =20000-207 -> 19793 | Q33: =SUM(E33:P33) -> 59793 | R33: 59793.3 | S33: =SUM(E33:E33) -> 0 | T33: =R33-Q33 -> 0.3 | U33: =SUM($E33:F33) -> 0 | V33: =SUM($E33:G33) -> 20000 | W33: =SUM($E33:H33) -> 20000 | X33: =SUM($E33:I33) -> 20000 | Y33: =SUM($E33:J33) -> 20000 | Z33: =SUM($E33:K33) -> 40000 | AA33: =SUM($E33:L33) -> 40000 | AB33: =SUM($E33:M33) -> 40000 | ... AE33: =SUM($E33:P33) -> 59793 | AG33: =_xlfn.XLOOKUP(A33,'מצטבר יוני'!A:A,'מצטבר יוני'!H:H) -> 17809.5 | AI33: =_xlfn.XLOOKUP($A33,'[1]מפיצים הערכה לחציון שני '!$L:$L,'[1]מפיצים הערכה לחציון שני '!O:O) -> 0 | AJ33: =_xlfn.XLOOKUP($A33,'[1]מפיצים הערכה לחציון שני '!$L:$L,'[1]מפיצים הערכה לחציון שני '!P:P) -> 0 | AK33: =_xlfn.XLOOKUP($A33,'[1]מפיצים הערכה לחציון שני '!$L:$L,'[1]מפיצים הערכה לחציון שני '!Q:Q) -> 25000 | AL33: =_xlfn.XLOOKUP($A33,'[1]מפיצים הערכה לחציון שני '!$L:$L,'[1]מפיצים הערכה לחציון שני '!R:R) -> 0 | AM33: =_xlfn.XLOOKUP($A33,'[1]מפיצים הערכה לחציון שני '!$L:$L,'[1]מפיצים הערכה לחציון שני '!S:S) -> 0 | AN33: =_xlfn.XLOOKUP($A33,'[1]מפיצים הערכה לחציון שני '!$L:$L,'[1]מפיצים הערכה לחציון שני '!T:T) -> 0 | AO33: =SUM(AI33:AN33) -> 25000 | AP33: =SUM(AI33:AN33)+Y33 -> 45000 | AR33: =AI33+AG33 -> 17809.5 | AS33: =AR33+AJ33 -> 17809.5 | AT33: =AS33+AK33 -> 42809.5 | AU33: =AT33+AL33 -> 42809.5 | AV33: =AU33+AM33 -> 42809.5 | AW33: =AV33+AN33 -> 42809.5
A34: 31 | B34: 211 - Pharmag Lachmair Ges. Mbh AUSTRIA | C34: PHARMAG LACHMAIR GES. MBH | D34: AUSTRIA | G34: 18000 | K34: 18000 | M34: =85000-18000*2 -> 49000 | Q34: =SUM(E34:P34) -> 85000 | R34: 85000 | S34: =SUM(E34:E34) -> 0 | T34: =R34-Q34 -> 0 | U34: =SUM($E34:F34) -> 0 | V34: =SUM($E34:G34) -> 18000 | W34: =SUM($E34:H34) -> 18000 | X34: =SUM($E34:I34) -> 18000 | Y34: =SUM($E34:J34) -> 18000 | Z34: =SUM($E34:K34) -> 36000 | AA34: =SUM($E34:L34) -> 36000 | AB34: =SUM($E34:M34) -> 85000 | ... AE34: =SUM($E34:P34) -> 85000 | AG34: =_xlfn.XLOOKUP(A34,'מצטבר יוני'!A:A,'מצטבר יוני'!H:H) -> 0 | AI34: =_xlfn.XLOOKUP($A34,'[1]מפיצים הערכה לחציון שני '!$L:$L,'[1]מפיצים הערכה לחציון שני '!O:O) -> 0 | AJ34: =_xlfn.XLOOKUP($A34,'[1]מפיצים הערכה לחציון שני '!$L:$L,'[1]מפיצים הערכה לחציון שני '!P:P) -> 0 | AK34: =_xlfn.XLOOKUP($A34,'[1]מפיצים הערכה לחציון שני '!$L:$L,'[1]מפיצים הערכה לחציון שני '!Q:Q) -> 17500 | AL34: =_xlfn.XLOOKUP($A34,'[1]מפיצים הערכה לחציון שני '!$L:$L,'[1]מפיצים הערכה לחציון שני '!R:R) -> 0 | AM34: =_xlfn.XLOOKUP($A34,'[1]מפיצים הערכה לחציון שני '!$L:$L,'[1]מפיצים הערכה לחציון שני '!S:S) -> 0 | AN34: =_xlfn.XLOOKUP($A34,'[1]מפיצים הערכה לחציון שני '!$L:$L,'[1]מפיצים הערכה לחציון שני '!T:T) -> 0 | AO34: =SUM(AI34:AN34) -> 17500 | AP34: =SUM(AI34:AN34)+Y34 -> 35500 | AR34: =AI34+AG34 -> 0 | AS34: =AR34+AJ34 -> 0 | AT34: =AS34+AK34 -> 17500 | AU34: =AT34+AL34 -> 17500 | AV34: =AU34+AM34 -> 17500 | AW34: =AV34+AN34 -> 17500
A35: 32 | B35: Total - 213 - E.f.m.o. SPAIN | C35: E.F.M.O. | D35: SPAIN | E35: 18792.66 | I35: =40000-E35 -> 21207.34 | Q35: =SUM(E35:P35) -> 40000 | R35: 40000 | S35: =SUM(E35:E35) -> 18792.66 | T35: =R35-Q35 -> 0 | U35: =SUM($E35:F35) -> 18792.66 | V35: =SUM($E35:G35) -> 18792.66 | W35: =SUM($E35:H35) -> 18792.66 | X35: =SUM($E35:I35) -> 40000 | Y35: =SUM($E35:J35) -> 40000 | Z35: =SUM($E35:K35) -> 40000 | AA35: =SUM($E35:L35) -> 40000 | AB35: =SUM($E35:M35) -> 40000 | ... AE35: =SUM($E35:P35) -> 40000 | AG35: =_xlfn.XLOOKUP(A35,'מצטבר יוני'!A:A,'מצטבר יוני'!H:H) -> 18792.66 | AI35: =_xlfn.XLOOKUP($A35,'[1]מפיצים הערכה לחציון שני '!$L:$L,'[1]מפיצים הערכה לחציון שני '!O:O) -> 0 | AJ35: =_xlfn.XLOOKUP($A35,'[1]מפיצים הערכה לחציון שני '!$L:$L,'[1]מפיצים הערכה לחציון שני '!P:P) -> 20000 | AK35: =_xlfn.XLOOKUP($A35,'[1]מפיצים הערכה לחציון שני '!$L:$L,'[1]מפיצים הערכה לחציון שני '!Q:Q) -> 0 | AL35: =_xlfn.XLOOKUP($A35,'[1]מפיצים הערכה לחציון שני '!$L:$L,'[1]מפיצים הערכה לחציון שני '!R:R) -> 0 | AM35: =_xlfn.XLOOKUP($A35,'[1]מפיצים הערכה לחציון שני '!$L:$L,'[1]מפיצים הערכה לחציון שני '!S:S) -> 0 | AN35: =_xlfn.XLOOKUP($A35,'[1]מפיצים הערכה לחציון שני '!$L:$L,'[1]מפיצים הערכה לחציון שני '!T:T) -> 0 | AO35: =SUM(AI35:AN35) -> 20000 | AP35: =SUM(AI35:AN35)+Y35 -> 60000 | AR35: =AI35+AG35 -> 18792.66 | AS35: =AR35+AJ35 -> 38792.66 | AT35: =AS35+AK35 -> 38792.66 | AU35: =AT35+AL35 -> 38792.66 | AV35: =AU35+AM35 -> 38792.66 | AW35: =AV35+AN35 -> 38792.66
A36: 33 | B36: Total - 214 - Alfred Gera& Sons Ltd. MALTA | C36: ALFRED GERA | D36: MALTA | I36: 40000 | O36: 40000 | Q36: =SUM(E36:P36) -> 80000 | R36: 80000 | S36: =SUM(E36:E36) -> 0 | T36: =R36-Q36 -> 0 | U36: =SUM($E36:F36) -> 0 | V36: =SUM($E36:G36) -> 0 | W36: =SUM($E36:H36) -> 0 | X36: =SUM($E36:I36) -> 40000 | Y36: =SUM($E36:J36) -> 40000 | Z36: =SUM($E36:K36) -> 40000 | AA36: =SUM($E36:L36) -> 40000 | AB36: =SUM($E36:M36) -> 40000 | ... AE36: =SUM($E36:P36) -> 80000 | AG36: =_xlfn.XLOOKUP(A36,'מצטבר יוני'!A:A,'מצטבר יוני'!H:H) -> 0 | AI36: =_xlfn.XLOOKUP($A36,'[1]מפיצים הערכה לחציון שני '!$L:$L,'[1]מפיצים הערכה לחציון שני '!O:O) -> 0 | AJ36: =_xlfn.XLOOKUP($A36,'[1]מפיצים הערכה לחציון שני '!$L:$L,'[1]מפיצים הערכה לחציון שני '!P:P) -> 0 | AK36: =_xlfn.XLOOKUP($A36,'[1]מפיצים הערכה לחציון שני '!$L:$L,'[1]מפיצים הערכה לחציון שני '!Q:Q) -> 0 | AL36: =_xlfn.XLOOKUP($A36,'[1]מפיצים הערכה לחציון שני '!$L:$L,'[1]מפיצים הערכה לחציון שני '!R:R) -> 0 | AM36: =_xlfn.XLOOKUP($A36,'[1]מפיצים הערכה לחציון שני '!$L:$L,'[1]מפיצים הערכה לחציון שני '!S:S) -> 0 | AN36: =_xlfn.XLOOKUP($A36,'[1]מפיצים הערכה לחציון שני '!$L:$L,'[1]מפיצים הערכה לחציון שני '!T:T) -> 25000 | AO36: =SUM(AI36:AN36) -> 25000 | AP36: =SUM(AI36:AN36)+Y36 -> 65000 | AR36: =AI36+AG36 -> 0 | AS36: =AR36+AJ36 -> 0 | AT36: =AS36+AK36 -> 0 | AU36: =AT36+AL36 -> 0 | AV36: =AU36+AM36 -> 0 | AW36: =AV36+AN36 -> 25000
A37: 34 | C37: YOUNG IN HEALTHCARE CO., | O37: 20000 | R37: 20000 | T37: =R37-Q37 -> 20000 | AG37: =_xlfn.XLOOKUP(A37,'מצטבר יוני'!A:A,'מצטבר יוני'!H:H) -> 0 | AI37: =_xlfn.XLOOKUP($A37,'[1]מפיצים הערכה לחציון שני '!$L:$L,'[1]מפיצים הערכה לחציון שני '!O:O) -> 0 | AJ37: =_xlfn.XLOOKUP($A37,'[1]מפיצים הערכה לחציון שני '!$L:$L,'[1]מפיצים הערכה לחציון שני '!P:P) -> 0 | AK37: =_xlfn.XLOOKUP($A37,'[1]מפיצים הערכה לחציון שני '!$L:$L,'[1]מפיצים הערכה לחציון שני '!Q:Q) -> 0 | AL37: =_xlfn.XLOOKUP($A37,'[1]מפיצים הערכה לחציון שני '!$L:$L,'[1]מפיצים הערכה לחציון שני '!R:R) -> 0 | AM37: =_xlfn.XLOOKUP($A37,'[1]מפיצים הערכה לחציון שני '!$L:$L,'[1]מפיצים הערכה לחציון שני '!S:S) -> 0 | AN37: =_xlfn.XLOOKUP($A37,'[1]מפיצים הערכה לחציון שני '!$L:$L,'[1]מפיצים הערכה לחציון שני '!T:T) -> 0 | AO37: =SUM(AI37:AN37) -> 0 | AP37: =SUM(AI37:AN37)+Y37 -> 0 | AR37: =AI37+AG37 -> 0 | AS37: =AR37+AJ37 -> 0 | AT37: =AS37+AK37 -> 0 | AU37: =AT37+AL37 -> 0 | AV37: =AU37+AM37 -> 0 | AW37: =AV37+AN37 -> 0
A38: 35 | B38: 200 - ROW : 217 - N3W FOODS USA | C38: HANS | D38: USA | H38: 200000 | L38: 200000 | O38: 200000 | Q38: =SUM(E38:P38) -> 600000 | R38: 600000 | S38: =SUM(E38:E38) -> 0 | T38: =R38-Q38 -> 0 | U38: =SUM($E38:F38) -> 0 | V38: =SUM($E38:G38) -> 0 | W38: =SUM($E38:H38) -> 200000 | X38: =SUM($E38:I38) -> 200000 | Y38: =SUM($E38:J38) -> 200000 | Z38: =SUM($E38:K38) -> 200000 | AA38: =SUM($E38:L38) -> 400000 | AB38: =SUM($E38:M38) -> 400000 | ... AE38: =SUM($E38:P38) -> 600000 | AG38: =_xlfn.XLOOKUP(A38,'מצטבר יוני'!A:A,'מצטבר יוני'!H:H) -> 0 | AI38: =_xlfn.XLOOKUP($A38,'[1]מפיצים הערכה לחציון שני '!$L:$L,'[1]מפיצים הערכה לחציון שני '!O:O) -> 0 | AJ38: =_xlfn.XLOOKUP($A38,'[1]מפיצים הערכה לחציון שני '!$L:$L,'[1]מפיצים הערכה לחציון שני '!P:P) -> 0 | AK38: =_xlfn.XLOOKUP($A38,'[1]מפיצים הערכה לחציון שני '!$L:$L,'[1]מפיצים הערכה לחציון שני '!Q:Q) -> 0 | AL38: =_xlfn.XLOOKUP($A38,'[1]מפיצים הערכה לחציון שני '!$L:$L,'[1]מפיצים הערכה לחציון שני '!R:R) -> 0 | AM38: =_xlfn.XLOOKUP($A38,'[1]מפיצים הערכה לחציון שני '!$L:$L,'[1]מפיצים הערכה לחציון שני '!S:S) -> 0 | AN38: =_xlfn.XLOOKUP($A38,'[1]מפיצים הערכה לחציון שני '!$L:$L,'[1]מפיצים הערכה לחציון שני '!T:T) -> 0 | AO38: =SUM(AI38:AN38) -> 0 | AP38: =SUM(AI38:AN38)+Y38 -> 200000 | AR38: =AI38+AG38 -> 0 | AS38: =AR38+AJ38 -> 0 | AT38: =AS38+AK38 -> 0 | AU38: =AT38+AL38 -> 0 | AV38: =AU38+AM38 -> 0 | AW38: =AV38+AN38 -> 0
A39: 36 | B39: New Distributors | C39: NEW DISTRIBUTORS | J39: 200000 | O39: 200000 | Q39: =SUM(E39:P39) -> 400000 | R39: 400000 | S39: =SUM(E39:E39) -> 0 | T39: =R39-Q39 -> 0 | U39: =SUM($E39:F39) -> 0 | V39: =SUM($E39:G39) -> 0 | W39: =SUM($E39:H39) -> 0 | X39: =SUM($E39:I39) -> 0 | Y39: =SUM($E39:J39) -> 200000 | Z39: =SUM($E39:K39) -> 200000 | AA39: =SUM($E39:L39) -> 200000 | AB39: =SUM($E39:M39) -> 200000 | ... AE39: =SUM($E39:P39) -> 400000 | AG39: =_xlfn.XLOOKUP(A39,'מצטבר יוני'!A:A,'מצטבר יוני'!H:H) -> 0 | AI39: =_xlfn.XLOOKUP($A39,'[1]מפיצים הערכה לחציון שני '!$L:$L,'[1]מפיצים הערכה לחציון שני '!O:O) -> 0 | AJ39: =_xlfn.XLOOKUP($A39,'[1]מפיצים הערכה לחציון שני '!$L:$L,'[1]מפיצים הערכה לחציון שני '!P:P) -> 0 | AK39: =_xlfn.XLOOKUP($A39,'[1]מפיצים הערכה לחציון שני '!$L:$L,'[1]מפיצים הערכה לחציון שני '!Q:Q) -> 0 | AL39: =_xlfn.XLOOKUP($A39,'[1]מפיצים הערכה לחציון שני '!$L:$L,'[1]מפיצים הערכה לחציון שני '!R:R) -> 100000 | AM39: =_xlfn.XLOOKUP($A39,'[1]מפיצים הערכה לחציון שני '!$L:$L,'[1]מפיצים הערכה לחציון שני '!S:S) -> 0 | AN39: =_xlfn.XLOOKUP($A39,'[1]מפיצים הערכה לחציון שני '!$L:$L,'[1]מפיצים הערכה לחציון שני '!T:T) -> 0 | AO39: =SUM(AI39:AN39) -> 100000 | AP39: =SUM(AI39:AN39)+Y39 -> 300000 | AR39: =AI39+AG39 -> 0 | AS39: =AR39+AJ39 -> 0 | AT39: =AS39+AK39 -> 0 | AU39: =AT39+AL39 -> 100000 | AV39: =AU39+AM39 -> 100000 | AW39: =AV39+AN39 -> 100000
B40: סה"כ חו"ל | E40: =SUM(E22:E39) -> 526326.77 | F40: =SUM(F22:F39) -> 624144.32 | G40: =SUM(G22:G39) -> 542589.52 | H40: =SUM(H22:H39) -> 946901.27 | I40: =SUM(I22:I39) -> 856658.89 | J40: =SUM(J22:J39) -> 758228.83 | K40: =SUM(K22:K39) -> 1015168 | L40: =SUM(L22:L39) -> 1146567 | ... S40: =SUM(S22:S39) -> 526326.77 | T40: =R40-Q40 -> -4756579.2 | U40: =SUM(U22:U39) -> 1150471.1 | V40: =SUM(V22:V39) -> 1693060.6 | W40: =SUM(W22:W39) -> 2639961.9 | X40: =SUM(X22:X39) -> 3496620.8 | Y40: =SUM(Y22:Y39) -> 4254849.6 | Z40: =SUM(Z22:Z39) -> 5270017.6 | AA40: =SUM(AA22:AA39) -> 6416584.6 | AB40: =SUM(AB22:AB39) -> 7104745.2 | ... AE40: =SUM(AE22:AE39) -> 9781372.5 | AG40: =SUM(AG22:AG39) -> 2801213.8 | AI40: =SUM(AI22:AI39) -> 565966.8 | AJ40: =SUM(AJ22:AJ39) -> 495012.4 | AK40: =SUM(AK22:AK39) -> 779615.8 | AL40: =SUM(AL22:AL39) -> 871888.6 | AM40: =SUM(AM22:AM39) -> 771122.5 | AN40: =SUM(AN22:AN39) -> 487561 | AO40: =SUM(AO22:AO39) -> 3971167.1 | AP40: =SUM(AP22:AP39) -> 8226016.7 | AR40: =AI40+AG40 -> 3367180.6 | AS40: =SUM(AS22:AS39) -> 3862193 | AT40: =SUM(AT22:AT39) -> 4641808.8 | AU40: =SUM(AU22:AU39) -> 5513697.4 | AV40: =SUM(AV22:AV39) -> 6284819.9 | AW40: =SUM(AW22:AW39) -> 6772380.9
B41: סה"כ | E41: =E40+E21 -> 2378890.5 | F41: =F40+F21 -> 2671041 | G41: =G40+G21 -> 2775894.3 | H41: =H40+H21 -> 2944067.7 | I41: =I40+I21 -> 3153822.5 | J41: =J40+J21 -> 3481428.4 | K41: =K40+K21 -> 3827194.7 | L41: =L40+L21 -> 4141049.6 | ... S41: =S40+S21 -> 2378890.5 | U41: =U40+U21 -> 5049931.5 | V41: =V40+V21 -> 7825825.8 | W41: =W40+W21 -> 10769893 | X41: =X40+X21 -> 13923716 | Y41: =Y40+Y21 -> 17405144 | Z41: =Z40+Z21 -> 21232339 | AA41: =AA40+AA21 -> 25373389 | AB41: =AB40+AB21 -> 28747358 | ... AE41: =AE40+AE21 -> 41241479 | AG41: =AG40+AG21 -> 12671808 | AI41: =AI40+AI21 -> 2665966.8 | AJ41: =AJ40+AJ21 -> 2626512.4 | AK41: =AK40+AK21 -> 3406716.6 | AL41: =AL40+AL21 -> 3681445.4 | AM41: =AM40+AM21 -> 3433922.5 | AN41: =AN40+AN21 -> 3438082.2 | AO41: =AO40+AO21 -> 19252646 | AP41: =AP40+AP21 -> 36657790 | AR41: =AI41+AG41 -> 15337775 | AS41: =AS40+AS21 -> 17964287 | AT41: =AT40+AT21 -> 21371004 | AU41: =AU40+AU21 -> 25052449 | AV41: =AV40+AV21 -> 28486372 | AW41: =AW40+AW21 -> 31924454
D43: ארץ | E43: ינואר | F43: פברואר | G43: מרץ | H43: אפריל | I43: מאי | J43: יוני | K43: יולי | L43: אוגוסט | M43: ספטמבר | N43: אוקטובר | O43: נובמבר | P43: דצמבר | Q43: שנתי
B44: סופר פארם לייף | C44: סופר פארם לייף | D44: ISRAEL | E44: =E5/$Q5 -> 0.07010582 | F44: =F5/$Q5 -> 0.066767448 | G44: =G5/$Q5 -> 0.076782565 | H44: =H5/$Q5 -> 0.068657092 | I44: =I5/$Q5 -> 0.074703956 | J44: =J5/$Q5 -> 0.093285462 | K44: =K5/$Q5 -> 0.093285462 | L44: =L5/$Q5 -> 0.093285462 | ... P44: =P5/$Q5 -> 0.096623835 | Q44: =SUM(E44:P44) -> 1
B45: סופרפארם | C45: סופרפארם | D45: ISRAEL | E45: =E6/$Q6 -> 0.079166052 | F45: =F6/$Q6 -> 0.078571311 | G45: =G6/$Q6 -> 0.090091482 | H45: =H6/$Q6 -> 0.070148943 | I45: =I6/$Q6 -> 0.082406685 | J45: =J6/$Q6 -> 0.089349227 | K45: =K6/$Q6 -> 0.089349227 | L45: =L6/$Q6 -> 0.089349227 | ... P45: =P6/$Q6 -> 0.08832131 | Q45: =SUM(E45:P45) -> 1
B46: BE | C46: BE | D46: ISRAEL | E46: =E7/$Q7 -> 0.081111111 | F46: =F7/$Q7 -> 0.081587302 | G46: =G7/$Q7 -> 0.091269841 | H46: =H7/$Q7 -> 0.067460317 | I46: =I7/$Q7 -> 0.079365079 | J46: =J7/$Q7 -> 0.087301587 | K46: =K7/$Q7 -> 0.087301587 | L46: =L7/$Q7 -> 0.087301587 | ... P46: =P7/$Q7 -> 0.091269841 | Q46: =SUM(E46:P46) -> 1
B47: בתי מרקחת כמיפל | C47: בתי מרקחת | D47: ISRAEL | E47: =E8/$Q8 -> 0.078240027 | F47: =F8/$Q8 -> 0.080530894 | G47: =G8/$Q8 -> 0.089066614 | H47: =H8/$Q8 -> 0.06891351 | I47: =I8/$Q8 -> 0.082585337 | J47: =J8/$Q8 -> 0.087762206 | K47: =K8/$Q8 -> 0.087762206 | L47: =L8/$Q8 -> 0.087762206 | ... P47: =P8/$Q8 -> 0.089066614 | Q47: =SUM(E47:P47) -> 1
B48: כללית | C48: כללית | D48: ISRAEL | E48: =E9/$Q9 -> 0.083314312 | F48: =F9/$Q9 -> 0.083314312 | G48: =G9/$Q9 -> 0.083314312 | H48: =H9/$Q9 -> 0.083314312 | I48: =I9/$Q9 -> 0.083314312 | J48: =J9/$Q9 -> 0.083314312 | K48: =K9/$Q9 -> 0.083314312 | L48: =L9/$Q9 -> 0.083314312 | ... P48: =P9/$Q9 -> 0.08354257 | Q48: =SUM(E48:P48) -> 1
B49: מאוחדת | C49: מאוחדת | D49: ISRAEL | E49: =E10/$Q10 -> 0.068306011 | F49: =F10/$Q10 -> 0.089643508 | G49: =G10/$Q10 -> 0.091204788 | H49: =H10/$Q10 -> 0.079885506 | I49: =I10/$Q10 -> 0.081446786 | J49: =J10/$Q10 -> 0.087952121 | K49: =K10/$Q10 -> 0.087952121 | L49: =L10/$Q10 -> 0.087952121 | ... P49: =P10/$Q10 -> 0.074811345 | Q49: =SUM(E49:P49) -> 1
B50: מכוני אורטופדיה | C50: מכוני אורטופדיה | D50: ISRAEL | E50: =E11/$Q11 -> 0.064468587 | F50: =F11/$Q11 -> 0.078362489 | G50: =G11/$Q11 -> 0.081147686 | H50: =H11/$Q11 -> 0.070524235 | I50: =I11/$Q11 -> 0.085942074 | J50: =J11/$Q11 -> 0.089483225 | K50: =K11/$Q11 -> 0.089483225 | L50: =L11/$Q11 -> 0.089483225 | ... P50: =P11/$Q11 -> 0.089737883 | Q50: =SUM(E50:P50) -> 1
B51: לקוחות מפעל | C51: לקוחות מפעל | D51: ISRAEL | E51: =E12/$Q12 -> 0.083333333 | F51: =F12/$Q12 -> 0.079365079 | G51: =G12/$Q12 -> 0.091269841 | H51: =H12/$Q12 -> 0.067460317 | I51: =I12/$Q12 -> 0.079365079 | J51: =J12/$Q12 -> 0.087301587 | K51: =K12/$Q12 -> 0.087301587 | L51: =L12/$Q12 -> 0.087301587 | ... P51: =P12/$Q12 -> 0.091269841 | Q51: =SUM(E51:P51) -> 1
B52: חנויות פרטיות | C52: חנויות פרטיות | D52: ISRAEL | E52: =E13/$Q13 -> 0.063333333 | F52: =F13/$Q13 -> 0.079365079 | G52: =G13/$Q13 -> 0.091269841 | H52: =H13/$Q13 -> 0.067460317 | I52: =I13/$Q13 -> 0.079365079 | J52: =J13/$Q13 -> 0.087301587 | K52: =K13/$Q13 -> 0.087301587 | L52: =L13/$Q13 -> 0.087301587 | ... P52: =P13/$Q13 -> 0.091269841 | Q52: =SUM(E52:P52) -> 1
B53: חנויות ספורט | C53: חנויות ספורט | D53: ISRAEL | E53: =E15/$Q15 -> #DIV/0! | F53: =F15/$Q15 -> #DIV/0! | G53: =G15/$Q15 -> #DIV/0! | H53: =H15/$Q15 -> #DIV/0! | I53: =I15/$Q15 -> #DIV/0! | J53: =J15/$Q15 -> #DIV/0! | K53: =K15/$Q15 -> #DIV/0! | L53: =L15/$Q15 -> #DIV/0! | ... P53: =P15/$Q15 -> #DIV/0! | Q53: =SUM(E53:P53) -> #DIV/0!
B54: מכוני פיזיותרפיה | C54: מכוני פיזיותרפיה | D54: ISRAEL | E54: =E17/$Q17 -> 0.083333333 | F54: =F17/$Q17 -> 0.079365079 | G54: =G17/$Q17 -> 0.091269841 | H54: =H17/$Q17 -> 0.067460317 | I54: =I17/$Q17 -> 0.079365079 | J54: =J17/$Q17 -> 0.087301587 | K54: =K17/$Q17 -> 0.087301587 | L54: =L17/$Q17 -> 0.087301587 | ... P54: =P17/$Q17 -> 0.091269841 | Q54: =SUM(E54:P54) -> 1
B55: לקוחות אינטרנט | C55: לקוחות אינטרנט | D55: ISRAEL | E55: =E18/$Q18 -> 0.027492763 | F55: =F18/$Q18 -> 0.041239144 | G55: =G18/$Q18 -> 0.045363059 | H55: =H18/$Q18 -> 0.04204429 | I55: =I18/$Q18 -> 0.054889301 | J55: =J18/$Q18 -> 0.082333991 | K55: =K18/$Q18 -> 0.090567367 | L55: =L18/$Q18 -> 0.10747919 | ... P55: =P18/$Q18 -> 0.13800456 | Q55: =SUM(E55:P55) -> 1
B56: סופר פארם מרקט פלייס | C56: סופר פארם מרקט פלייס | D56: ISRAEL | E56: =E19/$Q19 -> 0.083333333 | F56: =F19/$Q19 -> 0.083333333 | G56: =G19/$Q19 -> 0.083333333 | H56: =H19/$Q19 -> 0.083333333 | I56: =I19/$Q19 -> 0.083333333 | J56: =J19/$Q19 -> 0.083333333 | K56: =K19/$Q19 -> 0.083333333 | L56: =L19/$Q19 -> 0.083333333 | ... P56: =P19/$Q19 -> 0.083333333 | Q56: =SUM(E56:P56) -> 1
B58: סה"כ ישראל | E58: =E21/$Q$21 -> 0.058886125 | F58: =F21/$Q$21 -> 0.065063245 | G58: =G21/$Q$21 -> 0.070988469 | H58: =H21/$Q$21 -> 0.063482506 | I58: =I21/$Q$21 -> 0.073018302 | J58: =J21/$Q$21 -> 0.086560404 | K58: =K21/$Q$21 -> 0.089383888 | L58: =L21/$Q$21 -> 0.095183485 | ... P58: =P21/$Q$21 -> 0.10390247 | Q58: =SUM(E58:P58) -> 1
B59: Total - 301 - Amazon | C59: AMAZON | D59: USA | E59: =E22/$Q22 -> 0.057002112 | F59: =F22/$Q22 -> 0.065383594 | G59: =G22/$Q22 -> 0.069678408 | H59: =H22/$Q22 -> 0.076861738 | I59: =I22/$Q22 -> 0.083425071 | J59: =J22/$Q22 -> 0.08970096 | K59: =K22/$Q22 -> 0.096557156 | L59: =L22/$Q22 -> 0.10086757 | ... P59: =P22/$Q22 -> 0.084193415 | Q59: =SUM(E59:P59) -> 1
B60: Total - 202 - Super-Pharm POLAND | C60: SUPER PHARM POLAND | D60: POLAND | E60: =E23/$Q23 -> 0 | F60: =F23/$Q23 -> 0.24 | G60: =G23/$Q23 -> 0 | H60: =H23/$Q23 -> 0 | I60: =I23/$Q23 -> 0.24 | J60: =J23/$Q23 -> 0 | K60: =K23/$Q23 -> 0.21 | L60: =L23/$Q23 -> 0 | ... P60: =P23/$Q23 -> 0.15 | Q60: =SUM(E60:P60) -> 1
B61: Total - 203 - Ortho- Partner ag SWITZERLAND | C61: ORTHO- PARTNER AG. | D61: SWITZERLAND | E61: =E24/$Q24 -> 0.19214664 | F61: =F24/$Q24 -> 0.018022916 | G61: =G24/$Q24 -> 0.023076913 | H61: =H24/$Q24 -> 0.15384609 | I61: =I24/$Q24 -> 0.023076913 | J61: =J24/$Q24 -> 0.053846131 | K61: =K24/$Q24 -> 0.020599991 | L61: =L24/$Q24 -> 0.18461531 | ... P61: =P24/$Q24 -> 0 | Q61: =SUM(E61:P61) -> 1
B62: Total - 204 - Sanaflex Anatomic GREECE | C62: SANAFLEX ANATOMIC | D62: GREECE | E62: =E25/$Q25 -> 0.13431795 | F62: =F25/$Q25 -> 0 | G62: =G25/$Q25 -> 0.19000001 | H62: =H25/$Q25 -> 0 | I62: =I25/$Q25 -> 0.17000001 | J62: =J25/$Q25 -> 0 | K62: =K25/$Q25 -> 0.17000001 | L62: =L25/$Q25 -> 0 | ... P62: =P25/$Q25 -> 0 | Q62: =SUM(E62:P62) -> 1
B63: Total - 205 - Health Care Prod. Gmbh GERMANY | C63: HEALTH CARE PROD. GMBH | D63: GERMANY | E63: =E26/$Q26 -> 0.11267806 | F63: =F26/$Q26 -> 0 | G63: =G26/$Q26 -> 0.12142864 | H63: =H26/$Q26 -> 0.071428612 | I63: =I26/$Q26 -> 0.12142864 | J63: =J26/$Q26 -> 0.071428612 | K63: =K26/$Q26 -> 0.12142864 | L63: =L26/$Q26 -> 0.071428612 | ... P63: =P26/$Q26 -> 0 | Q63: =SUM(E63:P63) -> 1
B64: Total - 206 - Orthomed Ltd BULGARIA | C64: ORTHOMED LTD | D64: BULGARIA | E64: =E27/$Q27 -> 0 | F64: =F27/$Q27 -> 0 | G64: =G27/$Q27 -> 0.1 | H64: =H27/$Q27 -> 0.1 | I64: =I27/$Q27 -> 0.1 | J64: =J27/$Q27 -> 0.1 | K64: =K27/$Q27 -> 0.1 | L64: =L27/$Q27 -> 0.1 | ... P64: =P27/$Q27 -> 0.1 | Q64: =SUM(E64:P64) -> 1
B65: Total - 207 - Salus HUNGARY | C65: SALUS | D65: HUNGARY | E65: =E28/$Q28 -> 0 | F65: =F28/$Q28 -> 0 | G65: =G28/$Q28 -> 0 | H65: =H28/$Q28 -> 0.33333333 | I65: =I28/$Q28 -> 0 | J65: =J28/$Q28 -> 0 | K65: =K28/$Q28 -> 0.33333333 | L65: =L28/$Q28 -> 0 | ... P65: =P28/$Q28 -> 0 | Q65: =SUM(E65:P65) -> 1
B66: Total - 216 - Max Konnaris CYPRUS | C66: MAX KONNARIS LTD | D66: CYPRUS | E66: =E29/$Q29 -> 0 | F66: =F29/$Q29 -> 0.2 | G66: =G29/$Q29 -> 0 | H66: =H29/$Q29 -> 0.2 | I66: =I29/$Q29 -> 0 | J66: =J29/$Q29 -> 0.2 | K66: =K29/$Q29 -> 0 | L66: =L29/$Q29 -> 0.2 | ... P66: =P29/$Q29 -> 0 | Q66: =SUM(E66:P66) -> 1
B67: Total - 208 - Medipal Company NABLUS | C67: MEDIPAL COMPANY | D67: NABLUS | E67: =E30/$Q30 -> 0 | F67: =F30/$Q30 -> 0 | G67: =G30/$Q30 -> 0 | H67: =H30/$Q30 -> 0 | I67: =I30/$Q30 -> 0 | J67: =J30/$Q30 -> 0 | K67: =K30/$Q30 -> 0 | L67: =L30/$Q30 -> 1 | ... P67: =P30/$Q30 -> 0 | Q67: =SUM(E67:P67) -> 1
B68: Total - 209 - Ortoprofil Prod ROMANIA | C68: ORTOPROFIL PROD. ROMANIA | D68: ROMANIA | E68: =E31/$Q31 -> 0.060954978 | F68: =F31/$Q31 -> 0.055376667 | G68: =G31/$Q31 -> 0.088366836 | H68: =H31/$Q31 -> 0.088366836 | I68: =I31/$Q31 -> 0.088366836 | J68: =J31/$Q31 -> 0.088366836 | K68: =K31/$Q31 -> 0.088366836 | L68: =L31/$Q31 -> 0.088366836 | ... P68: =P31/$Q31 -> 0.088366836 | Q68: =SUM(E68:P68) -> 1
B69: Total - 210 - Oy. Ea. Ab. FINLAND | C69: OY. EA. AB. | D69: FINLAND | E69: =E32/$Q32 -> 0 | F69: =F32/$Q32 -> 0 | G69: =G32/$Q32 -> 0 | H69: =H32/$Q32 -> 0.5 | I69: =I32/$Q32 -> 0 | J69: =J32/$Q32 -> 0 | K69: =K32/$Q32 -> 0 | L69: =L32/$Q32 -> 0 | ... P69: =P32/$Q32 -> 0 | Q69: =SUM(E69:P69) -> 1
B70: Total - 201- Seven Gear FINLAND oy | C70: SEVEN GEAR | D70: FINLAND | E70: =E33/$Q33 -> 0 | F70: =F33/$Q33 -> 0 | G70: =G33/$Q33 -> 0.33448731 | H70: =H33/$Q33 -> 0 | I70: =I33/$Q33 -> 0 | J70: =J33/$Q33 -> 0 | K70: =K33/$Q33 -> 0.33448731 | L70: =L33/$Q33 -> 0 | ... P70: =P33/$Q33 -> 0 | Q70: =SUM(E70:P70) -> 1
... B73: Total - 214 - Alfred Gera& Sons Ltd. MALTA | C73: ALFRED GERA | D73: MALTA | E73: =E36/$Q36 -> 0 | F73: =F36/$Q36 -> 0 | G73: =G36/$Q36 -> 0 | H73: =H36/$Q36 -> 0 | I73: =I36/$Q36 -> 0.5 | J73: =J36/$Q36 -> 0 | K73: =K36/$Q36 -> 0 | L73: =L36/$Q36 -> 0 | ... P73: =P36/$Q36 -> 0 | Q73: =SUM(E73:P73) -> 1
C74: YOUNG IN HEALTHCARE CO., | E74: =E37/$Q37 -> #DIV/0! | F74: =F37/$Q37 -> #DIV/0! | G74: =G37/$Q37 -> #DIV/0! | H74: =H37/$Q37 -> #DIV/0! | I74: =I37/$Q37 -> #DIV/0! | J74: =J37/$Q37 -> #DIV/0! | K74: =K37/$Q37 -> #DIV/0! | L74: =L37/$Q37 -> #DIV/0! | ... P74: =P37/$Q37 -> #DIV/0! | Q74: =SUM(E74:P74) -> #DIV/0!
B75: 200 - ROW : 217 - N3W FOODS USA | C75: HANS | D75: USA | E75: =E38/$Q38 -> 0 | F75: =F38/$Q38 -> 0 | G75: =G38/$Q38 -> 0 | H75: =H38/$Q38 -> 0.33333333 | I75: =I38/$Q38 -> 0 | J75: =J38/$Q38 -> 0 | K75: =K38/$Q38 -> 0 | L75: =L38/$Q38 -> 0.33333333 | ... P75: =P38/$Q38 -> 0 | Q75: =SUM(E75:P75) -> 1
B76: New Distributors | C76: NEW DISTRIBUTORS | E76: =E39/$Q39 -> 0 | F76: =F39/$Q39 -> 0 | G76: =G39/$Q39 -> 0 | H76: =H39/$Q39 -> 0 | I76: =I39/$Q39 -> 0 | J76: =J39/$Q39 -> 0.5 | K76: =K39/$Q39 -> 0 | L76: =L39/$Q39 -> 0 | ... P76: =P39/$Q39 -> 0 | Q76: =SUM(E76:P76) -> 1
B77: סה"כ חו"ל | E77: =E40/$Q$40 -> 0.053809092 | F77: =F40/$Q$40 -> 0.063809483 | G77: =G40/$Q$40 -> 0.055471716 | H77: =H40/$Q$40 -> 0.096806585 | I77: =I40/$Q$40 -> 0.087580642 | J77: =J40/$Q$40 -> 0.077517631 | K77: =K40/$Q$40 -> 0.10378584 | L77: =L40/$Q$40 -> 0.11721944 | ... P77: =P40/$Q$40 -> 0.060719659 | Q77: =SUM(E77:P77) -> 1.0020447
B78: סה"כ | E78: =E41/$Q$41 -> 0.057681989 | F78: =F41/$Q$41 -> 0.064765886 | G78: =G41/$Q$41 -> 0.067308312 | H78: =H41/$Q$41 -> 0.071386083 | I78: =I41/$Q$41 -> 0.076472099 | J78: =J41/$Q$41 -> 0.084415701 | K78: =K41/$Q$41 -> 0.092799646 | L78: =L41/$Q$41 -> 0.10040982 | ... P78: =P41/$Q$41 -> 0.093660665 | Q78: =SUM(E78:P78) -> 1.0004849

Sheet 2025
B1: 2 | C1: 3 | D1: 4 | E1: 5 | F1: 6 | G1: 7 | H1: 8 | I1: 9 | J1: 10 | K1: 11 | L1: 12 | M1: 13
D2: =D35/$O$35 -> 0.12306952 | E2: =E35/$O$35 -> 0.10707745 | F2: =F35/$O$35 -> 0.15914624 | G2: =G35/$O$35 -> 0.00015063993 | H2: =H35/$O$35 -> 0.15805838 | I2: =I35/$O$35 -> 0.075565535 | J2: =J35/$O$35 -> 0.07710397 | K2: =K35/$O$35 -> 0.10192191 | ... M2: =M35/$O$35 -> 0.11625338
A3: Customer | B3: 45658 | C3: 45689 | D3: 45717 | E3: 45748 | F3: 45778 | G3: 45809 | H3: 45839 | I3: 45870 | J3: 46266 | K3: 45931 | L3: 45962 | M3: 45992 | N3: Total | P3: מצטבר | R3: מצטבר פברואר | S3: מצטבר מרץ | T3: מצטבר אפריל | U3: מצטבר מאי | V3: מצטבר יוני | W3: מצטבר יולי | X3: מצטבר אוגוסט | Y3: מצטבר ספטמבר | Z3: מצטבר אוקטובר | AA3: מצטבר נובמבר | AB3: מצטבר דצמבר
B4: Sales | C4: Sales | D4: Sales | E4: Sales | F4: Sales | G4: Sales | H4: Sales | I4: Sales | J4: Sales | K4: Sales | L4: Sales | M4: Sales | N4: Sales | P4: Sales | R4: Sales | S4: Sales | T4: Sales | U4: Sales | V4: Sales | W4: Sales | X4: Sales | Y4: Sales | Z4: Sales | AA4: Sales | AB4: Sales
A5: 110 - Chemipal | B5: 844589.24 | C5: 597568.02 | D5: 638446.17 | E5: 781364.83 | F5: 977752.95 | G5: 689832.37 | H5: 758569.05 | I5: 741932.1 | J5: 656043.57 | K5: 612448.29 | L5: 740101.82 | M5: 650395.29 | N5: 8689043.7 | O5: =SUM(D5:M5) -> 7246886.4 | P5: 2080603.4 | R5: 1442157.3 | S5: 2080603.4 | T5: 2861968.3 | U5: 3839721.2 | V5: 4529553.6 | W5: 5288122.6 | X5: 6030054.7 | Y5: 6686098.3 | Z5: 7298546.6 | AA5: 8038648.4 | AB5: 8689043.7
A6: 102 - Orthopedic institutes | B6: 72633.3 | C6: 46378.11 | D6: 65531.82 | E6: 74555.12 | F6: 94846.85 | G6: 63999.64 | H6: 81305.01 | I6: 61998.83 | J6: 69988.58 | K6: 57765.28 | L6: 96453.83 | M6: 69362.57 | N6: 854818.94 | O6: =SUM(D6:M6) -> 735807.53 | P6: 184543.23 | R6: 119011.41 | S6: 184543.23 | T6: 259098.35 | U6: 353945.2 | V6: 417944.84 | W6: 499249.85 | X6: 561248.68 | Y6: 631237.26 | Z6: 689002.54 | AA6: 785456.37 | AB6: 854818.94
A7: 101 - Factory customers | B7: 16402.68 | C7: 17589.94 | D7: 21300.79 | E7: 15201.7 | F7: 15870.65 | G7: 9192.17 | H7: 10971.32 | I7: 12420.51 | J7: 17490.72 | K7: 9579 | L7: 28016.53 | M7: 11214.5 | N7: 185250.51 | O7: =SUM(D7:M7) -> 151257.89 | P7: 55293.41 | R7: 33992.62 | S7: 55293.41 | T7: 70495.11 | U7: 86365.76 | V7: 95557.93 | W7: 106529.25 | X7: 118949.76 | Y7: 136440.48 | Z7: 146019.48 | AA7: 174036.01 | AB7: 185250.51
A8: 104 - Sports Shop | B8: 0 | C8: 0 | D8: 0 | E8: 0 | F8: 0 | G8: 0 | H8: 0 | I8: 0 | J8: 0 | K8: 514.2 | L8: 0 | M8: 0 | N8: 514.2 | O8: =SUM(D8:M8) -> 514.2 | P8: 0 | R8: 0 | S8: 0 | T8: 0 | U8: 0 | V8: 0 | W8: 0 | X8: 0 | Y8: 0 | Z8: 514.2 | AA8: 514.2 | AB8: 514.2
A9: 103 - Physiotherapy institutes | B9: 15213.91 | C9: 12501.56 | D9: 2138.43 | E9: 5898.37 | F9: 707.66 | G9: 17697.58 | H9: 7828.72 | I9: 5704.97 | J9: 9679.47 | K9: 4038.81 | L9: 12930.62 | M9: 361.5 | N9: 94701.6 | O9: =SUM(D9:M9) -> 66986.13 | P9: 29853.9 | R9: 27715.47 | S9: 29853.9 | T9: 35752.27 | U9: 36459.93 | V9: 54157.51 | W9: 61986.23 | X9: 67691.2 | Y9: 77370.67 | Z9: 81409.48 | AA9: 94340.1 | AB9: 94701.6
A10: 109 - Private Shops | B10: 6025.5 | C10: 4045.81 | D10: 11352.51 | E10: 4054.42 | F10: 5871.12 | G10: 4288.26 | H10: 4990.47 | I10: 1459.42 | J10: 4228.87 | K10: 3274.69 | L10: 1902.07 | M10: 5866.58 | N10: 57359.72 | O10: =SUM(D10:M10) -> 47288.41 | P10: 21423.82 | R10: 10071.31 | S10: 21423.82 | T10: 25478.24 | U10: 31349.36 | V10: 35637.62 | W10: 40628.09 | X10: 42087.51 | Y10: 46316.38 | Z10: 49591.07 | AA10: 51493.14 | AB10: 57359.72
A11: 105 - Pedicure Salons | B11: 1162.85 | C11: 569.45 | D11: 0 | E11: 0 | F11: 0 | G11: 1244.84 | H11: 0 | I11: 0 | J11: 0 | K11: 669.74 | L11: 498.8 | M11: 0 | N11: 4145.68 | O11: =SUM(D11:M11) -> 2413.38 | P11: 1732.3 | R11: 1732.3 | S11: 1732.3 | T11: 1732.3 | U11: 1732.3 | V11: 2977.14 | W11: 2977.14 | X11: 2977.14 | Y11: 2977.14 | Z11: 3646.88 | AA11: 4145.68 | AB11: 4145.68
A12: 111 - Superpharm Life | B12: 58427.8 | C12: 233209.9 | D12: 66608.1 | E12: 336937.6 | F12: 131634 | G12: 0 | H12: 83088 | I12: 243929.1 | J12: 157587.19 | K12: 33955.2 | L12: 265660.9 | M12: 97619.06 | N12: 1708656.9 | O12: =SUM(D12:M12) -> 1417019.1 | P12: 358245.8 | R12: 291637.7 | S12: 358245.8 | T12: 695183.4 | U12: 826817.4 | V12: 826817.4 | W12: 909905.4 | X12: 1153834.5 | Y12: 1311421.7 | Z12: 1345376.9 | AA12: 1611037.8 | AB12: 1708656.9
A13: 108 - Shoe Stores | B13: 0 | C13: 11720.98 | D13: 0 | E13: 0 | F13: 0 | G13: 0 | H13: 0 | I13: 7344.4 | J13: 0 | K13: 0 | L13: 0 | M13: 0 | N13: 19065.38 | O13: =SUM(D13:M13) -> 7344.4 | P13: 11720.98 | R13: 11720.98 | S13: 11720.98 | T13: 11720.98 | U13: 11720.98 | V13: 11720.98 | W13: 11720.98 | X13: 19065.38 | Y13: 19065.38 | Z13: 19065.38 | AA13: 19065.38 | AB13: 19065.38
A14: 106 - Hospitals | B14: 0 | C14: 11067.51 | D14: 0 | E14: 0 | F14: 0 | G14: 0 | H14: 651.15 | I14: 0 | J14: 0 | K14: 0 | L14: 0 | M14: 1813.57 | N14: 13532.23 | O14: =SUM(D14:M14) -> 2464.72 | P14: 11067.51 | R14: 11067.51 | S14: 11067.51 | T14: 11067.51 | U14: 11067.51 | V14: 11067.51 | W14: 11718.66 | X14: 11718.66 | Y14: 11718.66 | Z14: 11718.66 | AA14: 11718.66 | AB14: 13532.23
A15: 107 - Pharmacies | B15: 16943.23 | C15: 8629.41 | D15: 10741.72 | E15: 16562.55 | F15: 18520.67 | G15: 10131.7 | H15: 9190.31 | I15: 6621.54 | J15: 9073.07 | K15: 17028.33 | L15: 21017.63 | M15: 7965.2 | N15: 152425.36 | O15: =SUM(D15:M15) -> 126852.72 | P15: 36314.36 | R15: 25572.64 | S15: 36314.36 | T15: 52876.91 | U15: 71397.58 | V15: 81529.28 | W15: 90719.59 | X15: 97341.13 | Y15: 106414.2 | Z15: 123442.53 | AA15: 144460.16 | AB15: 152425.36
A16: 113 - Kupat Holim Meuhedet | B16: 57834.64 | C16: 82146.14 | D16: 74502.3 | E16: 62433.13 | F16: 88130.8 | G16: 62616.16 | H16: 95914.88 | I16: 81013.09 | J16: 89206.99 | K16: 70789.24 | L16: 68004.57 | M16: 60034.25 | N16: 892626.19 | O16: =SUM(D16:M16) -> 752645.41 | P16: 214483.08 | R16: 139980.78 | S16: 214483.08 | T16: 276916.21 | U16: 365047.01 | V16: 427663.17 | W16: 523578.05 | X16: 604591.14 | Y16: 693798.13 | Z16: 764587.37 | AA16: 832591.94 | AB16: 892626.19
... A38: Total | B38: 1755643.3 | C38: 2087540.5 | D38: 1783327.5 | E38: 2289139.1 | F38: 2304623.7 | G38: 1423912.7 | H38: 2503790.3 | I38: 2006304.5 | J38: 1830821.4 | K38: 1591826.9 | L38: 2559493.1 | M38: 2002293.8 | N38: 24138717 | O38: =SUM(D38:M38) -> 20295533 | P38: 5626511.3 | R38: 3843183.8 | S38: 5626511.3 | T38: 7915650.4 | U38: 10220274 | V38: 11644187 | W38: 14147977 | X38: 16154281 | Y38: 17985103 | Z38: 19576930 | AA38: 22136423 | AB38: 24138717
A40: סופרפארם | B40: 670882.2 | C40: 406825.35 | D40: 437918.57 | E40: 549545.83 | F40: 729180.69 | G40: 452295.98 | H40: 486312.52 | I40: 495074.58 | J40: 465794.42 | K40: 417469.78 | L40: 507426.01 | M40: 453051.69 | N40: 6071777.6 | P40: 1515626.1 | R40: 1077707.5 | S40: 1515626.1 | T40: 2065171.9 | U40: 2794352.6 | V40: 3246648.6 | W40: 3732961.1 | X40: 4228035.7 | Y40: 4693830.1 | Z40: 5111299.9 | AA40: 5618725.9 | AB40: 6071777.6
A41: BE | B41: 54489.89 | C41: 65962.26 | D41: 58257.29 | E41: 75168 | F41: 80577.77 | G41: 87191.65 | H41: 59921.68 | I41: 73631.74 | J41: 64918.49 | K41: 61390.42 | L41: 85930.39 | M41: 61250.28 | N41: 828689.86 | P41: 178709.44 | R41: 120452.15 | S41: 178709.44 | T41: 253877.44 | U41: 334455.21 | V41: 421646.86 | W41: 481568.54 | X41: 555200.28 | Y41: 620118.77 | Z41: 681509.19 | AA41: 767439.58 | AB41: 828689.86
B42: 119217.15 | C42: 124780.41 | D42: 142270.31 | E42: 156651 | F42: 167994.49 | G42: 150344.74 | H42: 212334.85 | I42: 173225.78 | J42: 125330.66 | K42: 133588.09 | L42: 146745.42 | M42: 136093.32 | N42: 1788576.2 | P42: 386267.87 | R42: 243997.56 | S42: 386267.87 | T42: 542918.87 | U42: 710913.36 | V42: 861258.1 | W42: 1073592.9 | X42: 1246818.7 | Y42: 1372149.4 | Z42: 1505737.5 | AA42: 1652482.9 | AB42: 1788576.2
B43: 844589.24 | C43: 597568.02 | D43: 638446.17 | E43: 781364.83 | F43: 977752.95 | G43: 689832.37 | H43: 758569.05 | I43: 741932.1 | J43: 656043.57 | K43: 612448.29 | L43: 740101.82 | M43: 650395.29 | N43: 8689043.7 | P43: 2080603.4 | R43: 1442157.3 | S43: 2080603.4 | T43: 2861968.3 | U43: 3839721.2 | V43: 4529553.6 | W43: 5288122.6 | X43: 6030054.7 | Y43: 6686098.3 | Z43: 7298546.6 | AA43: 8038648.4 | AB43: 8689043.7
A46: בתי מרקחת | B46: =B42+B15 -> 136160.38 | C46: =C42+C15 -> 133409.82 | D46: =D42+D15 -> 153012.03 | E46: =E42+E15 -> 173213.55 | F46: =F42+F15 -> 186515.16 | G46: =G42+G15 -> 160476.44 | H46: =H42+H15 -> 221525.16 | I46: =I42+I15 -> 179847.32 | ... N46: =N42+N15 -> 1941001.6 | P46: =P42+P15 -> 422582.23 | R46: =R42+R15 -> 269570.2 | S46: =S42+S15 -> 422582.23 | T46: =T42+T15 -> 595795.78 | U46: =U42+U15 -> 782310.94 | V46: =V42+V15 -> 942787.38 | W46: =W42+W15 -> 1164312.5 | X46: =X42+X15 -> 1344159.9 | Y46: =Y42+Y15 -> 1478563.6 | ... AB46: =AB42+AB15 -> 1941001.6

Sheet ינואר
B1: דוח מכירות ינואר 2026
D2: ארץ | E2: 1.2024 | F2: 1.2025 | G2: 1.2026 | H2: אחוז מול 2025 | I2: כספי מול 2025 | J2: תקציב | K2: % מול תקציב | L2: ₪ מול תקציב
A3: 111 - Superpharm Life | B3: סופר פארם לייף | C3: סופר פארם לייף | D3: ISRAEL | E3: =VLOOKUP($A3,'2024'!$A:$O,2,0) -> -594.08 | F3: =VLOOKUP($A3,'2025'!$A:$O,2,0) -> 58427.8 | G3: 63104 | H3: =G3/F3-1 -> 0.08003382 | I3: =G3-F3 -> 4676.2 | J3: =VLOOKUP(B3,'תקציב '!$B:$S,4,0)*1 -> 176666.67 | K3: =G3/J3-1 -> -0.64280755 | L3: =G3-J3 -> -113562.67
A4: סופרפארם | B4: סופרפארם | C4: סופרפארם | D4: ISRAEL | E4: =VLOOKUP(B4,'2024'!$A:$O,2,0) -> 452441.08 | F4: =VLOOKUP($A4,'2025'!$A:$O,2,0) -> 670882.2 | G4: =465886*0.91 -> 423956.26 | H4: =G4/F4-1 -> -0.36806155 | I4: =G4-F4 -> -246925.94 | J4: =VLOOKUP(B4,'תקציב '!$B:$S,4,0)*1 -> 536666.67 | K4: =G4/J4-1 -> -0.21001939 | L4: =G4-J4 -> -112710.41
A5: BE | B5: BE | C5: BE | D5: ISRAEL | E5: =VLOOKUP(B5,'2024'!$A:$O,2,0) -> 63301.42 | F5: =VLOOKUP($A5,'2025'!$A:$O,2,0) -> 54489.89 | G5: =(74936-611)*0.91 -> 67635.75 | H5: =G5/F5-1 -> 0.24125319 | I5: =G5-F5 -> 13145.86 | J5: =VLOOKUP(B5,'תקציב '!$B:$S,4,0)*1 -> 73000 | K5: =G5/J5-1 -> -0.073482877 | L5: =G5-J5 -> -5364.25
A6: בתי מרקחת | B6: בתי מרקחת | C6: בתי מרקחת | D6: ISRAEL | E6: =VLOOKUP(B6,'2024'!$A:$O,2,0) -> 164714.58 | F6: =VLOOKUP($A6,'2025'!$A:$O,2,0) -> 136160.38 | G6: =675284.8-G5-G4+8477 -> 192169.79 | H6: =G6/F6-1 -> 0.4113488 | I6: =G6-F6 -> 56009.41 | J6: =VLOOKUP(A6,'תקציב '!$B:$S,4,0)*1 -> 152333.33 | K6: =G6/J6-1 -> 0.26150847 | L6: =G6-J6 -> 39836.457
A7: 112 - Kupat Holim Clalit | B7: כללית | C7: כללית | D7: ISRAEL | E7: =VLOOKUP(A7,'2024'!$A:$O,2,0) -> 414961 | F7: =VLOOKUP($A7,'2025'!$A:$O,2,0) -> 326467.5 | G7: 320186.2 | H7: =G7/F7-1 -> -0.0192402 | I7: =G7-F7 -> -6281.3 | J7: =VLOOKUP(B7,'תקציב '!$B:$S,4,0)*1 -> 365000 | K7: =G7/J7-1 -> -0.12277753 | L7: =G7-J7 -> -44813.8
A8: 113 - Kupat Holim Meuhedet | B8: מאוחדת | C8: מאוחדת | D8: ISRAEL | E8: =VLOOKUP(A8,'2024'!$A:$O,2,0) -> 74817.97 | F8: =VLOOKUP($A8,'2025'!$A:$O,2,0) -> 57834.64 | G8: 60425.14 | H8: =G8/F8-1 -> 0.044791495 | I8: =G8-F8 -> 2590.5 | J8: =VLOOKUP(B8,'תקציב '!$B:$S,4,0)*1 -> 83333.333 | K8: =G8/J8-1 -> -0.27489832 | L8: =G8-J8 -> -22908.193
A9: 102 - Orthopedic institutes | B9: מכוני אורטופדיה | C9: מכוני אורטופדיה | D9: ISRAEL | E9: =VLOOKUP(A9,'2024'!$A:$O,2,0) -> 91890.1 | F9: =VLOOKUP($A9,'2025'!$A:$O,2,0) -> 72633.3 | G9: 86618.03 | H9: =G9/F9-1 -> 0.19253882 | I9: =G9-F9 -> 13984.73 | J9: =VLOOKUP(B9,'תקציב '!$B:$S,4,0)*1 -> 127583.33 | K9: =G9/J9-1 -> -0.32108664 | L9: =G9-J9 -> -40965.303
A10: 101 - Factory customers | B10: לקוחות מפעל | C10: לקוחות מפעל | D10: ISRAEL | E10: =VLOOKUP(A10,'2024'!$A:$O,2,0) -> 15878.93 | F10: =VLOOKUP($A10,'2025'!$A:$O,2,0) -> 16402.68 | G10: 18073.66 | H10: =G10/F10-1 -> 0.10187238 | I10: =G10-F10 -> 1670.98 | J10: =VLOOKUP(B10,'תקציב '!$B:$S,4,0)*1 -> 15833.333 | K10: =G10/J10-1 -> 0.14149432 | L10: =G10-J10 -> 2240.3267
A11: 109 - Private Shops | B11: חנויות פרטיות | C11: חנויות פרטיות | D11: ISRAEL | E11: =VLOOKUP(A11,'2024'!$A:$O,2,0) -> 5667.68 | F11: =VLOOKUP($A11,'2025'!$A:$O,2,0) -> 6025.5 | G11: 5894.68 | H11: =G11/F11-1 -> -0.021711061 | I11: =G11-F11 -> -130.82 | J11: =VLOOKUP(B11,'תקציב '!$B:$S,4,0)*1 -> 6333.3333 | K11: =G11/J11-1 -> -0.069261053 | L11: =G11-J11 -> -438.65333
A12: 105 - Pedicure Salons | B12: מכוני פדיקור | C12: מכוני פדיקור | D12: ISRAEL | E12: =VLOOKUP(A12,'2024'!$A:$O,2,0) -> 0 | F12: =VLOOKUP($A12,'2025'!$A:$O,2,0) -> 1162.85 | G12: 810.6 | H12: =G12/F12-1 -> -0.30291955 | I12: =G12-F12 -> -352.25 | J12: =VLOOKUP(B12,'תקציב '!$B:$S,4,0)*1 -> 0 | L12: =G12-J12 -> 810.6
A13: 104 - Sports Shop | B13: חנויות נעליים | C13: חנויות נעליים | D13: ISRAEL | E13: =VLOOKUP(A13,'2024'!$A:$O,2,0) -> 0 | F13: =VLOOKUP($A13,'2025'!$A:$O,2,0) -> 0 | H13: =G13/F13-1 -> #DIV/0! | I13: =G13-F13 -> 0 | J13: =VLOOKUP(B13,'תקציב '!$B:$S,4,0)*1 -> 0 | L13: =G13-J13 -> 0
A14: 106 - Hospitals | B14: בתי חולים ושרות | C14: בתי חולים ושרות | D14: ISRAEL | E14: =VLOOKUP(A14,'2024'!$A:$O,2,0) -> 0 | F14: =VLOOKUP($A14,'2025'!$A:$O,2,0) -> 0 | G14: 2523.6 | H14: =G14/F14-1 -> #DIV/0! | I14: =G14-F14 -> 2523.6 | J14: =VLOOKUP(B14,'תקציב '!$B:$S,4,0)*1 -> 0 | L14: =G14-J14 -> 2523.6
A15: 103 - Physiotherapy institutes | B15: מכוני פיזיותרפיה | C15: מכוני פיזיותרפיה | D15: ISRAEL | E15: =VLOOKUP(A15,'2024'!$A:$O,2,0) -> 4135.49 | F15: =VLOOKUP($A15,'2025'!$A:$O,2,0) -> 15213.91 | G15: 11467.92 | H15: =G15/F15-1 -> -0.24622139 | I15: =G15-F15 -> -3745.99 | J15: =VLOOKUP(B15,'תקציב '!$B:$S,4,0)*1 -> 16666.667 | K15: =G15/J15-1 -> -0.3119248 | L15: =G15-J15 -> -5198.7467
B16: סה"כ ישראל ללא אונליין | E16: =SUM(E3:E15) -> 1287214.2 | F16: =SUM(F3:F15) -> 1415700.7 | G16: =SUM(G3:G15) -> 1252865.6 | H16: =G16/F16-1 -> -0.1150208 | I16: =SUM(I3:I15) -> -162835.02 | J16: =SUM(J3:J15) -> 1553416.7 | K16: =G16/J16-1 -> -0.19347741 | L16: =SUM(L3:L15) -> -300551.04
A17: 114 - IL online | B17: לקוחות אינטרנט | C17: לקוחות אינטרנט | D17: ISRAEL | E17: =VLOOKUP(A17,'2024'!$A:$O,2,0) -> 42663.04 | F17: =VLOOKUP($A17,'2025'!$A:$O,2,0) -> 92988.17 | G17: 212354.12 | H17: =G17/F17-1 -> 1.2836681 | I17: =G17-F17 -> 119365.95 | J17: =VLOOKUP(B17,'תקציב '!$B:$S,4,0)*1 -> 296610.17 | K17: =G17/J17-1 -> -0.28406325 | L17: =G17-J17 -> -84256.049
A18: 115-SuperPharm Online | B18: סופר פארם מרקט פלייס | C18: סופר פארם מרקט פלייס | D18: ISRAEL | E18: =VLOOKUP(A18,'2024'!$A:$O,2,0) -> 1654.88 | F18: =VLOOKUP($A18,'2025'!$A:$O,2,0) -> 2032.3 | G18: 1274.4 | H18: =G18/F18-1 -> -0.37292723 | I18: =G18-F18 -> -757.9 | J18: =VLOOKUP(B18,'תקציב '!$B:$S,4,0)*1 -> 2536.9283 | K18: =G18/J18-1 -> -0.49766023 | L18: =G18-J18 -> -1262.5283
B19: סה"כ ישראל | E19: =E16+E17+E18 -> 1331532.1 | F19: =F16+F17+F18 -> 1510721.1 | G19: =G16+G17+G18 -> 1466494.1 | H19: =G19/F19-1 -> -0.029275403 | I19: =I16+I17+I18 -> -44226.97 | J19: =J16+J17+J18 -> 1852563.8 | K19: =G19/J19-1 -> -0.20839748 | L19: =L16+L17+L18 -> -386069.61
A20: 301 - Amazon | B20: Total - 301 - Amazon | C20: AMAZON | D20: USA | E20: =VLOOKUP(A20,'2024'!$A:$O,2,0) -> 391520.95 | F20: =VLOOKUP($A20,'2025'!$A:$O,2,0) -> 187395.64 | G20: 178026.69 | H20: =G20/F20-1 -> -0.04999556 | I20: =G20-F20 -> -9368.95 | J20: =VLOOKUP(B20,'תקציב '!$B:$S,4,0)*1 -> 272275.11 | K20: =G20/J20-1 -> -0.34615144 | L20: =G20-J20 -> -94248.42
A21: 202 - Super-Pharm POLAND | B21: Total - 202 - Super-Pharm POLAND | C21: SUPER PHARM POLAND | D21: POLAND | E21: =VLOOKUP(A21,'2024'!$A:$O,2,0) -> 203.73 | F21: =VLOOKUP($A21,'2025'!$A:$O,2,0) -> 0 | H21: =G21/F21-1 -> #DIV/0! | I21: =G21-F21 -> 0 | J21: =VLOOKUP(B21,'תקציב '!$B:$S,4,0)*1 -> 0 | K21: =G21/J21-1 -> #DIV/0! | L21: =G21-J21 -> 0
A22: 203 - Ortho- Partner ag SWITZERLAND | B22: Total - 203 - Ortho- Partner ag SWITZERLAND | C22: ORTHO- PARTNER AG. | D22: SWITZERLAND | E22: =VLOOKUP(A22,'2024'!$A:$O,2,0) -> 49158.59 | F22: =VLOOKUP($A22,'2025'!$A:$O,2,0) -> 18517.61 | G22: 124895.37 | H22: =G22/F22-1 -> 5.7446809 | I22: =G22-F22 -> 106377.76 | J22: =VLOOKUP(B22,'תקציב '!$B:$S,4,0)*1 -> 124895.37 | K22: =G22/J22-1 -> 0 | L22: =G22-J22 -> 0
A23: 204 - Sanaflex Anatomic GREECE | B23: Total - 204 - Sanaflex Anatomic GREECE | C23: SANAFLEX ANATOMIC | D23: GREECE | E23: =VLOOKUP(A23,'2024'!$A:$O,2,0) -> 68604.55 | F23: =VLOOKUP($A23,'2025'!$A:$O,2,0) -> 0 | G23: 67158.97 | H23: =G23/F23-1 -> #DIV/0! | I23: =G23-F23 -> 67158.97 | J23: =VLOOKUP(B23,'תקציב '!$B:$S,4,0)*1 -> 67158.97 | K23: =G23/J23-1 -> 0 | L23: =G23-J23 -> 0
A24: 205 - Health Care Prod. Gmbh GERMANY | B24: Total - 205 - Health Care Prod. Gmbh GERMANY | C24: HEALTH CARE PROD. GMBH | D24: GERMANY | E24: =VLOOKUP(A24,'2024'!$A:$O,2,0) -> 15923.68 | F24: =VLOOKUP($A24,'2025'!$A:$O,2,0) -> 0 | G24: 15774.92 | H24: =G24/F24-1 -> #DIV/0! | I24: =G24-F24 -> 15774.92 | J24: =VLOOKUP(B24,'תקציב '!$B:$S,4,0)*1 -> 15774.92 | K24: =G24/J24-1 -> 0 | L24: =G24-J24 -> 0
A25: 206 - Orthomed Ltd BULGARIA | B25: Total - 206 - Orthomed Ltd BULGARIA | C25: ORTHOMED LTD | D25: BULGARIA | E25: =VLOOKUP(A25,'2024'!$A:$O,2,0) -> 50777.76 | F25: =VLOOKUP($A25,'2025'!$A:$O,2,0) -> 0 | H25: =G25/F25-1 -> #DIV/0! | I25: =G25-F25 -> 0 | J25: =VLOOKUP(B25,'תקציב '!$B:$S,4,0)*1 -> 0 | K25: =G25/J25-1 -> #DIV/0! | L25: =G25-J25 -> 0
A26: 207 - Salus HUNGARY | B26: Total - 207 - Salus HUNGARY | C26: SALUS | D26: HUNGARY | E26: =VLOOKUP(A26,'2024'!$A:$O,2,0) -> 249206.12 | F26: =VLOOKUP($A26,'2025'!$A:$O,2,0) -> 0 | G26: -1269.06 | H26: =G26/F26-1 -> #DIV/0! | I26: =G26-F26 -> -1269.06 | J26: =VLOOKUP(B26,'תקציב '!$B:$S,4,0)*1 -> 0 | K26: =G26/J26-1 -> #DIV/0! | L26: =G26-J26 -> -1269.06
A27: 216 - Max Konnaris CYPRUS | B27: Total - 216 - Max Konnaris CYPRUS | C27: MAX KONNARIS LTD | D27: CYPRUS | E27: =VLOOKUP(A27,'2024'!$A:$O,2,0) -> 0 | F27: =VLOOKUP($A27,'2025'!$A:$O,2,0) -> 0 | H27: =G27/F27-1 -> #DIV/0! | I27: =G27-F27 -> 0 | J27: =VLOOKUP(B27,'תקציב '!$B:$S,4,0)*1 -> 0 | K27: =G27/J27-1 -> #DIV/0! | L27: =G27-J27 -> 0
A28: 208 - Medipal Company NABLUS | B28: Total - 208 - Medipal Company NABLUS | C28: MEDIPAL COMPANY | D28: NABLUS | E28: =VLOOKUP(A28,'2024'!$A:$O,2,0) -> 0 | F28: =VLOOKUP($A28,'2025'!$A:$O,2,0) -> 0 | H28: =G28/F28-1 -> #DIV/0! | I28: =G28-F28 -> 0 | J28: =VLOOKUP(B28,'תקציב '!$B:$S,4,0)*1 -> 0 | K28: =G28/J28-1 -> #DIV/0! | L28: =G28-J28 -> 0
A29: 209 - Ortoprofil Prod ROMANIA | B29: Total - 209 - Ortoprofil Prod ROMANIA | C29: ORTOPROFIL PROD. ROMANIA | D29: ROMANIA | E29: =VLOOKUP(A29,'2024'!$A:$O,2,0) -> 0 | F29: =VLOOKUP($A29,'2025'!$A:$O,2,0) -> 0 | G29: 27429.74 | H29: =G29/F29-1 -> #DIV/0! | I29: =G29-F29 -> 27429.74 | J29: =VLOOKUP(B29,'תקציב '!$B:$S,4,0)*1 -> 27429.74 | K29: =G29/J29-1 -> 0 | L29: =G29-J29 -> 0
A30: 210 - Oy. Ea. Ab. FINLAND | B30: Total - 210 - Oy. Ea. Ab. FINLAND | C30: OY. EA. AB. | D30: FINLAND | E30: =VLOOKUP(A30,'2024'!$A:$O,2,0) -> 0 | F30: =VLOOKUP($A30,'2025'!$A:$O,2,0) -> 0 | H30: =G30/F30-1 -> #DIV/0! | I30: =G30-F30 -> 0 | J30: =VLOOKUP(B30,'תקציב '!$B:$S,4,0)*1 -> 0 | K30: =G30/J30-1 -> #DIV/0! | L30: =G30-J30 -> 0
A31: 201- Seven Gear FINLAND oy | B31: Total - 201- Seven Gear FINLAND oy | C31: SEVEN GEAR | D31: FINLAND | E31: =VLOOKUP(A31,'2024'!$A:$O,2,0) -> 0 | F31: =VLOOKUP($A31,'2025'!$A:$O,2,0) -> 19897.57 | H31: =G31/F31-1 -> -1 | I31: =G31-F31 -> -19897.57 | J31: =VLOOKUP(B31,'תקציב '!$B:$S,4,0)*1 -> 0 | K31: =G31/J31-1 -> #DIV/0! | L31: =G31-J31 -> 0
A32: 211 - Pharmag Lachmair Ges. Mbh AUSTRIA | B32: 211 - Pharmag Lachmair Ges. Mbh AUSTRIA | C32: PHARMAG LACHMAIR GES. MBH | D32: AUSTRIA | E32: =VLOOKUP(A32,'2024'!$A:$O,2,0) -> 0 | F32: =VLOOKUP($A32,'2025'!$A:$O,2,0) -> 0 | H32: =G32/F32-1 -> #DIV/0! | I32: =G32-F32 -> 0 | J32: =VLOOKUP(B32,'תקציב '!$B:$S,4,0)*1 -> 0 | K32: =G32/J32-1 -> #DIV/0! | L32: =G32-J32 -> 0
C33: REMEDICARE B.V. | D33: HOLLAND | H33: =G33/F33-1 -> #DIV/0! | I33: =G33-F33 -> 0 | K33: =G33/J33-1 -> #DIV/0! | L33: =G33-J33 -> 0
A34: 213 - E.f.m.o. SPAIN | B34: Total - 213 - E.f.m.o. SPAIN | C34: E.F.M.O. | D34: SPAIN | E34: =VLOOKUP(A34,'2024'!$A:$O,2,0) -> 20732.48 | F34: =VLOOKUP($A34,'2025'!$A:$O,2,0) -> 19111.37 | G34: 18792.66 | H34: =G34/F34-1 -> -0.01667646 | I34: =G34-F34 -> -318.71 | J34: =VLOOKUP(B34,'תקציב '!$B:$S,4,0)*1 -> 18792.66 | K34: =G34/J34-1 -> 0 | L34: =G34-J34 -> 0
A35: 214 - Alfred Gera& Sons Ltd. MALTA | B35: Total - 214 - Alfred Gera& Sons Ltd. MALTA | C35: ALFRED GERA | D35: MALTA | E35: =VLOOKUP(A35,'2024'!$A:$O,2,0) -> 0 | F35: =VLOOKUP($A35,'2025'!$A:$O,2,0) -> 0 | H35: =G35/F35-1 -> #DIV/0! | I35: =G35-F35 -> 0 | J35: =VLOOKUP(B35,'תקציב '!$B:$S,4,0)*1 -> 0 | K35: =G35/J35-1 -> #DIV/0! | L35: =G35-J35 -> 0
A36: 212 - Quadrifoglio Medical ROMANIA | B36: 212 - Quadrifoglio Medical ROMANIA | C36: QUADRIFOGLIO MEDICAL | D36: ROMANIA | E36: =VLOOKUP(A36,'2024'!$A:$O,2,0) -> 0 | F36: =VLOOKUP($A36,'2025'!$A:$O,2,0) -> 0 | H36: =G36/F36-1 -> #DIV/0! | I36: =G36-F36 -> 0 | K36: =G36/J36-1 -> #DIV/0! | L36: =G36-J36 -> 0
A37: 215 - Young In Healthcare Co. SOUTH KOREA | B37: 215 - Young In Healthcare Co. SOUTH KOREA | C37: YOUNG IN HEALTHCARE CO., | D37: KOREA | E37: =VLOOKUP(A37,'2024'!$A:$O,2,0) -> 0 | F37: =VLOOKUP($A37,'2025'!$A:$O,2,0) -> 0 | H37: =G37/F37-1 -> #DIV/0! | I37: =G37-F37 -> 0 | K37: =G37/J37-1 -> #DIV/0! | L37: =G37-J37 -> 0
A38: 200 - ROW : 217 - N3W FOODS USA | B38: 200 - ROW : 217 - N3W FOODS USA | C38: HANS | D38: USA | E38: =VLOOKUP(A38,'2024'!$A:$O,2,0) -> 0 | F38: =VLOOKUP($A38,'2025'!$A:$O,2,0) -> 0 | H38: =G38/F38-1 -> #DIV/0! | I38: =G38-F38 -> 0 | K38: =G38/J38-1 -> #DIV/0! | L38: =G38-J38 -> 0
B39: NEW DISTRIBUTORS | C39: NEW DISTRIBUTORS | H39: =G39/F39-1 -> #DIV/0! | I39: =G39-F39 -> 0 | J39: =VLOOKUP(B39,'תקציב '!$B:$S,4,0)*1 -> 0 | K39: =G39/J39-1 -> #DIV/0! | L39: =G39-J39 -> 0
B40: סה"כ חו"ל | E40: =SUM(E20:E39) -> 846127.86 | F40: =SUM(F20:F39) -> 244922.19 | G40: =SUM(G20:G39) -> 430809.29 | H40: =G40/F40-1 -> 0.7589639 | I40: =SUM(I20:I39) -> 185887.1 | J40: =SUM(J20:J39) -> 526326.77 | K40: =G40/J40-1 -> -0.18147943 | L40: =SUM(L20:L39) -> -95517.48
B41: סה"כ מכירות | E41: =E40+E19 -> 2177660 | F41: =F40+F19 -> 1755643.3 | G41: =G40+G19 -> 1897303.4 | H41: =G41/F41-1 -> 0.080688446 | I41: =I40+I19 -> 141660.13 | J41: =J40+J19 -> 2378890.5 | K41: =G41/J41-1 -> -0.20244189 | L41: =L40+L19 -> -481587.09
B42: אחוז מכירות חו"ל מסה"כ מכירות | E42: =E40/E41 -> 0.38854912 | F42: =F40/F41 -> 0.13950567 | G42: =G40/G41 -> 0.22706399 | J42: =J41-'תקציב '!E41*1 -> 0
E43: =E41-'2024'!B38 -> 0

Sheet פברואר
B1: דוח מכירות פברואר 2026
D2: ארץ | E2: 2.2024 | F2: 2.2025 | G2: 2.2026 | H2: אחוז מול 2025 | I2: כספי מול 2025 | J2: תקציב | K2: % מול תקציב | L2: ₪ מול תקציב
A3: 111 - Superpharm Life | B3: סופר פארם לייף | C3: סופר פארם לייף | D3: ISRAEL | E3: =VLOOKUP(A3,'2024'!$A:$O,3,0) -> 347582.74 | F3: =VLOOKUP($A3,'2025'!$A:$O,3,0) -> 233209.9 | G3: 364352.2 | H3: =G3/F3-1 -> 0.5623359 | I3: =G3-F3 -> 131142.3 | J3: =VLOOKUP(B3,'תקציב '!$B:$S,5,0)*1 -> 168253.97 | K3: =G3/J3-1 -> 1.1654895 | L3: =G3-J3 -> 196098.23
A4: סופרפארם | B4: סופרפארם | C4: סופרפארם | D4: ISRAEL | E4: =VLOOKUP(B4,'2024'!$A:$O,3,0) -> 422279.31 | F4: =VLOOKUP($A4,'2025'!$A:$O,3,0) -> 406825.35 | G4: 469684.03 | H4: =G4/F4-1 -> 0.15451025 | I4: =G4-F4 -> 62858.687 | J4: =VLOOKUP(B4,'תקציב '!$B:$S,5,0)*1 -> 532634.92 | K4: =G4/J4-1 -> -0.11818768 | L4: =G4-J4 -> -62950.888
A5: BE | B5: BE | C5: BE | D5: ISRAEL | E5: =VLOOKUP(B5,'2024'!$A:$O,3,0) -> 82457.193 | F5: =VLOOKUP($A5,'2025'!$A:$O,3,0) -> 65962.26 | G5: 68397.329 | H5: =G5/F5-1 -> 0.036916094 | I5: =G5-F5 -> 2435.069 | J5: =VLOOKUP(B5,'תקציב '!$B:$S,5,0)*1 -> 73428.571 | K5: =G5/J5-1 -> -0.068518866 | L5: =G5-J5 -> -5031.2424
A6: בתי מרקחת | B6: בתי מרקחת | C6: בתי מרקחת | D6: ISRAEL | E6: =VLOOKUP(B6,'2024'!$A:$O,3,0) -> 163451.95 | F6: =VLOOKUP($A6,'2025'!$A:$O,3,0) -> 133409.82 | G6: 140722.24 | H6: =G6/F6-1 -> 0.054811677 | I6: =G6-F6 -> 7312.4162 | J6: =VLOOKUP(A6,'תקציב '!$B:$S,5,0)*1 -> 156793.65 | K6: =G6/J6-1 -> -0.10250039 | L6: =G6-J6 -> -16071.411
A7: 112 - Kupat Holim Clalit | B7: כללית | C7: כללית | D7: ISRAEL | E7: =VLOOKUP(A7,'2024'!$A:$O,3,0) -> 385135 | F7: =VLOOKUP($A7,'2025'!$A:$O,3,0) -> 371734.5 | G7: 299047.35 | H7: =G7/F7-1 -> -0.19553512 | I7: =G7-F7 -> -72687.15 | J7: =VLOOKUP(B7,'תקציב '!$B:$S,5,0)*1 -> 365000 | K7: =G7/J7-1 -> -0.18069219 | L7: =G7-J7 -> -65952.65
A8: 113 - Kupat Holim Meuhedet | B8: מאוחדת | C8: מאוחדת | D8: ISRAEL | E8: =VLOOKUP(A8,'2024'!$A:$O,3,0) -> 91523.03 | F8: =VLOOKUP($A8,'2025'!$A:$O,3,0) -> 82146.14 | G8: 59215.28 | H8: =G8/F8-1 -> -0.27914714 | I8: =G8-F8 -> -22930.86 | J8: =VLOOKUP(B8,'תקציב '!$B:$S,5,0)*1 -> 109365.08 | K8: =G8/J8-1 -> -0.45855404 | L8: =G8-J8 -> -50149.799
A9: 102 - Orthopedic institutes | B9: מכוני אורטופדיה | C9: מכוני אורטופדיה | D9: ISRAEL | E9: =VLOOKUP(A9,'2024'!$A:$O,3,0) -> 85829.2 | F9: =VLOOKUP($A9,'2025'!$A:$O,3,0) -> 46378.11 | G9: 81282.23 | H9: =G9/F9-1 -> 0.75259902 | I9: =G9-F9 -> 34904.12 | J9: =VLOOKUP(B9,'תקציב '!$B:$S,5,0)*1 -> 155079.37 | K9: =G9/J9-1 -> -0.47586689 | L9: =G9-J9 -> -73797.135
A10: 101 - Factory customers | B10: לקוחות מפעל | C10: לקוחות מפעל | D10: ISRAEL | E10: =VLOOKUP(A10,'2024'!$A:$O,3,0) -> 11131.68 | F10: =VLOOKUP($A10,'2025'!$A:$O,3,0) -> 17589.94 | G10: 11368.09 | H10: =G10/F10-1 -> -0.35371639 | I10: =G10-F10 -> -6221.85 | J10: =VLOOKUP(B10,'תקציב '!$B:$S,5,0)*1 -> 15079.365 | K10: =G10/J10-1 -> -0.24611614 | L10: =G10-J10 -> -3711.2751
A11: 109 - Private Shops | B11: חנויות פרטיות | C11: חנויות פרטיות | D11: ISRAEL | E11: =VLOOKUP(A11,'2024'!$A:$O,3,0) -> 0 | F11: =VLOOKUP($A11,'2025'!$A:$O,3,0) -> 4045.81 | G11: 3319.04 | H11: =G11/F11-1 -> -0.17963523 | I11: =G11-F11 -> -726.77 | J11: =VLOOKUP(B11,'תקציב '!$B:$S,5,0)*1 -> 7936.5079 | K11: =G11/J11-1 -> -0.58180096 | L11: =G11-J11 -> -4617.4679
A12: 105 - Pedicure Salons | B12: מכוני פדיקור | C12: מכוני פדיקור | D12: ISRAEL | E12: =VLOOKUP(A12,'2024'!$A:$O,3,0) -> 0 | F12: =VLOOKUP($A12,'2025'!$A:$O,3,0) -> 569.45 | H12: =G12/F12-1 -> -1 | I12: =G12-F12 -> -569.45 | J12: =VLOOKUP(B12,'תקציב '!$B:$S,5,0)*1 -> 0 | L12: =G12-J12 -> 0
A13: 104 - Sports Shop | B13: חנויות נעליים | C13: חנויות נעליים | D13: ISRAEL | E13: =VLOOKUP(A13,'2024'!$A:$O,3,0) -> 0 | F13: =VLOOKUP($A13,'2025'!$A:$O,3,0) -> 0 | H13: =G13/F13-1 -> #DIV/0! | I13: =G13-F13 -> 0 | J13: =VLOOKUP(B13,'תקציב '!$B:$S,5,0)*1 -> 0 | K13: =G13/J13-1 -> #DIV/0! | L13: =G13-J13 -> 0
A14: 106 - Hospitals | B14: בתי חולים ושרות | C14: בתי חולים ושרות | D14: ISRAEL | E14: =VLOOKUP(A14,'2024'!$A:$O,3,0) -> 0 | F14: =VLOOKUP($A14,'2025'!$A:$O,3,0) -> 11067.51 | G14: 947.38 | H14: =G14/F14-1 -> -0.9143999 | I14: =G14-F14 -> -10120.13 | J14: =VLOOKUP(B14,'תקציב '!$B:$S,5,0)*1 -> 0 | L14: =G14-J14 -> 947.38
A15: 103 - Physiotherapy institutes | B15: מכוני פיזיותרפיה | C15: מכוני פיזיותרפיה | D15: ISRAEL | E15: =VLOOKUP(A15,'2024'!$A:$O,3,0) -> 8592.99 | F15: =VLOOKUP($A15,'2025'!$A:$O,3,0) -> 12501.56 | G15: 15269.72 | H15: =G15/F15-1 -> 0.22142517 | I15: =G15-F15 -> 2768.16 | J15: =VLOOKUP(B15,'תקציב '!$B:$S,5,0)*1 -> 15873.016 | K15: =G15/J15-1 -> -0.03800764 | L15: =G15-J15 -> -603.29587
B16: סה"כ ישראל ללא אונליין | E16: =SUM(E3:E15) -> 1597983.1 | F16: =SUM(F3:F15) -> 1385440.4 | G16: =SUM(G3:G15) -> 1513604.9 | H16: =G16/F16-1 -> 0.092508163 | I16: =SUM(I3:I15) -> 128164.54 | J16: =SUM(J3:J15) -> 1599444.4 | K16: =G16/J16-1 -> -0.053668355 | L16: =SUM(L3:L15) -> -85839.552
A17: 114 - IL online | B17: לקוחות אינטרנט | C17: לקוחות אינטרנט | D17: ISRAEL | E17: =VLOOKUP(A17,'2024'!$A:$O,3,0) -> 40630.42 | F17: =VLOOKUP($A17,'2025'!$A:$O,3,0) -> 97231.18 | G17: 236431.2 | H17: =G17/F17-1 -> 1.4316397 | I17: =G17-F17 -> 139200.02 | J17: =VLOOKUP(B17,'תקציב '!$B:$S,5,0)*1 -> 444915.25 | K17: =G17/J17-1 -> -0.46859273 | L17: =G17-J17 -> -208484.05
A18: 115-SuperPharm Online | B18: סופר פארם מרקט פלייס | C18: סופר פארם מרקט פלייס | D18: ISRAEL | E18: =VLOOKUP(A18,'2024'!$A:$O,3,0) -> 2455.66 | F18: =VLOOKUP($A18,'2025'!$A:$O,3,0) -> 3188.82 | G18: 1747 | H18: =G18/F18-1 -> -0.45214844 | I18: =G18-F18 -> -1441.82 | J18: =VLOOKUP(B18,'תקציב '!$B:$S,5,0)*1 -> 2536.9283 | K18: =G18/J18-1 -> -0.31137195 | L18: =G18-J18 -> -789.92833
B19: סה"כ ישראל | E19: =E16+E17+E18 -> 1641069.2 | F19: =F16+F17+F18 -> 1485860.4 | G19: =G16+G17+G18 -> 1751783.1 | H19: =G19/F19-1 -> 0.17896887 | I19: =I16+I17+I18 -> 265922.74 | J19: =J16+J17+J18 -> 2046896.6 | K19: =G19/J19-1 -> -0.14417608 | L19: =L16+L17+L18 -> -295113.54
A20: 301 - Amazon | B20: Total - 301 - Amazon | C20: AMAZON | D20: USA | E20: =VLOOKUP(A20,'2024'!$A:$O,3,0) -> 377981.61 | F20: =VLOOKUP($A20,'2025'!$A:$O,3,0) -> 188313.47 | G20: 194189.2 | H20: =G20/F20-1 -> 0.031201857 | I20: =G20-F20 -> 5875.73 | J20: =VLOOKUP(B20,'תקציב '!$B:$S,5,0)*1 -> 312309.92 | K20: =G20/J20-1 -> -0.37821636 | L20: =G20-J20 -> -118120.72
A21: 202 - Super-Pharm POLAND | B21: Total - 202 - Super-Pharm POLAND | C21: SUPER PHARM POLAND | D21: POLAND | E21: =VLOOKUP(A21,'2024'!$A:$O,3,0) -> 255841.44 | F21: =VLOOKUP($A21,'2025'!$A:$O,3,0) -> 213082.56 | G21: 137198.2 | H21: =G21/F21-1 -> -0.35612656 | I21: =G21-F21 -> -75884.36 | J21: =VLOOKUP(B21,'תקציב '!$B:$S,5,0)*1 -> 235200 | K21: =G21/J21-1 -> -0.41667432 | L21: =G21-J21 -> -98001.8
A22: 203 - Ortho- Partner ag SWITZERLAND | B22: Total - 203 - Ortho- Partner ag SWITZERLAND | C22: ORTHO- PARTNER AG. | D22: SWITZERLAND | E22: =VLOOKUP(A22,'2024'!$A:$O,3,0) -> 73976.74 | F22: =VLOOKUP($A22,'2025'!$A:$O,3,0) -> 35605.91 | G22: 17835.42 | H22: =G22/F22-1 -> -0.49908821 | I22: =G22-F22 -> -17770.49 | J22: =VLOOKUP(B22,'תקציב '!$B:$S,5,0)*1 -> 11714.9 | K22: =G22/J22-1 -> 0.52245602 | L22: =G22-J22 -> 6120.52
A23: 204 - Sanaflex Anatomic GREECE | B23: Total - 204 - Sanaflex Anatomic GREECE | C23: SANAFLEX ANATOMIC | D23: GREECE | E23: =VLOOKUP(A23,'2024'!$A:$O,3,0) -> 0 | F23: =VLOOKUP($A23,'2025'!$A:$O,3,0) -> 85563.25 | H23: =G23/F23-1 -> -1 | I23: =G23-F23 -> -85563.25 | J23: =VLOOKUP(B23,'תקציב '!$B:$S,5,0)*1 -> 0 | K23: =G23/J23-1 -> #DIV/0! | L23: =G23-J23 -> 0
A24: 205 - Health Care Prod. Gmbh GERMANY | B24: Total - 205 - Health Care Prod. Gmbh GERMANY | C24: HEALTH CARE PROD. GMBH | D24: GERMANY | E24: =VLOOKUP(A24,'2024'!$A:$O,3,0) -> 0 | F24: =VLOOKUP($A24,'2025'!$A:$O,3,0) -> 16335.18 | H24: =G24/F24-1 -> -1 | I24: =G24-F24 -> -16335.18 | J24: =VLOOKUP(B24,'תקציב '!$B:$S,5,0)*1 -> 0 | K24: =G24/J24-1 -> #DIV/0! | L24: =G24-J24 -> 0
A25: 206 - Orthomed Ltd BULGARIA | B25: Total - 206 - Orthomed Ltd BULGARIA | C25: ORTHOMED LTD | D25: BULGARIA | E25: =VLOOKUP(A25,'2024'!$A:$O,3,0) -> 0 | F25: =VLOOKUP($A25,'2025'!$A:$O,3,0) -> 0 | H25: =G25/F25-1 -> #DIV/0! | I25: =G25-F25 -> 0 | J25: =VLOOKUP(B25,'תקציב '!$B:$S,5,0)*1 -> 0 | K25: =G25/J25-1 -> #DIV/0! | L25: =G25-J25 -> 0
A26: 207 - Salus HUNGARY | B26: Total - 207 - Salus HUNGARY | C26: SALUS | D26: HUNGARY | E26: =VLOOKUP(A26,'2024'!$A:$O,3,0) -> 0 | F26: =VLOOKUP($A26,'2025'!$A:$O,3,0) -> 0 | H26: =G26/F26-1 -> #DIV/0! | I26: =G26-F26 -> 0 | J26: =VLOOKUP(B26,'תקציב '!$B:$S,5,0)*1 -> 0 | K26: =G26/J26-1 -> #DIV/0! | L26: =G26-J26 -> 0
A27: 216 - Max Konnaris CYPRUS | B27: Total - 216 - Max Konnaris CYPRUS | C27: MAX KONNARIS LTD | D27: CYPRUS | E27: =VLOOKUP(A27,'2024'!$A:$O,3,0) -> 23907.35 | F27: =VLOOKUP($A27,'2025'!$A:$O,3,0) -> 0 | G27: 42152.31 | H27: =G27/F27-1 -> #DIV/0! | I27: =G27-F27 -> 42152.31 | J27: =VLOOKUP(B27,'תקציב '!$B:$S,5,0)*1 -> 40000 | K27: =G27/J27-1 -> 0.05380775 | L27: =G27-J27 -> 2152.31
A28: 208 - Medipal Company NABLUS | B28: Total - 208 - Medipal Company NABLUS | C28: MEDIPAL COMPANY | D28: NABLUS | E28: =VLOOKUP(A28,'2024'!$A:$O,3,0) -> 0 | F28: =VLOOKUP($A28,'2025'!$A:$O,3,0) -> 0 | H28: =G28/F28-1 -> #DIV/0! | I28: =G28-F28 -> 0 | J28: =VLOOKUP(B28,'תקציב '!$B:$S,5,0)*1 -> 0 | K28: =G28/J28-1 -> #DIV/0! | L28: =G28-J28 -> 0
A29: 209 - Ortoprofil Prod ROMANIA | B29: Total - 209 - Ortoprofil Prod ROMANIA | C29: ORTOPROFIL PROD. ROMANIA | D29: ROMANIA | E29: =VLOOKUP(A29,'2024'!$A:$O,3,0) -> 49906.61 | F29: =VLOOKUP($A29,'2025'!$A:$O,3,0) -> 49474.45 | G29: 24695.01 | H29: =G29/F29-1 -> -0.50085327 | I29: =G29-F29 -> -24779.44 | J29: =VLOOKUP(B29,'תקציב '!$B:$S,5,0)*1 -> 24919.5 | K29: =G29/J29-1 -> -0.0090086077 | L29: =G29-J29 -> -224.49
A30: 210 - Oy. Ea. Ab. FINLAND | B30: Total - 210 - Oy. Ea. Ab. FINLAND | C30: OY. EA. AB. | D30: FINLAND | E30: =VLOOKUP(A30,'2024'!$A:$O,3,0) -> 0 | F30: =VLOOKUP($A30,'2025'!$A:$O,3,0) -> 0 | H30: =G30/F30-1 -> #DIV/0! | I30: =G30-F30 -> 0 | J30: =VLOOKUP(B30,'תקציב '!$B:$S,5,0)*1 -> 0 | K30: =G30/J30-1 -> #DIV/0! | L30: =G30-J30 -> 0
A31: 201- Seven Gear FINLAND oy | B31: Total - 201- Seven Gear FINLAND oy | C31: SEVEN GEAR | D31: FINLAND | E31: =VLOOKUP(A31,'2024'!$A:$O,3,0) -> 0 | F31: =VLOOKUP($A31,'2025'!$A:$O,3,0) -> 0 | H31: =G31/F31-1 -> #DIV/0! | I31: =G31-F31 -> 0 | J31: =VLOOKUP(B31,'תקציב '!$B:$S,5,0)*1 -> 0 | K31: =G31/J31-1 -> #DIV/0! | L31: =G31-J31 -> 0
A32: 211 - Pharmag Lachmair Ges. Mbh AUSTRIA | B32: 211 - Pharmag Lachmair Ges. Mbh AUSTRIA | C32: PHARMAG LACHMAIR GES. MBH | D32: AUSTRIA | E32: =VLOOKUP(A32,'2024'!$A:$O,3,0) -> 0 | F32: =VLOOKUP($A32,'2025'!$A:$O,3,0) -> 0 | H32: =G32/F32-1 -> #DIV/0! | I32: =G32-F32 -> 0 | J32: =VLOOKUP(B32,'תקציב '!$B:$S,5,0)*1 -> 0 | K32: =G32/J32-1 -> #DIV/0! | L32: =G32-J32 -> 0
C33: REMEDICARE B.V. | D33: HOLLAND | H33: =G33/F33-1 -> #DIV/0! | I33: =G33-F33 -> 0 | K33: =G33/J33-1 -> #DIV/0! | L33: =G33-J33 -> 0
A34: 213 - E.f.m.o. SPAIN | B34: Total - 213 - E.f.m.o. SPAIN | C34: E.F.M.O. | D34: SPAIN | E34: =VLOOKUP(A34,'2024'!$A:$O,3,0) -> 19941.82 | F34: =VLOOKUP($A34,'2025'!$A:$O,3,0) -> 1584.32 | H34: =G34/F34-1 -> -1 | I34: =G34-F34 -> -1584.32 | J34: =VLOOKUP(B34,'תקציב '!$B:$S,5,0)*1 -> 0 | K34: =G34/J34-1 -> #DIV/0! | L34: =G34-J34 -> 0
A35: 214 - Alfred Gera& Sons Ltd. MALTA | B35: Total - 214 - Alfred Gera& Sons Ltd. MALTA | C35: ALFRED GERA | D35: MALTA | E35: =VLOOKUP(A35,'2024'!$A:$O,3,0) -> 34034.18 | F35: =VLOOKUP($A35,'2025'!$A:$O,3,0) -> 0 | H35: =G35/F35-1 -> #DIV/0! | I35: =G35-F35 -> 0 | J35: =VLOOKUP(B35,'תקציב '!$B:$S,5,0)*1 -> 0 | K35: =G35/J35-1 -> #DIV/0! | L35: =G35-J35 -> 0
A36: 212 - Quadrifoglio Medical ROMANIA | B36: 212 - Quadrifoglio Medical ROMANIA | C36: QUADRIFOGLIO MEDICAL | D36: ROMANIA | E36: =VLOOKUP(A36,'2024'!$A:$O,3,0) -> 0 | F36: =VLOOKUP($A36,'2025'!$A:$O,3,0) -> 0 | H36: =G36/F36-1 -> #DIV/0! | I36: =G36-F36 -> 0 | K36: =G36/J36-1 -> #DIV/0! | L36: =G36-J36 -> 0
A37: 215 - Young In Healthcare Co. SOUTH KOREA | B37: 215 - Young In Healthcare Co. SOUTH KOREA | C37: YOUNG IN HEALTHCARE CO., | D37: KOREA | E37: =VLOOKUP(A37,'2024'!$A:$O,3,0) -> 0 | F37: =VLOOKUP($A37,'2025'!$A:$O,3,0) -> 0 | H37: =G37/F37-1 -> #DIV/0! | I37: =G37-F37 -> 0 | K37: =G37/J37-1 -> #DIV/0! | L37: =G37-J37 -> 0
A38: 200 - ROW : 217 - N3W FOODS USA | B38: 200 - ROW : 217 - N3W FOODS USA | C38: HANS | D38: USA | E38: =VLOOKUP(A38,'2024'!$A:$O,3,0) -> 0 | F38: =VLOOKUP($A38,'2025'!$A:$O,3,0) -> 0 | H38: =G38/F38-1 -> #DIV/0! | I38: =G38-F38 -> 0 | K38: =G38/J38-1 -> #DIV/0! | L38: =G38-J38 -> 0
B39: NEW DISTRIBUTORS | C39: NEW DISTRIBUTORS | H39: =G39/F39-1 -> #DIV/0! | I39: =G39-F39 -> 0 | J39: =VLOOKUP(B39,'תקציב '!$B:$S,5,0)*1 -> 0 | K39: =G39/J39-1 -> #DIV/0! | L39: =G39-J39 -> 0
B40: סה"כ חו"ל | E40: =SUM(E20:E39) -> 835589.75 | F40: =SUM(F20:F39) -> 589959.14 | G40: =SUM(G20:G39) -> 416070.14 | H40: =G40/F40-1 -> -0.29474753 | I40: =SUM(I20:I39) -> -173889 | J40: =SUM(J20:J39) -> 624144.32 | K40: =G40/J40-1 -> -0.33337511 | L40: =SUM(L20:L39) -> -208074.18
B41: סה"כ מכירות | E41: =E40+E19 -> 2476658.9 | F41: =F40+F19 -> 2075819.5 | G41: =G40+G19 -> 2167853.2 | H41: =G41/F41-1 -> 0.044336101 | I41: =I40+I19 -> 92033.742 | J41: =J40+J19 -> 2671041 | K41: =G41/J41-1 -> -0.18838637 | L41: =L40+L19 -> -503187.72
B42: אחוז מכירות חו"ל מסה"כ מכירות | E42: =E40/E41 -> 0.33738588 | F42: =F40/F41 -> 0.28420542 | G42: =G40/G41 -> 0.19192726 | J42: =J41-'תקציב '!F41*1 -> 0
E43: =E41-'2024'!C38 -> 0

Sheet מצטבר פברואר
B1: דוח מכירות מצטבר פברואר 2026
D2: ארץ | E2: 1-2.2024 | F2: 1-2.2025 | G2: 1-2.2026 | H2: אחוז מול 2025 | I2: כספי מול 2025 | J2: תקציב | K2: % מול תקציב | L2: ₪ מול תקציב
A3: 111 - Superpharm Life | B3: סופר פארם לייף | C3: סופר פארם לייף | D3: ISRAEL | E3: =ינואר!E3+פברואר!E3 -> 346988.66 | F3: =ינואר!F3+פברואר!F3 -> 291637.7 | G3: =ינואר!G3+פברואר!G3 -> 427456.2 | H3: =G3/F3-1 -> 0.46570968 | I3: =G3-F3 -> 135818.5 | J3: =ינואר!J3+פברואר!J3 -> 344920.63 | K3: =G3/J3-1 -> 0.23928857 | L3: =G3-J3 -> 82535.565
A4: סופרפארם | B4: סופרפארם | C4: סופרפארם | D4: ISRAEL | E4: =ינואר!E4+פברואר!E4 -> 874720.39 | F4: =ינואר!F4+פברואר!F4 -> 1077707.5 | G4: =ינואר!G4+פברואר!G4 -> 893640.29 | H4: =G4/F4-1 -> -0.17079518 | I4: =G4-F4 -> -184067.25 | J4: =ינואר!J4+פברואר!J4 -> 1069301.6 | K4: =G4/J4-1 -> -0.16427666 | L4: =G4-J4 -> -175661.29
A5: BE | B5: BE | C5: BE | D5: ISRAEL | E5: =ינואר!E5+פברואר!E5 -> 145758.61 | F5: =ינואר!F5+פברואר!F5 -> 120452.15 | G5: =ינואר!G5+פברואר!G5 -> 136033.08 | H5: =G5/F5-1 -> 0.12935368 | I5: =G5-F5 -> 15580.929 | J5: =ינואר!J5+פברואר!J5 -> 146428.57 | K5: =G5/J5-1 -> -0.070993607 | L5: =G5-J5 -> -10395.492
A6: בתי מרקחת | B6: בתי מרקחת | C6: בתי מרקחת | D6: ISRAEL | E6: =ינואר!E6+פברואר!E6 -> 328166.53 | F6: =ינואר!F6+פברואר!F6 -> 269570.2 | G6: =ינואר!G6+פברואר!G6 -> 332892.03 | H6: =G6/F6-1 -> 0.2348992 | I6: =G6-F6 -> 63321.826 | J6: =ינואר!J6+פברואר!J6 -> 309126.98 | K6: =G6/J6-1 -> 0.07687794 | L6: =G6-J6 -> 23765.046
A7: 112 - Kupat Holim Clalit | B7: כללית | C7: כללית | D7: ISRAEL | E7: =ינואר!E7+פברואר!E7 -> 800096 | F7: =ינואר!F7+פברואר!F7 -> 698202 | G7: =ינואר!G7+פברואר!G7 -> 619233.55 | H7: =G7/F7-1 -> -0.11310258 | I7: =G7-F7 -> -78968.45 | J7: =ינואר!J7+פברואר!J7 -> 730000 | K7: =G7/J7-1 -> -0.15173486 | L7: =G7-J7 -> -110766.45
A8: 113 - Kupat Holim Meuhedet | B8: מאוחדת | C8: מאוחדת | D8: ISRAEL | E8: =ינואר!E8+פברואר!E8 -> 166341 | F8: =ינואר!F8+פברואר!F8 -> 139980.78 | G8: =ינואר!G8+פברואר!G8 -> 119640.42 | H8: =G8/F8-1 -> -0.14530823 | I8: =G8-F8 -> -20340.36 | J8: =ינואר!J8+פברואר!J8 -> 192698.41 | K8: =G8/J8-1 -> -0.37913126 | L8: =G8-J8 -> -73057.993
A9: 102 - Orthopedic institutes | B9: מכוני אורטופדיה | C9: מכוני אורטופדיה | D9: ISRAEL | E9: =ינואר!E9+פברואר!E9 -> 177719.3 | F9: =ינואר!F9+פברואר!F9 -> 119011.41 | G9: =ינואר!G9+פברואר!G9 -> 167900.26 | H9: =G9/F9-1 -> 0.41079128 | I9: =G9-F9 -> 48888.85 | J9: =ינואר!J9+פברואר!J9 -> 282662.7 | K9: =G9/J9-1 -> -0.40600489 | L9: =G9-J9 -> -114762.44
A10: 101 - Factory customers | B10: לקוחות מפעל | C10: לקוחות מפעל | D10: ISRAEL | E10: =ינואר!E10+פברואר!E10 -> 27010.61 | F10: =ינואר!F10+פברואר!F10 -> 33992.62 | G10: =ינואר!G10+פברואר!G10 -> 29441.75 | H10: =G10/F10-1 -> -0.13387818 | I10: =G10-F10 -> -4550.87 | J10: =ינואר!J10+פברואר!J10 -> 30912.698 | K10: =G10/J10-1 -> -0.047583954 | L10: =G10-J10 -> -1470.9484
A11: 109 - Private Shops | B11: חנויות פרטיות | C11: חנויות פרטיות | D11: ISRAEL | E11: =ינואר!E11+פברואר!E11 -> 5667.68 | F11: =ינואר!F11+פברואר!F11 -> 10071.31 | G11: =ינואר!G11+פברואר!G11 -> 9213.72 | H11: =G11/F11-1 -> -0.085151783 | I11: =G11-F11 -> -857.59 | J11: =ינואר!J11+פברואר!J11 -> 14269.841 | K11: =G11/J11-1 -> -0.35432218 | L11: =G11-J11 -> -5056.1213
A12: 105 - Pedicure Salons | B12: מכוני פדיקור | C12: מכוני פדיקור | D12: ISRAEL | E12: =ינואר!E12+פברואר!E12 -> 0 | F12: =ינואר!F12+פברואר!F12 -> 1732.3 | G12: =ינואר!G12+פברואר!G12 -> 810.6 | H12: =G12/F12-1 -> -0.53206719 | I12: =G12-F12 -> -921.7 | J12: =ינואר!J12+פברואר!J12 -> 0 | L12: =G12-J12 -> 810.6
A13: 104 - Sports Shop | B13: חנויות נעליים | C13: חנויות נעליים | D13: ISRAEL | E13: =ינואר!E13+פברואר!E13 -> 0 | F13: =ינואר!F13+פברואר!F13 -> 0 | G13: =ינואר!G13+פברואר!G13 -> 0 | H13: =G13/F13-1 -> #DIV/0! | I13: =G13-F13 -> 0 | J13: =ינואר!J13+פברואר!J13 -> 0 | K13: =G13/J13-1 -> #DIV/0! | L13: =G13-J13 -> 0
A14: 106 - Hospitals | B14: בתי חולים ושרות | C14: בתי חולים ושרות | D14: ISRAEL | E14: =ינואר!E14+פברואר!E14 -> 0 | F14: =ינואר!F14+פברואר!F14 -> 11067.51 | G14: =ינואר!G14+פברואר!G14 -> 3470.98 | H14: =G14/F14-1 -> -0.68638113 | I14: =G14-F14 -> -7596.53 | J14: =ינואר!J14+פברואר!J14 -> 0 | L14: =G14-J14 -> 3470.98
A15: 103 - Physiotherapy institutes | B15: מכוני פיזיותרפיה | C15: מכוני פיזיותרפיה | D15: ISRAEL | E15: =ינואר!E15+פברואר!E15 -> 12728.48 | F15: =ינואר!F15+פברואר!F15 -> 27715.47 | G15: =ינואר!G15+פברואר!G15 -> 26737.64 | H15: =G15/F15-1 -> -0.035281018 | I15: =G15-F15 -> -977.83 | J15: =ינואר!J15+פברואר!J15 -> 32539.683 | K15: =G15/J15-1 -> -0.17830667 | L15: =G15-J15 -> -5802.0425
B16: סה"כ ישראל ללא אונליין | E16: =SUM(E3:E15) -> 2885197.3 | F16: =SUM(F3:F15) -> 2801141 | G16: =SUM(G3:G15) -> 2766470.5 | H16: =G16/F16-1 -> -0.01237727 | I16: =SUM(I3:I15) -> -34670.478 | J16: =SUM(J3:J15) -> 3152861.1 | K16: =G16/J16-1 -> -0.12255237 | L16: =SUM(L3:L15) -> -386390.59
A17: 114 - IL online | B17: לקוחות אינטרנט | C17: לקוחות אינטרנט | D17: ISRAEL | E17: =ינואר!E17+פברואר!E17 -> 83293.46 | F17: =ינואר!F17+פברואר!F17 -> 190219.35 | G17: =ינואר!G17+פברואר!G17 -> 448785.32 | H17: =G17/F17-1 -> 1.3593042 | I17: =G17-F17 -> 258565.97 | J17: =ינואר!J17+פברואר!J17 -> 741525.42 | K17: =G17/J17-1 -> -0.39478094 | L17: =G17-J17 -> -292740.1
A18: 115-SuperPharm Online | B18: סופר פארם מרקט פלייס | C18: סופר פארם מרקט פלייס | D18: ISRAEL | E18: =ינואר!E18+פברואר!E18 -> 4110.54 | F18: =ינואר!F18+פברואר!F18 -> 5221.12 | G18: =ינואר!G18+פברואר!G18 -> 3021.4 | H18: =G18/F18-1 -> -0.4213119 | I18: =G18-F18 -> -2199.72 | J18: =ינואר!J18+פברואר!J18 -> 5073.8567 | K18: =G18/J18-1 -> -0.40451609 | L18: =G18-J18 -> -2052.4567
B19: סה"כ ישראל | E19: =E16+E17+E18 -> 2972601.3 | F19: =F16+F17+F18 -> 2996581.5 | G19: =G16+G17+G18 -> 3218277.2 | H19: =G19/F19-1 -> 0.073982895 | I19: =I16+I17+I18 -> 221695.77 | J19: =J16+J17+J18 -> 3899460.4 | K19: =G19/J19-1 -> -0.17468652 | L19: =L16+L17+L18 -> -681183.15
A20: 301 - Amazon | B20: Total - 301 - Amazon | C20: AMAZON | D20: USA | E20: =ינואר!E20+פברואר!E20 -> 769502.56 | F20: =ינואר!F20+פברואר!F20 -> 375709.11 | G20: =ינואר!G20+פברואר!G20 -> 372215.89 | H20: =G20/F20-1 -> -0.0092976718 | I20: =G20-F20 -> -3493.22 | J20: =ינואר!J20+פברואר!J20 -> 584585.03 | K20: =G20/J20-1 -> -0.36328187 | L20: =G20-J20 -> -212369.14
A21: 202 - Super-Pharm POLAND | B21: Total - 202 - Super-Pharm POLAND | C21: SUPER PHARM POLAND | D21: POLAND | E21: =ינואר!E21+פברואר!E21 -> 256045.17 | F21: =ינואר!F21+פברואר!F21 -> 213082.56 | G21: =ינואר!G21+פברואר!G21 -> 137198.2 | H21: =G21/F21-1 -> -0.35612656 | I21: =G21-F21 -> -75884.36 | J21: =ינואר!J21+פברואר!J21 -> 235200 | K21: =G21/J21-1 -> -0.41667432 | L21: =G21-J21 -> -98001.8
A22: 203 - Ortho- Partner ag SWITZERLAND | B22: Total - 203 - Ortho- Partner ag SWITZERLAND | C22: ORTHO- PARTNER AG. | D22: SWITZERLAND | E22: =ינואר!E22+פברואר!E22 -> 123135.33 | F22: =ינואר!F22+פברואר!F22 -> 54123.52 | G22: =ינואר!G22+פברואר!G22 -> 142730.79 | H22: =G22/F22-1 -> 1.6371306 | I22: =G22-F22 -> 88607.27 | J22: =ינואר!J22+פברואר!J22 -> 136610.27 | K22: =G22/J22-1 -> 0.044802781 | L22: =G22-J22 -> 6120.52
A23: 204 - Sanaflex Anatomic GREECE | B23: Total - 204 - Sanaflex Anatomic GREECE | C23: SANAFLEX ANATOMIC | D23: GREECE | E23: =ינואר!E23+פברואר!E23 -> 68604.55 | F23: =ינואר!F23+פברואר!F23 -> 85563.25 | G23: =ינואר!G23+פברואר!G23 -> 67158.97 | H23: =G23/F23-1 -> -0.21509562 | I23: =G23-F23 -> -18404.28 | J23: =ינואר!J23+פברואר!J23 -> 67158.97 | K23: =G23/J23-1 -> 0 | L23: =G23-J23 -> 0
A24: 205 - Health Care Prod. Gmbh GERMANY | B24: Total - 205 - Health Care Prod. Gmbh GERMANY | C24: HEALTH CARE PROD. GMBH | D24: GERMANY | E24: =ינואר!E24+פברואר!E24 -> 15923.68 | F24: =ינואר!F24+פברואר!F24 -> 16335.18 | G24: =ינואר!G24+פברואר!G24 -> 15774.92 | H24: =G24/F24-1 -> -0.034297755 | I24: =G24-F24 -> -560.26 | J24: =ינואר!J24+פברואר!J24 -> 15774.92 | K24: =G24/J24-1 -> 0 | L24: =G24-J24 -> 0
A25: 206 - Orthomed Ltd BULGARIA | B25: Total - 206 - Orthomed Ltd BULGARIA | C25: ORTHOMED LTD | D25: BULGARIA | E25: =ינואר!E25+פברואר!E25 -> 50777.76 | F25: =ינואר!F25+פברואר!F25 -> 0 | G25: =ינואר!G25+פברואר!G25 -> 0 | H25: =G25/F25-1 -> #DIV/0! | I25: =G25-F25 -> 0 | J25: =ינואר!J25+פברואר!J25 -> 0 | K25: =G25/J25-1 -> #DIV/0! | L25: =G25-J25 -> 0
A26: 207 - Salus HUNGARY | B26: Total - 207 - Salus HUNGARY | C26: SALUS | D26: HUNGARY | E26: =ינואר!E26+פברואר!E26 -> 249206.12 | F26: =ינואר!F26+פברואר!F26 -> 0 | G26: =ינואר!G26+פברואר!G26 -> -1269.06 | H26: =G26/F26-1 -> #DIV/0! | I26: =G26-F26 -> -1269.06 | J26: =ינואר!J26+פברואר!J26 -> 0 | K26: =G26/J26-1 -> #DIV/0! | L26: =G26-J26 -> -1269.06
A27: 216 - Max Konnaris CYPRUS | B27: Total - 216 - Max Konnaris CYPRUS | C27: MAX KONNARIS LTD | D27: CYPRUS | E27: =ינואר!E27+פברואר!E27 -> 23907.35 | F27: =ינואר!F27+פברואר!F27 -> 0 | G27: =ינואר!G27+פברואר!G27 -> 42152.31 | H27: =G27/F27-1 -> #DIV/0! | I27: =G27-F27 -> 42152.31 | J27: =ינואר!J27+פברואר!J27 -> 40000 | K27: =G27/J27-1 -> 0.05380775 | L27: =G27-J27 -> 2152.31
A28: 208 - Medipal Company NABLUS | B28: Total - 208 - Medipal Company NABLUS | C28: MEDIPAL COMPANY | D28: NABLUS | E28: =ינואר!E28+פברואר!E28 -> 0 | F28: =ינואר!F28+פברואר!F28 -> 0 | G28: =ינואר!G28+פברואר!G28 -> 0 | H28: =G28/F28-1 -> #DIV/0! | I28: =G28-F28 -> 0 | J28: =ינואר!J28+פברואר!J28 -> 0 | K28: =G28/J28-1 -> #DIV/0! | L28: =G28-J28 -> 0
A29: 209 - Ortoprofil Prod ROMANIA | B29: Total - 209 - Ortoprofil Prod ROMANIA | C29: ORTOPROFIL PROD. ROMANIA | D29: ROMANIA | E29: =ינואר!E29+פברואר!E29 -> 49906.61 | F29: =ינואר!F29+פברואר!F29 -> 49474.45 | G29: =ינואר!G29+פברואר!G29 -> 52124.75 | H29: =G29/F29-1 -> 0.053569064 | I29: =G29-F29 -> 2650.3 | J29: =ינואר!J29+פברואר!J29 -> 52349.24 | K29: =G29/J29-1 -> -0.0042883144 | L29: =G29-J29 -> -224.49
A30: 210 - Oy. Ea. Ab. FINLAND | B30: Total - 210 - Oy. Ea. Ab. FINLAND | C30: OY. EA. AB. | D30: FINLAND | E30: =ינואר!E30+פברואר!E30 -> 0 | F30: =ינואר!F30+פברואר!F30 -> 0 | G30: =ינואר!G30+פברואר!G30 -> 0 | H30: =G30/F30-1 -> #DIV/0! | I30: =G30-F30 -> 0 | J30: =ינואר!J30+פברואר!J30 -> 0 | K30: =G30/J30-1 -> #DIV/0! | L30: =G30-J30 -> 0
A31: 201- Seven Gear FINLAND oy | B31: Total - 201- Seven Gear FINLAND oy | C31: SEVEN GEAR | D31: FINLAND | E31: =ינואר!E31+פברואר!E31 -> 0 | F31: =ינואר!F31+פברואר!F31 -> 19897.57 | G31: =ינואר!G31+פברואר!G31 -> 0 | H31: =G31/F31-1 -> -1 | I31: =G31-F31 -> -19897.57 | J31: =ינואר!J31+פברואר!J31 -> 0 | K31: =G31/J31-1 -> #DIV/0! | L31: =G31-J31 -> 0
A32: 211 - Pharmag Lachmair Ges. Mbh AUSTRIA | B32: 211 - Pharmag Lachmair Ges. Mbh AUSTRIA | C32: PHARMAG LACHMAIR GES. MBH | D32: AUSTRIA | E32: =ינואר!E32+פברואר!E32 -> 0 | F32: =ינואר!F32+פברואר!F32 -> 0 | G32: =ינואר!G32+פברואר!G32 -> 0 | H32: =G32/F32-1 -> #DIV/0! | I32: =G32-F32 -> 0 | J32: =ינואר!J32+פברואר!J32 -> 0 | K32: =G32/J32-1 -> #DIV/0! | L32: =G32-J32 -> 0
C33: REMEDICARE B.V. | D33: HOLLAND | E33: =ינואר!E33+פברואר!E33 -> 0 | F33: =ינואר!F33+פברואר!F33 -> 0 | G33: =ינואר!G33+פברואר!G33 -> 0 | H33: =G33/F33-1 -> #DIV/0! | I33: =G33-F33 -> 0 | J33: =ינואר!J33+פברואר!J33 -> 0 | K33: =G33/J33-1 -> #DIV/0! | L33: =G33-J33 -> 0
A34: 213 - E.f.m.o. SPAIN | B34: Total - 213 - E.f.m.o. SPAIN | C34: E.F.M.O. | D34: SPAIN | E34: =ינואר!E34+פברואר!E34 -> 40674.3 | F34: =ינואר!F34+פברואר!F34 -> 20695.69 | G34: =ינואר!G34+פברואר!G34 -> 18792.66 | H34: =G34/F34-1 -> -0.091952962 | I34: =G34-F34 -> -1903.03 | J34: =ינואר!J34+פברואר!J34 -> 18792.66 | K34: =G34/J34-1 -> 0 | L34: =G34-J34 -> 0
A35: 214 - Alfred Gera& Sons Ltd. MALTA | B35: Total - 214 - Alfred Gera& Sons Ltd. MALTA | C35: ALFRED GERA | D35: MALTA | E35: =ינואר!E35+פברואר!E35 -> 34034.18 | F35: =ינואר!F35+פברואר!F35 -> 0 | G35: =ינואר!G35+פברואר!G35 -> 0 | H35: =G35/F35-1 -> #DIV/0! | I35: =G35-F35 -> 0 | J35: =ינואר!J35+פברואר!J35 -> 0 | K35: =G35/J35-1 -> #DIV/0! | L35: =G35-J35 -> 0
A36: 212 - Quadrifoglio Medical ROMANIA | B36: 212 - Quadrifoglio Medical ROMANIA | C36: QUADRIFOGLIO MEDICAL | D36: ROMANIA | E36: =ינואר!E36+פברואר!E36 -> 0 | F36: =ינואר!F36+פברואר!F36 -> 0 | G36: =ינואר!G36+פברואר!G36 -> 0 | H36: =G36/F36-1 -> #DIV/0! | I36: =G36-F36 -> 0 | J36: =ינואר!J36+פברואר!J36 -> 0 | K36: =G36/J36-1 -> #DIV/0! | L36: =G36-J36 -> 0
A37: 215 - Young In Healthcare Co. SOUTH KOREA | B37: 215 - Young In Healthcare Co. SOUTH KOREA | C37: YOUNG IN HEALTHCARE CO., | D37: KOREA | E37: =ינואר!E37+פברואר!E37 -> 0 | F37: =ינואר!F37+פברואר!F37 -> 0 | G37: =ינואר!G37+פברואר!G37 -> 0 | H37: =G37/F37-1 -> #DIV/0! | I37: =G37-F37 -> 0 | J37: =ינואר!J37+פברואר!J37 -> 0 | K37: =G37/J37-1 -> #DIV/0! | L37: =G37-J37 -> 0
A38: 200 - ROW : 217 - N3W FOODS USA | B38: 200 - ROW : 217 - N3W FOODS USA | C38: HANS | D38: USA | E38: =ינואר!E38+פברואר!E38 -> 0 | F38: =ינואר!F38+פברואר!F38 -> 0 | G38: =ינואר!G38+פברואר!G38 -> 0 | H38: =G38/F38-1 -> #DIV/0! | I38: =G38-F38 -> 0 | J38: =ינואר!J38+פברואר!J38 -> 0 | K38: =G38/J38-1 -> #DIV/0! | L38: =G38-J38 -> 0
B39: NEW DISTRIBUTORS | C39: NEW DISTRIBUTORS | E39: =ינואר!E39+פברואר!E39 -> 0 | F39: =ינואר!F39+פברואר!F39 -> 0 | G39: =ינואר!G39+פברואר!G39 -> 0 | H39: =G39/F39-1 -> #DIV/0! | I39: =G39-F39 -> 0 | J39: =ינואר!J39+פברואר!J39 -> 0 | K39: =G39/J39-1 -> #DIV/0! | L39: =G39-J39 -> 0
B40: סה"כ חו"ל | E40: =SUM(E20:E39) -> 1681717.6 | F40: =SUM(F20:F39) -> 834881.33 | G40: =SUM(G20:G39) -> 846879.43 | H40: =G40/F40-1 -> 0.014371024 | I40: =SUM(I20:I39) -> 11998.1 | J40: =SUM(J20:J39) -> 1150471.1 | K40: =G40/J40-1 -> -0.26388465 | L40: =SUM(L20:L39) -> -303591.66
B41: סה"כ מכירות | E41: =E40+E19 -> 4654318.9 | F41: =F40+F19 -> 3831462.8 | G41: =G40+G19 -> 4065156.7 | H41: =G41/F41-1 -> 0.060993381 | I41: =I40+I19 -> 233693.87 | J41: =J40+J19 -> 5049931.5 | K41: =G41/J41-1 -> -0.19500756 | L41: =L40+L19 -> -984774.81
B42: אחוז מכירות חו"ל מסה"כ מכירות | E42: =E40/E41 -> 0.36132411 | F42: =F40/F41 -> 0.21790146 | G42: =G40/G41 -> 0.20832639 | J42: =J40-ינואר!J40-פברואר!J40 -> 0
E43: =E41-ינואר!E41-פברואר!E41 -> 0

Sheet מרץ
B1: דוח מכירות מרץ 2026
D2: ארץ | E2: 3.2024 | F2: 3.2025 | G2: 3.2026 | H2: אחוז מול 2025 | I2: כספי מול 2025 | J2: תקציב | K2: % מול תקציב | L2: ₪ מול תקציב
A3: 111 - Superpharm Life | B3: סופר פארם לייף | C3: סופר פארם לייף | D3: ISRAEL | E3: =VLOOKUP(A3,'2024'!$A:$O,4,0) -> 0 | F3: =VLOOKUP($A3,'2025'!$A:$O,4,0) -> 66608.1 | G3: 123280.14 | H3: =G3/F3-1 -> 0.85082805 | I3: =G3-F3 -> 56672.04 | J3: =VLOOKUP(B3,'תקציב '!$B:$S,6,0)*1 -> 193492.06 | K3: =G3/J3-1 -> -0.3628672 | L3: =G3-J3 -> -70211.923
A4: סופרפארם | B4: סופרפארם | C4: סופרפארם | D4: ISRAEL | E4: =VLOOKUP(B4,'2024'!$A:$O,4,0) -> 442108.94 | F4: =VLOOKUP($A4,'2025'!$A:$O,4,0) -> 437918.57 | G4: 418342.47 | H4: =G4/F4-1 -> -0.044702607 | I4: =G4-F4 -> -19576.102 | J4: =VLOOKUP(B4,'תקציב '!$B:$S,6,0)*1 -> 610730.16 | K4: =G4/J4-1 -> -0.31501259 | L4: =G4-J4 -> -192387.69
A5: BE | B5: BE | C5: BE | D5: ISRAEL | E5: =VLOOKUP(B5,'2024'!$A:$O,4,0) -> 98496.489 | F5: =VLOOKUP($A5,'2025'!$A:$O,4,0) -> 58257.29 | G5: 59847.151 | H5: =G5/F5-1 -> 0.027290336 | I5: =G5-F5 -> 1589.861 | J5: =VLOOKUP(B5,'תקציב '!$B:$S,6,0)*1 -> 82142.857 | K5: =G5/J5-1 -> -0.27142599 | L5: =G5-J5 -> -22295.706
A6: בתי מרקחת | B6: בתי מרקחת | C6: בתי מרקחת | D6: ISRAEL | E6: =VLOOKUP(B6,'2024'!$A:$O,4,0) -> 155174.62 | F6: =VLOOKUP($A6,'2025'!$A:$O,4,0) -> 153012.03 | G6: 122676.56 | H6: =G6/F6-1 -> -0.19825548 | I6: =G6-F6 -> -30335.473 | J6: =VLOOKUP(A6,'תקציב '!$B:$S,6,0)*1 -> 173412.7 | K6: =G6/J6-1 -> -0.29257455 | L6: =G6-J6 -> -50736.141
A7: 112 - Kupat Holim Clalit | B7: כללית | C7: כללית | D7: ISRAEL | E7: =VLOOKUP(A7,'2024'!$A:$O,4,0) -> 389673.5 | F7: =VLOOKUP($A7,'2025'!$A:$O,4,0) -> 376182 | G7: 244180.55 | H7: =G7/F7-1 -> -0.35089784 | I7: =G7-F7 -> -132001.45 | J7: =VLOOKUP(B7,'תקציב '!$B:$S,6,0)*1 -> 365000 | K7: =G7/J7-1 -> -0.33101219 | L7: =G7-J7 -> -120819.45
A8: 113 - Kupat Holim Meuhedet | B8: מאוחדת | C8: מאוחדת | D8: ISRAEL | E8: =VLOOKUP(A8,'2024'!$A:$O,4,0) -> 77394.37 | F8: =VLOOKUP($A8,'2025'!$A:$O,4,0) -> 74502.3 | G8: 55389.04 | H8: =G8/F8-1 -> -0.25654591 | I8: =G8-F8 -> -19113.26 | J8: =VLOOKUP(B8,'תקציב '!$B:$S,6,0)*1 -> 111269.84 | K8: =G8/J8-1 -> -0.50220977 | L8: =G8-J8 -> -55880.801
A9: 102 - Orthopedic institutes | B9: מכוני אורטופדיה | C9: מכוני אורטופדיה | D9: ISRAEL | E9: =VLOOKUP(A9,'2024'!$A:$O,4,0) -> 87247.96 | F9: =VLOOKUP($A9,'2025'!$A:$O,4,0) -> 65531.82 | G9: 48951.14 | H9: =G9/F9-1 -> -0.25301724 | I9: =G9-F9 -> -16580.68 | J9: =VLOOKUP(B9,'תקציב '!$B:$S,6,0)*1 -> 160591.27 | K9: =G9/J9-1 -> -0.69518181 | L9: =G9-J9 -> -111640.13
A10: 101 - Factory customers | B10: לקוחות מפעל | C10: לקוחות מפעל | D10: ISRAEL | E10: =VLOOKUP(A10,'2024'!$A:$O,4,0) -> 21528.06 | F10: =VLOOKUP($A10,'2025'!$A:$O,4,0) -> 21300.79 | G10: 6765.24 | H10: =G10/F10-1 -> -0.68239488 | I10: =G10-F10 -> -14535.55 | J10: =VLOOKUP(B10,'תקציב '!$B:$S,6,0)*1 -> 17341.27 | K10: =G10/J10-1 -> -0.60987632 | L10: =G10-J10 -> -10576.03
A11: 109 - Private Shops | B11: חנויות פרטיות | C11: חנויות פרטיות | D11: ISRAEL | E11: =VLOOKUP(A11,'2024'!$A:$O,4,0) -> 3573.08 | F11: =VLOOKUP($A11,'2025'!$A:$O,4,0) -> 11352.51 | G11: 3196.2 | H11: =G11/F11-1 -> -0.71845874 | I11: =G11-F11 -> -8156.31 | J11: =VLOOKUP(B11,'תקציב '!$B:$S,6,0)*1 -> 9126.9841 | K11: =G11/J11-1 -> -0.64980765 | L11: =G11-J11 -> -5930.7841
A12: 105 - Pedicure Salons | B12: מכוני פדיקור | C12: מכוני פדיקור | D12: ISRAEL | E12: =VLOOKUP(A12,'2024'!$A:$O,4,0) -> 0 | F12: =VLOOKUP($A12,'2025'!$A:$O,4,0) -> 0 | G12: 1106.56 | H12: =G12/F12-1 -> #DIV/0! | I12: =G12-F12 -> 1106.56 | J12: =VLOOKUP(B12,'תקציב '!$B:$S,6,0)*1 -> 0 | L12: =G12-J12 -> 1106.56
A13: 104 - Sports Shop | B13: חנויות נעליים | C13: חנויות נעליים | D13: ISRAEL | E13: =VLOOKUP(A13,'2024'!$A:$O,4,0) -> 0 | F13: =VLOOKUP($A13,'2025'!$A:$O,4,0) -> 0 | H13: =G13/F13-1 -> #DIV/0! | I13: =G13-F13 -> 0 | J13: =VLOOKUP(B13,'תקציב '!$B:$S,6,0)*1 -> 0 | K13: =G13/J13-1 -> #DIV/0! | L13: =G13-J13 -> 0
A14: 106 - Hospitals | B14: בתי חולים ושרות | C14: בתי חולים ושרות | D14: ISRAEL | E14: =VLOOKUP(A14,'2024'!$A:$O,4,0) -> 1275.21 | F14: =VLOOKUP($A14,'2025'!$A:$O,4,0) -> 0 | H14: =G14/F14-1 -> #DIV/0! | I14: =G14-F14 -> 0 | J14: =VLOOKUP(B14,'תקציב '!$B:$S,6,0)*1 -> 0 | L14: =G14-J14 -> 0
A15: 103 - Physiotherapy institutes | B15: מכוני פיזיותרפיה | C15: מכוני פיזיותרפיה | D15: ISRAEL | E15: =VLOOKUP(A15,'2024'!$A:$O,4,0) -> 7451.5 | F15: =VLOOKUP($A15,'2025'!$A:$O,4,0) -> 2138.43 | G15: 6672.87 | H15: =G15/F15-1 -> 2.1204529 | I15: =G15-F15 -> 4534.44 | J15: =VLOOKUP(B15,'תקציב '!$B:$S,6,0)*1 -> 18253.968 | K15: =G15/J15-1 -> -0.63444277 | L15: =G15-J15 -> -11581.098
B16: סה"כ ישראל ללא אונליין | E16: =SUM(E3:E15) -> 1283923.7 | F16: =SUM(F3:F15) -> 1266803.8 | G16: =SUM(G3:G15) -> 1090407.9 | H16: =G16/F16-1 -> -0.13924486 | I16: =SUM(I3:I15) -> -176395.92 | J16: =SUM(J3:J15) -> 1741361.1 | K16: =G16/J16-1 -> -0.37381861 | L16: =SUM(L3:L15) -> -650953.19
A17: 114 - IL online | B17: לקוחות אינטרנט | C17: לקוחות אינטרנט | D17: ISRAEL | E17: =VLOOKUP(A17,'2024'!$A:$O,4,0) -> 45122.89 | F17: =VLOOKUP($A17,'2025'!$A:$O,4,0) -> 98819.24 | G17: 409497.07 | H17: =G17/F17-1 -> 3.1439002 | I17: =G17-F17 -> 310677.83 | J17: =VLOOKUP(B17,'תקציב '!$B:$S,6,0)*1 -> 489406.78 | K17: =G17/J17-1 -> -0.16327871 | L17: =G17-J17 -> -79909.71
A18: 115-SuperPharm Online | B18: סופר פארם מרקט פלייס | C18: סופר פארם מרקט פלייס | D18: ISRAEL | E18: =VLOOKUP(A18,'2024'!$A:$O,4,0) -> 2233.52 | F18: =VLOOKUP($A18,'2025'!$A:$O,4,0) -> 3577.56 | G18: 2065.63 | H18: =G18/F18-1 -> -0.42261485 | I18: =G18-F18 -> -1511.93 | J18: =VLOOKUP(B18,'תקציב '!$B:$S,6,0)*1 -> 2536.9283 | K18: =G18/J18-1 -> -0.18577519 | L18: =G18-J18 -> -471.29833
B19: סה"כ ישראל | E19: =E16+E17+E18 -> 1331280.1 | F19: =F16+F17+F18 -> 1369200.6 | G19: =G16+G17+G18 -> 1501970.6 | H19: =G19/F19-1 -> 0.09696897 | I19: =I16+I17+I18 -> 132769.98 | J19: =J16+J17+J18 -> 2233304.8 | K19: =G19/J19-1 -> -0.32746726 | L19: =L16+L17+L18 -> -731334.2
A20: 301 - Amazon | B20: Total - 301 - Amazon | C20: AMAZON | D20: USA | E20: =VLOOKUP(A20,'2024'!$A:$O,4,0) -> 334336.04 | F20: =VLOOKUP($A20,'2025'!$A:$O,4,0) -> 239973.2 | G20: 213959.66 | H20: =G20/F20-1 -> -0.10840185 | I20: =G20-F20 -> -26013.54 | J20: =VLOOKUP(B20,'תקציב '!$B:$S,6,0)*1 -> 332824.44 | K20: =G20/J20-1 -> -0.35713959 | L20: =G20-J20 -> -118864.78
A21: 202 - Super-Pharm POLAND | B21: Total - 202 - Super-Pharm POLAND | C21: SUPER PHARM POLAND | D21: POLAND | E21: =VLOOKUP(A21,'2024'!$A:$O,4,0) -> 0 | F21: =VLOOKUP($A21,'2025'!$A:$O,4,0) -> 0 | H21: =G21/F21-1 -> #DIV/0! | I21: =G21-F21 -> 0 | J21: =VLOOKUP(B21,'תקציב '!$B:$S,6,0)*1 -> 0 | K21: =G21/J21-1 -> #DIV/0! | L21: =G21-J21 -> 0
A22: 203 - Ortho- Partner ag SWITZERLAND | B22: Total - 203 - Ortho- Partner ag SWITZERLAND | C22: ORTHO- PARTNER AG. | D22: SWITZERLAND | E22: =VLOOKUP(A22,'2024'!$A:$O,4,0) -> 11470.17 | F22: =VLOOKUP($A22,'2025'!$A:$O,4,0) -> 26449.51 | G22: 6418.64 | H22: =G22/F22-1 -> -0.7573248 | I22: =G22-F22 -> -20030.87 | J22: =VLOOKUP(B22,'תקציב '!$B:$S,6,0)*1 -> 15000 | K22: =G22/J22-1 -> -0.57209067 | L22: =G22-J22 -> -8581.36
A23: 204 - Sanaflex Anatomic GREECE | B23: Total - 204 - Sanaflex Anatomic GREECE | C23: SANAFLEX ANATOMIC | D23: GREECE | E23: =VLOOKUP(A23,'2024'!$A:$O,4,0) -> 84607.51 | F23: =VLOOKUP($A23,'2025'!$A:$O,4,0) -> 0 | H23: =G23/F23-1 -> #DIV/0! | I23: =G23-F23 -> 0 | J23: =VLOOKUP(B23,'תקציב '!$B:$S,6,0)*1 -> 95000 | K23: =G23/J23-1 -> -1 | L23: =G23-J23 -> -95000
A24: 205 - Health Care Prod. Gmbh GERMANY | B24: Total - 205 - Health Care Prod. Gmbh GERMANY | C24: HEALTH CARE PROD. GMBH | D24: GERMANY | E24: =VLOOKUP(A24,'2024'!$A:$O,4,0) -> 16377.13 | F24: =VLOOKUP($A24,'2025'!$A:$O,4,0) -> 13664.6 | G24: 29021.19 | H24: =G24/F24-1 -> 1.1238229 | I24: =G24-F24 -> 15356.59 | J24: =VLOOKUP(B24,'תקציב '!$B:$S,6,0)*1 -> 17000 | K24: =G24/J24-1 -> 0.70712882 | L24: =G24-J24 -> 12021.19
A25: 206 - Orthomed Ltd BULGARIA | B25: Total - 206 - Orthomed Ltd BULGARIA | C25: ORTHOMED LTD | D25: BULGARIA | E25: =VLOOKUP(A25,'2024'!$A:$O,4,0) -> 0 | F25: =VLOOKUP($A25,'2025'!$A:$O,4,0) -> 42132.93 | H25: =G25/F25-1 -> -1 | I25: =G25-F25 -> -42132.93 | J25: =VLOOKUP(B25,'תקציב '!$B:$S,6,0)*1 -> 5000 | K25: =G25/J25-1 -> -1 | L25: =G25-J25 -> -5000
A26: 207 - Salus HUNGARY | B26: Total - 207 - Salus HUNGARY | C26: SALUS | D26: HUNGARY | E26: =VLOOKUP(A26,'2024'!$A:$O,4,0) -> 0 | F26: =VLOOKUP($A26,'2025'!$A:$O,4,0) -> 0 | H26: =G26/F26-1 -> #DIV/0! | I26: =G26-F26 -> 0 | J26: =VLOOKUP(B26,'תקציב '!$B:$S,6,0)*1 -> 0 | K26: =G26/J26-1 -> #DIV/0! | L26: =G26-J26 -> 0
A27: 216 - Max Konnaris CYPRUS | B27: Total - 216 - Max Konnaris CYPRUS | C27: MAX KONNARIS LTD | D27: CYPRUS | E27: =VLOOKUP(A27,'2024'!$A:$O,4,0) -> 38588.13 | F27: =VLOOKUP($A27,'2025'!$A:$O,4,0) -> 0 | H27: =G27/F27-1 -> #DIV/0! | I27: =G27-F27 -> 0 | J27: =VLOOKUP(B27,'תקציב '!$B:$S,6,0)*1 -> 0 | K27: =G27/J27-1 -> #DIV/0! | L27: =G27-J27 -> 0
A28: 208 - Medipal Company NABLUS | B28: Total - 208 - Medipal Company NABLUS | C28: MEDIPAL COMPANY | D28: NABLUS | E28: =VLOOKUP(A28,'2024'!$A:$O,4,0) -> 171813.81 | F28: =VLOOKUP($A28,'2025'!$A:$O,4,0) -> 0.22 | H28: =G28/F28-1 -> -1 | I28: =G28-F28 -> -0.22 | J28: =VLOOKUP(B28,'תקציב '!$B:$S,6,0)*1 -> 0 | K28: =G28/J28-1 -> #DIV/0! | L28: =G28-J28 -> 0
A29: 209 - Ortoprofil Prod ROMANIA | B29: Total - 209 - Ortoprofil Prod ROMANIA | C29: ORTOPROFIL PROD. ROMANIA | D29: ROMANIA | E29: =VLOOKUP(A29,'2024'!$A:$O,4,0) -> 25514.68 | F29: =VLOOKUP($A29,'2025'!$A:$O,4,0) -> 43871.72 | H29: =G29/F29-1 -> -1 | I29: =G29-F29 -> -43871.72 | J29: =VLOOKUP(B29,'תקציב '!$B:$S,6,0)*1 -> 39765.076 | K29: =G29/J29-1 -> -1 | L29: =G29-J29 -> -39765.076
A30: 210 - Oy. Ea. Ab. FINLAND | B30: Total - 210 - Oy. Ea. Ab. FINLAND | C30: OY. EA. AB. | D30: FINLAND | E30: =VLOOKUP(A30,'2024'!$A:$O,4,0) -> 0 | F30: =VLOOKUP($A30,'2025'!$A:$O,4,0) -> 32010.18 | H30: =G30/F30-1 -> -1 | I30: =G30-F30 -> -32010.18 | J30: =VLOOKUP(B30,'תקציב '!$B:$S,6,0)*1 -> 0 | K30: =G30/J30-1 -> #DIV/0! | L30: =G30-J30 -> 0
A31: 201- Seven Gear FINLAND oy | B31: Total - 201- Seven Gear FINLAND oy | C31: SEVEN GEAR | D31: FINLAND | E31: =VLOOKUP(A31,'2024'!$A:$O,4,0) -> 0 | F31: =VLOOKUP($A31,'2025'!$A:$O,4,0) -> 0 | H31: =G31/F31-1 -> #DIV/0! | I31: =G31-F31 -> 0 | J31: =VLOOKUP(B31,'תקציב '!$B:$S,6,0)*1 -> 20000 | K31: =G31/J31-1 -> -1 | L31: =G31-J31 -> -20000
A32: 211 - Pharmag Lachmair Ges. Mbh AUSTRIA | B32: 211 - Pharmag Lachmair Ges. Mbh AUSTRIA | C32: PHARMAG LACHMAIR GES. MBH | D32: AUSTRIA | E32: =VLOOKUP(A32,'2024'!$A:$O,4,0) -> 0 | F32: =VLOOKUP($A32,'2025'!$A:$O,4,0) -> 16024.5 | H32: =G32/F32-1 -> -1 | I32: =G32-F32 -> -16024.5 | J32: =VLOOKUP(B32,'תקציב '!$B:$S,6,0)*1 -> 18000 | K32: =G32/J32-1 -> -1 | L32: =G32-J32 -> -18000
C33: REMEDICARE B.V. | D33: HOLLAND | H33: =G33/F33-1 -> #DIV/0! | I33: =G33-F33 -> 0 | K33: =G33/J33-1 -> #DIV/0! | L33: =G33-J33 -> 0
A34: 213 - E.f.m.o. SPAIN | B34: Total - 213 - E.f.m.o. SPAIN | C34: E.F.M.O. | D34: SPAIN | E34: =VLOOKUP(A34,'2024'!$A:$O,4,0) -> -20732.48 | F34: =VLOOKUP($A34,'2025'!$A:$O,4,0) -> 0 | H34: =G34/F34-1 -> #DIV/0! | I34: =G34-F34 -> 0 | J34: =VLOOKUP(B34,'תקציב '!$B:$S,6,0)*1 -> 0 | K34: =G34/J34-1 -> #DIV/0! | L34: =G34-J34 -> 0
A35: 214 - Alfred Gera& Sons Ltd. MALTA | B35: Total - 214 - Alfred Gera& Sons Ltd. MALTA | C35: ALFRED GERA | D35: MALTA | E35: =VLOOKUP(A35,'2024'!$A:$O,4,0) -> 0 | F35: =VLOOKUP($A35,'2025'!$A:$O,4,0) -> 0 | H35: =G35/F35-1 -> #DIV/0! | I35: =G35-F35 -> 0 | J35: =VLOOKUP(B35,'תקציב '!$B:$S,6,0)*1 -> 0 | K35: =G35/J35-1 -> #DIV/0! | L35: =G35-J35 -> 0
A36: 212 - Quadrifoglio Medical ROMANIA | B36: 212 - Quadrifoglio Medical ROMANIA | C36: QUADRIFOGLIO MEDICAL | D36: ROMANIA | E36: =VLOOKUP(A36,'2024'!$A:$O,4,0) -> 0 | F36: =VLOOKUP($A36,'2025'!$A:$O,4,0) -> 0 | H36: =G36/F36-1 -> #DIV/0! | I36: =G36-F36 -> 0 | K36: =G36/J36-1 -> #DIV/0! | L36: =G36-J36 -> 0
A37: 215 - Young In Healthcare Co. SOUTH KOREA | B37: 215 - Young In Healthcare Co. SOUTH KOREA | C37: YOUNG IN HEALTHCARE CO., | D37: KOREA | E37: =VLOOKUP(A37,'2024'!$A:$O,4,0) -> 0 | F37: =VLOOKUP($A37,'2025'!$A:$O,4,0) -> 0 | H37: =G37/F37-1 -> #DIV/0! | I37: =G37-F37 -> 0 | K37: =G37/J37-1 -> #DIV/0! | L37: =G37-J37 -> 0
A38: 200 - ROW : 217 - N3W FOODS USA | B38: 200 - ROW : 217 - N3W FOODS USA | C38: HANS | D38: USA | E38: =VLOOKUP(A38,'2024'!$A:$O,4,0) -> 0 | F38: =VLOOKUP($A38,'2025'!$A:$O,4,0) -> 0 | H38: =G38/F38-1 -> #DIV/0! | I38: =G38-F38 -> 0 | K38: =G38/J38-1 -> #DIV/0! | L38: =G38-J38 -> 0
B39: NEW DISTRIBUTORS | C39: NEW DISTRIBUTORS | H39: =G39/F39-1 -> #DIV/0! | I39: =G39-F39 -> 0 | J39: =VLOOKUP(B39,'תקציב '!$B:$S,6,0)*1 -> 0 | K39: =G39/J39-1 -> #DIV/0! | L39: =G39-J39 -> 0
B40: סה"כ חו"ל | E40: =SUM(E20:E39) -> 661974.99 | F40: =SUM(F20:F39) -> 414126.86 | G40: =SUM(G20:G39) -> 249399.49 | H40: =G40/F40-1 -> -0.39777031 | I40: =SUM(I20:I39) -> -164727.37 | J40: =SUM(J20:J39) -> 542589.52 | K40: =G40/J40-1 -> -0.54035329 | L40: =SUM(L20:L39) -> -293190.03
B41: סה"כ מכירות | E41: =E40+E19 -> 1993255.1 | F41: =F40+F19 -> 1783327.5 | G41: =G40+G19 -> 1751370.1 | H41: =G41/F41-1 -> -0.017920093 | I41: =I40+I19 -> -31957.394 | J41: =J40+J19 -> 2775894.3 | K41: =G41/J41-1 -> -0.36907897 | L41: =L40+L19 -> -1024524.2
B42: אחוז מכירות חו"ל מסה"כ מכירות | E42: =E40/E41 -> 0.33210751 | F42: =F40/F41 -> 0.23222143 | G42: =G40/G41 -> 0.1424025 | J42: =J41-'תקציב '!G41*1 -> 0
E43: =E41-'2024'!D38 -> 0

Sheet Q1
B1: דוח מכירות Q1-2026
D2: ארץ | E2: 1-3.2024 | F2: 1-3.2025 | G2: 1-3.2026 | H2: אחוז מול 2025 | I2: כספי מול 2025 | J2: תקציב | K2: % מול תקציב | L2: ₪ מול תקציב
A3: 111 - Superpharm Life | B3: סופר פארם לייף | C3: סופר פארם לייף | D3: ISRAEL | E3: =ינואר!E3+פברואר!E3+מרץ!E3 -> 346988.66 | F3: =ינואר!F3+פברואר!F3+מרץ!F3 -> 358245.8 | G3: =ינואר!G3+פברואר!G3+מרץ!G3 -> 550736.34 | H3: =G3/F3-1 -> 0.53731416 | I3: =G3-F3 -> 192490.54 | J3: =ינואר!J3+פברואר!J3+מרץ!J3 -> 538412.7 | K3: =G3/J3-1 -> 0.022888839 | L3: =G3-J3 -> 12323.642
A4: סופרפארם | B4: סופרפארם | C4: סופרפארם | D4: ISRAEL | E4: =ינואר!E4+פברואר!E4+מרץ!E4 -> 1316829.3 | F4: =ינואר!F4+פברואר!F4+מרץ!F4 -> 1515626.1 | G4: =ינואר!G4+פברואר!G4+מרץ!G4 -> 1311982.8 | H4: =G4/F4-1 -> -0.13436253 | I4: =G4-F4 -> -203643.35 | J4: =ינואר!J4+פברואר!J4+מרץ!J4 -> 1680031.7 | K4: =G4/J4-1 -> -0.21907264 | L4: =G4-J4 -> -368048.98
A5: BE | B5: BE | C5: BE | D5: ISRAEL | E5: =ינואר!E5+פברואר!E5+מרץ!E5 -> 244255.1 | F5: =ינואר!F5+פברואר!F5+מרץ!F5 -> 178709.44 | G5: =ינואר!G5+פברואר!G5+מרץ!G5 -> 195880.23 | H5: =G5/F5-1 -> 0.096082166 | I5: =G5-F5 -> 17170.79 | J5: =ינואר!J5+פברואר!J5+מרץ!J5 -> 228571.43 | K5: =G5/J5-1 -> -0.14302399 | L5: =G5-J5 -> -32691.199
A6: בתי מרקחת | B6: בתי מרקחת | C6: בתי מרקחת | D6: ISRAEL | E6: =ינואר!E6+פברואר!E6+מרץ!E6 -> 483341.15 | F6: =ינואר!F6+פברואר!F6+מרץ!F6 -> 422582.23 | G6: =ינואר!G6+פברואר!G6+מרץ!G6 -> 455568.59 | H6: =G6/F6-1 -> 0.078059015 | I6: =G6-F6 -> 32986.353 | J6: =ינואר!J6+פברואר!J6+מרץ!J6 -> 482539.68 | K6: =G6/J6-1 -> -0.055894047 | L6: =G6-J6 -> -26971.096
A7: 112 - Kupat Holim Clalit | B7: כללית | C7: כללית | D7: ISRAEL | E7: =ינואר!E7+פברואר!E7+מרץ!E7 -> 1189769.5 | F7: =ינואר!F7+פברואר!F7+מרץ!F7 -> 1074384 | G7: =ינואר!G7+פברואר!G7+מרץ!G7 -> 863414.1 | H7: =G7/F7-1 -> -0.19636359 | I7: =G7-F7 -> -210969.9 | J7: =ינואר!J7+פברואר!J7+מרץ!J7 -> 1095000 | K7: =G7/J7-1 -> -0.21149397 | L7: =G7-J7 -> -231585.9
A8: 113 - Kupat Holim Meuhedet | B8: מאוחדת | C8: מאוחדת | D8: ISRAEL | E8: =ינואר!E8+פברואר!E8+מרץ!E8 -> 243735.37 | F8: =ינואר!F8+פברואר!F8+מרץ!F8 -> 214483.08 | G8: =ינואר!G8+פברואר!G8+מרץ!G8 -> 175029.46 | H8: =G8/F8-1 -> -0.18394747 | I8: =G8-F8 -> -39453.62 | J8: =ינואר!J8+פברואר!J8+מרץ!J8 -> 303968.25 | K8: =G8/J8-1 -> -0.42418507 | L8: =G8-J8 -> -128938.79
A9: 102 - Orthopedic institutes | B9: מכוני אורטופדיה | C9: מכוני אורטופדיה | D9: ISRAEL | E9: =ינואר!E9+פברואר!E9+מרץ!E9 -> 264967.26 | F9: =ינואר!F9+פברואר!F9+מרץ!F9 -> 184543.23 | G9: =ינואר!G9+פברואר!G9+מרץ!G9 -> 216851.4 | H9: =G9/F9-1 -> 0.17507101 | I9: =G9-F9 -> 32308.17 | J9: =ינואר!J9+פברואר!J9+מרץ!J9 -> 443253.97 | K9: =G9/J9-1 -> -0.51077392 | L9: =G9-J9 -> -226402.57
A10: 101 - Factory customers | B10: לקוחות מפעל | C10: לקוחות מפעל | D10: ISRAEL | E10: =ינואר!E10+פברואר!E10+מרץ!E10 -> 48538.67 | F10: =ינואר!F10+פברואר!F10+מרץ!F10 -> 55293.41 | G10: =ינואר!G10+פברואר!G10+מרץ!G10 -> 36206.99 | H10: =G10/F10-1 -> -0.34518435 | I10: =G10-F10 -> -19086.42 | J10: =ינואר!J10+פברואר!J10+מרץ!J10 -> 48253.968 | K10: =G10/J10-1 -> -0.24965777 | L10: =G10-J10 -> -12046.978
A11: 109 - Private Shops | B11: חנויות פרטיות | C11: חנויות פרטיות | D11: ISRAEL | E11: =ינואר!E11+פברואר!E11+מרץ!E11 -> 9240.76 | F11: =ינואר!F11+פברואר!F11+מרץ!F11 -> 21423.82 | G11: =ינואר!G11+פברואר!G11+מרץ!G11 -> 12409.92 | H11: =G11/F11-1 -> -0.42074196 | I11: =G11-F11 -> -9013.9 | J11: =ינואר!J11+פברואר!J11+מרץ!J11 -> 23396.825 | K11: =G11/J11-1 -> -0.46958958 | L11: =G11-J11 -> -10986.905
A12: 105 - Pedicure Salons | B12: מכוני פדיקור | C12: מכוני פדיקור | D12: ISRAEL | E12: =ינואר!E12+פברואר!E12+מרץ!E12 -> 0 | F12: =ינואר!F12+פברואר!F12+מרץ!F12 -> 1732.3 | G12: =ינואר!G12+פברואר!G12+מרץ!G12 -> 1917.16 | H12: =G12/F12-1 -> 0.10671362 | I12: =G12-F12 -> 184.86 | J12: =ינואר!J12+פברואר!J12+מרץ!J12 -> 0 | L12: =G12-J12 -> 1917.16
A13: 104 - Sports Shop | B13: חנויות נעליים | C13: חנויות נעליים | D13: ISRAEL | E13: =ינואר!E13+פברואר!E13+מרץ!E13 -> 0 | F13: =ינואר!F13+פברואר!F13+מרץ!F13 -> 0 | G13: =ינואר!G13+פברואר!G13+מרץ!G13 -> 0 | H13: =G13/F13-1 -> #DIV/0! | I13: =G13-F13 -> 0 | J13: =ינואר!J13+פברואר!J13+מרץ!J13 -> 0 | L13: =G13-J13 -> 0
A14: 106 - Hospitals | B14: בתי חולים ושרות | C14: בתי חולים ושרות | D14: ISRAEL | E14: =ינואר!E14+פברואר!E14+מרץ!E14 -> 1275.21 | F14: =ינואר!F14+פברואר!F14+מרץ!F14 -> 11067.51 | G14: =ינואר!G14+פברואר!G14+מרץ!G14 -> 3470.98 | H14: =G14/F14-1 -> -0.68638113 | I14: =G14-F14 -> -7596.53 | J14: =ינואר!J14+פברואר!J14+מרץ!J14 -> 0 | L14: =G14-J14 -> 3470.98
A15: 103 - Physiotherapy institutes | B15: מכוני פיזיותרפיה | C15: מכוני פיזיותרפיה | D15: ISRAEL | E15: =ינואר!E15+פברואר!E15+מרץ!E15 -> 20179.98 | F15: =ינואר!F15+פברואר!F15+מרץ!F15 -> 29853.9 | G15: =ינואר!G15+פברואר!G15+מרץ!G15 -> 33410.51 | H15: =G15/F15-1 -> 0.11913385 | I15: =G15-F15 -> 3556.61 | J15: =ינואר!J15+פברואר!J15+מרץ!J15 -> 50793.651 | K15: =G15/J15-1 -> -0.34223058 | L15: =G15-J15 -> -17383.141
B16: סה"כ ישראל ללא אונליין | E16: =SUM(E3:E15) -> 4169121 | F16: =SUM(F3:F15) -> 4067944.8 | G16: =SUM(G3:G15) -> 3856878.4 | H16: =G16/F16-1 -> -0.051885266 | I16: =SUM(I3:I15) -> -211066.4 | J16: =SUM(J3:J15) -> 4894222.2 | K16: =G16/J16-1 -> -0.21195273 | L16: =SUM(L3:L15) -> -1037343.8
A17: 114 - IL online | B17: לקוחות אינטרנט | C17: לקוחות אינטרנט | D17: ISRAEL | E17: =ינואר!E17+פברואר!E17+מרץ!E17 -> 128416.35 | F17: =ינואר!F17+פברואר!F17+מרץ!F17 -> 289038.59 | G17: =ינואר!G17+פברואר!G17+מרץ!G17 -> 858282.39 | H17: =G17/F17-1 -> 1.9694388 | I17: =G17-F17 -> 569243.8 | J17: =ינואר!J17+פברואר!J17+מרץ!J17 -> 1230932.2 | K17: =G17/J17-1 -> -0.30273789 | L17: =G17-J17 -> -372649.81
A18: 115-SuperPharm Online | B18: סופר פארם מרקט פלייס | C18: סופר פארם מרקט פלייס | D18: ISRAEL | E18: =ינואר!E18+פברואר!E18+מרץ!E18 -> 6344.06 | F18: =ינואר!F18+פברואר!F18+מרץ!F18 -> 8798.68 | G18: =ינואר!G18+פברואר!G18+מרץ!G18 -> 5087.03 | H18: =G18/F18-1 -> -0.42184169 | I18: =G18-F18 -> -3711.65 | J18: =ינואר!J18+פברואר!J18+מרץ!J18 -> 7610.785 | K18: =G18/J18-1 -> -0.33160246 | L18: =G18-J18 -> -2523.755
B19: סה"כ ישראל | E19: =E16+E17+E18 -> 4303881.4 | F19: =F16+F17+F18 -> 4365782.1 | G19: =G16+G17+G18 -> 4720247.9 | H19: =G19/F19-1 -> 0.081191809 | I19: =I16+I17+I18 -> 354465.75 | J19: =J16+J17+J18 -> 6132765.2 | K19: =G19/J19-1 -> -0.23032308 | L19: =L16+L17+L18 -> -1412517.4
A20: 301 - Amazon | B20: Total - 301 - Amazon | C20: AMAZON | D20: USA | E20: =ינואר!E20+פברואר!E20+מרץ!E20 -> 1103838.6 | F20: =ינואר!F20+פברואר!F20+מרץ!F20 -> 615682.31 | G20: =ינואר!G20+פברואר!G20+מרץ!G20 -> 586175.55 | H20: =G20/F20-1 -> -0.047925301 | I20: =G20-F20 -> -29506.76 | J20: =ינואר!J20+פברואר!J20+מרץ!J20 -> 917409.48 | K20: =G20/J20-1 -> -0.36105353 | L20: =G20-J20 -> -331233.93
A21: 202 - Super-Pharm POLAND | B21: Total - 202 - Super-Pharm POLAND | C21: SUPER PHARM POLAND | D21: POLAND | E21: =ינואר!E21+פברואר!E21+מרץ!E21 -> 256045.17 | F21: =ינואר!F21+פברואר!F21+מרץ!F21 -> 213082.56 | G21: =ינואר!G21+פברואר!G21+מרץ!G21 -> 137198.2 | H21: =G21/F21-1 -> -0.35612656 | I21: =G21-F21 -> -75884.36 | J21: =ינואר!J21+פברואר!J21+מרץ!J21 -> 235200 | K21: =G21/J21-1 -> -0.41667432 | L21: =G21-J21 -> -98001.8
A22: 203 - Ortho- Partner ag SWITZERLAND | B22: Total - 203 - Ortho- Partner ag SWITZERLAND | C22: ORTHO- PARTNER AG. | D22: SWITZERLAND | E22: =ינואר!E22+פברואר!E22+מרץ!E22 -> 134605.5 | F22: =ינואר!F22+פברואר!F22+מרץ!F22 -> 80573.03 | G22: =ינואר!G22+פברואר!G22+מרץ!G22 -> 149149.43 | H22: =G22/F22-1 -> 0.85110862 | I22: =G22-F22 -> 68576.4 | J22: =ינואר!J22+פברואר!J22+מרץ!J22 -> 151610.27 | K22: =G22/J22-1 -> -0.016231354 | L22: =G22-J22 -> -2460.84
A23: 204 - Sanaflex Anatomic GREECE | B23: Total - 204 - Sanaflex Anatomic GREECE | C23: SANAFLEX ANATOMIC | D23: GREECE | E23: =ינואר!E23+פברואר!E23+מרץ!E23 -> 153212.06 | F23: =ינואר!F23+פברואר!F23+מרץ!F23 -> 85563.25 | G23: =ינואר!G23+פברואר!G23+מרץ!G23 -> 67158.97 | H23: =G23/F23-1 -> -0.21509562 | I23: =G23-F23 -> -18404.28 | J23: =ינואר!J23+פברואר!J23+מרץ!J23 -> 162158.97 | K23: =G23/J23-1 -> -0.58584487 | L23: =G23-J23 -> -95000
A24: 205 - Health Care Prod. Gmbh GERMANY | B24: Total - 205 - Health Care Prod. Gmbh GERMANY | C24: HEALTH CARE PROD. GMBH | D24: GERMANY | E24: =ינואר!E24+פברואר!E24+מרץ!E24 -> 32300.81 | F24: =ינואר!F24+פברואר!F24+מרץ!F24 -> 29999.78 | G24: =ינואר!G24+פברואר!G24+מרץ!G24 -> 44796.11 | H24: =G24/F24-1 -> 0.49321462 | I24: =G24-F24 -> 14796.33 | J24: =ינואר!J24+פברואר!J24+מרץ!J24 -> 32774.92 | K24: =G24/J24-1 -> 0.36678015 | L24: =G24-J24 -> 12021.19
A25: 206 - Orthomed Ltd BULGARIA | B25: Total - 206 - Orthomed Ltd BULGARIA | C25: ORTHOMED LTD | D25: BULGARIA | E25: =ינואר!E25+פברואר!E25+מרץ!E25 -> 50777.76 | F25: =ינואר!F25+פברואר!F25+מרץ!F25 -> 42132.93 | G25: =ינואר!G25+פברואר!G25+מרץ!G25 -> 0 | H25: =G25/F25-1 -> -1 | I25: =G25-F25 -> -42132.93 | J25: =ינואר!J25+פברואר!J25+מרץ!J25 -> 5000 | K25: =G25/J25-1 -> -1 | L25: =G25-J25 -> -5000
A26: 207 - Salus HUNGARY | B26: Total - 207 - Salus HUNGARY | C26: SALUS | D26: HUNGARY | E26: =ינואר!E26+פברואר!E26+מרץ!E26 -> 249206.12 | F26: =ינואר!F26+פברואר!F26+מרץ!F26 -> 0 | G26: =ינואר!G26+פברואר!G26+מרץ!G26 -> -1269.06 | H26: =G26/F26-1 -> #DIV/0! | I26: =G26-F26 -> -1269.06 | J26: =ינואר!J26+פברואר!J26+מרץ!J26 -> 0 | K26: =G26/J26-1 -> #DIV/0! | L26: =G26-J26 -> -1269.06
A27: 216 - Max Konnaris CYPRUS | B27: Total - 216 - Max Konnaris CYPRUS | C27: MAX KONNARIS LTD | D27: CYPRUS | E27: =ינואר!E27+פברואר!E27+מרץ!E27 -> 62495.48 | F27: =ינואר!F27+פברואר!F27+מרץ!F27 -> 0 | G27: =ינואר!G27+פברואר!G27+מרץ!G27 -> 42152.31 | H27: =G27/F27-1 -> #DIV/0! | I27: =G27-F27 -> 42152.31 | J27: =ינואר!J27+פברואר!J27+מרץ!J27 -> 40000 | K27: =G27/J27-1 -> 0.05380775 | L27: =G27-J27 -> 2152.31
A28: 208 - Medipal Company NABLUS | B28: Total - 208 - Medipal Company NABLUS | C28: MEDIPAL COMPANY | D28: NABLUS | E28: =ינואר!E28+פברואר!E28+מרץ!E28 -> 171813.81 | F28: =ינואר!F28+פברואר!F28+מרץ!F28 -> 0.22 | G28: =ינואר!G28+פברואר!G28+מרץ!G28 -> 0 | H28: =G28/F28-1 -> -1 | I28: =G28-F28 -> -0.22 | J28: =ינואר!J28+פברואר!J28+מרץ!J28 -> 0 | K28: =G28/J28-1 -> #DIV/0! | L28: =G28-J28 -> 0
A29: 209 - Ortoprofil Prod ROMANIA | B29: Total - 209 - Ortoprofil Prod ROMANIA | C29: ORTOPROFIL PROD. ROMANIA | D29: ROMANIA | E29: =ינואר!E29+פברואר!E29+מרץ!E29 -> 75421.29 | F29: =ינואר!F29+פברואר!F29+מרץ!F29 -> 93346.17 | G29: =ינואר!G29+פברואר!G29+מרץ!G29 -> 52124.75 | H29: =G29/F29-1 -> -0.44159734 | I29: =G29-F29 -> -41221.42 | J29: =ינואר!J29+פברואר!J29+מרץ!J29 -> 92114.316 | K29: =G29/J29-1 -> -0.43412976 | L29: =G29-J29 -> -39989.566
A30: 210 - Oy. Ea. Ab. FINLAND | B30: Total - 210 - Oy. Ea. Ab. FINLAND | C30: OY. EA. AB. | D30: FINLAND | E30: =ינואר!E30+פברואר!E30+מרץ!E30 -> 0 | F30: =ינואר!F30+פברואר!F30+מרץ!F30 -> 32010.18 | G30: =ינואר!G30+פברואר!G30+מרץ!G30 -> 0 | H30: =G30/F30-1 -> -1 | I30: =G30-F30 -> -32010.18 | J30: =ינואר!J30+פברואר!J30+מרץ!J30 -> 0 | K30: =G30/J30-1 -> #DIV/0! | L30: =G30-J30 -> 0
A31: 201- Seven Gear FINLAND oy | B31: Total - 201- Seven Gear FINLAND oy | C31: SEVEN GEAR | D31: FINLAND | E31: =ינואר!E31+פברואר!E31+מרץ!E31 -> 0 | F31: =ינואר!F31+פברואר!F31+מרץ!F31 -> 19897.57 | G31: =ינואר!G31+פברואר!G31+מרץ!G31 -> 0 | H31: =G31/F31-1 -> -1 | I31: =G31-F31 -> -19897.57 | J31: =ינואר!J31+פברואר!J31+מרץ!J31 -> 20000 | K31: =G31/J31-1 -> -1 | L31: =G31-J31 -> -20000
A32: 211 - Pharmag Lachmair Ges. Mbh AUSTRIA | B32: 211 - Pharmag Lachmair Ges. Mbh AUSTRIA | C32: PHARMAG LACHMAIR GES. MBH | D32: AUSTRIA | E32: =ינואר!E32+פברואר!E32+מרץ!E32 -> 0 | F32: =ינואר!F32+פברואר!F32+מרץ!F32 -> 16024.5 | G32: =ינואר!G32+פברואר!G32+מרץ!G32 -> 0 | H32: =G32/F32-1 -> -1 | I32: =G32-F32 -> -16024.5 | J32: =ינואר!J32+פברואר!J32+מרץ!J32 -> 18000 | K32: =G32/J32-1 -> -1 | L32: =G32-J32 -> -18000
C33: REMEDICARE B.V. | D33: HOLLAND | E33: =ינואר!E33+פברואר!E33+מרץ!E33 -> 0 | F33: =ינואר!F33+פברואר!F33+מרץ!F33 -> 0 | G33: =ינואר!G33+פברואר!G33+מרץ!G33 -> 0 | H33: =G33/F33-1 -> #DIV/0! | I33: =G33-F33 -> 0 | J33: =ינואר!J33+פברואר!J33+מרץ!J33 -> 0 | K33: =G33/J33-1 -> #DIV/0! | L33: =G33-J33 -> 0
A34: 213 - E.f.m.o. SPAIN | B34: Total - 213 - E.f.m.o. SPAIN | C34: E.F.M.O. | D34: SPAIN | E34: =ינואר!E34+פברואר!E34+מרץ!E34 -> 19941.82 | F34: =ינואר!F34+פברואר!F34+מרץ!F34 -> 20695.69 | G34: =ינואר!G34+פברואר!G34+מרץ!G34 -> 18792.66 | H34: =G34/F34-1 -> -0.091952962 | I34: =G34-F34 -> -1903.03 | J34: =ינואר!J34+פברואר!J34+מרץ!J34 -> 18792.66 | K34: =G34/J34-1 -> 0 | L34: =G34-J34 -> 0
A35: 214 - Alfred Gera& Sons Ltd. MALTA | B35: Total - 214 - Alfred Gera& Sons Ltd. MALTA | C35: ALFRED GERA | D35: MALTA | E35: =ינואר!E35+פברואר!E35+מרץ!E35 -> 34034.18 | F35: =ינואר!F35+פברואר!F35+מרץ!F35 -> 0 | G35: =ינואר!G35+פברואר!G35+מרץ!G35 -> 0 | H35: =G35/F35-1 -> #DIV/0! | I35: =G35-F35 -> 0 | J35: =ינואר!J35+פברואר!J35+מרץ!J35 -> 0 | K35: =G35/J35-1 -> #DIV/0! | L35: =G35-J35 -> 0
A36: 212 - Quadrifoglio Medical ROMANIA | B36: 212 - Quadrifoglio Medical ROMANIA | C36: QUADRIFOGLIO MEDICAL | D36: ROMANIA | E36: =ינואר!E36+פברואר!E36+מרץ!E36 -> 0 | F36: =ינואר!F36+פברואר!F36+מרץ!F36 -> 0 | G36: =ינואר!G36+פברואר!G36+מרץ!G36 -> 0 | H36: =G36/F36-1 -> #DIV/0! | I36: =G36-F36 -> 0 | J36: =ינואר!J36+פברואר!J36+מרץ!J36 -> 0 | K36: =G36/J36-1 -> #DIV/0! | L36: =G36-J36 -> 0
A37: 215 - Young In Healthcare Co. SOUTH KOREA | B37: 215 - Young In Healthcare Co. SOUTH KOREA | C37: YOUNG IN HEALTHCARE CO., | D37: KOREA | E37: =ינואר!E37+פברואר!E37+מרץ!E37 -> 0 | F37: =ינואר!F37+פברואר!F37+מרץ!F37 -> 0 | G37: =ינואר!G37+פברואר!G37+מרץ!G37 -> 0 | H37: =G37/F37-1 -> #DIV/0! | I37: =G37-F37 -> 0 | J37: =ינואר!J37+פברואר!J37+מרץ!J37 -> 0 | K37: =G37/J37-1 -> #DIV/0! | L37: =G37-J37 -> 0
A38: 200 - ROW : 217 - N3W FOODS USA | B38: 200 - ROW : 217 - N3W FOODS USA | C38: HANS | D38: USA | E38: =ינואר!E38+פברואר!E38+מרץ!E38 -> 0 | F38: =ינואר!F38+פברואר!F38+מרץ!F38 -> 0 | G38: =ינואר!G38+פברואר!G38+מרץ!G38 -> 0 | H38: =G38/F38-1 -> #DIV/0! | I38: =G38-F38 -> 0 | J38: =ינואר!J38+פברואר!J38+מרץ!J38 -> 0 | K38: =G38/J38-1 -> #DIV/0! | L38: =G38-J38 -> 0
B39: NEW DISTRIBUTORS | C39: NEW DISTRIBUTORS | E39: =ינואר!E39+פברואר!E39+מרץ!E39 -> 0 | F39: =ינואר!F39+פברואר!F39+מרץ!F39 -> 0 | G39: =ינואר!G39+פברואר!G39+מרץ!G39 -> 0 | H39: =G39/F39-1 -> #DIV/0! | I39: =G39-F39 -> 0 | J39: =ינואר!J39+פברואר!J39+מרץ!J39 -> 0 | K39: =G39/J39-1 -> #DIV/0! | L39: =G39-J39 -> 0
B40: סה"כ חו"ל | E40: =SUM(E20:E39) -> 2343692.6 | F40: =SUM(F20:F39) -> 1249008.2 | G40: =SUM(G20:G39) -> 1096278.9 | H40: =G40/F40-1 -> -0.12228044 | I40: =SUM(I20:I39) -> -152729.27 | J40: =SUM(J20:J39) -> 1693060.6 | K40: =G40/J40-1 -> -0.3524869 | L40: =SUM(L20:L39) -> -596781.69
B41: סה"כ מכירות | E41: =E40+E19 -> 6647574 | F41: =F40+F19 -> 5614790.3 | G41: =G40+G19 -> 5816526.8 | H41: =G41/F41-1 -> 0.035929477 | I41: =I40+I19 -> 201736.48 | J41: =J40+J19 -> 7825825.8 | K41: =G41/J41-1 -> -0.25675233 | L41: =L40+L19 -> -2009299
B42: אחוז מכירות חו"ל מסה"כ מכירות | E42: =E40/E41 -> 0.3525636 | F42: =F40/F41 -> 0.22244966 | G42: =G40/G41 -> 0.18847655 | J42: =J40-ינואר!J40-פברואר!J40-מרץ!J40 -> 0
E43: =E41-ינואר!E41-פברואר!E41-מרץ!E41 -> 0

Sheet מצטבר יוני
C1: דוח מכירות מצטבר יוני 2026 | D1: דוח מכירות מצטבר יוני 2026
A2: # | E2: ארץ | F2: 1-6.2024 | G2: 1-6.2025 | H2: 1-6.2026 | I2: אחוז מול 2025 | J2: כספי מול 2025 | K2: תקציב | L2: % מול תקציב | M2: ₪ מול תקציב
A3: 5 | B3: 111 - Superpharm Life | C3: סופר פארם לייף | D3: סופר פארם לייף | E3: ISRAEL | F3: =ינואר!E3+פברואר!E3+מרץ!E3+אפריל!E3+מאי!E3+יוני!E3 -> 910277.96 | G3: =ינואר!F3+פברואר!F3+מרץ!F3+אפריל!F3+מאי!F3+יוני!F3 -> 826817.4 | H3: =ינואר!G3+פברואר!G3+מרץ!G3+אפריל!G3+מאי!G3+יוני!G3 -> 740443.3 | I3: =H3/G3-1 -> -0.10446575 | J3: =H3-G3 -> -86374.1 | K3: =ינואר!J3+פברואר!J3+מרץ!J3+אפריל!J3+מאי!J3+יוני!J3 -> 1134761.9 | L3: =H3/K3-1 -> -0.34749017 | M3: =H3-K3 -> -394318.6
A4: 1 | B4: סופרפארם | C4: סופרפארם | D4: סופרפארם | E4: ISRAEL | F4: =ינואר!E4+פברואר!E4+מרץ!E4+אפריל!E4+מאי!E4+יוני!E4 -> 2779958.1 | G4: =ינואר!F4+פברואר!F4+מרץ!F4+אפריל!F4+מאי!F4+יוני!F4 -> 3246648.6 | H4: =ינואר!G4+פברואר!G4+מרץ!G4+אפריל!G4+מאי!G4+יוני!G4 -> 2774937.9 | I4: =H4/G4-1 -> -0.14529159 | J4: =H4-G4 -> -471710.73 | K4: =ינואר!J4+פברואר!J4+מרץ!J4+אפריל!J4+מאי!J4+יוני!J4 -> 3319904.8 | L4: =H4/K4-1 -> -0.16415136 | M4: =H4-K4 -> -544966.87
A5: 7 | B5: BE | C5: BE | D5: BE | E5: ISRAEL | F5: =ינואר!E5+פברואר!E5+מרץ!E5+אפריל!E5+מאי!E5+יוני!E5 -> 543790.88 | G5: =ינואר!F5+פברואר!F5+מרץ!F5+אפריל!F5+מאי!F5+יוני!F5 -> 421646.86 | H5: =ינואר!G5+פברואר!G5+מרץ!G5+אפריל!G5+מאי!G5+יוני!G5 -> 437274.57 | I5: =H5/G5-1 -> 0.037063492 | J5: =H5-G5 -> 15627.705 | K5: =ינואר!J5+פברואר!J5+מרץ!J5+אפריל!J5+מאי!J5+יוני!J5 -> 439285.71 | L5: =H5/K5-1 -> -0.004578226 | M5: =H5-K5 -> -2011.1493
A6: 4 | B6: בתי מרקחת | C6: בתי מרקחת | D6: בתי מרקחת | E6: ISRAEL | F6: =ינואר!E6+פברואר!E6+מרץ!E6+אפריל!E6+מאי!E6+יוני!E6 -> 1002133.4 | G6: =ינואר!F6+פברואר!F6+מרץ!F6+אפריל!F6+מאי!F6+יוני!F6 -> 942787.38 | H6: =ינואר!G6+פברואר!G6+מרץ!G6+אפריל!G6+מאי!G6+יוני!G6 -> 918523.98 | I6: =H6/G6-1 -> -0.025735815 | J6: =H6-G6 -> -24263.401 | K6: =ינואר!J6+פברואר!J6+מרץ!J6+אפריל!J6+מאי!J6+יוני!J6 -> 948380.95 | L6: =H6/K6-1 -> -0.031482048 | M6: =H6-K6 -> -29856.974
A7: 3 | B7: 112 - Kupat Holim Clalit | C7: כללית | D7: כללית | E7: ISRAEL | F7: =ינואר!E7+פברואר!E7+מרץ!E7+אפריל!E7+מאי!E7+יוני!E7 -> 2077589 | G7: =ינואר!F7+פברואר!F7+מרץ!F7+אפריל!F7+מאי!F7+יוני!F7 -> 2008545.5 | H7: =ינואר!G7+פברואר!G7+מרץ!G7+אפריל!G7+מאי!G7+יוני!G7 -> 1742410.9 | I7: =H7/G7-1 -> -0.13250118 | J7: =H7-G7 -> -266134.65 | K7: =ינואר!J7+פברואר!J7+מרץ!J7+אפריל!J7+מאי!J7+יוני!J7 -> 2190000 | L7: =H7/K7-1 -> -0.20437861 | M7: =H7-K7 -> -447589.15
A8: 8 | B8: 113 - Kupat Holim Meuhedet | C8: מאוחדת | D8: מאוחדת | E8: ISRAEL | F8: =ינואר!E8+פברואר!E8+מרץ!E8+אפריל!E8+מאי!E8+יוני!E8 -> 413393.5 | G8: =ינואר!F8+פברואר!F8+מרץ!F8+אפריל!F8+מאי!F8+יוני!F8 -> 427663.17 | H8: =ינואר!G8+פברואר!G8+מרץ!G8+אפריל!G8+מאי!G8+יוני!G8 -> 343097.61 | I8: =H8/G8-1 -> -0.1977387 | J8: =H8-G8 -> -84565.559 | K8: =ינואר!J8+פברואר!J8+מרץ!J8+אפריל!J8+מאי!J8+יוני!J8 -> 608095.24 | L8: =H8/K8-1 -> -0.4357831 | M8: =H8-K8 -> -264997.63
A9: 6 | B9: 102 - Orthopedic institutes | C9: מכוני אורטופדיה | D9: מכוני אורטופדיה | E9: ISRAEL | F9: =ינואר!E9+פברואר!E9+מרץ!E9+אפריל!E9+מאי!E9+יוני!E9 -> 511413.72 | G9: =ינואר!F9+פברואר!F9+מרץ!F9+אפריל!F9+מאי!F9+יוני!F9 -> 417944.84 | H9: =ינואר!G9+פברואר!G9+מרץ!G9+אפריל!G9+מאי!G9+יוני!G9 -> 475277.57 | I9: =H9/G9-1 -> 0.13717774 | J9: =H9-G9 -> 57332.73 | K9: =ינואר!J9+פברואר!J9+מרץ!J9+אפריל!J9+מאי!J9+יוני!J9 -> 929988.1 | L9: =H9/K9-1 -> -0.48894231 | M9: =H9-K9 -> -454710.53
A10: 10 | B10: 101 - Factory customers | C10: לקוחות מפעל | D10: לקוחות מפעל | E10: ISRAEL | F10: =ינואר!E10+פברואר!E10+מרץ!E10+אפריל!E10+מאי!E10+יוני!E10 -> 92466.78 | G10: =ינואר!F10+פברואר!F10+מרץ!F10+אפריל!F10+מאי!F10+יוני!F10 -> 95557.93 | H10: =ינואר!G10+פברואר!G10+מרץ!G10+אפריל!G10+מאי!G10+יוני!G10 -> 61235.08 | I10: =H10/G10-1 -> -0.35918369 | J10: =H10-G10 -> -34322.85 | K10: =ינואר!J10+פברואר!J10+מרץ!J10+אפריל!J10+מאי!J10+יוני!J10 -> 92738.095 | L10: =H10/K10-1 -> -0.33969875 | M10: =H10-K10 -> -31503.015
A11: 11 | B11: 109 - Private Shops | C11: חנויות פרטיות | D11: חנויות פרטיות | E11: ISRAEL | F11: =ינואר!E11+פברואר!E11+מרץ!E11+אפריל!E11+מאי!E11+יוני!E11 -> 33477.34 | G11: =ינואר!F11+פברואר!F11+מרץ!F11+אפריל!F11+מאי!F11+יוני!F11 -> 35637.62 | H11: =ינואר!G11+פברואר!G11+מרץ!G11+אפריל!G11+מאי!G11+יוני!G11 -> 34015.41 | I11: =H11/G11-1 -> -0.045519594 | J11: =H11-G11 -> -1622.21 | K11: =ינואר!J11+פברואר!J11+מרץ!J11+אפריל!J11+מאי!J11+יוני!J11 -> 46809.524 | L11: =H11/K11-1 -> -0.27332288 | M11: =H11-K11 -> -12794.114
A12: 14 | B12: 105 - Pedicure Salons | C12: מכוני פדיקור | D12: מכוני פדיקור | E12: ISRAEL | F12: =ינואר!E12+פברואר!E12+מרץ!E12+אפריל!E12+מאי!E12+יוני!E12 -> 850.4 | G12: =ינואר!F12+פברואר!F12+מרץ!F12+אפריל!F12+מאי!F12+יוני!F12 -> 2977.14 | H12: =ינואר!G12+פברואר!G12+מרץ!G12+אפריל!G12+מאי!G12+יוני!G12 -> 3576.15 | I12: =H12/G12-1 -> 0.20120317 | J12: =H12-G12 -> 599.01 | K12: =ינואר!J12+פברואר!J12+מרץ!J12+אפריל!J12+מאי!J12+יוני!J12 -> 0 | M12: =H12-K12 -> 3576.15
A13: 15 | B13: 104 - Sports Shop | C13: חנויות נעליים | D13: חנויות נעליים | E13: ISRAEL | F13: =ינואר!E13+פברואר!E13+מרץ!E13+אפריל!E13+מאי!E13+יוני!E13 -> 1597.46 | G13: =ינואר!F13+פברואר!F13+מרץ!F13+אפריל!F13+מאי!F13+יוני!F13 -> 0 | H13: =ינואר!G13+פברואר!G13+מרץ!G13+אפריל!G13+מאי!G13+יוני!G13 -> 1896.82 | I13: =H13/G13-1 -> #DIV/0! | J13: =H13-G13 -> 1896.82 | K13: =ינואר!J13+פברואר!J13+מרץ!J13+אפריל!J13+מאי!J13+יוני!J13 -> 12500 | L13: =H13/K13-1 -> -0.8482544 | M13: =H13-K13 -> -10603.18
A14: 13 | B14: 106 - Hospitals | C14: בתי חולים ושרות | D14: בתי חולים ושרות | E14: ISRAEL | F14: =ינואר!E14+פברואר!E14+מרץ!E14+אפריל!E14+מאי!E14+יוני!E14 -> 5854.85 | G14: =ינואר!F14+פברואר!F14+מרץ!F14+אפריל!F14+מאי!F14+יוני!F14 -> 11067.51 | H14: =ינואר!G14+פברואר!G14+מרץ!G14+אפריל!G14+מאי!G14+יוני!G14 -> 7748.72 | I14: =H14/G14-1 -> -0.29986781 | J14: =H14-G14 -> -3318.79 | K14: =ינואר!J14+פברואר!J14+מרץ!J14+אפריל!J14+מאי!J14+יוני!J14 -> 150000 | L14: =H14/K14-1 -> -0.94834187 | M14: =H14-K14 -> -142251.28
A15: 9 | B15: 103 - Physiotherapy institutes | C15: מכוני פיזיותרפיה | D15: מכוני פיזיותרפיה | E15: ISRAEL | F15: =ינואר!E15+פברואר!E15+מרץ!E15+אפריל!E15+מאי!E15+יוני!E15 -> 31917.38 | G15: =ינואר!F15+פברואר!F15+מרץ!F15+אפריל!F15+מאי!F15+יוני!F15 -> 54157.51 | H15: =ינואר!G15+פברואר!G15+מרץ!G15+אפריל!G15+מאי!G15+יוני!G15 -> 89111.1 | I15: =H15/G15-1 -> 0.64540615 | J15: =H15-G15 -> 34953.59 | K15: =ינואר!J15+פברואר!J15+מרץ!J15+אפריל!J15+מאי!J15+יוני!J15 -> 97619.048 | L15: =H15/K15-1 -> -0.087154585 | M15: =H15-K15 -> -8507.9476
C16: סה"כ ישראל ללא אונליין | D16: סה"כ ישראל ללא אונליין | F16: =SUM(F3:F15) -> 8404720.8 | G16: =SUM(G3:G15) -> 8491451.5 | H16: =SUM(H3:H15) -> 7629549 | I16: =H16/G16-1 -> -0.10150237 | J16: =SUM(J3:J15) -> -861902.44 | K16: =SUM(K3:K15) -> 9970083.3 | L16: =H16/K16-1 -> -0.23475574 | M16: =SUM(M3:M15) -> -2340534.3
A17: 2 | B17: 114 - IL online | C17: לקוחות אינטרנט | D17: לקוחות אינטרנט | E17: ISRAEL | F17: =ינואר!E17+פברואר!E17+מרץ!E17+אפריל!E17+מאי!E17+יוני!E17 -> 273767.02 | G17: =ינואר!F17+פברואר!F17+מרץ!F17+אפריל!F17+מאי!F17+יוני!F17 -> 613681.61 | H17: =ינואר!G17+פברואר!G17+מרץ!G17+אפריל!G17+מאי!G17+יוני!G17 -> 2231238.2 | I17: =H17/G17-1 -> 2.6358238 | J17: =H17-G17 -> 1617556.6 | K17: =ינואר!J17+פברואר!J17+מרץ!J17+אפריל!J17+מאי!J17+יוני!J17 -> 3164989.8 | L17: =H17/K17-1 -> -0.29502516 | M17: =H17-K17 -> -933751.63
A18: 12 | B18: 115-SuperPharm Online | C18: סופר פארם מרקט פלייס | D18: סופר פארם מרקט פלייס | E18: ISRAEL | F18: =ינואר!E18+פברואר!E18+מרץ!E18+אפריל!E18+מאי!E18+יוני!E18 -> 16129.59 | G18: =ינואר!F18+פברואר!F18+מרץ!F18+אפריל!F18+מאי!F18+יוני!F18 -> 17329.15 | H18: =ינואר!G18+פברואר!G18+מרץ!G18+אפריל!G18+מאי!G18+יוני!G18 -> 9807.02 | I18: =H18/G18-1 -> -0.4340738 | J18: =H18-G18 -> -7522.13 | K18: =ינואר!J18+פברואר!J18+מרץ!J18+אפריל!J18+מאי!J18+יוני!J18 -> 15221.57 | L18: =H18/K18-1 -> -0.35571561 | M18: =H18-K18 -> -5414.55
C19: סה"כ ישראל | D19: סה"כ ישראל | F19: =F16+F17+F18 -> 8694617.4 | G19: =G16+G17+G18 -> 9122462.2 | H19: =H16+H17+H18 -> 9870594.3 | I19: =H19/G19-1 -> 0.082009879 | J19: =J16+J17+J18 -> 748132.02 | K19: =K16+K17+K18 -> 13150295 | L19: =H19/K19-1 -> -0.24940129 | M19: =M16+M17+M18 -> -3279700.5
A20: 50 | B20: 301 - Amazon | C20: Total - 301 - Amazon | D20: AMAZON | E20: USA | F20: =ינואר!E20+פברואר!E20+מרץ!E20+אפריל!E20+מאי!E20+יוני!E20 -> 2057987.1 | G20: =ינואר!F20+פברואר!F20+מרץ!F20+אפריל!F20+מאי!F20+יוני!F20 -> 1174982.9 | H20: =ינואר!G20+פברואר!G20+מרץ!G20+אפריל!G20+מאי!G20+יוני!G20 -> 1254357.4 | I20: =H20/G20-1 -> 0.067553785 | J20: =H20-G20 -> 79374.54 | K20: =ינואר!J20+פברואר!J20+מרץ!J20+אפריל!J20+מאי!J20+יוני!J20 -> 2111495.9 | L20: =H20/K20-1 -> -0.40593898 | M20: =H20-K20 -> -857138.48
A21: 20 | B21: 202 - Super-Pharm POLAND | C21: Total - 202 - Super-Pharm POLAND | D21: SUPER PHARM POLAND | E21: POLAND | F21: =ינואר!E21+פברואר!E21+מרץ!E21+אפריל!E21+מאי!E21+יוני!E21 -> 440395.64 | G21: =ינואר!F21+פברואר!F21+מרץ!F21+אפריל!F21+מאי!F21+יוני!F21 -> 430264.8 | H21: =ינואר!G21+פברואר!G21+מרץ!G21+אפריל!G21+מאי!G21+יוני!G21 -> 342081.02 | I21: =H21/G21-1 -> -0.20495235 | J21: =H21-G21 -> -88183.78 | K21: =ינואר!J21+פברואר!J21+מרץ!J21+אפריל!J21+מאי!J21+יוני!J21 -> 470400 | L21: =H21/K21-1 -> -0.27278695 | M21: =H21-K21 -> -128318.98
A22: 21 | B22: 203 - Ortho- Partner ag SWITZERLAND | C22: Total - 203 - Ortho- Partner ag SWITZERLAND | D22: ORTHO- PARTNER AG. | E22: SWITZERLAND | F22: =ינואר!E22+פברואר!E22+מרץ!E22+אפריל!E22+מאי!E22+יוני!E22 -> 318922.08 | G22: =ינואר!F22+פברואר!F22+מרץ!F22+אפריל!F22+מאי!F22+יוני!F22 -> 82086.33 | H22: =ינואר!G22+פברואר!G22+מרץ!G22+אפריל!G22+מאי!G22+יוני!G22 -> 333276.52 | I22: =H22/G22-1 -> 3.0600733 | J22: =H22-G22 -> 251190.19 | K22: =ינואר!J22+פברואר!J22+מרץ!J22+אפריל!J22+מאי!J22+יוני!J22 -> 301610.27 | L22: =H22/K22-1 -> 0.10499062 | M22: =H22-K22 -> 31666.25
A23: 22 | B23: 204 - Sanaflex Anatomic GREECE | C23: Total - 204 - Sanaflex Anatomic GREECE | D23: SANAFLEX ANATOMIC | E23: GREECE | F23: =ינואר!E23+פברואר!E23+מרץ!E23+אפריל!E23+מאי!E23+יוני!E23 -> 236340.62 | G23: =ינואר!F23+פברואר!F23+מרץ!F23+אפריל!F23+מאי!F23+יוני!F23 -> 174270.07 | H23: =ינואר!G23+פברואר!G23+מרץ!G23+אפריל!G23+מאי!G23+יוני!G23 -> 307053.13 | I23: =H23/G23-1 -> 0.76193841 | J23: =H23-G23 -> 132783.06 | K23: =ינואר!J23+פברואר!J23+מרץ!J23+אפריל!J23+מאי!J23+יוני!J23 -> 247158.97 | L23: =H23/K23-1 -> 0.24233051 | M23: =H23-K23 -> 59894.16
A24: 23 | B24: 205 - Health Care Prod. Gmbh GERMANY | C24: Total - 205 - Health Care Prod. Gmbh GERMANY | D24: HEALTH CARE PROD. GMBH | E24: GERMANY | F24: =ינואר!E24+פברואר!E24+מרץ!E24+אפריל!E24+מאי!E24+יוני!E24 -> 64417.17 | G24: =ינואר!F24+פברואר!F24+מרץ!F24+אפריל!F24+מאי!F24+יוני!F24 -> 41888.1 | H24: =ינואר!G24+פברואר!G24+מרץ!G24+אפריל!G24+מאי!G24+יוני!G24 -> 76678.59 | I24: =H24/G24-1 -> 0.83055784 | J24: =H24-G24 -> 34790.49 | K24: =ינואר!J24+פברואר!J24+מרץ!J24+אפריל!J24+מאי!J24+יוני!J24 -> 69774.92 | L24: =H24/K24-1 -> 0.098941998 | M24: =H24-K24 -> 6903.67
A25: 24 | B25: 206 - Orthomed Ltd BULGARIA | C25: Total - 206 - Orthomed Ltd BULGARIA | D25: ORTHOMED LTD | E25: BULGARIA | F25: =ינואר!E25+פברואר!E25+מרץ!E25+אפריל!E25+מאי!E25+יוני!E25 -> 116140.05 | G25: =ינואר!F25+פברואר!F25+מרץ!F25+אפריל!F25+מאי!F25+יוני!F25 -> 52899.82 | H25: =ינואר!G25+פברואר!G25+מרץ!G25+אפריל!G25+מאי!G25+יוני!G25 -> 0 | I25: =H25/G25-1 -> -1 | J25: =H25-G25 -> -52899.82 | K25: =ינואר!J25+פברואר!J25+מרץ!J25+אפריל!J25+מאי!J25+יוני!J25 -> 20000 | L25: =H25/K25-1 -> -1 | M25: =H25-K25 -> -20000
A26: 25 | B26: 207 - Salus HUNGARY | C26: Total - 207 - Salus HUNGARY | D26: SALUS | E26: HUNGARY | F26: =ינואר!E26+פברואר!E26+מרץ!E26+אפריל!E26+מאי!E26+יוני!E26 -> 249206.12 | G26: =ינואר!F26+פברואר!F26+מרץ!F26+אפריל!F26+מאי!F26+יוני!F26 -> 172805.93 | H26: =ינואר!G26+פברואר!G26+מרץ!G26+אפריל!G26+מאי!G26+יוני!G26 -> 144147.47 | I26: =H26/G26-1 -> -0.16584188 | J26: =H26-G26 -> -28658.46 | K26: =ינואר!J26+פברואר!J26+מרץ!J26+אפריל!J26+מאי!J26+יוני!J26 -> 150000 | L26: =H26/K26-1 -> -0.039016867 | M26: =H26-K26 -> -5852.53
A27: 26 | B27: 216 - Max Konnaris CYPRUS | C27: Total - 216 - Max Konnaris CYPRUS | D27: MAX KONNARIS LTD | E27: CYPRUS | F27: =ינואר!E27+פברואר!E27+מרץ!E27+אפריל!E27+מאי!E27+יוני!E27 -> 100166.79 | G27: =ינואר!F27+פברואר!F27+מרץ!F27+אפריל!F27+מאי!F27+יוני!F27 -> 35240.62 | H27: =ינואר!G27+פברואר!G27+מרץ!G27+אפריל!G27+מאי!G27+יוני!G27 -> 60694.01 | I27: =H27/G27-1 -> 0.72227418 | J27: =H27-G27 -> 25453.39 | K27: =ינואר!J27+פברואר!J27+מרץ!J27+אפריל!J27+מאי!J27+יוני!J27 -> 120000 | L27: =H27/K27-1 -> -0.49421658 | M27: =H27-K27 -> -59305.99
A28: 27 | B28: 208 - Medipal Company NABLUS | C28: Total - 208 - Medipal Company NABLUS | D28: MEDIPAL COMPANY | E28: NABLUS | F28: =ינואר!E28+פברואר!E28+מרץ!E28+אפריל!E28+מאי!E28+יוני!E28 -> 171813.81 | G28: =ינואר!F28+פברואר!F28+מרץ!F28+אפריל!F28+מאי!F28+יוני!F28 -> 0.22 | H28: =ינואר!G28+פברואר!G28+מרץ!G28+אפריל!G28+מאי!G28+יוני!G28 -> 0 | I28: =H28/G28-1 -> -1 | J28: =H28-G28 -> -0.22 | K28: =ינואר!J28+פברואר!J28+מרץ!J28+אפריל!J28+מאי!J28+יוני!J28 -> 0 | L28: =H28/K28-1 -> #DIV/0! | M28: =H28-K28 -> 0
A29: 28 | B29: 209 - Ortoprofil Prod ROMANIA | C29: Total - 209 - Ortoprofil Prod ROMANIA | D29: ORTOPROFIL PROD. ROMANIA | E29: ROMANIA | F29: =ינואר!E29+פברואר!E29+מרץ!E29+אפריל!E29+מאי!E29+יוני!E29 -> 171840.65 | G29: =ינואר!F29+פברואר!F29+מרץ!F29+אפריל!F29+מאי!F29+יוני!F29 -> 188303.07 | H29: =ינואר!G29+פברואר!G29+מרץ!G29+אפריל!G29+מאי!G29+יוני!G29 -> 203207.09 | I29: =H29/G29-1 -> 0.079149108 | J29: =H29-G29 -> 14904.02 | K29: =ינואר!J29+פברואר!J29+מרץ!J29+אפריל!J29+מאי!J29+יוני!J29 -> 211409.54 | L29: =H29/K29-1 -> -0.038798882 | M29: =H29-K29 -> -8202.454
A30: 29 | B30: 210 - Oy. Ea. Ab. FINLAND | C30: Total - 210 - Oy. Ea. Ab. FINLAND | D30: OY. EA. AB. | E30: FINLAND | F30: =ינואר!E30+פברואר!E30+מרץ!E30+אפריל!E30+מאי!E30+יוני!E30 -> 49617.59 | G30: =ינואר!F30+פברואר!F30+מרץ!F30+אפריל!F30+מאי!F30+יוני!F30 -> 32010.18 | H30: =ינואר!G30+פברואר!G30+מרץ!G30+אפריל!G30+מאי!G30+יוני!G30 -> 43116.44 | I30: =H30/G30-1 -> 0.34696025 | J30: =H30-G30 -> 11106.26 | K30: =ינואר!J30+פברואר!J30+מרץ!J30+אפריל!J30+מאי!J30+יוני!J30 -> 35000 | L30: =H30/K30-1 -> 0.23189829 | M30: =H30-K30 -> 8116.44
A31: 30 | B31: 201- Seven Gear FINLAND oy | C31: Total - 201- Seven Gear FINLAND oy | D31: SEVEN GEAR | E31: FINLAND | F31: =ינואר!E31+פברואר!E31+מרץ!E31+אפריל!E31+מאי!E31+יוני!E31 -> 20354.79 | G31: =ינואר!F31+פברואר!F31+מרץ!F31+אפריל!F31+מאי!F31+יוני!F31 -> 38733.3 | H31: =ינואר!G31+פברואר!G31+מרץ!G31+אפריל!G31+מאי!G31+יוני!G31 -> 17809.5 | I31: =H31/G31-1 -> -0.54020184 | J31: =H31-G31 -> -20923.8 | K31: =ינואר!J31+פברואר!J31+מרץ!J31+אפריל!J31+מאי!J31+יוני!J31 -> 20000 | L31: =H31/K31-1 -> -0.109525 | M31: =H31-K31 -> -2190.5
A32: 31 | B32: 211 - Pharmag Lachmair Ges. Mbh AUSTRIA | C32: 211 - Pharmag Lachmair Ges. Mbh AUSTRIA | D32: PHARMAG LACHMAIR GES. MBH | E32: AUSTRIA | F32: =ינואר!E32+פברואר!E32+מרץ!E32+אפריל!E32+מאי!E32+יוני!E32 -> 0 | G32: =ינואר!F32+פברואר!F32+מרץ!F32+אפריל!F32+מאי!F32+יוני!F32 -> 16024.5 | H32: =ינואר!G32+פברואר!G32+מרץ!G32+אפריל!G32+מאי!G32+יוני!G32 -> 0 | I32: =H32/G32-1 -> -1 | J32: =H32-G32 -> -16024.5 | K32: =ינואר!J32+פברואר!J32+מרץ!J32+אפריל!J32+מאי!J32+יוני!J32 -> 18000 | L32: =H32/K32-1 -> -1 | M32: =H32-K32 -> -18000
D33: REMEDICARE B.V. | E33: HOLLAND | F33: =ינואר!E33+פברואר!E33+מרץ!E33+אפריל!E33+מאי!E33+יוני!E33 -> 0 | G33: =ינואר!F33+פברואר!F33+מרץ!F33+אפריל!F33+מאי!F33+יוני!F33 -> 0 | H33: =ינואר!G33+פברואר!G33+מרץ!G33+אפריל!G33+מאי!G33+יוני!G33 -> 0 | I33: =H33/G33-1 -> #DIV/0! | J33: =H33-G33 -> 0 | K33: =ינואר!J33+פברואר!J33+מרץ!J33+אפריל!J33+מאי!J33+יוני!J33 -> 0 | L33: =H33/K33-1 -> #DIV/0! | M33: =H33-K33 -> 0
A34: 32 | B34: 213 - E.f.m.o. SPAIN | C34: Total - 213 - E.f.m.o. SPAIN | D34: E.F.M.O. | E34: SPAIN | F34: =ינואר!E34+פברואר!E34+מרץ!E34+אפריל!E34+מאי!E34+יוני!E34 -> 19941.82 | G34: =ינואר!F34+פברואר!F34+מרץ!F34+אפריל!F34+מאי!F34+יוני!F34 -> 39713.57 | H34: =ינואר!G34+פברואר!G34+מרץ!G34+אפריל!G34+מאי!G34+יוני!G34 -> 18792.66 | I34: =H34/G34-1 -> -0.526795 | J34: =H34-G34 -> -20920.91 | K34: =ינואר!J34+פברואר!J34+מרץ!J34+אפריל!J34+מאי!J34+יוני!J34 -> 40000 | L34: =H34/K34-1 -> -0.5301835 | M34: =H34-K34 -> -21207.34
A35: 33 | B35: 214 - Alfred Gera& Sons Ltd. MALTA | C35: Total - 214 - Alfred Gera& Sons Ltd. MALTA | D35: ALFRED GERA | E35: MALTA | F35: =ינואר!E35+פברואר!E35+מרץ!E35+אפריל!E35+מאי!E35+יוני!E35 -> 34034.18 | G35: =ינואר!F35+פברואר!F35+מרץ!F35+אפריל!F35+מאי!F35+יוני!F35 -> 30531.53 | H35: =ינואר!G35+פברואר!G35+מרץ!G35+אפריל!G35+מאי!G35+יוני!G35 -> 0 | I35: =H35/G35-1 -> -1 | J35: =H35-G35 -> -30531.53 | K35: =ינואר!J35+פברואר!J35+מרץ!J35+אפריל!J35+מאי!J35+יוני!J35 -> 40000 | L35: =H35/K35-1 -> -1 | M35: =H35-K35 -> -40000
B36: 212 - Quadrifoglio Medical ROMANIA | C36: 212 - Quadrifoglio Medical ROMANIA | D36: QUADRIFOGLIO MEDICAL | E36: ROMANIA | F36: =ינואר!E36+פברואר!E36+מרץ!E36+אפריל!E36+מאי!E36+יוני!E36 -> 41531.96 | G36: =ינואר!F36+פברואר!F36+מרץ!F36+אפריל!F36+מאי!F36+יוני!F36 -> 0 | H36: =ינואר!G36+פברואר!G36+מרץ!G36+אפריל!G36+מאי!G36+יוני!G36 -> 0 | I36: =H36/G36-1 -> #DIV/0! | J36: =H36-G36 -> 0 | K36: =ינואר!J36+פברואר!J36+מרץ!J36+אפריל!J36+מאי!J36+יוני!J36 -> 0 | L36: =H36/K36-1 -> #DIV/0! | M36: =H36-K36 -> 0
A37: 34 | B37: 215 - Young In Healthcare Co. SOUTH KOREA | C37: 215 - Young In Healthcare Co. SOUTH KOREA | D37: YOUNG IN HEALTHCARE CO., | E37: KOREA | F37: =ינואר!E37+פברואר!E37+מרץ!E37+אפריל!E37+מאי!E37+יוני!E37 -> 22310.96 | G37: =ינואר!F37+פברואר!F37+מרץ!F37+אפריל!F37+מאי!F37+יוני!F37 -> 0 | H37: =ינואר!G37+פברואר!G37+מרץ!G37+אפריל!G37+מאי!G37+יוני!G37 -> 0 | I37: =H37/G37-1 -> #DIV/0! | J37: =H37-G37 -> 0 | K37: =ינואר!J37+פברואר!J37+מרץ!J37+אפריל!J37+מאי!J37+יוני!J37 -> 0 | L37: =H37/K37-1 -> #DIV/0! | M37: =H37-K37 -> 0
A38: 35 | B38: 200 - ROW : 217 - N3W FOODS USA | C38: 200 - ROW : 217 - N3W FOODS USA | D38: HANS | E38: USA | F38: =ינואר!E38+פברואר!E38+מרץ!E38+אפריל!E38+מאי!E38+יוני!E38 -> 0 | G38: =ינואר!F38+פברואר!F38+מרץ!F38+אפריל!F38+מאי!F38+יוני!F38 -> 248.59 | H38: =ינואר!G38+פברואר!G38+מרץ!G38+אפריל!G38+מאי!G38+יוני!G38 -> 0 | I38: =H38/G38-1 -> -1 | J38: =H38-G38 -> -248.59 | K38: =ינואר!J38+פברואר!J38+מרץ!J38+אפריל!J38+מאי!J38+יוני!J38 -> 200000 | L38: =H38/K38-1 -> -1 | M38: =H38-K38 -> -200000
A39: 36 | C39: NEW DISTRIBUTORS | D39: NEW DISTRIBUTORS | F39: =ינואר!E39+פברואר!E39+מרץ!E39+אפריל!E39+מאי!E39+יוני!E39 -> 0 | G39: =ינואר!F39+פברואר!F39+מרץ!F39+אפריל!F39+מאי!F39+יוני!F39 -> 0 | H39: =ינואר!G39+פברואר!G39+מרץ!G39+אפריל!G39+מאי!G39+יוני!G39 -> 0 | I39: =H39/G39-1 -> #DIV/0! | J39: =H39-G39 -> 0 | K39: =ינואר!J39+פברואר!J39+מרץ!J39+אפריל!J39+מאי!J39+יוני!J39 -> 200000 | L39: =H39/K39-1 -> -1 | M39: =H39-K39 -> -200000
C40: סה"כ חו"ל | D40: סה"כ חו"ל | F40: =SUM(F20:F39) -> 4115021.3 | G40: =SUM(G20:G39) -> 2510003.5 | H40: =SUM(H20:H39) -> 2801213.8 | I40: =H40/G40-1 -> 0.11601989 | J40: =SUM(J20:J39) -> 291210.34 | K40: =SUM(K20:K39) -> 4254849.6 | L40: =H40/K40-1 -> -0.3416421 | M40: =SUM(M20:M39) -> -1453635.8
C41: סה"כ מכירות | D41: סה"כ מכירות | F41: =F40+F19 -> 12809639 | G41: =G40+G19 -> 11632466 | H41: =H40+H19 -> 12671808 | I41: =H41/G41-1 -> 0.089348414 | J41: =J40+J19 -> 1039342.4 | K41: =K40+K19 -> 17405144 | L41: =H41/K41-1 -> -0.27195042 | M41: =M40+M19 -> -4733336.2
C42: אחוז מכירות חו"ל מסה"כ מכירות | D42: אחוז מכירות חו"ל מסה"כ מכירות | F42: =F40/F41 -> 0.32124413 | G42: =G40/G41 -> 0.21577571 | H42: =H40/H41 -> 0.22105873 | K42: =K40-ינואר!J40-פברואר!J40-מרץ!J40-אפריל!J40-מאי!J40-יוני!J40 -> -9.3132257e-10
F43: =F41-ינואר!E41-פברואר!E41-מרץ!E41-אפריל!E41-מאי!E41-יוני!E41 -> 2.5611371e-09

Sheet מצטבר מרץ
B1: דוח מכירות מצטבר מרץ 2026
D2: ארץ | E2: 1-3.2024 | F2: 1-3.2025 | G2: 1-3.2026 | H2: אחוז מול 2025 | I2: כספי מול 2025 | J2: תקציב | K2: % מול תקציב | L2: ₪ מול תקציב
A3: 111 - Superpharm Life | B3: סופר פארם לייף | C3: סופר פארם לייף | D3: ISRAEL | E3: =ינואר!E3+פברואר!E3+מרץ!E3 -> 346988.66 | F3: =ינואר!F3+פברואר!F3+מרץ!F3 -> 358245.8 | G3: =ינואר!G3+פברואר!G3+מרץ!G3 -> 550736.34 | H3: =G3/F3-1 -> 0.53731416 | I3: =G3-F3 -> 192490.54 | J3: =ינואר!J3+פברואר!J3+מרץ!J3 -> 538412.7 | K3: =G3/J3-1 -> 0.022888839 | L3: =G3-J3 -> 12323.642
A4: סופרפארם | B4: סופרפארם | C4: סופרפארם | D4: ISRAEL | E4: =ינואר!E4+פברואר!E4+מרץ!E4 -> 1316829.3 | F4: =ינואר!F4+פברואר!F4+מרץ!F4 -> 1515626.1 | G4: =ינואר!G4+פברואר!G4+מרץ!G4 -> 1311982.8 | H4: =G4/F4-1 -> -0.13436253 | I4: =G4-F4 -> -203643.35 | J4: =ינואר!J4+פברואר!J4+מרץ!J4 -> 1680031.7 | K4: =G4/J4-1 -> -0.21907264 | L4: =G4-J4 -> -368048.98
A5: BE | B5: BE | C5: BE | D5: ISRAEL | E5: =ינואר!E5+פברואר!E5+מרץ!E5 -> 244255.1 | F5: =ינואר!F5+פברואר!F5+מרץ!F5 -> 178709.44 | G5: =ינואר!G5+פברואר!G5+מרץ!G5 -> 195880.23 | H5: =G5/F5-1 -> 0.096082166 | I5: =G5-F5 -> 17170.79 | J5: =ינואר!J5+פברואר!J5+מרץ!J5 -> 228571.43 | K5: =G5/J5-1 -> -0.14302399 | L5: =G5-J5 -> -32691.199
A6: בתי מרקחת | B6: בתי מרקחת | C6: בתי מרקחת | D6: ISRAEL | E6: =ינואר!E6+פברואר!E6+מרץ!E6 -> 483341.15 | F6: =ינואר!F6+פברואר!F6+מרץ!F6 -> 422582.23 | G6: =ינואר!G6+פברואר!G6+מרץ!G6 -> 455568.59 | H6: =G6/F6-1 -> 0.078059015 | I6: =G6-F6 -> 32986.353 | J6: =ינואר!J6+פברואר!J6+מרץ!J6 -> 482539.68 | K6: =G6/J6-1 -> -0.055894047 | L6: =G6-J6 -> -26971.096
A7: 112 - Kupat Holim Clalit | B7: כללית | C7: כללית | D7: ISRAEL | E7: =ינואר!E7+פברואר!E7+מרץ!E7 -> 1189769.5 | F7: =ינואר!F7+פברואר!F7+מרץ!F7 -> 1074384 | G7: =ינואר!G7+פברואר!G7+מרץ!G7 -> 863414.1 | H7: =G7/F7-1 -> -0.19636359 | I7: =G7-F7 -> -210969.9 | J7: =ינואר!J7+פברואר!J7+מרץ!J7 -> 1095000 | K7: =G7/J7-1 -> -0.21149397 | L7: =G7-J7 -> -231585.9
A8: 113 - Kupat Holim Meuhedet | B8: מאוחדת | C8: מאוחדת | D8: ISRAEL | E8: =ינואר!E8+פברואר!E8+מרץ!E8 -> 243735.37 | F8: =ינואר!F8+פברואר!F8+מרץ!F8 -> 214483.08 | G8: =ינואר!G8+פברואר!G8+מרץ!G8 -> 175029.46 | H8: =G8/F8-1 -> -0.18394747 | I8: =G8-F8 -> -39453.62 | J8: =ינואר!J8+פברואר!J8+מרץ!J8 -> 303968.25 | K8: =G8/J8-1 -> -0.42418507 | L8: =G8-J8 -> -128938.79
A9: 102 - Orthopedic institutes | B9: מכוני אורטופדיה | C9: מכוני אורטופדיה | D9: ISRAEL | E9: =ינואר!E9+פברואר!E9+מרץ!E9 -> 264967.26 | F9: =ינואר!F9+פברואר!F9+מרץ!F9 -> 184543.23 | G9: =ינואר!G9+פברואר!G9+מרץ!G9 -> 216851.4 | H9: =G9/F9-1 -> 0.17507101 | I9: =G9-F9 -> 32308.17 | J9: =ינואר!J9+פברואר!J9+מרץ!J9 -> 443253.97 | K9: =G9/J9-1 -> -0.51077392 | L9: =G9-J9 -> -226402.57
A10: 101 - Factory customers | B10: לקוחות מפעל | C10: לקוחות מפעל | D10: ISRAEL | E10: =ינואר!E10+פברואר!E10+מרץ!E10 -> 48538.67 | F10: =ינואר!F10+פברואר!F10+מרץ!F10 -> 55293.41 | G10: =ינואר!G10+פברואר!G10+מרץ!G10 -> 36206.99 | H10: =G10/F10-1 -> -0.34518435 | I10: =G10-F10 -> -19086.42 | J10: =ינואר!J10+פברואר!J10+מרץ!J10 -> 48253.968 | K10: =G10/J10-1 -> -0.24965777 | L10: =G10-J10 -> -12046.978
A11: 109 - Private Shops | B11: חנויות פרטיות | C11: חנויות פרטיות | D11: ISRAEL | E11: =ינואר!E11+פברואר!E11+מרץ!E11 -> 9240.76 | F11: =ינואר!F11+פברואר!F11+מרץ!F11 -> 21423.82 | G11: =ינואר!G11+פברואר!G11+מרץ!G11 -> 12409.92 | H11: =G11/F11-1 -> -0.42074196 | I11: =G11-F11 -> -9013.9 | J11: =ינואר!J11+פברואר!J11+מרץ!J11 -> 23396.825 | K11: =G11/J11-1 -> -0.46958958 | L11: =G11-J11 -> -10986.905
A12: 105 - Pedicure Salons | B12: מכוני פדיקור | C12: מכוני פדיקור | D12: ISRAEL | E12: =ינואר!E12+פברואר!E12+מרץ!E12 -> 0 | F12: =ינואר!F12+פברואר!F12+מרץ!F12 -> 1732.3 | G12: =ינואר!G12+פברואר!G12+מרץ!G12 -> 1917.16 | H12: =G12/F12-1 -> 0.10671362 | I12: =G12-F12 -> 184.86 | J12: =ינואר!J12+פברואר!J12+מרץ!J12 -> 0 | L12: =G12-J12 -> 1917.16
A13: 104 - Sports Shop | B13: חנויות נעליים | C13: חנויות נעליים | D13: ISRAEL | E13: =ינואר!E13+פברואר!E13+מרץ!E13 -> 0 | F13: =ינואר!F13+פברואר!F13+מרץ!F13 -> 0 | G13: =ינואר!G13+פברואר!G13+מרץ!G13 -> 0 | H13: =G13/F13-1 -> #DIV/0! | I13: =G13-F13 -> 0 | J13: =ינואר!J13+פברואר!J13+מרץ!J13 -> 0 | L13: =G13-J13 -> 0
A14: 106 - Hospitals | B14: בתי חולים ושרות | C14: בתי חולים ושרות | D14: ISRAEL | E14: =ינואר!E14+פברואר!E14+מרץ!E14 -> 1275.21 | F14: =ינואר!F14+פברואר!F14+מרץ!F14 -> 11067.51 | G14: =ינואר!G14+פברואר!G14+מרץ!G14 -> 3470.98 | H14: =G14/F14-1 -> -0.68638113 | I14: =G14-F14 -> -7596.53 | J14: =ינואר!J14+פברואר!J14+מרץ!J14 -> 0 | L14: =G14-J14 -> 3470.98
A15: 103 - Physiotherapy institutes | B15: מכוני פיזיותרפיה | C15: מכוני פיזיותרפיה | D15: ISRAEL | E15: =ינואר!E15+פברואר!E15+מרץ!E15 -> 20179.98 | F15: =ינואר!F15+פברואר!F15+מרץ!F15 -> 29853.9 | G15: =ינואר!G15+פברואר!G15+מרץ!G15 -> 33410.51 | H15: =G15/F15-1 -> 0.11913385 | I15: =G15-F15 -> 3556.61 | J15: =ינואר!J15+פברואר!J15+מרץ!J15 -> 50793.651 | K15: =G15/J15-1 -> -0.34223058 | L15: =G15-J15 -> -17383.141
B16: סה"כ ישראל ללא אונליין | E16: =SUM(E3:E15) -> 4169121 | F16: =SUM(F3:F15) -> 4067944.8 | G16: =SUM(G3:G15) -> 3856878.4 | H16: =G16/F16-1 -> -0.051885266 | I16: =SUM(I3:I15) -> -211066.4 | J16: =SUM(J3:J15) -> 4894222.2 | K16: =G16/J16-1 -> -0.21195273 | L16: =SUM(L3:L15) -> -1037343.8
A17: 114 - IL online | B17: לקוחות אינטרנט | C17: לקוחות אינטרנט | D17: ISRAEL | E17: =ינואר!E17+פברואר!E17+מרץ!E17 -> 128416.35 | F17: =ינואר!F17+פברואר!F17+מרץ!F17 -> 289038.59 | G17: =ינואר!G17+פברואר!G17+מרץ!G17 -> 858282.39 | H17: =G17/F17-1 -> 1.9694388 | I17: =G17-F17 -> 569243.8 | J17: =ינואר!J17+פברואר!J17+מרץ!J17 -> 1230932.2 | K17: =G17/J17-1 -> -0.30273789 | L17: =G17-J17 -> -372649.81
A18: 115-SuperPharm Online | B18: סופר פארם מרקט פלייס | C18: סופר פארם מרקט פלייס | D18: ISRAEL | E18: =ינואר!E18+פברואר!E18+מרץ!E18 -> 6344.06 | F18: =ינואר!F18+פברואר!F18+מרץ!F18 -> 8798.68 | G18: =ינואר!G18+פברואר!G18+מרץ!G18 -> 5087.03 | H18: =G18/F18-1 -> -0.42184169 | I18: =G18-F18 -> -3711.65 | J18: =ינואר!J18+פברואר!J18+מרץ!J18 -> 7610.785 | K18: =G18/J18-1 -> -0.33160246 | L18: =G18-J18 -> -2523.755
B19: סה"כ ישראל | E19: =E16+E17+E18 -> 4303881.4 | F19: =F16+F17+F18 -> 4365782.1 | G19: =G16+G17+G18 -> 4720247.9 | H19: =G19/F19-1 -> 0.081191809 | I19: =I16+I17+I18 -> 354465.75 | J19: =J16+J17+J18 -> 6132765.2 | K19: =G19/J19-1 -> -0.23032308 | L19: =L16+L17+L18 -> -1412517.4
A20: 301 - Amazon | B20: Total - 301 - Amazon | C20: AMAZON | D20: USA | E20: =ינואר!E20+פברואר!E20+מרץ!E20 -> 1103838.6 | F20: =ינואר!F20+פברואר!F20+מרץ!F20 -> 615682.31 | G20: =ינואר!G20+פברואר!G20+מרץ!G20 -> 586175.55 | H20: =G20/F20-1 -> -0.047925301 | I20: =G20-F20 -> -29506.76 | J20: =ינואר!J20+פברואר!J20+מרץ!J20 -> 917409.48 | K20: =G20/J20-1 -> -0.36105353 | L20: =G20-J20 -> -331233.93
A21: 202 - Super-Pharm POLAND | B21: Total - 202 - Super-Pharm POLAND | C21: SUPER PHARM POLAND | D21: POLAND | E21: =ינואר!E21+פברואר!E21+מרץ!E21 -> 256045.17 | F21: =ינואר!F21+פברואר!F21+מרץ!F21 -> 213082.56 | G21: =ינואר!G21+פברואר!G21+מרץ!G21 -> 137198.2 | H21: =G21/F21-1 -> -0.35612656 | I21: =G21-F21 -> -75884.36 | J21: =ינואר!J21+פברואר!J21+מרץ!J21 -> 235200 | K21: =G21/J21-1 -> -0.41667432 | L21: =G21-J21 -> -98001.8
A22: 203 - Ortho- Partner ag SWITZERLAND | B22: Total - 203 - Ortho- Partner ag SWITZERLAND | C22: ORTHO- PARTNER AG. | D22: SWITZERLAND | E22: =ינואר!E22+פברואר!E22+מרץ!E22 -> 134605.5 | F22: =ינואר!F22+פברואר!F22+מרץ!F22 -> 80573.03 | G22: =ינואר!G22+פברואר!G22+מרץ!G22 -> 149149.43 | H22: =G22/F22-1 -> 0.85110862 | I22: =G22-F22 -> 68576.4 | J22: =ינואר!J22+פברואר!J22+מרץ!J22 -> 151610.27 | K22: =G22/J22-1 -> -0.016231354 | L22: =G22-J22 -> -2460.84
A23: 204 - Sanaflex Anatomic GREECE | B23: Total - 204 - Sanaflex Anatomic GREECE | C23: SANAFLEX ANATOMIC | D23: GREECE | E23: =ינואר!E23+פברואר!E23+מרץ!E23 -> 153212.06 | F23: =ינואר!F23+פברואר!F23+מרץ!F23 -> 85563.25 | G23: =ינואר!G23+פברואר!G23+מרץ!G23 -> 67158.97 | H23: =G23/F23-1 -> -0.21509562 | I23: =G23-F23 -> -18404.28 | J23: =ינואר!J23+פברואר!J23+מרץ!J23 -> 162158.97 | K23: =G23/J23-1 -> -0.58584487 | L23: =G23-J23 -> -95000
A24: 205 - Health Care Prod. Gmbh GERMANY | B24: Total - 205 - Health Care Prod. Gmbh GERMANY | C24: HEALTH CARE PROD. GMBH | D24: GERMANY | E24: =ינואר!E24+פברואר!E24+מרץ!E24 -> 32300.81 | F24: =ינואר!F24+פברואר!F24+מרץ!F24 -> 29999.78 | G24: =ינואר!G24+פברואר!G24+מרץ!G24 -> 44796.11 | H24: =G24/F24-1 -> 0.49321462 | I24: =G24-F24 -> 14796.33 | J24: =ינואר!J24+פברואר!J24+מרץ!J24 -> 32774.92 | K24: =G24/J24-1 -> 0.36678015 | L24: =G24-J24 -> 12021.19
A25: 206 - Orthomed Ltd BULGARIA | B25: Total - 206 - Orthomed Ltd BULGARIA | C25: ORTHOMED LTD | D25: BULGARIA | E25: =ינואר!E25+פברואר!E25+מרץ!E25 -> 50777.76 | F25: =ינואר!F25+פברואר!F25+מרץ!F25 -> 42132.93 | G25: =ינואר!G25+פברואר!G25+מרץ!G25 -> 0 | H25: =G25/F25-1 -> -1 | I25: =G25-F25 -> -42132.93 | J25: =ינואר!J25+פברואר!J25+מרץ!J25 -> 5000 | K25: =G25/J25-1 -> -1 | L25: =G25-J25 -> -5000
A26: 207 - Salus HUNGARY | B26: Total - 207 - Salus HUNGARY | C26: SALUS | D26: HUNGARY | E26: =ינואר!E26+פברואר!E26+מרץ!E26 -> 249206.12 | F26: =ינואר!F26+פברואר!F26+מרץ!F26 -> 0 | G26: =ינואר!G26+פברואר!G26+מרץ!G26 -> -1269.06 | H26: =G26/F26-1 -> #DIV/0! | I26: =G26-F26 -> -1269.06 | J26: =ינואר!J26+פברואר!J26+מרץ!J26 -> 0 | K26: =G26/J26-1 -> #DIV/0! | L26: =G26-J26 -> -1269.06
A27: 216 - Max Konnaris CYPRUS | B27: Total - 216 - Max Konnaris CYPRUS | C27: MAX KONNARIS LTD | D27: CYPRUS | E27: =ינואר!E27+פברואר!E27+מרץ!E27 -> 62495.48 | F27: =ינואר!F27+פברואר!F27+מרץ!F27 -> 0 | G27: =ינואר!G27+פברואר!G27+מרץ!G27 -> 42152.31 | H27: =G27/F27-1 -> #DIV/0! | I27: =G27-F27 -> 42152.31 | J27: =ינואר!J27+פברואר!J27+מרץ!J27 -> 40000 | K27: =G27/J27-1 -> 0.05380775 | L27: =G27-J27 -> 2152.31
A28: 208 - Medipal Company NABLUS | B28: Total - 208 - Medipal Company NABLUS | C28: MEDIPAL COMPANY | D28: NABLUS | E28: =ינואר!E28+פברואר!E28+מרץ!E28 -> 171813.81 | F28: =ינואר!F28+פברואר!F28+מרץ!F28 -> 0.22 | G28: =ינואר!G28+פברואר!G28+מרץ!G28 -> 0 | H28: =G28/F28-1 -> -1 | I28: =G28-F28 -> -0.22 | J28: =ינואר!J28+פברואר!J28+מרץ!J28 -> 0 | K28: =G28/J28-1 -> #DIV/0! | L28: =G28-J28 -> 0
A29: 209 - Ortoprofil Prod ROMANIA | B29: Total - 209 - Ortoprofil Prod ROMANIA | C29: ORTOPROFIL PROD. ROMANIA | D29: ROMANIA | E29: =ינואר!E29+פברואר!E29+מרץ!E29 -> 75421.29 | F29: =ינואר!F29+פברואר!F29+מרץ!F29 -> 93346.17 | G29: =ינואר!G29+פברואר!G29+מרץ!G29 -> 52124.75 | H29: =G29/F29-1 -> -0.44159734 | I29: =G29-F29 -> -41221.42 | J29: =ינואר!J29+פברואר!J29+מרץ!J29 -> 92114.316 | K29: =G29/J29-1 -> -0.43412976 | L29: =G29-J29 -> -39989.566
A30: 210 - Oy. Ea. Ab. FINLAND | B30: Total - 210 - Oy. Ea. Ab. FINLAND | C30: OY. EA. AB. | D30: FINLAND | E30: =ינואר!E30+פברואר!E30+מרץ!E30 -> 0 | F30: =ינואר!F30+פברואר!F30+מרץ!F30 -> 32010.18 | G30: =ינואר!G30+פברואר!G30+מרץ!G30 -> 0 | H30: =G30/F30-1 -> -1 | I30: =G30-F30 -> -32010.18 | J30: =ינואר!J30+פברואר!J30+מרץ!J30 -> 0 | K30: =G30/J30-1 -> #DIV/0! | L30: =G30-J30 -> 0
A31: 201- Seven Gear FINLAND oy | B31: Total - 201- Seven Gear FINLAND oy | C31: SEVEN GEAR | D31: FINLAND | E31: =ינואר!E31+פברואר!E31+מרץ!E31 -> 0 | F31: =ינואר!F31+פברואר!F31+מרץ!F31 -> 19897.57 | G31: =ינואר!G31+פברואר!G31+מרץ!G31 -> 0 | H31: =G31/F31-1 -> -1 | I31: =G31-F31 -> -19897.57 | J31: =ינואר!J31+פברואר!J31+מרץ!J31 -> 20000 | K31: =G31/J31-1 -> -1 | L31: =G31-J31 -> -20000
A32: 211 - Pharmag Lachmair Ges. Mbh AUSTRIA | B32: 211 - Pharmag Lachmair Ges. Mbh AUSTRIA | C32: PHARMAG LACHMAIR GES. MBH | D32: AUSTRIA | E32: =ינואר!E32+פברואר!E32+מרץ!E32 -> 0 | F32: =ינואר!F32+פברואר!F32+מרץ!F32 -> 16024.5 | G32: =ינואר!G32+פברואר!G32+מרץ!G32 -> 0 | H32: =G32/F32-1 -> -1 | I32: =G32-F32 -> -16024.5 | J32: =ינואר!J32+פברואר!J32+מרץ!J32 -> 18000 | K32: =G32/J32-1 -> -1 | L32: =G32-J32 -> -18000
C33: REMEDICARE B.V. | D33: HOLLAND | E33: =ינואר!E33+פברואר!E33+מרץ!E33 -> 0 | F33: =ינואר!F33+פברואר!F33+מרץ!F33 -> 0 | G33: =ינואר!G33+פברואר!G33+מרץ!G33 -> 0 | H33: =G33/F33-1 -> #DIV/0! | I33: =G33-F33 -> 0 | J33: =ינואר!J33+פברואר!J33+מרץ!J33 -> 0 | K33: =G33/J33-1 -> #DIV/0! | L33: =G33-J33 -> 0
A34: 213 - E.f.m.o. SPAIN | B34: Total - 213 - E.f.m.o. SPAIN | C34: E.F.M.O. | D34: SPAIN | E34: =ינואר!E34+פברואר!E34+מרץ!E34 -> 19941.82 | F34: =ינואר!F34+פברואר!F34+מרץ!F34 -> 20695.69 | G34: =ינואר!G34+פברואר!G34+מרץ!G34 -> 18792.66 | H34: =G34/F34-1 -> -0.091952962 | I34: =G34-F34 -> -1903.03 | J34: =ינואר!J34+פברואר!J34+מרץ!J34 -> 18792.66 | K34: =G34/J34-1 -> 0 | L34: =G34-J34 -> 0
A35: 214 - Alfred Gera& Sons Ltd. MALTA | B35: Total - 214 - Alfred Gera& Sons Ltd. MALTA | C35: ALFRED GERA | D35: MALTA | E35: =ינואר!E35+פברואר!E35+מרץ!E35 -> 34034.18 | F35: =ינואר!F35+פברואר!F35+מרץ!F35 -> 0 | G35: =ינואר!G35+פברואר!G35+מרץ!G35 -> 0 | H35: =G35/F35-1 -> #DIV/0! | I35: =G35-F35 -> 0 | J35: =ינואר!J35+פברואר!J35+מרץ!J35 -> 0 | K35: =G35/J35-1 -> #DIV/0! | L35: =G35-J35 -> 0
A36: 212 - Quadrifoglio Medical ROMANIA | B36: 212 - Quadrifoglio Medical ROMANIA | C36: QUADRIFOGLIO MEDICAL | D36: ROMANIA | E36: =ינואר!E36+פברואר!E36+מרץ!E36 -> 0 | F36: =ינואר!F36+פברואר!F36+מרץ!F36 -> 0 | G36: =ינואר!G36+פברואר!G36+מרץ!G36 -> 0 | H36: =G36/F36-1 -> #DIV/0! | I36: =G36-F36 -> 0 | J36: =ינואר!J36+פברואר!J36+מרץ!J36 -> 0 | K36: =G36/J36-1 -> #DIV/0! | L36: =G36-J36 -> 0
A37: 215 - Young In Healthcare Co. SOUTH KOREA | B37: 215 - Young In Healthcare Co. SOUTH KOREA | C37: YOUNG IN HEALTHCARE CO., | D37: KOREA | E37: =ינואר!E37+פברואר!E37+מרץ!E37 -> 0 | F37: =ינואר!F37+פברואר!F37+מרץ!F37 -> 0 | G37: =ינואר!G37+פברואר!G37+מרץ!G37 -> 0 | H37: =G37/F37-1 -> #DIV/0! | I37: =G37-F37 -> 0 | J37: =ינואר!J37+פברואר!J37+מרץ!J37 -> 0 | K37: =G37/J37-1 -> #DIV/0! | L37: =G37-J37 -> 0
A38: 200 - ROW : 217 - N3W FOODS USA | B38: 200 - ROW : 217 - N3W FOODS USA | C38: HANS | D38: USA | E38: =ינואר!E38+פברואר!E38+מרץ!E38 -> 0 | F38: =ינואר!F38+פברואר!F38+מרץ!F38 -> 0 | G38: =ינואר!G38+פברואר!G38+מרץ!G38 -> 0 | H38: =G38/F38-1 -> #DIV/0! | I38: =G38-F38 -> 0 | J38: =ינואר!J38+פברואר!J38+מרץ!J38 -> 0 | K38: =G38/J38-1 -> #DIV/0! | L38: =G38-J38 -> 0
B39: NEW DISTRIBUTORS | C39: NEW DISTRIBUTORS | E39: =ינואר!E39+פברואר!E39+מרץ!E39 -> 0 | F39: =ינואר!F39+פברואר!F39+מרץ!F39 -> 0 | G39: =ינואר!G39+פברואר!G39+מרץ!G39 -> 0 | H39: =G39/F39-1 -> #DIV/0! | I39: =G39-F39 -> 0 | J39: =ינואר!J39+פברואר!J39+מרץ!J39 -> 0 | K39: =G39/J39-1 -> #DIV/0! | L39: =G39-J39 -> 0
B40: סה"כ חו"ל | E40: =SUM(E20:E39) -> 2343692.6 | F40: =SUM(F20:F39) -> 1249008.2 | G40: =SUM(G20:G39) -> 1096278.9 | H40: =G40/F40-1 -> -0.12228044 | I40: =SUM(I20:I39) -> -152729.27 | J40: =SUM(J20:J39) -> 1693060.6 | K40: =G40/J40-1 -> -0.3524869 | L40: =SUM(L20:L39) -> -596781.69
B41: סה"כ מכירות | E41: =E40+E19 -> 6647574 | F41: =F40+F19 -> 5614790.3 | G41: =G40+G19 -> 5816526.8 | H41: =G41/F41-1 -> 0.035929477 | I41: =I40+I19 -> 201736.48 | J41: =J40+J19 -> 7825825.8 | K41: =G41/J41-1 -> -0.25675233 | L41: =L40+L19 -> -2009299
B42: אחוז מכירות חו"ל מסה"כ מכירות | E42: =E40/E41 -> 0.3525636 | F42: =F40/F41 -> 0.22244966 | G42: =G40/G41 -> 0.18847655 | J42: =J40-ינואר!J40-פברואר!J40-מרץ!J40 -> 0
E43: =E41-ינואר!E41-פברואר!E41-מרץ!E41 -> 0

Sheet אפריל
B1: דוח מכירות אפריל 2026
D2: ארץ | E2: 4.2024 | F2: 4.2025 | G2: 4.2026 | H2: אחוז מול 2025 | I2: כספי מול 2025 | J2: תקציב | K2: % מול תקציב | L2: ₪ מול תקציב
A3: 111 - Superpharm Life | B3: סופר פארם לייף | C3: סופר פארם לייף | D3: ISRAEL | E3: =VLOOKUP(A3,'2024'!$A:$O,5,0) -> 263037.5 | F3: =VLOOKUP($A3,'2025'!$A:$O,5,0) -> 336937.6 | G3: 124575.26 | H3: =G3/F3-1 -> -0.63027201 | I3: =G3-F3 -> -212362.34 | J3: =VLOOKUP(B3,'תקציב '!$B:$S,7,0)*1 -> 173015.87 | K3: =G3/J3-1 -> -0.27997786 | L3: =G3-J3 -> -48440.613
A4: סופרפארם | B4: סופרפארם | C4: סופרפארם | D4: ISRAEL | E4: =VLOOKUP(B4,'2024'!$A:$O,5,0) -> 473814.8 | F4: =VLOOKUP($A4,'2025'!$A:$O,5,0) -> 549545.83 | G4: 429718.2 | H4: =G4/F4-1 -> -0.21804848 | I4: =G4-F4 -> -119827.63 | J4: =VLOOKUP(B4,'תקציב '!$B:$S,7,0)*1 -> 475539.68 | K4: =G4/J4-1 -> -0.096356805 | L4: =G4-J4 -> -45821.485
A5: BE | B5: BE | C5: BE | D5: ISRAEL | E5: =VLOOKUP(B5,'2024'!$A:$O,5,0) -> 100846.29 | F5: =VLOOKUP($A5,'2025'!$A:$O,5,0) -> 75168 | G5: 83501.964 | H5: =G5/F5-1 -> 0.11087117 | I5: =G5-F5 -> 8333.964 | J5: =VLOOKUP(B5,'תקציב '!$B:$S,7,0)*1 -> 60714.286 | K5: =G5/J5-1 -> 0.37532647 | L5: =G5-J5 -> 22787.678
A6: בתי מרקחת | B6: בתי מרקחת | C6: בתי מרקחת | D6: ISRAEL | E6: =VLOOKUP(B6,'2024'!$A:$O,5,0) -> 132554.79 | F6: =VLOOKUP($A6,'2025'!$A:$O,5,0) -> 173213.55 | G6: 125615.73 | H6: =G6/F6-1 -> -0.27479273 | I6: =G6-F6 -> -47597.824 | J6: =VLOOKUP(A6,'תקציב '!$B:$S,7,0)*1 -> 134174.6 | K6: =G6/J6-1 -> -0.0637891 | L6: =G6-J6 -> -8558.8772
A7: 112 - Kupat Holim Clalit | B7: כללית | C7: כללית | D7: ISRAEL | E7: =VLOOKUP(A7,'2024'!$A:$O,5,0) -> 244648 | F7: =VLOOKUP($A7,'2025'!$A:$O,5,0) -> 263457 | G7: 220778.2 | H7: =G7/F7-1 -> -0.16199532 | I7: =G7-F7 -> -42678.8 | J7: =VLOOKUP(B7,'תקציב '!$B:$S,7,0)*1 -> 365000 | K7: =G7/J7-1 -> -0.39512822 | L7: =G7-J7 -> -144221.8
A8: 113 - Kupat Holim Meuhedet | B8: מאוחדת | C8: מאוחדת | D8: ISRAEL | E8: =VLOOKUP(A8,'2024'!$A:$O,5,0) -> 59971.53 | F8: =VLOOKUP($A8,'2025'!$A:$O,5,0) -> 62433.13 | G8: 50971.08 | H8: =G8/F8-1 -> -0.18358923 | I8: =G8-F8 -> -11462.05 | J8: =VLOOKUP(B8,'תקציב '!$B:$S,7,0)*1 -> 97460.317 | K8: =G8/J8-1 -> -0.47700683 | L8: =G8-J8 -> -46489.237
A9: 102 - Orthopedic institutes | B9: מכוני אורטופדיה | C9: מכוני אורטופדיה | D9: ISRAEL | E9: =VLOOKUP(A9,'2024'!$A:$O,5,0) -> 69580.43 | F9: =VLOOKUP($A9,'2025'!$A:$O,5,0) -> 74555.12 | G9: 88526.04 | H9: =G9/F9-1 -> 0.18739048 | I9: =G9-F9 -> 13970.92 | J9: =VLOOKUP(B9,'תקציב '!$B:$S,7,0)*1 -> 139567.46 | K9: =G9/J9-1 -> -0.36571146 | L9: =G9-J9 -> -51041.42
A10: 101 - Factory customers | B10: לקוחות מפעל | C10: לקוחות מפעל | D10: ISRAEL | E10: =VLOOKUP(A10,'2024'!$A:$O,5,0) -> 14571.76 | F10: =VLOOKUP($A10,'2025'!$A:$O,5,0) -> 15201.7 | G10: 11923.54 | H10: =G10/F10-1 -> -0.2156443 | I10: =G10-F10 -> -3278.16 | J10: =VLOOKUP(B10,'תקציב '!$B:$S,7,0)*1 -> 12817.46 | K10: =G10/J10-1 -> -0.06974239 | L10: =G10-J10 -> -893.92032
A11: 109 - Private Shops | B11: חנויות פרטיות | C11: חנויות פרטיות | D11: ISRAEL | E11: =VLOOKUP(A11,'2024'!$A:$O,5,0) -> 11309.68 | F11: =VLOOKUP($A11,'2025'!$A:$O,5,0) -> 4054.42 | G11: 4956.22 | H11: =G11/F11-1 -> 0.22242392 | I11: =G11-F11 -> 901.8 | J11: =VLOOKUP(B11,'תקציב '!$B:$S,7,0)*1 -> 6746.0317 | K11: =G11/J11-1 -> -0.26531327 | L11: =G11-J11 -> -1789.8117
A12: 105 - Pedicure Salons | B12: מכוני פדיקור | C12: מכוני פדיקור | D12: ISRAEL | E12: =VLOOKUP(A12,'2024'!$A:$O,5,0) -> 850.4 | F12: =VLOOKUP($A12,'2025'!$A:$O,5,0) -> 0 | H12: =G12/F12-1 -> #DIV/0! | I12: =G12-F12 -> 0 | J12: =VLOOKUP(B12,'תקציב '!$B:$S,7,0)*1 -> 0 | L12: =G12-J12 -> 0
A13: 104 - Sports Shop | B13: חנויות נעליים | C13: חנויות נעליים | D13: ISRAEL | E13: =VLOOKUP(A13,'2024'!$A:$O,5,0) -> 0 | F13: =VLOOKUP($A13,'2025'!$A:$O,5,0) -> 0 | H13: =G13/F13-1 -> #DIV/0! | I13: =G13-F13 -> 0 | J13: =VLOOKUP(B13,'תקציב '!$B:$S,7,0)*1 -> 12500 | K13: =G13/J13-1 -> -1 | L13: =G13-J13 -> -12500
A14: 106 - Hospitals | B14: בתי חולים ושרות | C14: בתי חולים ושרות | D14: ISRAEL | E14: =VLOOKUP(A14,'2024'!$A:$O,5,0) -> 0 | F14: =VLOOKUP($A14,'2025'!$A:$O,5,0) -> 0 | G14: 847.74 | H14: =G14/F14-1 -> #DIV/0! | I14: =G14-F14 -> 847.74 | J14: =VLOOKUP(B14,'תקציב '!$B:$S,7,0)*1 -> 50000 | K14: =G14/J14-1 -> -0.9830452 | L14: =G14-J14 -> -49152.26
A15: 103 - Physiotherapy institutes | B15: מכוני פיזיותרפיה | C15: מכוני פיזיותרפיה | D15: ISRAEL | E15: =VLOOKUP(A15,'2024'!$A:$O,5,0) -> 3314.43 | F15: =VLOOKUP($A15,'2025'!$A:$O,5,0) -> 5898.37 | G15: 33906.96 | H15: =G15/F15-1 -> 4.7485305 | I15: =G15-F15 -> 28008.59 | J15: =VLOOKUP(B15,'תקציב '!$B:$S,7,0)*1 -> 13492.063 | K15: =G15/J15-1 -> 1.5131041 | L15: =G15-J15 -> 20414.897
B16: סה"כ ישראל ללא אונליין | E16: =SUM(E3:E15) -> 1374499.6 | F16: =SUM(F3:F15) -> 1560464.7 | G16: =SUM(G3:G15) -> 1175320.9 | H16: =G16/F16-1 -> -0.24681352 | I16: =SUM(I3:I15) -> -385143.79 | J16: =SUM(J3:J15) -> 1541027.8 | K16: =G16/J16-1 -> -0.2373136 | L16: =SUM(L3:L15) -> -365706.85
A17: 114 - IL online | B17: לקוחות אינטרנט | C17: לקוחות אינטרנט | D17: ISRAEL | E17: =VLOOKUP(A17,'2024'!$A:$O,5,0) -> 43476.43 | F17: =VLOOKUP($A17,'2025'!$A:$O,5,0) -> 96447.31 | G17: 544858.41 | H17: =G17/F17-1 -> 4.6492857 | I17: =G17-F17 -> 448411.1 | J17: =VLOOKUP(B17,'תקציב '!$B:$S,7,0)*1 -> 453601.69 | K17: =G17/J17-1 -> 0.20118248 | L17: =G17-J17 -> 91256.715
A18: 115-SuperPharm Online | B18: סופר פארם מרקט פלייס | C18: סופר פארם מרקט פלייס | D18: ISRAEL | E18: =VLOOKUP(A18,'2024'!$A:$O,5,0) -> 2046.43 | F18: =VLOOKUP($A18,'2025'!$A:$O,5,0) -> 2606.4 | G18: 1302.94 | H18: =G18/F18-1 -> -0.50009975 | I18: =G18-F18 -> -1303.46 | J18: =VLOOKUP(B18,'תקציב '!$B:$S,7,0)*1 -> 2536.9283 | K18: =G18/J18-1 -> -0.4864104 | L18: =G18-J18 -> -1233.9883
B19: סה"כ ישראל | E19: =E16+E17+E18 -> 1420022.5 | F19: =F16+F17+F18 -> 1659518.4 | G19: =G16+G17+G18 -> 1721482.3 | H19: =G19/F19-1 -> 0.037338451 | I19: =I16+I17+I18 -> 61963.848 | J19: =J16+J17+J18 -> 1997166.4 | K19: =G19/J19-1 -> -0.13803763 | L19: =L16+L17+L18 -> -275684.12
A20: 301 - Amazon | B20: Total - 301 - Amazon | C20: AMAZON | D20: USA | E20: =VLOOKUP(A20,'2024'!$A:$O,5,0) -> 264520.55 | F20: =VLOOKUP($A20,'2025'!$A:$O,5,0) -> 238431.78 | G20: 214988.69 | H20: =G20/F20-1 -> -0.098322002 | I20: =G20-F20 -> -23443.09 | J20: =VLOOKUP(B20,'תקציב '!$B:$S,7,0)*1 -> 367136.19 | K20: =G20/J20-1 -> -0.41441706 | L20: =G20-J20 -> -152147.5
A21: 202 - Super-Pharm POLAND | B21: Total - 202 - Super-Pharm POLAND | C21: SUPER PHARM POLAND | D21: POLAND | E21: =VLOOKUP(A21,'2024'!$A:$O,5,0) -> 184350.47 | F21: =VLOOKUP($A21,'2025'!$A:$O,5,0) -> 217182.24 | H21: =G21/F21-1 -> -1 | I21: =G21-F21 -> -217182.24 | J21: =VLOOKUP(B21,'תקציב '!$B:$S,7,0)*1 -> 0 | K21: =G21/J21-1 -> #DIV/0! | L21: =G21-J21 -> 0
A22: 203 - Ortho- Partner ag SWITZERLAND | B22: Total - 203 - Ortho- Partner ag SWITZERLAND | C22: ORTHO- PARTNER AG. | D22: SWITZERLAND | E22: =VLOOKUP(A22,'2024'!$A:$O,5,0) -> 0 | F22: =VLOOKUP($A22,'2025'!$A:$O,5,0) -> 0 | G22: 123835.02 | H22: =G22/F22-1 -> #DIV/0! | I22: =G22-F22 -> 123835.02 | J22: =VLOOKUP(B22,'תקציב '!$B:$S,7,0)*1 -> 100000 | K22: =G22/J22-1 -> 0.2383502 | L22: =G22-J22 -> 23835.02
A23: 204 - Sanaflex Anatomic GREECE | B23: Total - 204 - Sanaflex Anatomic GREECE | C23: SANAFLEX ANATOMIC | D23: GREECE | E23: =VLOOKUP(A23,'2024'!$A:$O,5,0) -> 0 | F23: =VLOOKUP($A23,'2025'!$A:$O,5,0) -> 88706.82 | G23: 92404.96 | H23: =G23/F23-1 -> 0.041689466 | I23: =G23-F23 -> 3698.14 | J23: =VLOOKUP(B23,'תקציב '!$B:$S,7,0)*1 -> 0 | K23: =G23/J23-1 -> #DIV/0! | L23: =G23-J23 -> 92404.96
A24: 205 - Health Care Prod. Gmbh GERMANY | B24: Total - 205 - Health Care Prod. Gmbh GERMANY | C24: HEALTH CARE PROD. GMBH | D24: GERMANY | E24: =VLOOKUP(A24,'2024'!$A:$O,5,0) -> 17556.44 | F24: =VLOOKUP($A24,'2025'!$A:$O,5,0) -> 11888.32 | H24: =G24/F24-1 -> -1 | I24: =G24-F24 -> -11888.32 | J24: =VLOOKUP(B24,'תקציב '!$B:$S,7,0)*1 -> 10000 | K24: =G24/J24-1 -> -1 | L24: =G24-J24 -> -10000
A25: 206 - Orthomed Ltd BULGARIA | B25: Total - 206 - Orthomed Ltd BULGARIA | C25: ORTHOMED LTD | D25: BULGARIA | E25: =VLOOKUP(A25,'2024'!$A:$O,5,0) -> 0 | F25: =VLOOKUP($A25,'2025'!$A:$O,5,0) -> 0 | H25: =G25/F25-1 -> #DIV/0! | I25: =G25-F25 -> 0 | J25: =VLOOKUP(B25,'תקציב '!$B:$S,7,0)*1 -> 5000 | K25: =G25/J25-1 -> -1 | L25: =G25-J25 -> -5000
A26: 207 - Salus HUNGARY | B26: Total - 207 - Salus HUNGARY | C26: SALUS | D26: HUNGARY | E26: =VLOOKUP(A26,'2024'!$A:$O,5,0) -> 0 | F26: =VLOOKUP($A26,'2025'!$A:$O,5,0) -> 0 | G26: 165356.86 | H26: =G26/F26-1 -> #DIV/0! | I26: =G26-F26 -> 165356.86 | J26: =VLOOKUP(B26,'תקציב '!$B:$S,7,0)*1 -> 150000 | K26: =G26/J26-1 -> 0.10237907 | L26: =G26-J26 -> 15356.86
A27: 216 - Max Konnaris CYPRUS | B27: Total - 216 - Max Konnaris CYPRUS | C27: MAX KONNARIS LTD | D27: CYPRUS | E27: =VLOOKUP(A27,'2024'!$A:$O,5,0) -> 0 | F27: =VLOOKUP($A27,'2025'!$A:$O,5,0) -> 35240.62 | H27: =G27/F27-1 -> -1 | I27: =G27-F27 -> -35240.62 | J27: =VLOOKUP(B27,'תקציב '!$B:$S,7,0)*1 -> 40000 | K27: =G27/J27-1 -> -1 | L27: =G27-J27 -> -40000
A28: 208 - Medipal Company NABLUS | B28: Total - 208 - Medipal Company NABLUS | C28: MEDIPAL COMPANY | D28: NABLUS | E28: =VLOOKUP(A28,'2024'!$A:$O,5,0) -> 0 | F28: =VLOOKUP($A28,'2025'!$A:$O,5,0) -> 0 | H28: =G28/F28-1 -> #DIV/0! | I28: =G28-F28 -> 0 | J28: =VLOOKUP(B28,'תקציב '!$B:$S,7,0)*1 -> 0 | K28: =G28/J28-1 -> #DIV/0! | L28: =G28-J28 -> 0
A29: 209 - Ortoprofil Prod ROMANIA | B29: Total - 209 - Ortoprofil Prod ROMANIA | C29: ORTOPROFIL PROD. ROMANIA | D29: ROMANIA | E29: =VLOOKUP(A29,'2024'!$A:$O,5,0) -> 27828.48 | F29: =VLOOKUP($A29,'2025'!$A:$O,5,0) -> 38170.88 | G29: 60931.15 | H29: =G29/F29-1 -> 0.59627313 | I29: =G29-F29 -> 22760.27 | J29: =VLOOKUP(B29,'תקציב '!$B:$S,7,0)*1 -> 39765.076 | K29: =G29/J29-1 -> 0.53227797 | L29: =G29-J29 -> 21166.074
A30: 210 - Oy. Ea. Ab. FINLAND | B30: Total - 210 - Oy. Ea. Ab. FINLAND | C30: OY. EA. AB. | D30: FINLAND | E30: =VLOOKUP(A30,'2024'!$A:$O,5,0) -> 49617.59 | F30: =VLOOKUP($A30,'2025'!$A:$O,5,0) -> 0 | H30: =G30/F30-1 -> #DIV/0! | I30: =G30-F30 -> 0 | J30: =VLOOKUP(B30,'תקציב '!$B:$S,7,0)*1 -> 35000 | K30: =G30/J30-1 -> -1 | L30: =G30-J30 -> -35000
A31: 201- Seven Gear FINLAND oy | B31: Total - 201- Seven Gear FINLAND oy | C31: SEVEN GEAR | D31: FINLAND | E31: =VLOOKUP(A31,'2024'!$A:$O,5,0) -> 20354.79 | F31: =VLOOKUP($A31,'2025'!$A:$O,5,0) -> 0 | G31: 17809.5 | H31: =G31/F31-1 -> #DIV/0! | I31: =G31-F31 -> 17809.5 | J31: =VLOOKUP(B31,'תקציב '!$B:$S,7,0)*1 -> 0 | K31: =G31/J31-1 -> #DIV/0! | L31: =G31-J31 -> 17809.5
A32: 211 - Pharmag Lachmair Ges. Mbh AUSTRIA | B32: 211 - Pharmag Lachmair Ges. Mbh AUSTRIA | C32: PHARMAG LACHMAIR GES. MBH | D32: AUSTRIA | E32: =VLOOKUP(A32,'2024'!$A:$O,5,0) -> 0 | F32: =VLOOKUP($A32,'2025'!$A:$O,5,0) -> 0 | H32: =G32/F32-1 -> #DIV/0! | I32: =G32-F32 -> 0 | J32: =VLOOKUP(B32,'תקציב '!$B:$S,7,0)*1 -> 0 | K32: =G32/J32-1 -> #DIV/0! | L32: =G32-J32 -> 0
C33: REMEDICARE B.V. | D33: HOLLAND | H33: =G33/F33-1 -> #DIV/0! | I33: =G33-F33 -> 0 | K33: =G33/J33-1 -> #DIV/0! | L33: =G33-J33 -> 0
A34: 213 - E.f.m.o. SPAIN | B34: Total - 213 - E.f.m.o. SPAIN | C34: E.F.M.O. | D34: SPAIN | E34: =VLOOKUP(A34,'2024'!$A:$O,5,0) -> 0 | F34: =VLOOKUP($A34,'2025'!$A:$O,5,0) -> 0 | H34: =G34/F34-1 -> #DIV/0! | I34: =G34-F34 -> 0 | J34: =VLOOKUP(B34,'תקציב '!$B:$S,7,0)*1 -> 0 | K34: =G34/J34-1 -> #DIV/0! | L34: =G34-J34 -> 0
A35: 214 - Alfred Gera& Sons Ltd. MALTA | B35: Total - 214 - Alfred Gera& Sons Ltd. MALTA | C35: ALFRED GERA | D35: MALTA | E35: =VLOOKUP(A35,'2024'!$A:$O,5,0) -> 0 | F35: =VLOOKUP($A35,'2025'!$A:$O,5,0) -> 0 | H35: =G35/F35-1 -> #DIV/0! | I35: =G35-F35 -> 0 | J35: =VLOOKUP(B35,'תקציב '!$B:$S,7,0)*1 -> 0 | K35: =G35/J35-1 -> #DIV/0! | L35: =G35-J35 -> 0
A36: 212 - Quadrifoglio Medical ROMANIA | B36: 212 - Quadrifoglio Medical ROMANIA | C36: QUADRIFOGLIO MEDICAL | D36: ROMANIA | E36: =VLOOKUP(A36,'2024'!$A:$O,5,0) -> 41531.96 | F36: =VLOOKUP($A36,'2025'!$A:$O,5,0) -> 0 | H36: =G36/F36-1 -> #DIV/0! | I36: =G36-F36 -> 0 | K36: =G36/J36-1 -> #DIV/0! | L36: =G36-J36 -> 0
A37: 215 - Young In Healthcare Co. SOUTH KOREA | B37: 215 - Young In Healthcare Co. SOUTH KOREA | C37: YOUNG IN HEALTHCARE CO., | D37: KOREA | E37: =VLOOKUP(A37,'2024'!$A:$O,5,0) -> 0 | F37: =VLOOKUP($A37,'2025'!$A:$O,5,0) -> 0 | H37: =G37/F37-1 -> #DIV/0! | I37: =G37-F37 -> 0 | K37: =G37/J37-1 -> #DIV/0! | L37: =G37-J37 -> 0
A38: 200 - ROW : 217 - N3W FOODS USA | B38: 200 - ROW : 217 - N3W FOODS USA | C38: HANS | D38: USA | E38: =VLOOKUP(A38,'2024'!$A:$O,5,0) -> 0 | F38: =VLOOKUP($A38,'2025'!$A:$O,5,0) -> 0 | H38: =G38/F38-1 -> #DIV/0! | I38: =G38-F38 -> 0 | J38: =VLOOKUP(B38,'תקציב '!$B:$S,7,0)*1 -> 200000 | K38: =G38/J38-1 -> -1 | L38: =G38-J38 -> -200000
B39: NEW DISTRIBUTORS | C39: NEW DISTRIBUTORS | H39: =G39/F39-1 -> #DIV/0! | I39: =G39-F39 -> 0 | J39: =VLOOKUP(B39,'תקציב '!$B:$S,7,0)*1 -> 0 | K39: =G39/J39-1 -> #DIV/0! | L39: =G39-J39 -> 0
B40: סה"כ חו"ל | E40: =SUM(E20:E39) -> 605760.28 | F40: =SUM(F20:F39) -> 629620.66 | G40: =SUM(G20:G39) -> 675326.18 | H40: =G40/F40-1 -> 0.072592154 | I40: =SUM(I20:I39) -> 45705.52 | J40: =SUM(J20:J39) -> 946901.27 | K40: =G40/J40-1 -> -0.28680402 | L40: =SUM(L20:L39) -> -271575.09
B41: סה"כ מכירות | E41: =E40+E19 -> 2025782.7 | F41: =F40+F19 -> 2289139.1 | G41: =G40+G19 -> 2396808.5 | H41: =G41/F41-1 -> 0.047034874 | I41: =I40+I19 -> 107669.37 | J41: =J40+J19 -> 2944067.7 | K41: =G41/J41-1 -> -0.1858854 | L41: =L40+L19 -> -547259.21
B42: אחוז מכירות חו"ל מסה"כ מכירות | E42: =E40/E41 -> 0.29902529 | F42: =F40/F41 -> 0.27504692 | G42: =G40/G41 -> 0.2817606 | J42: =J41-'תקציב '!H41*1 -> 0
E43: =E41-'2024'!E38 -> 0

Sheet מצטבר אפריל
B1: דוח מכירות מצטבר אפריל 2026
D2: ארץ | E2: 1-4.2024 | F2: 1-4.2025 | G2: 1-4.2026 | H2: אחוז מול 2025 | I2: כספי מול 2025 | J2: תקציב | K2: % מול תקציב | L2: ₪ מול תקציב
A3: 111 - Superpharm Life | B3: סופר פארם לייף | C3: סופר פארם לייף | D3: ISRAEL | E3: =ינואר!E3+פברואר!E3+מרץ!E3+אפריל!E3 -> 610026.16 | F3: =ינואר!F3+פברואר!F3+מרץ!F3+אפריל!F3 -> 695183.4 | G3: =ינואר!G3+פברואר!G3+מרץ!G3+אפריל!G3 -> 675311.6 | H3: =G3/F3-1 -> -0.028584975 | I3: =G3-F3 -> -19871.8 | J3: =ינואר!J3+פברואר!J3+מרץ!J3+אפריל!J3 -> 711428.57 | K3: =G3/J3-1 -> -0.050766827 | L3: =G3-J3 -> -36116.971
A4: סופרפארם | B4: סופרפארם | C4: סופרפארם | D4: ISRAEL | E4: =ינואר!E4+פברואר!E4+מרץ!E4+אפריל!E4 -> 1790644.1 | F4: =ינואר!F4+פברואר!F4+מרץ!F4+אפריל!F4 -> 2065171.9 | G4: =ינואר!G4+פברואר!G4+מרץ!G4+אפריל!G4 -> 1741701 | H4: =G4/F4-1 -> -0.1566315 | I4: =G4-F4 -> -323470.99 | J4: =ינואר!J4+פברואר!J4+מרץ!J4+אפריל!J4 -> 2155571.4 | K4: =G4/J4-1 -> -0.19200035 | L4: =G4-J4 -> -413870.47
A5: BE | B5: BE | C5: BE | D5: ISRAEL | E5: =ינואר!E5+פברואר!E5+מרץ!E5+אפריל!E5 -> 345101.39 | F5: =ינואר!F5+פברואר!F5+מרץ!F5+אפריל!F5 -> 253877.44 | G5: =ינואר!G5+פברואר!G5+מרץ!G5+אפריל!G5 -> 279382.19 | H5: =G5/F5-1 -> 0.10046089 | I5: =G5-F5 -> 25504.754 | J5: =ינואר!J5+פברואר!J5+מרץ!J5+אפריל!J5 -> 289285.71 | K5: =G5/J5-1 -> -0.034234391 | L5: =G5-J5 -> -9903.5203
A6: בתי מרקחת | B6: בתי מרקחת | C6: בתי מרקחת | D6: ISRAEL | E6: =ינואר!E6+פברואר!E6+מרץ!E6+אפריל!E6 -> 615895.94 | F6: =ינואר!F6+פברואר!F6+מרץ!F6+אפריל!F6 -> 595795.78 | G6: =ינואר!G6+פברואר!G6+מרץ!G6+אפריל!G6 -> 581184.31 | H6: =G6/F6-1 -> -0.024524294 | I6: =G6-F6 -> -14611.471 | J6: =ינואר!J6+פברואר!J6+מרץ!J6+אפריל!J6 -> 616714.29 | K6: =G6/J6-1 -> -0.057611723 | L6: =G6-J6 -> -35529.973
A7: 112 - Kupat Holim Clalit | B7: כללית | C7: כללית | D7: ISRAEL | E7: =ינואר!E7+פברואר!E7+מרץ!E7+אפריל!E7 -> 1434417.5 | F7: =ינואר!F7+פברואר!F7+מרץ!F7+אפריל!F7 -> 1337841 | G7: =ינואר!G7+פברואר!G7+מרץ!G7+אפריל!G7 -> 1084192.3 | H7: =G7/F7-1 -> -0.18959555 | I7: =G7-F7 -> -253648.7 | J7: =ינואר!J7+פברואר!J7+מרץ!J7+אפריל!J7 -> 1460000 | K7: =G7/J7-1 -> -0.25740253 | L7: =G7-J7 -> -375807.7
A8: 113 - Kupat Holim Meuhedet | B8: מאוחדת | C8: מאוחדת | D8: ISRAEL | E8: =ינואר!E8+פברואר!E8+מרץ!E8+אפריל!E8 -> 303706.9 | F8: =ינואר!F8+פברואר!F8+מרץ!F8+אפריל!F8 -> 276916.21 | G8: =ינואר!G8+פברואר!G8+מרץ!G8+אפריל!G8 -> 226000.54 | H8: =G8/F8-1 -> -0.1838667 | I8: =G8-F8 -> -50915.67 | J8: =ינואר!J8+פברואר!J8+מרץ!J8+אפריל!J8 -> 401428.57 | K8: =G8/J8-1 -> -0.43700933 | L8: =G8-J8 -> -175428.03
A9: 102 - Orthopedic institutes | B9: מכוני אורטופדיה | C9: מכוני אורטופדיה | D9: ISRAEL | E9: =ינואר!E9+פברואר!E9+מרץ!E9+אפריל!E9 -> 334547.69 | F9: =ינואר!F9+פברואר!F9+מרץ!F9+אפריל!F9 -> 259098.35 | G9: =ינואר!G9+פברואר!G9+מרץ!G9+אפריל!G9 -> 305377.44 | H9: =G9/F9-1 -> 0.17861592 | I9: =G9-F9 -> 46279.09 | J9: =ינואר!J9+פברואר!J9+מרץ!J9+אפריל!J9 -> 582821.43 | K9: =G9/J9-1 -> -0.47603601 | L9: =G9-J9 -> -277443.99
A10: 101 - Factory customers | B10: לקוחות מפעל | C10: לקוחות מפעל | D10: ISRAEL | E10: =ינואר!E10+פברואר!E10+מרץ!E10+אפריל!E10 -> 63110.43 | F10: =ינואר!F10+פברואר!F10+מרץ!F10+אפריל!F10 -> 70495.11 | G10: =ינואר!G10+פברואר!G10+מרץ!G10+אפריל!G10 -> 48130.53 | H10: =G10/F10-1 -> -0.31725009 | I10: =G10-F10 -> -22364.58 | J10: =ינואר!J10+פברואר!J10+מרץ!J10+אפריל!J10 -> 61071.429 | K10: =G10/J10-1 -> -0.21189775 | L10: =G10-J10 -> -12940.899
A11: 109 - Private Shops | B11: חנויות פרטיות | C11: חנויות פרטיות | D11: ISRAEL | E11: =ינואר!E11+פברואר!E11+מרץ!E11+אפריל!E11 -> 20550.44 | F11: =ינואר!F11+פברואר!F11+מרץ!F11+אפריל!F11 -> 25478.24 | G11: =ינואר!G11+פברואר!G11+מרץ!G11+אפריל!G11 -> 17366.14 | H11: =G11/F11-1 -> -0.31839326 | I11: =G11-F11 -> -8112.1 | J11: =ינואר!J11+פברואר!J11+מרץ!J11+אפריל!J11 -> 30142.857 | K11: =G11/J11-1 -> -0.42387213 | L11: =G11-J11 -> -12776.717
A12: 105 - Pedicure Salons | B12: מכוני פדיקור | C12: מכוני פדיקור | D12: ISRAEL | E12: =ינואר!E12+פברואר!E12+מרץ!E12+אפריל!E12 -> 850.4 | F12: =ינואר!F12+פברואר!F12+מרץ!F12+אפריל!F12 -> 1732.3 | G12: =ינואר!G12+פברואר!G12+מרץ!G12+אפריל!G12 -> 1917.16 | H12: =G12/F12-1 -> 0.10671362 | I12: =G12-F12 -> 184.86 | J12: =ינואר!J12+פברואר!J12+מרץ!J12+אפריל!J12 -> 0 | L12: =G12-J12 -> 1917.16
A13: 104 - Sports Shop | B13: חנויות נעליים | C13: חנויות נעליים | D13: ISRAEL | E13: =ינואר!E13+פברואר!E13+מרץ!E13+אפריל!E13 -> 0 | F13: =ינואר!F13+פברואר!F13+מרץ!F13+אפריל!F13 -> 0 | G13: =ינואר!G13+פברואר!G13+מרץ!G13+אפריל!G13 -> 0 | H13: =G13/F13-1 -> #DIV/0! | I13: =G13-F13 -> 0 | J13: =ינואר!J13+פברואר!J13+מרץ!J13+אפריל!J13 -> 12500 | K13: =G13/J13-1 -> -1 | L13: =G13-J13 -> -12500
A14: 106 - Hospitals | B14: בתי חולים ושרות | C14: בתי חולים ושרות | D14: ISRAEL | E14: =ינואר!E14+פברואר!E14+מרץ!E14+אפריל!E14 -> 1275.21 | F14: =ינואר!F14+פברואר!F14+מרץ!F14+אפריל!F14 -> 11067.51 | G14: =ינואר!G14+פברואר!G14+מרץ!G14+אפריל!G14 -> 4318.72 | H14: =G14/F14-1 -> -0.60978395 | I14: =G14-F14 -> -6748.79 | J14: =ינואר!J14+פברואר!J14+מרץ!J14+אפריל!J14 -> 50000 | K14: =G14/J14-1 -> -0.9136256 | L14: =G14-J14 -> -45681.28
A15: 103 - Physiotherapy institutes | B15: מכוני פיזיותרפיה | C15: מכוני פיזיותרפיה | D15: ISRAEL | E15: =ינואר!E15+פברואר!E15+מרץ!E15+אפריל!E15 -> 23494.41 | F15: =ינואר!F15+פברואר!F15+מרץ!F15+אפריל!F15 -> 35752.27 | G15: =ינואר!G15+פברואר!G15+מרץ!G15+אפריל!G15 -> 67317.47 | H15: =G15/F15-1 -> 0.8828866 | I15: =G15-F15 -> 31565.2 | J15: =ינואר!J15+פברואר!J15+מרץ!J15+אפריל!J15 -> 64285.714 | K15: =G15/J15-1 -> 0.047160644 | L15: =G15-J15 -> 3031.7557
B16: סה"כ ישראל ללא אונליין | E16: =SUM(E3:E15) -> 5543620.6 | F16: =SUM(F3:F15) -> 5628409.6 | G16: =SUM(G3:G15) -> 5032199.4 | H16: =G16/F16-1 -> -0.10592872 | I16: =SUM(I3:I15) -> -596210.19 | J16: =SUM(J3:J15) -> 6435250 | K16: =G16/J16-1 -> -0.21802582 | L16: =SUM(L3:L15) -> -1403050.6
A17: 114 - IL online | B17: לקוחות אינטרנט | C17: לקוחות אינטרנט | D17: ISRAEL | E17: =ינואר!E17+פברואר!E17+מרץ!E17+אפריל!E17 -> 171892.78 | F17: =ינואר!F17+פברואר!F17+מרץ!F17+אפריל!F17 -> 385485.9 | G17: =ינואר!G17+פברואר!G17+מרץ!G17+אפריל!G17 -> 1403140.8 | H17: =G17/F17-1 -> 2.6399277 | I17: =G17-F17 -> 1017654.9 | J17: =ינואר!J17+פברואר!J17+מרץ!J17+אפריל!J17 -> 1684533.9 | K17: =G17/J17-1 -> -0.16704508 | L17: =G17-J17 -> -281393.1
A18: 115-SuperPharm Online | B18: סופר פארם מרקט פלייס | C18: סופר פארם מרקט פלייס | D18: ISRAEL | E18: =ינואר!E18+פברואר!E18+מרץ!E18+אפריל!E18 -> 8390.49 | F18: =ינואר!F18+פברואר!F18+מרץ!F18+אפריל!F18 -> 11405.08 | G18: =ינואר!G18+פברואר!G18+מרץ!G18+אפריל!G18 -> 6389.97 | H18: =G18/F18-1 -> -0.43972598 | I18: =G18-F18 -> -5015.11 | J18: =ינואר!J18+פברואר!J18+מרץ!J18+אפריל!J18 -> 10147.713 | K18: =G18/J18-1 -> -0.37030444 | L18: =G18-J18 -> -3757.7433
B19: סה"כ ישראל | E19: =E16+E17+E18 -> 5723903.9 | F19: =F16+F17+F18 -> 6025300.5 | G19: =G16+G17+G18 -> 6441730.1 | H19: =G19/F19-1 -> 0.069113498 | I19: =I16+I17+I18 -> 416429.6 | J19: =J16+J17+J18 -> 8129931.6 | K19: =G19/J19-1 -> -0.2076526 | L19: =L16+L17+L18 -> -1688201.5
A20: 301 - Amazon | B20: Total - 301 - Amazon | C20: AMAZON | D20: USA | E20: =ינואר!E20+פברואר!E20+מרץ!E20+אפריל!E20 -> 1368359.2 | F20: =ינואר!F20+פברואר!F20+מרץ!F20+אפריל!F20 -> 854114.09 | G20: =ינואר!G20+פברואר!G20+מרץ!G20+אפריל!G20 -> 801164.24 | H20: =G20/F20-1 -> -0.061993884 | I20: =G20-F20 -> -52949.85 | J20: =ינואר!J20+פברואר!J20+מרץ!J20+אפריל!J20 -> 1284545.7 | K20: =G20/J20-1 -> -0.37630537 | L20: =G20-J20 -> -483381.43
A21: 202 - Super-Pharm POLAND | B21: Total - 202 - Super-Pharm POLAND | C21: SUPER PHARM POLAND | D21: POLAND | E21: =ינואר!E21+פברואר!E21+מרץ!E21+אפריל!E21 -> 440395.64 | F21: =ינואר!F21+פברואר!F21+מרץ!F21+אפריל!F21 -> 430264.8 | G21: =ינואר!G21+פברואר!G21+מרץ!G21+אפריל!G21 -> 137198.2 | H21: =G21/F21-1 -> -0.68113078 | I21: =G21-F21 -> -293066.6 | J21: =ינואר!J21+פברואר!J21+מרץ!J21+אפריל!J21 -> 235200 | K21: =G21/J21-1 -> -0.41667432 | L21: =G21-J21 -> -98001.8
A22: 203 - Ortho- Partner ag SWITZERLAND | B22: Total - 203 - Ortho- Partner ag SWITZERLAND | C22: ORTHO- PARTNER AG. | D22: SWITZERLAND | E22: =ינואר!E22+פברואר!E22+מרץ!E22+אפריל!E22 -> 134605.5 | F22: =ינואר!F22+פברואר!F22+מרץ!F22+אפריל!F22 -> 80573.03 | G22: =ינואר!G22+פברואר!G22+מרץ!G22+אפריל!G22 -> 272984.45 | H22: =G22/F22-1 -> 2.3880375 | I22: =G22-F22 -> 192411.42 | J22: =ינואר!J22+פברואר!J22+מרץ!J22+אפריל!J22 -> 251610.27 | K22: =G22/J22-1 -> 0.084949553 | L22: =G22-J22 -> 21374.18
A23: 204 - Sanaflex Anatomic GREECE | B23: Total - 204 - Sanaflex Anatomic GREECE | C23: SANAFLEX ANATOMIC | D23: GREECE | E23: =ינואר!E23+פברואר!E23+מרץ!E23+אפריל!E23 -> 153212.06 | F23: =ינואר!F23+פברואר!F23+מרץ!F23+אפריל!F23 -> 174270.07 | G23: =ינואר!G23+פברואר!G23+מרץ!G23+אפריל!G23 -> 159563.93 | H23: =G23/F23-1 -> -0.084387067 | I23: =G23-F23 -> -14706.14 | J23: =ינואר!J23+פברואר!J23+מרץ!J23+אפריל!J23 -> 162158.97 | K23: =G23/J23-1 -> -0.016003062 | L23: =G23-J23 -> -2595.04
