Workbook

Sheet Index
A1: Sales Comparison 2025 vs 2026 - by Sale Type (NetSuite "1-Sales: Customer by Item")
A2: Calculation date: | B2: 46284
A3: Same 18-column format as Index in 2026-09-19-grouped-2025-vs-2026.xlsx / 2026-09-19-top-customers-2025-vs-2026.xlsx (no annualized columns here - annualization lives inside each Sale Type sheet only). "# Raw categories" is not meaningful for a single Sale Type - shown as N/A. 31 categories = the full canonical "Sale Type" list from the source file’s "list" sheet (includes Chemipal this time, per the user’s explicit instruction - different from the Customer-based exclusion used in top-customers).
A5: Group | B5: Sheet | C5: # Raw categories | D5: # Product Codes | E5: # Product Codes 2025 | F5: # Product Codes 2026 | G5: # DROP (sold 2025, 0 in 2026) | H5: # NEW (sold 2026, 0 in 2025) | I5: DROP — Quantity 2025 | J5: DROP — Amount 2025 (₪) | K5: NEW — Quantity 2026 | L5: NEW — Amount 2026 (₪) | M5: Quantity 2025 | N5: Quantity 2026 | O5: Qty Change % | P5: Amount 2025 (₪) | Q5: Amount 2026 (₪) | R5: Amount Change %
A6: 110 - Chemipal | B6: 110 - Chemipal | C6: N/A | D6: =COUNTA('110 - Chemipal'!$A$9:$A$569) -> 561 | E6: =SUMPRODUCT(--(('110 - Chemipal'!$C$9:$C$569<>0)+('110 - Chemipal'!$H$9:$H$569<>0)>0)) -> 559 | F6: =SUMPRODUCT(--(('110 - Chemipal'!$D$9:$D$569<>0)+('110 - Chemipal'!$I$9:$I$569<>0)>0)) -> 3 | G6: ='110 - Chemipal'!B5 -> 558 | H6: ='110 - Chemipal'!D5 -> 2 | I6: ='110 - Chemipal'!B6 -> 156696 | J6: ='110 - Chemipal'!D6 -> 5726866.7 | K6: ='110 - Chemipal'!F6 -> 3 | L6: ='110 - Chemipal'!H6 -> 0 | M6: ='110 - Chemipal'!C571 -> 156690 | N6: ='110 - Chemipal'!D571 -> 11 | O6: =IF('110 - Chemipal'!C571=0,"N/A",('110 - Chemipal'!D571-'110 - Chemipal'!C571)/'110 - Chemipal'!C571) -> -0.9999298 | P6: ='110 - Chemipal'!H571 -> 8447136.6 | Q6: ='110 - Chemipal'!I571 -> 5794673.6 | R6: =IF('110 - Chemipal'!H571=0,"N/A",('110 - Chemipal'!I571-'110 - Chemipal'!H571)/'110 - Chemipal'!H571) -> -0.31400735
A7: 102 - Orthopedic institutes | B7: 102 - Orthopedic institutes | C7: N/A | D7: =COUNTA('102 - Orthopedic institutes'!$A$9:$A$668) -> 660 | E7: =SUMPRODUCT(--(('102 - Orthopedic institutes'!$C$9:$C$668<>0)+('102 - Orthopedic institutes'!$H$9:$H$668<>0)>0)) -> 595 | F7: =SUMPRODUCT(--(('102 - Orthopedic institutes'!$D$9:$D$668<>0)+('102 - Orthopedic institutes'!$I$9:$I$668<>0)>0)) -> 475 | G7: ='102 - Orthopedic institutes'!B5 -> 185 | H7: ='102 - Orthopedic institutes'!D5 -> 65 | I7: ='102 - Orthopedic institutes'!B6 -> 826 | J7: ='102 - Orthopedic institutes'!D6 -> 59526.19 | K7: ='102 - Orthopedic institutes'!F6 -> 728 | L7: ='102 - Orthopedic institutes'!H6 -> 56220.09 | M7: ='102 - Orthopedic institutes'!C670 -> 11637 | N7: ='102 - Orthopedic institutes'!D670 -> 7815 | O7: =IF('102 - Orthopedic institutes'!C670=0,"N/A",('102 - Orthopedic institutes'!D670-'102 - Orthopedic institutes'!C670)/'102 - Orthopedic institutes'!C670) -> -0.32843516 | P7: ='102 - Orthopedic institutes'!H670 -> 850045.24 | Q7: ='102 - Orthopedic institutes'!I670 -> 647626.01 | R7: =IF('102 - Orthopedic institutes'!H670=0,"N/A",('102 - Orthopedic institutes'!I670-'102 - Orthopedic institutes'!H670)/'102 - Orthopedic institutes'!H670) -> -0.2381276
A8: 101 - Factory customers | B8: 101 - Factory customers | C8: N/A | D8: =COUNTA('101 - Factory customers'!$A$9:$A$528) -> 520 | E8: =SUMPRODUCT(--(('101 - Factory customers'!$C$9:$C$528<>0)+('101 - Factory customers'!$H$9:$H$528<>0)>0)) -> 424 | F8: =SUMPRODUCT(--(('101 - Factory customers'!$D$9:$D$528<>0)+('101 - Factory customers'!$I$9:$I$528<>0)>0)) -> 302 | G8: ='101 - Factory customers'!B5 -> 218 | H8: ='101 - Factory customers'!D5 -> 96 | I8: ='101 - Factory customers'!B6 -> 1086 | J8: ='101 - Factory customers'!D6 -> 55244.81 | K8: ='101 - Factory customers'!F6 -> 253 | L8: ='101 - Factory customers'!H6 -> 13716.33 | M8: ='101 - Factory customers'!C530 -> 3679 | N8: ='101 - Factory customers'!D530 -> 1378 | O8: =IF('101 - Factory customers'!C530=0,"N/A",('101 - Factory customers'!D530-'101 - Factory customers'!C530)/'101 - Factory customers'!C530) -> -0.6254417 | P8: ='101 - Factory customers'!H530 -> 185250.51 | Q8: ='101 - Factory customers'!I530 -> 78194.51 | R8: =IF('101 - Factory customers'!H530=0,"N/A",('101 - Factory customers'!I530-'101 - Factory customers'!H530)/'101 - Factory customers'!H530) -> -0.57789854
A9: 104 - Sports Shop | B9: 104 - Sports Shop | C9: N/A | D9: =COUNTA('104 - Sports Shop'!$A$9:$A$36) -> 28 | E9: =SUMPRODUCT(--(('104 - Sports Shop'!$C$9:$C$36<>0)+('104 - Sports Shop'!$H$9:$H$36<>0)>0)) -> 3 | F9: =SUMPRODUCT(--(('104 - Sports Shop'!$D$9:$D$36<>0)+('104 - Sports Shop'!$I$9:$I$36<>0)>0)) -> 25 | G9: ='104 - Sports Shop'!B5 -> 3 | H9: ='104 - Sports Shop'!D5 -> 25 | I9: ='104 - Sports Shop'!B6 -> 16 | J9: ='104 - Sports Shop'!D6 -> 514.2 | K9: ='104 - Sports Shop'!F6 -> 59 | L9: ='104 - Sports Shop'!H6 -> 1896.82 | M9: ='104 - Sports Shop'!C38 -> 16 | N9: ='104 - Sports Shop'!D38 -> 59 | O9: =IF('104 - Sports Shop'!C38=0,"N/A",('104 - Sports Shop'!D38-'104 - Sports Shop'!C38)/'104 - Sports Shop'!C38) -> 2.6875 | P9: ='104 - Sports Shop'!H38 -> 514.2 | Q9: ='104 - Sports Shop'!I38 -> 1896.82 | R9: =IF('104 - Sports Shop'!H38=0,"N/A",('104 - Sports Shop'!I38-'104 - Sports Shop'!H38)/'104 - Sports Shop'!H38) -> 2.6888759
A10: 103 - Physiotherapy institutes | B10: 103 - Physiotherapy institutes | C10: N/A | D10: =COUNTA('103 - Physiotherapy institutes'!$A$9:$A$437) -> 429 | E10: =SUMPRODUCT(--(('103 - Physiotherapy institutes'!$C$9:$C$437<>0)+('103 - Physiotherapy institutes'!$H$9:$H$437<>0)>0)) -> 301 | F10: =SUMPRODUCT(--(('103 - Physiotherapy institutes'!$D$9:$D$437<>0)+('103 - Physiotherapy institutes'!$I$9:$I$437<>0)>0)) -> 282 | G10: ='103 - Physiotherapy institutes'!B5 -> 147 | H10: ='103 - Physiotherapy institutes'!D5 -> 128 | I10: ='103 - Physiotherapy institutes'!B6 -> 550 | J10: ='103 - Physiotherapy institutes'!D6 -> 25758.28 | K10: ='103 - Physiotherapy institutes'!F6 -> 322 | L10: ='103 - Physiotherapy institutes'!H6 -> 27429.03 | M10: ='103 - Physiotherapy institutes'!C439 -> 1673 | N10: ='103 - Physiotherapy institutes'!D439 -> 1518 | O10: =IF('103 - Physiotherapy institutes'!C439=0,"N/A",('103 - Physiotherapy institutes'!D439-'103 - Physiotherapy institutes'!C439)/'103 - Physiotherapy institutes'!C439) -> -0.092647938 | P10: ='103 - Physiotherapy institutes'!H439 -> 98528.23 | Q10: ='103 - Physiotherapy institutes'!I439 -> 113347.12 | R10: =IF('103 - Physiotherapy institutes'!H439=0,"N/A",('103 - Physiotherapy institutes'!I439-'103 - Physiotherapy institutes'!H439)/'103 - Physiotherapy institutes'!H439) -> 0.15040248
A11: 109 - Private Shops | B11: 109 - Private Shops | C11: N/A | D11: =COUNTA('109 - Private Shops'!$A$9:$A$223) -> 215 | E11: =SUMPRODUCT(--(('109 - Private Shops'!$C$9:$C$223<>0)+('109 - Private Shops'!$H$9:$H$223<>0)>0)) -> 150 | F11: =SUMPRODUCT(--(('109 - Private Shops'!$D$9:$D$223<>0)+('109 - Private Shops'!$I$9:$I$223<>0)>0)) -> 133 | G11: ='109 - Private Shops'!B5 -> 82 | H11: ='109 - Private Shops'!D5 -> 65 | I11: ='109 - Private Shops'!B6 -> 290 | J11: ='109 - Private Shops'!D6 -> 14416.63 | K11: ='109 - Private Shops'!F6 -> 244 | L11: ='109 - Private Shops'!H6 -> 18033.75 | M11: ='109 - Private Shops'!C225 -> 1208 | N11: ='109 - Private Shops'!D225 -> 660 | O11: =IF('109 - Private Shops'!C225=0,"N/A",('109 - Private Shops'!D225-'109 - Private Shops'!C225)/'109 - Private Shops'!C225) -> -0.45364238 | P11: ='109 - Private Shops'!H225 -> 58306.79 | Q11: ='109 - Private Shops'!I225 -> 46507.15 | R11: =IF('109 - Private Shops'!H225=0,"N/A",('109 - Private Shops'!I225-'109 - Private Shops'!H225)/'109 - Private Shops'!H225) -> -0.20237163
A12: 105 - Pedicure Salons | B12: 105 - Pedicure Salons | C12: N/A | D12: =COUNTA('105 - Pedicure Salons'!$A$9:$A$30) -> 22 | E12: =SUMPRODUCT(--(('105 - Pedicure Salons'!$C$9:$C$30<>0)+('105 - Pedicure Salons'!$H$9:$H$30<>0)>0)) -> 17 | F12: =SUMPRODUCT(--(('105 - Pedicure Salons'!$D$9:$D$30<>0)+('105 - Pedicure Salons'!$I$9:$I$30<>0)>0)) -> 18 | G12: ='105 - Pedicure Salons'!B5 -> 4 | H12: ='105 - Pedicure Salons'!D5 -> 5 | I12: ='105 - Pedicure Salons'!B6 -> 5 | J12: ='105 - Pedicure Salons'!D6 -> 229.17 | K12: ='105 - Pedicure Salons'!F6 -> 18 | L12: ='105 - Pedicure Salons'!H6 -> 1012.72 | M12: ='105 - Pedicure Salons'!C32 -> 114 | N12: ='105 - Pedicure Salons'!D32 -> 97 | O12: =IF('105 - Pedicure Salons'!C32=0,"N/A",('105 - Pedicure Salons'!D32-'105 - Pedicure Salons'!C32)/'105 - Pedicure Salons'!C32) -> -0.14912281 | P12: ='105 - Pedicure Salons'!H32 -> 4145.68 | Q12: ='105 - Pedicure Salons'!I32 -> 4305.02 | R12: =IF('105 - Pedicure Salons'!H32=0,"N/A",('105 - Pedicure Salons'!I32-'105 - Pedicure Salons'!H32)/'105 - Pedicure Salons'!H32) -> 0.03843519
A13: 111 - Superpharm Life | B13: 111 - Superpharm Life | C13: N/A | D13: =COUNTA('111 - Superpharm Life'!$A$9:$A$29) -> 21 | E13: =SUMPRODUCT(--(('111 - Superpharm Life'!$C$9:$C$29<>0)+('111 - Superpharm Life'!$H$9:$H$29<>0)>0)) -> 21 | F13: =SUMPRODUCT(--(('111 - Superpharm Life'!$D$9:$D$29<>0)+('111 - Superpharm Life'!$I$9:$I$29<>0)>0)) -> 20 | G13: ='111 - Superpharm Life'!B5 -> 1 | H13: ='111 - Superpharm Life'!D5 -> 0 | I13: ='111 - Superpharm Life'!B6 -> 0 | J13: ='111 - Superpharm Life'!D6 -> 7427.59 | K13: ='111 - Superpharm Life'!F6 -> 0 | L13: ='111 - Superpharm Life'!H6 -> 0 | M13: ='111 - Superpharm Life'!C31 -> 118392 | N13: ='111 - Superpharm Life'!D31 -> 62455 | O13: =IF('111 - Superpharm Life'!C31=0,"N/A",('111 - Superpharm Life'!D31-'111 - Superpharm Life'!C31)/'111 - Superpharm Life'!C31) -> -0.4724728 | P13: ='111 - Superpharm Life'!H31 -> 1708656.9 | Q13: ='111 - Superpharm Life'!I31 -> 1113833.9 | R13: =IF('111 - Superpharm Life'!H31=0,"N/A",('111 - Superpharm Life'!I31-'111 - Superpharm Life'!H31)/'111 - Superpharm Life'!H31) -> -0.34812315
A14: 106 - Hospitals | B14: 106 - Hospitals | C14: N/A | D14: =COUNTA('106 - Hospitals'!$A$9:$A$93) -> 85 | E14: =SUMPRODUCT(--(('106 - Hospitals'!$C$9:$C$93<>0)+('106 - Hospitals'!$H$9:$H$93<>0)>0)) -> 74 | F14: =SUMPRODUCT(--(('106 - Hospitals'!$D$9:$D$93<>0)+('106 - Hospitals'!$I$9:$I$93<>0)>0)) -> 45 | G14: ='106 - Hospitals'!B5 -> 40 | H14: ='106 - Hospitals'!D5 -> 11 | I14: ='106 - Hospitals'!B6 -> 94 | J14: ='106 - Hospitals'!D6 -> 5729.29 | K14: ='106 - Hospitals'!F6 -> 41 | L14: ='106 - Hospitals'!H6 -> 4381.47 | M14: ='106 - Hospitals'!C95 -> 286 | N14: ='106 - Hospitals'!D95 -> 207 | O14: =IF('106 - Hospitals'!C95=0,"N/A",('106 - Hospitals'!D95-'106 - Hospitals'!C95)/'106 - Hospitals'!C95) -> -0.27622378 | P14: ='106 - Hospitals'!H95 -> 13532.23 | Q14: ='106 - Hospitals'!I95 -> 11739.83 | R14: =IF('106 - Hospitals'!H95=0,"N/A",('106 - Hospitals'!I95-'106 - Hospitals'!H95)/'106 - Hospitals'!H95) -> -0.13245415
A15: 107 - Pharmacies | B15: 107 - Pharmacies | C15: N/A | D15: =COUNTA('107 - Pharmacies'!$A$9:$A$397) -> 389 | E15: =SUMPRODUCT(--(('107 - Pharmacies'!$C$9:$C$397<>0)+('107 - Pharmacies'!$H$9:$H$397<>0)>0)) -> 325 | F15: =SUMPRODUCT(--(('107 - Pharmacies'!$D$9:$D$397<>0)+('107 - Pharmacies'!$I$9:$I$397<>0)>0)) -> 273 | G15: ='107 - Pharmacies'!B5 -> 116 | H15: ='107 - Pharmacies'!D5 -> 64 | I15: ='107 - Pharmacies'!B6 -> 471 | J15: ='107 - Pharmacies'!D6 -> 33959.3 | K15: ='107 - Pharmacies'!F6 -> 362 | L15: ='107 - Pharmacies'!H6 -> 27791.49 | M15: ='107 - Pharmacies'!C399 -> 2498 | N15: ='107 - Pharmacies'!D399 -> 1623 | O15: =IF('107 - Pharmacies'!C399=0,"N/A",('107 - Pharmacies'!D399-'107 - Pharmacies'!C399)/'107 - Pharmacies'!C399) -> -0.35028022 | P15: ='107 - Pharmacies'!H399 -> 152425.36 | Q15: ='107 - Pharmacies'!I399 -> 110887.07 | R15: =IF('107 - Pharmacies'!H399=0,"N/A",('107 - Pharmacies'!I399-'107 - Pharmacies'!H399)/'107 - Pharmacies'!H399) -> -0.27251561
A16: 112 - Kupat Holim Clalit | B16: 112 - Kupat Holim Clalit | C16: N/A | D16: =COUNTA('112 - Kupat Holim Clalit'!$A$9:$A$41) -> 33 | E16: =SUMPRODUCT(--(('112 - Kupat Holim Clalit'!$C$9:$C$41<>0)+('112 - Kupat Holim Clalit'!$H$9:$H$41<>0)>0)) -> 32 | F16: =SUMPRODUCT(--(('112 - Kupat Holim Clalit'!$D$9:$D$41<>0)+('112 - Kupat Holim Clalit'!$I$9:$I$41<>0)>0)) -> 32 | G16: ='112 - Kupat Holim Clalit'!B5 -> 1 | H16: ='112 - Kupat Holim Clalit'!D5 -> 1 | I16: ='112 - Kupat Holim Clalit'!B6 -> -1 | J16: ='112 - Kupat Holim Clalit'!D6 -> -62.43 | K16: ='112 - Kupat Holim Clalit'!F6 -> -2 | L16: ='112 - Kupat Holim Clalit'!H6 -> -1176 | M16: ='112 - Kupat Holim Clalit'!C43 -> 152395 | N16: ='112 - Kupat Holim Clalit'!D43 -> 110137 | O16: =IF('112 - Kupat Holim Clalit'!C43=0,"N/A",('112 - Kupat Holim Clalit'!D43-'112 - Kupat Holim Clalit'!C43)/'112 - Kupat Holim Clalit'!C43) -> -0.27729256 | P16: ='112 - Kupat Holim Clalit'!H43 -> 3809616.4 | Q16: ='112 - Kupat Holim Clalit'!I43 -> 2569653 | R16: =IF('112 - Kupat Holim Clalit'!H43=0,"N/A",('112 - Kupat Holim Clalit'!I43-'112 - Kupat Holim Clalit'!H43)/'112 - Kupat Holim Clalit'!H43) -> -0.32548247
A17: 113 - Kupat Holim Meuhedet | B17: 113 - Kupat Holim Meuhedet | C17: N/A | D17: =COUNTA('113 - Kupat Holim Meuhedet'!$A$9:$A$240) -> 232 | E17: =SUMPRODUCT(--(('113 - Kupat Holim Meuhedet'!$C$9:$C$240<>0)+('113 - Kupat Holim Meuhedet'!$H$9:$H$240<>0)>0)) -> 223 | F17: =SUMPRODUCT(--(('113 - Kupat Holim Meuhedet'!$D$9:$D$240<>0)+('113 - Kupat Holim Meuhedet'!$I$9:$I$240<>0)>0)) -> 206 | G17: ='113 - Kupat Holim Meuhedet'!B5 -> 26 | H17: ='113 - Kupat Holim Meuhedet'!D5 -> 9 | I17: ='113 - Kupat Holim Meuhedet'!B6 -> 301 | J17: ='113 - Kupat Holim Meuhedet'!D6 -> 12248.01 | K17: ='113 - Kupat Holim Meuhedet'!F6 -> 23 | L17: ='113 - Kupat Holim Meuhedet'!H6 -> 1236.65 | M17: ='113 - Kupat Holim Meuhedet'!C242 -> 29601 | N17: ='113 - Kupat Holim Meuhedet'!D242 -> 7385 | O17: =IF('113 - Kupat Holim Meuhedet'!C242=0,"N/A",('113 - Kupat Holim Meuhedet'!D242-'113 - Kupat Holim Meuhedet'!C242)/'113 - Kupat Holim Meuhedet'!C242) -> -0.75051519 | P17: ='113 - Kupat Holim Meuhedet'!H242 -> 860680.72 | Q17: ='113 - Kupat Holim Meuhedet'!I242 -> 186688.02 | R17: =IF('113 - Kupat Holim Meuhedet'!H242=0,"N/A",('113 - Kupat Holim Meuhedet'!I242-'113 - Kupat Holim Meuhedet'!H242)/'113 - Kupat Holim Meuhedet'!H242) -> -0.7830926
A18: 114 - IL online | B18: 114 - IL online | C18: N/A | D18: =COUNTA('114 - IL online'!$A$9:$A$728) -> 720 | E18: =SUMPRODUCT(--(('114 - IL online'!$C$9:$C$728<>0)+('114 - IL online'!$H$9:$H$728<>0)>0)) -> 618 | F18: =SUMPRODUCT(--(('114 - IL online'!$D$9:$D$728<>0)+('114 - IL online'!$I$9:$I$728<>0)>0)) -> 632 | G18: ='114 - IL online'!B5 -> 88 | H18: ='114 - IL online'!D5 -> 102 | I18: ='114 - IL online'!B6 -> 581 | J18: ='114 - IL online'!D6 -> 69907.37 | K18: ='114 - IL online'!F6 -> 2375 | L18: ='114 - IL online'!H6 -> 147591.2 | M18: ='114 - IL online'!C730 -> 20470 | N18: ='114 - IL online'!D730 -> 28582 | O18: =IF('114 - IL online'!C730=0,"N/A",('114 - IL online'!D730-'114 - IL online'!C730)/'114 - IL online'!C730) -> 0.39628725 | P18: ='114 - IL online'!H730 -> 1657320.8 | Q18: ='114 - IL online'!I730 -> 3196470.1 | R18: =IF('114 - IL online'!H730=0,"N/A",('114 - IL online'!I730-'114 - IL online'!H730)/'114 - IL online'!H730) -> 0.92869733
A19: 115-SuperPharm Online | B19: 115-SuperPharm Online | C19: N/A | D19: =COUNTA('115-SuperPharm Online'!$A$9:$A$77) -> 69 | E19: =SUMPRODUCT(--(('115-SuperPharm Online'!$C$9:$C$77<>0)+('115-SuperPharm Online'!$H$9:$H$77<>0)>0)) -> 59 | F19: =SUMPRODUCT(--(('115-SuperPharm Online'!$D$9:$D$77<>0)+('115-SuperPharm Online'!$I$9:$I$77<>0)>0)) -> 38 | G19: ='115-SuperPharm Online'!B5 -> 31 | H19: ='115-SuperPharm Online'!D5 -> 10 | I19: ='115-SuperPharm Online'!B6 -> 58 | J19: ='115-SuperPharm Online'!D6 -> 8738.33 | K19: ='115-SuperPharm Online'!F6 -> 12 | L19: ='115-SuperPharm Online'!H6 -> 1716.98 | M19: ='115-SuperPharm Online'!C79 -> 415 | N19: ='115-SuperPharm Online'!D79 -> 200 | O19: =IF('115-SuperPharm Online'!C79=0,"N/A",('115-SuperPharm Online'!D79-'115-SuperPharm Online'!C79)/'115-SuperPharm Online'!C79) -> -0.51807229 | P19: ='115-SuperPharm Online'!H79 -> 27325.74 | Q19: ='115-SuperPharm Online'!I79 -> 13033.46 | R19: =IF('115-SuperPharm Online'!H79=0,"N/A",('115-SuperPharm Online'!I79-'115-SuperPharm Online'!H79)/'115-SuperPharm Online'!H79) -> -0.52303359
A20: 202 - Super-Pharm POLAND | B20: 202 - Super-Pharm POLAND | C20: N/A | D20: =COUNTA('202 - Super-Pharm POLAND'!$A$9:$A$143) -> 135 | E20: =SUMPRODUCT(--(('202 - Super-Pharm POLAND'!$C$9:$C$143<>0)+('202 - Super-Pharm POLAND'!$H$9:$H$143<>0)>0)) -> 130 | F20: =SUMPRODUCT(--(('202 - Super-Pharm POLAND'!$D$9:$D$143<>0)+('202 - Super-Pharm POLAND'!$I$9:$I$143<>0)>0)) -> 123 | G20: ='202 - Super-Pharm POLAND'!B5 -> 12 | H20: ='202 - Super-Pharm POLAND'!D5 -> 5 | I20: ='202 - Super-Pharm POLAND'!B6 -> 3550 | J20: ='202 - Super-Pharm POLAND'!D6 -> 92320.46 | K20: ='202 - Super-Pharm POLAND'!F6 -> 250 | L20: ='202 - Super-Pharm POLAND'!H6 -> 11540.57 | M20: ='202 - Super-Pharm POLAND'!C145 -> 48363 | N20: ='202 - Super-Pharm POLAND'!D145 -> 28188 | O20: =IF('202 - Super-Pharm POLAND'!C145=0,"N/A",('202 - Super-Pharm POLAND'!D145-'202 - Super-Pharm POLAND'!C145)/'202 - Super-Pharm POLAND'!C145) -> -0.41715774 | P20: ='202 - Super-Pharm POLAND'!H145 -> 902537.64 | Q20: ='202 - Super-Pharm POLAND'!I145 -> 474182.59 | R20: =IF('202 - Super-Pharm POLAND'!H145=0,"N/A",('202 - Super-Pharm POLAND'!I145-'202 - Super-Pharm POLAND'!H145)/'202 - Super-Pharm POLAND'!H145) -> -0.47461184
A21: 201- Seven Gear FINLAND oy | B21: 201- Seven Gear FINLAND oy | C21: N/A | D21: =COUNTA('201- Seven Gear FINLAND oy'!$A$9:$A$56) -> 48 | E21: =SUMPRODUCT(--(('201- Seven Gear FINLAND oy'!$C$9:$C$56<>0)+('201- Seven Gear FINLAND oy'!$H$9:$H$56<>0)>0)) -> 44 | F21: =SUMPRODUCT(--(('201- Seven Gear FINLAND oy'!$D$9:$D$56<>0)+('201- Seven Gear FINLAND oy'!$I$9:$I$56<>0)>0)) -> 21 | G21: ='201- Seven Gear FINLAND oy'!B5 -> 27 | H21: ='201- Seven Gear FINLAND oy'!D5 -> 4 | I21: ='201- Seven Gear FINLAND oy'!B6 -> 1219 | J21: ='201- Seven Gear FINLAND oy'!D6 -> 27555.1 | K21: ='201- Seven Gear FINLAND oy'!F6 -> 260 | L21: ='201- Seven Gear FINLAND oy'!H6 -> 5860.29 | M21: ='201- Seven Gear FINLAND oy'!C58 -> 2980 | N21: ='201- Seven Gear FINLAND oy'!D58 -> 1630 | O21: =IF('201- Seven Gear FINLAND oy'!C58=0,"N/A",('201- Seven Gear FINLAND oy'!D58-'201- Seven Gear FINLAND oy'!C58)/'201- Seven Gear FINLAND oy'!C58) -> -0.45302013 | P21: ='201- Seven Gear FINLAND oy'!H58 -> 60908.2 | Q21: ='201- Seven Gear FINLAND oy'!I58 -> 32804.59 | R21: =IF('201- Seven Gear FINLAND oy'!H58=0,"N/A",('201- Seven Gear FINLAND oy'!I58-'201- Seven Gear FINLAND oy'!H58)/'201- Seven Gear FINLAND oy'!H58) -> -0.4614093
A22: 216 - Max Konnaris CYPRUS | B22: 216 - Max Konnaris CYPRUS | C22: N/A | D22: =COUNTA('216 - Max Konnaris CYPRUS'!$A$9:$A$253) -> 245 | E22: =SUMPRODUCT(--(('216 - Max Konnaris CYPRUS'!$C$9:$C$253<>0)+('216 - Max Konnaris CYPRUS'!$H$9:$H$253<>0)>0)) -> 177 | F22: =SUMPRODUCT(--(('216 - Max Konnaris CYPRUS'!$D$9:$D$253<>0)+('216 - Max Konnaris CYPRUS'!$I$9:$I$253<>0)>0)) -> 154 | G22: ='216 - Max Konnaris CYPRUS'!B5 -> 91 | H22: ='216 - Max Konnaris CYPRUS'!D5 -> 68 | I22: ='216 - Max Konnaris CYPRUS'!B6 -> 1696 | J22: ='216 - Max Konnaris CYPRUS'!D6 -> 47367.29 | K22: ='216 - Max Konnaris CYPRUS'!F6 -> 754 | L22: ='216 - Max Konnaris CYPRUS'!H6 -> 27727.77 | M22: ='216 - Max Konnaris CYPRUS'!C255 -> 3507 | N22: ='216 - Max Konnaris CYPRUS'!D255 -> 2337 | O22: =IF('216 - Max Konnaris CYPRUS'!C255=0,"N/A",('216 - Max Konnaris CYPRUS'!D255-'216 - Max Konnaris CYPRUS'!C255)/'216 - Max Konnaris CYPRUS'!C255) -> -0.33361848 | P22: ='216 - Max Konnaris CYPRUS'!H255 -> 86855.65 | Q22: ='216 - Max Konnaris CYPRUS'!I255 -> 60462.39 | R22: =IF('216 - Max Konnaris CYPRUS'!H255=0,"N/A",('216 - Max Konnaris CYPRUS'!I255-'216 - Max Konnaris CYPRUS'!H255)/'216 - Max Konnaris CYPRUS'!H255) -> -0.30387499
A23: 200 - ROW : 217 - N3W FOODS USA | B23: 200 - ROW - 217 - N3W FOODS USA | C23: N/A | D23: =COUNTA('200 - ROW - 217 - N3W FOODS USA'!$A$9:$A$13) -> 5 | E23: =SUMPRODUCT(--(('200 - ROW - 217 - N3W FOODS USA'!$C$9:$C$13<>0)+('200 - ROW - 217 - N3W FOODS USA'!$H$9:$H$13<>0)>0)) -> 5 | F23: =SUMPRODUCT(--(('200 - ROW - 217 - N3W FOODS USA'!$D$9:$D$13<>0)+('200 - ROW - 217 - N3W FOODS USA'!$I$9:$I$13<>0)>0)) -> 0 | G23: ='200 - ROW - 217 - N3W FOODS USA'!B5 -> 5 | H23: ='200 - ROW - 217 - N3W FOODS USA'!D5 -> 0 | I23: ='200 - ROW - 217 - N3W FOODS USA'!B6 -> 24 | J23: ='200 - ROW - 217 - N3W FOODS USA'!D6 -> 248.59 | K23: ='200 - ROW - 217 - N3W FOODS USA'!F6 -> 0 | L23: ='200 - ROW - 217 - N3W FOODS USA'!H6 -> 0 | M23: ='200 - ROW - 217 - N3W FOODS USA'!C15 -> 24 | N23: ='200 - ROW - 217 - N3W FOODS USA'!D15 -> 0 | O23: =IF('200 - ROW - 217 - N3W FOODS USA'!C15=0,"N/A",('200 - ROW - 217 - N3W FOODS USA'!D15-'200 - ROW - 217 - N3W FOODS USA'!C15)/'200 - ROW - 217 - N3W FOODS USA'!C15) -> -1 | P23: ='200 - ROW - 217 - N3W FOODS USA'!H15 -> 248.59 | Q23: ='200 - ROW - 217 - N3W FOODS USA'!I15 -> 0 | R23: =IF('200 - ROW - 217 - N3W FOODS USA'!H15=0,"N/A",('200 - ROW - 217 - N3W FOODS USA'!I15-'200 - ROW - 217 - N3W FOODS USA'!H15)/'200 - ROW - 217 - N3W FOODS USA'!H15) -> -1
A24: 205 - Health Care Prod. Gmbh GERMANY | B24: 205 - Health Care Prod. GERMANY | C24: N/A | D24: =COUNTA('205 - Health Care Prod. GERMANY'!$A$9:$A$45) -> 37 | E24: =SUMPRODUCT(--(('205 - Health Care Prod. GERMANY'!$C$9:$C$45<>0)+('205 - Health Care Prod. GERMANY'!$H$9:$H$45<>0)>0)) -> 37 | F24: =SUMPRODUCT(--(('205 - Health Care Prod. GERMANY'!$D$9:$D$45<>0)+('205 - Health Care Prod. GERMANY'!$I$9:$I$45<>0)>0)) -> 23 | G24: ='205 - Health Care Prod. GERMANY'!B5 -> 14 | H24: ='205 - Health Care Prod. GERMANY'!D5 -> 0 | I24: ='205 - Health Care Prod. GERMANY'!B6 -> 653 | J24: ='205 - Health Care Prod. GERMANY'!D6 -> 14501.3 | K24: ='205 - Health Care Prod. GERMANY'!F6 -> 0 | L24: ='205 - Health Care Prod. GERMANY'!H6 -> 0 | M24: ='205 - Health Care Prod. GERMANY'!C47 -> 12986 | N24: ='205 - Health Care Prod. GERMANY'!D47 -> 12906 | O24: =IF('205 - Health Care Prod. GERMANY'!C47=0,"N/A",('205 - Health Care Prod. GERMANY'!D47-'205 - Health Care Prod. GERMANY'!C47)/'205 - Health Care Prod. GERMANY'!C47) -> -0.0061604805 | P24: ='205 - Health Care Prod. GERMANY'!H47 -> 122339 | Q24: ='205 - Health Care Prod. GERMANY'!I47 -> 96129.82 | R24: =IF('205 - Health Care Prod. GERMANY'!H47=0,"N/A",('205 - Health Care Prod. GERMANY'!I47-'205 - Health Care Prod. GERMANY'!H47)/'205 - Health Care Prod. GERMANY'!H47) -> -0.21423405
A25: 301 - Amazon | B25: 301 - Amazon | C25: N/A | D25: =COUNTA('301 - Amazon'!$A$9:$A$87) -> 79 | E25: =SUMPRODUCT(--(('301 - Amazon'!$C$9:$C$87<>0)+('301 - Amazon'!$H$9:$H$87<>0)>0)) -> 73 | F25: =SUMPRODUCT(--(('301 - Amazon'!$D$9:$D$87<>0)+('301 - Amazon'!$I$9:$I$87<>0)>0)) -> 62 | G25: ='301 - Amazon'!B5 -> 17 | H25: ='301 - Amazon'!D5 -> 6 | I25: ='301 - Amazon'!B6 -> 448 | J25: ='301 - Amazon'!D6 -> 94856.4 | K25: ='301 - Amazon'!F6 -> 47 | L25: ='301 - Amazon'!H6 -> 3274.06 | M25: ='301 - Amazon'!C89 -> 27158 | N25: ='301 - Amazon'!D89 -> 18808 | O25: =IF('301 - Amazon'!C89=0,"N/A",('301 - Amazon'!D89-'301 - Amazon'!C89)/'301 - Amazon'!C89) -> -0.30746005 | P25: ='301 - Amazon'!H89 -> 2705391.2 | Q25: ='301 - Amazon'!I89 -> 1632890.8 | R25: =IF('301 - Amazon'!H89=0,"N/A",('301 - Amazon'!I89-'301 - Amazon'!H89)/'301 - Amazon'!H89) -> -0.3964308
A26: 206 - Orthomed Ltd BULGARIA | B26: 206 - Orthomed Ltd BULGARIA | C26: N/A | D26: =COUNTA('206 - Orthomed Ltd BULGARIA'!$A$9:$A$94) -> 86 | E26: =SUMPRODUCT(--(('206 - Orthomed Ltd BULGARIA'!$C$9:$C$94<>0)+('206 - Orthomed Ltd BULGARIA'!$H$9:$H$94<>0)>0)) -> 86 | F26: =SUMPRODUCT(--(('206 - Orthomed Ltd BULGARIA'!$D$9:$D$94<>0)+('206 - Orthomed Ltd BULGARIA'!$I$9:$I$94<>0)>0)) -> 0 | G26: ='206 - Orthomed Ltd BULGARIA'!B5 -> 86 | H26: ='206 - Orthomed Ltd BULGARIA'!D5 -> 0 | I26: ='206 - Orthomed Ltd BULGARIA'!B6 -> 1817 | J26: ='206 - Orthomed Ltd BULGARIA'!D6 -> 52899.82 | K26: ='206 - Orthomed Ltd BULGARIA'!F6 -> 0 | L26: ='206 - Orthomed Ltd BULGARIA'!H6 -> 0 | M26: ='206 - Orthomed Ltd BULGARIA'!C96 -> 1817 | N26: ='206 - Orthomed Ltd BULGARIA'!D96 -> 0 | O26: =IF('206 - Orthomed Ltd BULGARIA'!C96=0,"N/A",('206 - Orthomed Ltd BULGARIA'!D96-'206 - Orthomed Ltd BULGARIA'!C96)/'206 - Orthomed Ltd BULGARIA'!C96) -> -1 | P26: ='206 - Orthomed Ltd BULGARIA'!H96 -> 52899.82 | Q26: ='206 - Orthomed Ltd BULGARIA'!I96 -> 0 | R26: =IF('206 - Orthomed Ltd BULGARIA'!H96=0,"N/A",('206 - Orthomed Ltd BULGARIA'!I96-'206 - Orthomed Ltd BULGARIA'!H96)/'206 - Orthomed Ltd BULGARIA'!H96) -> -1
A27: 203 - Ortho- Partner ag SWITZERLAND | B27: 203 - Ortho-Partner SWITZERLAND | C27: N/A | D27: =COUNTA('203 - Ortho-Partner SWITZERLAND'!$A$9:$A$119) -> 111 | E27: =SUMPRODUCT(--(('203 - Ortho-Partner SWITZERLAND'!$C$9:$C$119<>0)+('203 - Ortho-Partner SWITZERLAND'!$H$9:$H$119<>0)>0)) -> 99 | F27: =SUMPRODUCT(--(('203 - Ortho-Partner SWITZERLAND'!$D$9:$D$119<>0)+('203 - Ortho-Partner SWITZERLAND'!$I$9:$I$119<>0)>0)) -> 78 | G27: ='203 - Ortho-Partner SWITZERLAND'!B5 -> 33 | H27: ='203 - Ortho-Partner SWITZERLAND'!D5 -> 12 | I27: ='203 - Ortho-Partner SWITZERLAND'!B6 -> 563 | J27: ='203 - Ortho-Partner SWITZERLAND'!D6 -> 21452.36 | K27: ='203 - Ortho-Partner SWITZERLAND'!F6 -> 131 | L27: ='203 - Ortho-Partner SWITZERLAND'!H6 -> 4054.38 | M27: ='203 - Ortho-Partner SWITZERLAND'!C121 -> 6959 | N27: ='203 - Ortho-Partner SWITZERLAND'!D121 -> 6740 | O27: =IF('203 - Ortho-Partner SWITZERLAND'!C121=0,"N/A",('203 - Ortho-Partner SWITZERLAND'!D121-'203 - Ortho-Partner SWITZERLAND'!C121)/'203 - Ortho-Partner SWITZERLAND'!C121) -> -0.031470039 | P27: ='203 - Ortho-Partner SWITZERLAND'!H121 -> 405920.85 | Q27: ='203 - Ortho-Partner SWITZERLAND'!I121 -> 344263.09 | R27: =IF('203 - Ortho-Partner SWITZERLAND'!H121=0,"N/A",('203 - Ortho-Partner SWITZERLAND'!I121-'203 - Ortho-Partner SWITZERLAND'!H121)/'203 - Ortho-Partner SWITZERLAND'!H121) -> -0.15189602
A28: 210 - Oy. Ea. Ab. FINLAND | B28: 210 - Oy. Ea. Ab. FINLAND | C28: N/A | D28: =COUNTA('210 - Oy. Ea. Ab. FINLAND'!$A$9:$A$191) -> 183 | E28: =SUMPRODUCT(--(('210 - Oy. Ea. Ab. FINLAND'!$C$9:$C$191<>0)+('210 - Oy. Ea. Ab. FINLAND'!$H$9:$H$191<>0)>0)) -> 128 | F28: =SUMPRODUCT(--(('210 - Oy. Ea. Ab. FINLAND'!$D$9:$D$191<>0)+('210 - Oy. Ea. Ab. FINLAND'!$I$9:$I$191<>0)>0)) -> 145 | G28: ='210 - Oy. Ea. Ab. FINLAND'!B5 -> 38 | H28: ='210 - Oy. Ea. Ab. FINLAND'!D5 -> 55 | I28: ='210 - Oy. Ea. Ab. FINLAND'!B6 -> 533 | J28: ='210 - Oy. Ea. Ab. FINLAND'!D6 -> 15504.74 | K28: ='210 - Oy. Ea. Ab. FINLAND'!F6 -> 360 | L28: ='210 - Oy. Ea. Ab. FINLAND'!H6 -> 16342.42 | M28: ='210 - Oy. Ea. Ab. FINLAND'!C193 -> 2672 | N28: ='210 - Oy. Ea. Ab. FINLAND'!D193 -> 1516 | O28: =IF('210 - Oy. Ea. Ab. FINLAND'!C193=0,"N/A",('210 - Oy. Ea. Ab. FINLAND'!D193-'210 - Oy. Ea. Ab. FINLAND'!C193)/'210 - Oy. Ea. Ab. FINLAND'!C193) -> -0.43263473 | P28: ='210 - Oy. Ea. Ab. FINLAND'!H193 -> 64554.59 | Q28: ='210 - Oy. Ea. Ab. FINLAND'!I193 -> 43116.44 | R28: =IF('210 - Oy. Ea. Ab. FINLAND'!H193=0,"N/A",('210 - Oy. Ea. Ab. FINLAND'!I193-'210 - Oy. Ea. Ab. FINLAND'!H193)/'210 - Oy. Ea. Ab. FINLAND'!H193) -> -0.33209335
A29: 204 - Sanaflex Anatomic GREECE | B29: 204 - Sanaflex Anatomic GREECE | C29: N/A | D29: =COUNTA('204 - Sanaflex Anatomic GREECE'!$A$9:$A$212) -> 204 | E29: =SUMPRODUCT(--(('204 - Sanaflex Anatomic GREECE'!$C$9:$C$212<>0)+('204 - Sanaflex Anatomic GREECE'!$H$9:$H$212<>0)>0)) -> 185 | F29: =SUMPRODUCT(--(('204 - Sanaflex Anatomic GREECE'!$D$9:$D$212<>0)+('204 - Sanaflex Anatomic GREECE'!$I$9:$I$212<>0)>0)) -> 173 | G29: ='204 - Sanaflex Anatomic GREECE'!B5 -> 31 | H29: ='204 - Sanaflex Anatomic GREECE'!D5 -> 19 | I29: ='204 - Sanaflex Anatomic GREECE'!B6 -> 347 | J29: ='204 - Sanaflex Anatomic GREECE'!D6 -> 10736.31 | K29: ='204 - Sanaflex Anatomic GREECE'!F6 -> 154 | L29: ='204 - Sanaflex Anatomic GREECE'!H6 -> 3246.9 | M29: ='204 - Sanaflex Anatomic GREECE'!C214 -> 21177 | N29: ='204 - Sanaflex Anatomic GREECE'!D214 -> 18128 | O29: =IF('204 - Sanaflex Anatomic GREECE'!C214=0,"N/A",('204 - Sanaflex Anatomic GREECE'!D214-'204 - Sanaflex Anatomic GREECE'!C214)/'204 - Sanaflex Anatomic GREECE'!C214) -> -0.14397696 | P29: ='204 - Sanaflex Anatomic GREECE'!H214 -> 414072.64 | Q29: ='204 - Sanaflex Anatomic GREECE'!I214 -> 307055.17 | R29: =IF('204 - Sanaflex Anatomic GREECE'!H214=0,"N/A",('204 - Sanaflex Anatomic GREECE'!I214-'204 - Sanaflex Anatomic GREECE'!H214)/'204 - Sanaflex Anatomic GREECE'!H214) -> -0.25845096
A30: 214 - Alfred Gera& Sons Ltd. MALTA | B30: 214 - Alfred Gera Sons MALTA | C30: N/A | D30: =COUNTA('214 - Alfred Gera Sons MALTA'!$A$9:$A$29) -> 21 | E30: =SUMPRODUCT(--(('214 - Alfred Gera Sons MALTA'!$C$9:$C$29<>0)+('214 - Alfred Gera Sons MALTA'!$H$9:$H$29<>0)>0)) -> 21 | F30: =SUMPRODUCT(--(('214 - Alfred Gera Sons MALTA'!$D$9:$D$29<>0)+('214 - Alfred Gera Sons MALTA'!$I$9:$I$29<>0)>0)) -> 16 | G30: ='214 - Alfred Gera Sons MALTA'!B5 -> 5 | H30: ='214 - Alfred Gera Sons MALTA'!D5 -> 0 | I30: ='214 - Alfred Gera Sons MALTA'!B6 -> 23 | J30: ='214 - Alfred Gera Sons MALTA'!D6 -> 889.12 | K30: ='214 - Alfred Gera Sons MALTA'!F6 -> 0 | L30: ='214 - Alfred Gera Sons MALTA'!H6 -> 0 | M30: ='214 - Alfred Gera Sons MALTA'!C31 -> 1737 | N30: ='214 - Alfred Gera Sons MALTA'!D31 -> 978 | O30: =IF('214 - Alfred Gera Sons MALTA'!C31=0,"N/A",('214 - Alfred Gera Sons MALTA'!D31-'214 - Alfred Gera Sons MALTA'!C31)/'214 - Alfred Gera Sons MALTA'!C31) -> -0.43696028 | P30: ='214 - Alfred Gera Sons MALTA'!H31 -> 53863.18 | Q30: ='214 - Alfred Gera Sons MALTA'!I31 -> 26105.72 | R30: =IF('214 - Alfred Gera Sons MALTA'!H31=0,"N/A",('214 - Alfred Gera Sons MALTA'!I31-'214 - Alfred Gera Sons MALTA'!H31)/'214 - Alfred Gera Sons MALTA'!H31) -> -0.51533274
A31: 211 - Pharmag Lachmair Ges. Mbh AUSTRIA | B31: 211 - Pharmag Lachmair AUSTRIA | C31: N/A | D31: =COUNTA('211 - Pharmag Lachmair AUSTRIA'!$A$9:$A$40) -> 32 | E31: =SUMPRODUCT(--(('211 - Pharmag Lachmair AUSTRIA'!$C$9:$C$40<>0)+('211 - Pharmag Lachmair AUSTRIA'!$H$9:$H$40<>0)>0)) -> 31 | F31: =SUMPRODUCT(--(('211 - Pharmag Lachmair AUSTRIA'!$D$9:$D$40<>0)+('211 - Pharmag Lachmair AUSTRIA'!$I$9:$I$40<>0)>0)) -> 9 | G31: ='211 - Pharmag Lachmair AUSTRIA'!B5 -> 23 | H31: ='211 - Pharmag Lachmair AUSTRIA'!D5 -> 1 | I31: ='211 - Pharmag Lachmair AUSTRIA'!B6 -> 1650 | J31: ='211 - Pharmag Lachmair AUSTRIA'!D6 -> 56507.31 | K31: ='211 - Pharmag Lachmair AUSTRIA'!F6 -> 5 | L31: ='211 - Pharmag Lachmair AUSTRIA'!H6 -> 86.54 | M31: ='211 - Pharmag Lachmair AUSTRIA'!C42 -> 3060 | N31: ='211 - Pharmag Lachmair AUSTRIA'!D42 -> 674 | O31: =IF('211 - Pharmag Lachmair AUSTRIA'!C42=0,"N/A",('211 - Pharmag Lachmair AUSTRIA'!D42-'211 - Pharmag Lachmair AUSTRIA'!C42)/'211 - Pharmag Lachmair AUSTRIA'!C42) -> -0.77973856 | P31: ='211 - Pharmag Lachmair AUSTRIA'!H42 -> 81786.57 | Q31: ='211 - Pharmag Lachmair AUSTRIA'!I42 -> 10037.15 | R31: =IF('211 - Pharmag Lachmair AUSTRIA'!H42=0,"N/A",('211 - Pharmag Lachmair AUSTRIA'!I42-'211 - Pharmag Lachmair AUSTRIA'!H42)/'211 - Pharmag Lachmair AUSTRIA'!H42) -> -0.87727631
A32: 213 - E.f.m.o. SPAIN | B32: 213 - E.f.m.o. SPAIN | C32: N/A | D32: =COUNTA('213 - E.f.m.o. SPAIN'!$A$9:$A$53) -> 45 | E32: =SUMPRODUCT(--(('213 - E.f.m.o. SPAIN'!$C$9:$C$53<>0)+('213 - E.f.m.o. SPAIN'!$H$9:$H$53<>0)>0)) -> 38 | F32: =SUMPRODUCT(--(('213 - E.f.m.o. SPAIN'!$D$9:$D$53<>0)+('213 - E.f.m.o. SPAIN'!$I$9:$I$53<>0)>0)) -> 36 | G32: ='213 - E.f.m.o. SPAIN'!B5 -> 9 | H32: ='213 - E.f.m.o. SPAIN'!D5 -> 7 | I32: ='213 - E.f.m.o. SPAIN'!B6 -> 45 | J32: ='213 - E.f.m.o. SPAIN'!D6 -> 4777.25 | K32: ='213 - E.f.m.o. SPAIN'!F6 -> 56 | L32: ='213 - E.f.m.o. SPAIN'!H6 -> 1430.29 | M32: ='213 - E.f.m.o. SPAIN'!C55 -> 1359 | N32: ='213 - E.f.m.o. SPAIN'!D55 -> 1532 | O32: =IF('213 - E.f.m.o. SPAIN'!C55=0,"N/A",('213 - E.f.m.o. SPAIN'!D55-'213 - E.f.m.o. SPAIN'!C55)/'213 - E.f.m.o. SPAIN'!C55) -> 0.12729948 | P32: ='213 - E.f.m.o. SPAIN'!H55 -> 39713.57 | Q32: ='213 - E.f.m.o. SPAIN'!I55 -> 37142.74 | R32: =IF('213 - E.f.m.o. SPAIN'!H55=0,"N/A",('213 - E.f.m.o. SPAIN'!I55-'213 - E.f.m.o. SPAIN'!H55)/'213 - E.f.m.o. SPAIN'!H55) -> -0.064734296
A33: 207 - Salus HUNGARY | B33: 207 - Salus HUNGARY | C33: N/A | D33: =COUNTA('207 - Salus HUNGARY'!$A$9:$A$225) -> 217 | E33: =SUMPRODUCT(--(('207 - Salus HUNGARY'!$C$9:$C$225<>0)+('207 - Salus HUNGARY'!$H$9:$H$225<>0)>0)) -> 195 | F33: =SUMPRODUCT(--(('207 - Salus HUNGARY'!$D$9:$D$225<>0)+('207 - Salus HUNGARY'!$I$9:$I$225<>0)>0)) -> 151 | G33: ='207 - Salus HUNGARY'!B5 -> 66 | H33: ='207 - Salus HUNGARY'!D5 -> 22 | I33: ='207 - Salus HUNGARY'!B6 -> 797 | J33: ='207 - Salus HUNGARY'!D6 -> 28651.54 | K33: ='207 - Salus HUNGARY'!F6 -> 991 | L33: ='207 - Salus HUNGARY'!H6 -> 14625 | M33: ='207 - Salus HUNGARY'!C227 -> 18268 | N33: ='207 - Salus HUNGARY'!D227 -> 20601 | O33: =IF('207 - Salus HUNGARY'!C227=0,"N/A",('207 - Salus HUNGARY'!D227-'207 - Salus HUNGARY'!C227)/'207 - Salus HUNGARY'!C227) -> 0.12770966 | P33: ='207 - Salus HUNGARY'!H227 -> 319558.55 | Q33: ='207 - Salus HUNGARY'!I227 -> 365555.25 | R33: =IF('207 - Salus HUNGARY'!H227=0,"N/A",('207 - Salus HUNGARY'!I227-'207 - Salus HUNGARY'!H227)/'207 - Salus HUNGARY'!H227) -> 0.14393825
A34: 208 - Medipal Company NABLUS | B34: 208 - Medipal Company NABLUS | C34: N/A | D34: =COUNTA('208 - Medipal Company NABLUS'!$A$9:$A$98) -> 90 | E34: =SUMPRODUCT(--(('208 - Medipal Company NABLUS'!$C$9:$C$98<>0)+('208 - Medipal Company NABLUS'!$H$9:$H$98<>0)>0)) -> 90 | F34: =SUMPRODUCT(--(('208 - Medipal Company NABLUS'!$D$9:$D$98<>0)+('208 - Medipal Company NABLUS'!$I$9:$I$98<>0)>0)) -> 0 | G34: ='208 - Medipal Company NABLUS'!B5 -> 90 | H34: ='208 - Medipal Company NABLUS'!D5 -> 0 | I34: ='208 - Medipal Company NABLUS'!B6 -> 6687 | J34: ='208 - Medipal Company NABLUS'!D6 -> 256772.1 | K34: ='208 - Medipal Company NABLUS'!F6 -> 0 | L34: ='208 - Medipal Company NABLUS'!H6 -> 0 | M34: ='208 - Medipal Company NABLUS'!C100 -> 6687 | N34: ='208 - Medipal Company NABLUS'!D100 -> 0 | O34: =IF('208 - Medipal Company NABLUS'!C100=0,"N/A",('208 - Medipal Company NABLUS'!D100-'208 - Medipal Company NABLUS'!C100)/'208 - Medipal Company NABLUS'!C100) -> -1 | P34: ='208 - Medipal Company NABLUS'!H100 -> 256772.1 | Q34: ='208 - Medipal Company NABLUS'!I100 -> 0 | R34: =IF('208 - Medipal Company NABLUS'!H100=0,"N/A",('208 - Medipal Company NABLUS'!I100-'208 - Medipal Company NABLUS'!H100)/'208 - Medipal Company NABLUS'!H100) -> -1
A35: 209 - Ortoprofil Prod ROMANIA | B35: 209 - Ortoprofil Prod ROMANIA | C35: N/A | D35: =COUNTA('209 - Ortoprofil Prod ROMANIA'!$A$9:$A$99) -> 91 | E35: =SUMPRODUCT(--(('209 - Ortoprofil Prod ROMANIA'!$C$9:$C$99<>0)+('209 - Ortoprofil Prod ROMANIA'!$H$9:$H$99<>0)>0)) -> 83 | F35: =SUMPRODUCT(--(('209 - Ortoprofil Prod ROMANIA'!$D$9:$D$99<>0)+('209 - Ortoprofil Prod ROMANIA'!$I$9:$I$99<>0)>0)) -> 74 | G35: ='209 - Ortoprofil Prod ROMANIA'!B5 -> 17 | H35: ='209 - Ortoprofil Prod ROMANIA'!D5 -> 8 | I35: ='209 - Ortoprofil Prod ROMANIA'!B6 -> 184 | J35: ='209 - Ortoprofil Prod ROMANIA'!D6 -> 2098.73 | K35: ='209 - Ortoprofil Prod ROMANIA'!F6 -> 147 | L35: ='209 - Ortoprofil Prod ROMANIA'!H6 -> 6167.14 | M35: ='209 - Ortoprofil Prod ROMANIA'!C101 -> 13479 | N35: ='209 - Ortoprofil Prod ROMANIA'!D101 -> 9703 | O35: =IF('209 - Ortoprofil Prod ROMANIA'!C101=0,"N/A",('209 - Ortoprofil Prod ROMANIA'!D101-'209 - Ortoprofil Prod ROMANIA'!C101)/'209 - Ortoprofil Prod ROMANIA'!C101) -> -0.28013948 | P35: ='209 - Ortoprofil Prod ROMANIA'!H101 -> 407234.61 | Q35: ='209 - Ortoprofil Prod ROMANIA'!I101 -> 300835.19 | R35: =IF('209 - Ortoprofil Prod ROMANIA'!H101=0,"N/A",('209 - Ortoprofil Prod ROMANIA'!I101-'209 - Ortoprofil Prod ROMANIA'!H101)/'209 - Ortoprofil Prod ROMANIA'!H101) -> -0.26127303
A36: 108 - Shoe Stores | B36: 108 - Shoe Stores | C36: N/A | D36: =COUNTA('108 - Shoe Stores'!$A$9:$A$39) -> 31 | E36: =SUMPRODUCT(--(('108 - Shoe Stores'!$C$9:$C$39<>0)+('108 - Shoe Stores'!$H$9:$H$39<>0)>0)) -> 31 | F36: =SUMPRODUCT(--(('108 - Shoe Stores'!$D$9:$D$39<>0)+('108 - Shoe Stores'!$I$9:$I$39<>0)>0)) -> 0 | G36: ='108 - Shoe Stores'!B5 -> 31 | H36: ='108 - Shoe Stores'!D5 -> 0 | I36: ='108 - Shoe Stores'!B6 -> 833 | J36: ='108 - Shoe Stores'!D6 -> 19065.38 | K36: ='108 - Shoe Stores'!F6 -> 0 | L36: ='108 - Shoe Stores'!H6 -> 0 | M36: ='108 - Shoe Stores'!C41 -> 833 | N36: ='108 - Shoe Stores'!D41 -> 0 | O36: =IF('108 - Shoe Stores'!C41=0,"N/A",('108 - Shoe Stores'!D41-'108 - Shoe Stores'!C41)/'108 - Shoe Stores'!C41) -> -1 | P36: ='108 - Shoe Stores'!H41 -> 19065.38 | Q36: ='108 - Shoe Stores'!I41 -> 0 | R36: =IF('108 - Shoe Stores'!H41=0,"N/A",('108 - Shoe Stores'!I41-'108 - Shoe Stores'!H41)/'108 - Shoe Stores'!H41) -> -1

Sheet 110 - Chemipal
A1: Sales Comparison 2025 vs 2026 (Annualized) - Sale Type: 110 - Chemipal (by Product CODE)
A2: Calculation date: | B2: 46284
A3: Source: NetSuite report "1-Sales: Customer by Item" (01/01/2025-31/12/2026), Sale Type = "110 - Chemipal" only (exact match on the "Sale Type" column, per the canonical 31-value list in the source file’s "list" sheet). Product CODE = column "Item: Name" (F in the original report) - NOT "Item: Name (Grouped)" (E), which carries a PARENT prefix. 2025 = columns J/K (Quantity/Amount Net); 2026 = columns O/P. Multiple rows per CODE per Sale Type (one per unit-price tier / customer within this category) are summed (SUMIFS) per CODE, not taken from a single row. Raw rows kept unchanged in the shared "Source" sheet (filtered to only these 31 categories - built-in "Total"/"Total - <category>"/"- Unassigned -" rows excluded to avoid double-counting). IMPORTANT: the source file’s own header states the report range as "01 January 2025 - 31 December 2026", but has no per-row date/timestamp field, so the exact 2026 cutoff cannot be verified from the data itself. Same assumption used across this whole workbook family for consistency: 2026 actual covers approximately 9.5 months (1 Jan - 15 Sep).
A4: Annualization note: 2026 actual data is assumed to cover approximately 9.5 months (1 Jan - 15 Sep 2026), consistent with the rest of this workbook family. Scaled to a full year via a simple linear factor = 12 / 9.5 (≈ 1.263158) - straight-line extrapolation, does NOT account for seasonality. Treat as an estimate. | I4: Months in full year: | J4: 12 | K4: Months covered by 2026 actual (assumed 1/1–15/9): | L4: 9.5
A5: # DROP (sold 2025, 0 in 2026): | B5: =SUMPRODUCT(--(((C9:C569<>0)+(H9:H569<>0)>0)*((D9:D569=0)*(I9:I569=0)))) -> 558 | C5: # NEW (sold 2026, 0 in 2025): | D5: =SUMPRODUCT(--(((D9:D569<>0)+(I9:I569<>0)>0)*((C9:C569=0)*(H9:H569=0)))) -> 2 | I5: Normalization factor (J4/L4): | J5: =J4/L4 -> 1.2631579
A6: DROP — Quantity 2025: | B6: =SUMPRODUCT(--(((C9:C569<>0)+(H9:H569<>0)>0)*((D9:D569=0)*(I9:I569=0)))*C9:C569) -> 156696 | C6: DROP — Amount 2025 (₪): | D6: =SUMPRODUCT(--(((C9:C569<>0)+(H9:H569<>0)>0)*((D9:D569=0)*(I9:I569=0)))*H9:H569) -> 5726866.7 | E6: NEW — Quantity 2026: | F6: =SUMPRODUCT(--(((D9:D569<>0)+(I9:I569<>0)>0)*((C9:C569=0)*(H9:H569=0)))*D9:D569) -> 3 | G6: NEW — Amount 2026 (₪): | H6: =SUMPRODUCT(--(((D9:D569<>0)+(I9:I569<>0)>0)*((C9:C569=0)*(H9:H569=0)))*I9:I569) -> 0
A8: Product Code | B8: Item Display Name | C8: Quantity 2025 | D8: Quantity 2026 (Actual, partial year) | E8: Quantity 2026 (Annualized) | F8: Quantity Change (Annualized vs 2025) | G8: Quantity Change % (Annualized vs 2025) | H8: Amount 2025 (₪) | I8: Amount 2026 (Actual, partial year) (₪) | J8: Amount 2026 (Annualized) (₪) | K8: Amount Change (Annualized vs 2025) (₪) | L8: Amount Change % (Annualized vs 2025) | M8: Note
A9: 99 Chemipal Inv Item | B9: =IFERROR(INDEX('Source'!$C:$C,MATCH($A9,'Source'!$B:$B,0)),"") -> 99 Chemipal Inv Item | C9: =SUMIFS('Source'!$D:$D,'Source'!$A:$A,"110 - Chemipal",'Source'!$B:$B,$A9) -> -6 | D9: =SUMIFS('Source'!$F:$F,'Source'!$A:$A,"110 - Chemipal",'Source'!$B:$B,$A9) -> 8 | E9: =D9*$J$5 -> 10.105263 | F9: =E9-C9 -> 16.105263 | G9: =IF(AND(C9=0,E9=0),0,IF(C9=0,"New",(E9-C9)/C9)) -> -2.6842105 | H9: =SUMIFS('Source'!$E:$E,'Source'!$A:$A,"110 - Chemipal",'Source'!$B:$B,$A9) -> 2720270 | I9: =SUMIFS('Source'!$G:$G,'Source'!$A:$A,"110 - Chemipal",'Source'!$B:$B,$A9) -> 5794673.6 | J9: =I9*$J$5 -> 7319587.8 | K9: =J9-H9 -> 4599317.8 | L9: =IF(AND(H9=0,J9=0),0,IF(H9=0,"New",(J9-H9)/H9)) -> 1.6907579 | M9: =IF(AND(OR(C9<>0,H9<>0),D9=0,I9=0),"DROP",IF(AND(OR(D9<>0,I9<>0),C9=0,H9=0),"NEW",""))
A10: בונוסים ללקוחות | B10: =IFERROR(INDEX('Source'!$C:$C,MATCH($A10,'Source'!$B:$B,0)),"") -> 0 | C10: =SUMIFS('Source'!$D:$D,'Source'!$A:$A,"110 - Chemipal",'Source'!$B:$B,$A10) -> -1 | D10: =SUMIFS('Source'!$F:$F,'Source'!$A:$A,"110 - Chemipal",'Source'!$B:$B,$A10) -> 0 | E10: =D10*$J$5 -> 0 | F10: =E10-C10 -> 1 | G10: =IF(AND(C10=0,E10=0),0,IF(C10=0,"New",(E10-C10)/C10)) -> -1 | H10: =SUMIFS('Source'!$E:$E,'Source'!$A:$A,"110 - Chemipal",'Source'!$B:$B,$A10) -> -240000 | I10: =SUMIFS('Source'!$G:$G,'Source'!$A:$A,"110 - Chemipal",'Source'!$B:$B,$A10) -> 0 | J10: =I10*$J$5 -> 0 | K10: =J10-H10 -> 240000 | L10: =IF(AND(H10=0,J10=0),0,IF(H10=0,"New",(J10-H10)/H10)) -> -1 | M10: =IF(AND(OR(C10<>0,H10<>0),D10=0,I10=0),"DROP",IF(AND(OR(D10<>0,I10<>0),C10=0,H10=0),"NEW","")) -> DROP
A11: 266 0 | B11: =IFERROR(INDEX('Source'!$C:$C,MATCH($A11,'Source'!$B:$B,0)),"") -> סד יד דו צדדי | C11: =SUMIFS('Source'!$D:$D,'Source'!$A:$A,"110 - Chemipal",'Source'!$B:$B,$A11) -> 3078 | D11: =SUMIFS('Source'!$F:$F,'Source'!$A:$A,"110 - Chemipal",'Source'!$B:$B,$A11) -> 0 | E11: =D11*$J$5 -> 0 | F11: =E11-C11 -> -3078 | G11: =IF(AND(C11=0,E11=0),0,IF(C11=0,"New",(E11-C11)/C11)) -> -1 | H11: =SUMIFS('Source'!$E:$E,'Source'!$A:$A,"110 - Chemipal",'Source'!$B:$B,$A11) -> 211474.64 | I11: =SUMIFS('Source'!$G:$G,'Source'!$A:$A,"110 - Chemipal",'Source'!$B:$B,$A11) -> 0 | J11: =I11*$J$5 -> 0 | K11: =J11-H11 -> -211474.64 | L11: =IF(AND(H11=0,J11=0),0,IF(H11=0,"New",(J11-H11)/H11)) -> -1 | M11: =IF(AND(OR(C11<>0,H11<>0),D11=0,I11=0),"DROP",IF(AND(OR(D11<>0,I11<>0),C11=0,H11=0),"NEW","")) -> DROP
A12: T25C 0 | B12: =IFERROR(INDEX('Source'!$C:$C,MATCH($A12,'Source'!$B:$B,0)),"") -> חבק יד אגודלי ימ | C12: =SUMIFS('Source'!$D:$D,'Source'!$A:$A,"110 - Chemipal",'Source'!$B:$B,$A12) -> 3441 | D12: =SUMIFS('Source'!$F:$F,'Source'!$A:$A,"110 - Chemipal",'Source'!$B:$B,$A12) -> 0 | E12: =D12*$J$5 -> 0 | F12: =E12-C12 -> -3441 | G12: =IF(AND(C12=0,E12=0),0,IF(C12=0,"New",(E12-C12)/C12)) -> -1 | H12: =SUMIFS('Source'!$E:$E,'Source'!$A:$A,"110 - Chemipal",'Source'!$B:$B,$A12) -> 128934.22 | I12: =SUMIFS('Source'!$G:$G,'Source'!$A:$A,"110 - Chemipal",'Source'!$B:$B,$A12) -> 0 | J12: =I12*$J$5 -> 0 | K12: =J12-H12 -> -128934.22 | L12: =IF(AND(H12=0,J12=0),0,IF(H12=0,"New",(J12-H12)/H12)) -> -1 | M12: =IF(AND(OR(C12<>0,H12<>0),D12=0,I12=0),"DROP",IF(AND(OR(D12<>0,I12<>0),C12=0,H12=0),"NEW","")) -> DROP
A13: T25 0 | B13: =IFERROR(INDEX('Source'!$C:$C,MATCH($A13,'Source'!$B:$B,0)),"") -> חבק יד אגודלי ימ | C13: =SUMIFS('Source'!$D:$D,'Source'!$A:$A,"110 - Chemipal",'Source'!$B:$B,$A13) -> 3024 | D13: =SUMIFS('Source'!$F:$F,'Source'!$A:$A,"110 - Chemipal",'Source'!$B:$B,$A13) -> 0 | E13: =D13*$J$5 -> 0 | F13: =E13-C13 -> -3024 | G13: =IF(AND(C13=0,E13=0),0,IF(C13=0,"New",(E13-C13)/C13)) -> -1 | H13: =SUMIFS('Source'!$E:$E,'Source'!$A:$A,"110 - Chemipal",'Source'!$B:$B,$A13) -> 113949.94 | I13: =SUMIFS('Source'!$G:$G,'Source'!$A:$A,"110 - Chemipal",'Source'!$B:$B,$A13) -> 0 | J13: =I13*$J$5 -> 0 | K13: =J13-H13 -> -113949.94 | L13: =IF(AND(H13=0,J13=0),0,IF(H13=0,"New",(J13-H13)/H13)) -> -1 | M13: =IF(AND(OR(C13<>0,H13<>0),D13=0,I13=0),"DROP",IF(AND(OR(D13<>0,I13<>0),C13=0,H13=0),"NEW","")) -> DROP
A14: 078G L | B14: =IFERROR(INDEX('Source'!$C:$C,MATCH($A14,'Source'!$B:$B,0)),"") -> חגורת גב אפורה | C14: =SUMIFS('Source'!$D:$D,'Source'!$A:$A,"110 - Chemipal",'Source'!$B:$B,$A14) -> 1111 | D14: =SUMIFS('Source'!$F:$F,'Source'!$A:$A,"110 - Chemipal",'Source'!$B:$B,$A14) -> 0 | E14: =D14*$J$5 -> 0 | F14: =E14-C14 -> -1111 | G14: =IF(AND(C14=0,E14=0),0,IF(C14=0,"New",(E14-C14)/C14)) -> -1 | H14: =SUMIFS('Source'!$E:$E,'Source'!$A:$A,"110 - Chemipal",'Source'!$B:$B,$A14) -> 103511.38 | I14: =SUMIFS('Source'!$G:$G,'Source'!$A:$A,"110 - Chemipal",'Source'!$B:$B,$A14) -> 0 | J14: =I14*$J$5 -> 0 | K14: =J14-H14 -> -103511.38 | L14: =IF(AND(H14=0,J14=0),0,IF(H14=0,"New",(J14-H14)/H14)) -> -1 | M14: =IF(AND(OR(C14<>0,H14<>0),D14=0,I14=0),"DROP",IF(AND(OR(D14<>0,I14<>0),C14=0,H14=0),"NEW","")) -> DROP
A15: 379WRK-43-46 | B15: =IFERROR(INDEX('Source'!$C:$C,MATCH($A15,'Source'!$B:$B,0)),"") -> מדרסי ג'ל וורק | C15: =SUMIFS('Source'!$D:$D,'Source'!$A:$A,"110 - Chemipal",'Source'!$B:$B,$A15) -> 999 | D15: =SUMIFS('Source'!$F:$F,'Source'!$A:$A,"110 - Chemipal",'Source'!$B:$B,$A15) -> 0 | E15: =D15*$J$5 -> 0 | F15: =E15-C15 -> -999 | G15: =IF(AND(C15=0,E15=0),0,IF(C15=0,"New",(E15-C15)/C15)) -> -1 | H15: =SUMIFS('Source'!$E:$E,'Source'!$A:$A,"110 - Chemipal",'Source'!$B:$B,$A15) -> 92034.03 | I15: =SUMIFS('Source'!$G:$G,'Source'!$A:$A,"110 - Chemipal",'Source'!$B:$B,$A15) -> 0 | J15: =I15*$J$5 -> 0 | K15: =J15-H15 -> -92034.03 | L15: =IF(AND(H15=0,J15=0),0,IF(H15=0,"New",(J15-H15)/H15)) -> -1 | M15: =IF(AND(OR(C15<>0,H15<>0),D15=0,I15=0),"DROP",IF(AND(OR(D15<>0,I15<>0),C15=0,H15=0),"NEW","")) -> DROP
A16: 078G XL | B16: =IFERROR(INDEX('Source'!$C:$C,MATCH($A16,'Source'!$B:$B,0)),"") -> חגורת גב אפורה | C16: =SUMIFS('Source'!$D:$D,'Source'!$A:$A,"110 - Chemipal",'Source'!$B:$B,$A16) -> 986 | D16: =SUMIFS('Source'!$F:$F,'Source'!$A:$A,"110 - Chemipal",'Source'!$B:$B,$A16) -> 0 | E16: =D16*$J$5 -> 0 | F16: =E16-C16 -> -986 | G16: =IF(AND(C16=0,E16=0),0,IF(C16=0,"New",(E16-C16)/C16)) -> -1 | H16: =SUMIFS('Source'!$E:$E,'Source'!$A:$A,"110 - Chemipal",'Source'!$B:$B,$A16) -> 91706.88 | I16: =SUMIFS('Source'!$G:$G,'Source'!$A:$A,"110 - Chemipal",'Source'!$B:$B,$A16) -> 0 | J16: =I16*$J$5 -> 0 | K16: =J16-H16 -> -91706.88 | L16: =IF(AND(H16=0,J16=0),0,IF(H16=0,"New",(J16-H16)/H16)) -> -1 | M16: =IF(AND(OR(C16<>0,H16<>0),D16=0,I16=0),"DROP",IF(AND(OR(D16<>0,I16<>0),C16=0,H16=0),"NEW","")) -> DROP
A17: 379WRK-39-42 | B17: =IFERROR(INDEX('Source'!$C:$C,MATCH($A17,'Source'!$B:$B,0)),"") -> מדרסי ג'ל וורק | C17: =SUMIFS('Source'!$D:$D,'Source'!$A:$A,"110 - Chemipal",'Source'!$B:$B,$A17) -> 972 | D17: =SUMIFS('Source'!$F:$F,'Source'!$A:$A,"110 - Chemipal",'Source'!$B:$B,$A17) -> 0 | E17: =D17*$J$5 -> 0 | F17: =E17-C17 -> -972 | G17: =IF(AND(C17=0,E17=0),0,IF(C17=0,"New",(E17-C17)/C17)) -> -1 | H17: =SUMIFS('Source'!$E:$E,'Source'!$A:$A,"110 - Chemipal",'Source'!$B:$B,$A17) -> 89796.6 | I17: =SUMIFS('Source'!$G:$G,'Source'!$A:$A,"110 - Chemipal",'Source'!$B:$B,$A17) -> 0 | J17: =I17*$J$5 -> 0 | K17: =J17-H17 -> -89796.6 | L17: =IF(AND(H17=0,J17=0),0,IF(H17=0,"New",(J17-H17)/H17)) -> -1 | M17: =IF(AND(OR(C17<>0,H17<>0),D17=0,I17=0),"DROP",IF(AND(OR(D17<>0,I17<>0),C17=0,H17=0),"NEW","")) -> DROP
A18: 379MSP-43-46 | B18: =IFERROR(INDEX('Source'!$C:$C,MATCH($A18,'Source'!$B:$B,0)),"") -> מדרסי ג'ל מולטי ספורט | C18: =SUMIFS('Source'!$D:$D,'Source'!$A:$A,"110 - Chemipal",'Source'!$B:$B,$A18) -> 960 | D18: =SUMIFS('Source'!$F:$F,'Source'!$A:$A,"110 - Chemipal",'Source'!$B:$B,$A18) -> 0 | E18: =D18*$J$5 -> 0 | F18: =E18-C18 -> -960 | G18: =IF(AND(C18=0,E18=0),0,IF(C18=0,"New",(E18-C18)/C18)) -> -1 | H18: =SUMIFS('Source'!$E:$E,'Source'!$A:$A,"110 - Chemipal",'Source'!$B:$B,$A18) -> 88734.96 | I18: =SUMIFS('Source'!$G:$G,'Source'!$A:$A,"110 - Chemipal",'Source'!$B:$B,$A18) -> 0 | J18: =I18*$J$5 -> 0 | K18: =J18-H18 -> -88734.96 | L18: =IF(AND(H18=0,J18=0),0,IF(H18=0,"New",(J18-H18)/H18)) -> -1 | M18: =IF(AND(OR(C18<>0,H18<>0),D18=0,I18=0),"DROP",IF(AND(OR(D18<>0,I18<>0),C18=0,H18=0),"NEW","")) -> DROP
A19: 379COM-43-46 | B19: =IFERROR(INDEX('Source'!$C:$C,MATCH($A19,'Source'!$B:$B,0)),"") -> מדרסי ג'ל קומפורט | C19: =SUMIFS('Source'!$D:$D,'Source'!$A:$A,"110 - Chemipal",'Source'!$B:$B,$A19) -> 923 | D19: =SUMIFS('Source'!$F:$F,'Source'!$A:$A,"110 - Chemipal",'Source'!$B:$B,$A19) -> 0 | E19: =D19*$J$5 -> 0 | F19: =E19-C19 -> -923 | G19: =IF(AND(C19=0,E19=0),0,IF(C19=0,"New",(E19-C19)/C19)) -> -1 | H19: =SUMIFS('Source'!$E:$E,'Source'!$A:$A,"110 - Chemipal",'Source'!$B:$B,$A19) -> 85202.41 | I19: =SUMIFS('Source'!$G:$G,'Source'!$A:$A,"110 - Chemipal",'Source'!$B:$B,$A19) -> 0 | J19: =I19*$J$5 -> 0 | K19: =J19-H19 -> -85202.41 | L19: =IF(AND(H19=0,J19=0),0,IF(H19=0,"New",(J19-H19)/H19)) -> -1 | M19: =IF(AND(OR(C19<>0,H19<>0),D19=0,I19=0),"DROP",IF(AND(OR(D19<>0,I19<>0),C19=0,H19=0),"NEW","")) -> DROP
A20: 379COM-39-42 | B20: =IFERROR(INDEX('Source'!$C:$C,MATCH($A20,'Source'!$B:$B,0)),"") -> מדרסי ג'ל קומפורט | C20: =SUMIFS('Source'!$D:$D,'Source'!$A:$A,"110 - Chemipal",'Source'!$B:$B,$A20) -> 909 | D20: =SUMIFS('Source'!$F:$F,'Source'!$A:$A,"110 - Chemipal",'Source'!$B:$B,$A20) -> 0 | E20: =D20*$J$5 -> 0 | F20: =E20-C20 -> -909 | G20: =IF(AND(C20=0,E20=0),0,IF(C20=0,"New",(E20-C20)/C20)) -> -1 | H20: =SUMIFS('Source'!$E:$E,'Source'!$A:$A,"110 - Chemipal",'Source'!$B:$B,$A20) -> 83933.44 | I20: =SUMIFS('Source'!$G:$G,'Source'!$A:$A,"110 - Chemipal",'Source'!$B:$B,$A20) -> 0 | J20: =I20*$J$5 -> 0 | K20: =J20-H20 -> -83933.44 | L20: =IF(AND(H20=0,J20=0),0,IF(H20=0,"New",(J20-H20)/H20)) -> -1 | M20: =IF(AND(OR(C20<>0,H20<>0),D20=0,I20=0),"DROP",IF(AND(OR(D20<>0,I20<>0),C20=0,H20=0),"NEW","")) -> DROP
... A569: 67813000 | B569: =IFERROR(INDEX('Source'!$C:$C,MATCH($A569,'Source'!$B:$B,0)),"") -> סטנד URIEL שחור מסתובב מתכת 35 ס''מ לבתי מרקחת | C569: =SUMIFS('Source'!$D:$D,'Source'!$A:$A,"110 - Chemipal",'Source'!$B:$B,$A569) -> 0 | D569: =SUMIFS('Source'!$F:$F,'Source'!$A:$A,"110 - Chemipal",'Source'!$B:$B,$A569) -> 1 | E569: =D569*$J$5 -> 1.2631579 | F569: =E569-C569 -> 1.2631579 | G569: =IF(AND(C569=0,E569=0),0,IF(C569=0,"New",(E569-C569)/C569)) -> New | H569: =SUMIFS('Source'!$E:$E,'Source'!$A:$A,"110 - Chemipal",'Source'!$B:$B,$A569) -> 0 | I569: =SUMIFS('Source'!$G:$G,'Source'!$A:$A,"110 - Chemipal",'Source'!$B:$B,$A569) -> 0 | J569: =I569*$J$5 -> 0 | K569: =J569-H569 -> 0 | L569: =IF(AND(H569=0,J569=0),0,IF(H569=0,"New",(J569-H569)/H569)) -> 0 | M569: =IF(AND(OR(C569<>0,H569<>0),D569=0,I569=0),"DROP",IF(AND(OR(D569<>0,I569<>0),C569=0,H569=0),"NEW","")) -> NEW
B571: TOTAL | C571: =SUM(C9:C569) -> 156690 | D571: =SUM(D9:D569) -> 11 | E571: =SUM(E9:E569) -> 13.894737 | F571: =SUM(F9:F569) -> -156676.11 | G571: =IF(C571=0,"N/A",F571/C571) -> -0.99991132 | H571: =SUM(H9:H569) -> 8447136.6 | I571: =SUM(I9:I569) -> 5794673.6 | J571: =SUM(J9:J569) -> 7319587.8 | K571: =SUM(K9:K569) -> -1127548.9 | L571: =IF(H571=0,"N/A",K571/H571) -> -0.13348297

Sheet 102 - Orthopedic institutes
A1: Sales Comparison 2025 vs 2026 (Annualized) - Sale Type: 102 - Orthopedic institutes (by Product CODE)
A2: Calculation date: | B2: 46284
A3: Source: NetSuite report "1-Sales: Customer by Item" (01/01/2025-31/12/2026), Sale Type = "102 - Orthopedic institutes" only (exact match on the "Sale Type" column, per the canonical 31-value list in the source file’s "list" sheet). Product CODE = column "Item: Name" (F in the original report) - NOT "Item: Name (Grouped)" (E), which carries a PARENT prefix. 2025 = columns J/K (Quantity/Amount Net); 2026 = columns O/P. Multiple rows per CODE per Sale Type (one per unit-price tier / customer within this category) are summed (SUMIFS) per CODE, not taken from a single row. Raw rows kept unchanged in the shared "Source" sheet (filtered to only these 31 categories - built-in "Total"/"Total - <category>"/"- Unassigned -" rows excluded to avoid double-counting). IMPORTANT: the source file’s own header states the report range as "01 January 2025 - 31 December 2026", but has no per-row date/timestamp field, so the exact 2026 cutoff cannot be verified from the data itself. Same assumption used across this whole workbook family for consistency: 2026 actual covers approximately 9.5 months (1 Jan - 15 Sep).
A4: Annualization note: 2026 actual data is assumed to cover approximately 9.5 months (1 Jan - 15 Sep 2026), consistent with the rest of this workbook family. Scaled to a full year via a simple linear factor = 12 / 9.5 (≈ 1.263158) - straight-line extrapolation, does NOT account for seasonality. Treat as an estimate. | I4: Months in full year: | J4: 12 | K4: Months covered by 2026 actual (assumed 1/1–15/9): | L4: 9.5
A5: # DROP (sold 2025, 0 in 2026): | B5: =SUMPRODUCT(--(((C9:C668<>0)+(H9:H668<>0)>0)*((D9:D668=0)*(I9:I668=0)))) -> 185 | C5: # NEW (sold 2026, 0 in 2025): | D5: =SUMPRODUCT(--(((D9:D668<>0)+(I9:I668<>0)>0)*((C9:C668=0)*(H9:H668=0)))) -> 65 | I5: Normalization factor (J4/L4): | J5: =J4/L4 -> 1.2631579
A6: DROP — Quantity 2025: | B6: =SUMPRODUCT(--(((C9:C668<>0)+(H9:H668<>0)>0)*((D9:D668=0)*(I9:I668=0)))*C9:C668) -> 826 | C6: DROP — Amount 2025 (₪): | D6: =SUMPRODUCT(--(((C9:C668<>0)+(H9:H668<>0)>0)*((D9:D668=0)*(I9:I668=0)))*H9:H668) -> 59526.19 | E6: NEW — Quantity 2026: | F6: =SUMPRODUCT(--(((D9:D668<>0)+(I9:I668<>0)>0)*((C9:C668=0)*(H9:H668=0)))*D9:D668) -> 728 | G6: NEW — Amount 2026 (₪): | H6: =SUMPRODUCT(--(((D9:D668<>0)+(I9:I668<>0)>0)*((C9:C668=0)*(H9:H668=0)))*I9:I668) -> 56220.09
A8: Product Code | B8: Item Display Name | C8: Quantity 2025 | D8: Quantity 2026 (Actual, partial year) | E8: Quantity 2026 (Annualized) | F8: Quantity Change (Annualized vs 2025) | G8: Quantity Change % (Annualized vs 2025) | H8: Amount 2025 (₪) | I8: Amount 2026 (Actual, partial year) (₪) | J8: Amount 2026 (Annualized) (₪) | K8: Amount Change (Annualized vs 2025) (₪) | L8: Amount Change % (Annualized vs 2025) | M8: Note
A9: 87 M | B9: =IFERROR(INDEX('Source'!$C:$C,MATCH($A9,'Source'!$B:$B,0)),"") -> חגורת קיבוע לכתף | C9: =SUMIFS('Source'!$D:$D,'Source'!$A:$A,"102 - Orthopedic institutes",'Source'!$B:$B,$A9) -> 178 | D9: =SUMIFS('Source'!$F:$F,'Source'!$A:$A,"102 - Orthopedic institutes",'Source'!$B:$B,$A9) -> 107 | E9: =D9*$J$5 -> 135.15789 | F9: =E9-C9 -> -42.842105 | G9: =IF(AND(C9=0,E9=0),0,IF(C9=0,"New",(E9-C9)/C9)) -> -0.24068598 | H9: =SUMIFS('Source'!$E:$E,'Source'!$A:$A,"102 - Orthopedic institutes",'Source'!$B:$B,$A9) -> 24223.45 | I9: =SUMIFS('Source'!$G:$G,'Source'!$A:$A,"102 - Orthopedic institutes",'Source'!$B:$B,$A9) -> 14980.23 | J9: =I9*$J$5 -> 18922.396 | K9: =J9-H9 -> -5301.0542 | L9: =IF(AND(H9=0,J9=0),0,IF(H9=0,"New",(J9-H9)/H9)) -> -0.21883977 | M9: =IF(AND(OR(C9<>0,H9<>0),D9=0,I9=0),"DROP",IF(AND(OR(D9<>0,I9<>0),C9=0,H9=0),"NEW",""))
A10: 70N S | B10: =IFERROR(INDEX('Source'!$C:$C,MATCH($A10,'Source'!$B:$B,0)),"") -> חגורת פאבליק (רצועות אבדוקציה) | C10: =SUMIFS('Source'!$D:$D,'Source'!$A:$A,"102 - Orthopedic institutes",'Source'!$B:$B,$A10) -> 140 | D10: =SUMIFS('Source'!$F:$F,'Source'!$A:$A,"102 - Orthopedic institutes",'Source'!$B:$B,$A10) -> 169 | E10: =D10*$J$5 -> 213.47368 | F10: =E10-C10 -> 73.473684 | G10: =IF(AND(C10=0,E10=0),0,IF(C10=0,"New",(E10-C10)/C10)) -> 0.52481203 | H10: =SUMIFS('Source'!$E:$E,'Source'!$A:$A,"102 - Orthopedic institutes",'Source'!$B:$B,$A10) -> 34014.09 | I10: =SUMIFS('Source'!$G:$G,'Source'!$A:$A,"102 - Orthopedic institutes",'Source'!$B:$B,$A10) -> 42271.95 | J10: =I10*$J$5 -> 53396.147 | K10: =J10-H10 -> 19382.057 | L10: =IF(AND(H10=0,J10=0),0,IF(H10=0,"New",(J10-H10)/H10)) -> 0.56982437 | M10: =IF(AND(OR(C10<>0,H10<>0),D10=0,I10=0),"DROP",IF(AND(OR(D10<>0,I10<>0),C10=0,H10=0),"NEW",""))
A11: SH776 L | B11: =IFERROR(INDEX('Source'!$C:$C,MATCH($A11,'Source'!$B:$B,0)),"") -> SpinaShield | חגורת תיקון יציבה לעמוד שדרה וכתפיים | C11: =SUMIFS('Source'!$D:$D,'Source'!$A:$A,"102 - Orthopedic institutes",'Source'!$B:$B,$A11) -> 0 | D11: =SUMIFS('Source'!$F:$F,'Source'!$A:$A,"102 - Orthopedic institutes",'Source'!$B:$B,$A11) -> 23 | E11: =D11*$J$5 -> 29.052632 | F11: =E11-C11 -> 29.052632 | G11: =IF(AND(C11=0,E11=0),0,IF(C11=0,"New",(E11-C11)/C11)) -> New | H11: =SUMIFS('Source'!$E:$E,'Source'!$A:$A,"102 - Orthopedic institutes",'Source'!$B:$B,$A11) -> 0 | I11: =SUMIFS('Source'!$G:$G,'Source'!$A:$A,"102 - Orthopedic institutes",'Source'!$B:$B,$A11) -> 8075 | J11: =I11*$J$5 -> 10200 | K11: =J11-H11 -> 10200 | L11: =IF(AND(H11=0,J11=0),0,IF(H11=0,"New",(J11-H11)/H11)) -> New | M11: =IF(AND(OR(C11<>0,H11<>0),D11=0,I11=0),"DROP",IF(AND(OR(D11<>0,I11<>0),C11=0,H11=0),"NEW","")) -> NEW
A12: 394B-39-42 | B12: =IFERROR(INDEX('Source'!$C:$C,MATCH($A12,'Source'!$B:$B,0)),"") -> גרבי נוחות קיץ שחור | C12: =SUMIFS('Source'!$D:$D,'Source'!$A:$A,"102 - Orthopedic institutes",'Source'!$B:$B,$A12) -> 326 | D12: =SUMIFS('Source'!$F:$F,'Source'!$A:$A,"102 - Orthopedic institutes",'Source'!$B:$B,$A12) -> 7 | E12: =D12*$J$5 -> 8.8421053 | F12: =E12-C12 -> -317.15789 | G12: =IF(AND(C12=0,E12=0),0,IF(C12=0,"New",(E12-C12)/C12)) -> -0.97287698 | H12: =SUMIFS('Source'!$E:$E,'Source'!$A:$A,"102 - Orthopedic institutes",'Source'!$B:$B,$A12) -> 7739.01 | I12: =SUMIFS('Source'!$G:$G,'Source'!$A:$A,"102 - Orthopedic institutes",'Source'!$B:$B,$A12) -> 174.98 | J12: =I12*$J$5 -> 221.02737 | K12: =J12-H12 -> -7517.9826 | L12: =IF(AND(H12=0,J12=0),0,IF(H12=0,"New",(J12-H12)/H12)) -> -0.97143984 | M12: =IF(AND(OR(C12<>0,H12<>0),D12=0,I12=0),"DROP",IF(AND(OR(D12<>0,I12<>0),C12=0,H12=0),"NEW",""))
A13: 394B-43-46 | B13: =IFERROR(INDEX('Source'!$C:$C,MATCH($A13,'Source'!$B:$B,0)),"") -> גרבי נוחות קיץ שחור | C13: =SUMIFS('Source'!$D:$D,'Source'!$A:$A,"102 - Orthopedic institutes",'Source'!$B:$B,$A13) -> 374 | D13: =SUMIFS('Source'!$F:$F,'Source'!$A:$A,"102 - Orthopedic institutes",'Source'!$B:$B,$A13) -> 54 | E13: =D13*$J$5 -> 68.210526 | F13: =E13-C13 -> -305.78947 | G13: =IF(AND(C13=0,E13=0),0,IF(C13=0,"New",(E13-C13)/C13)) -> -0.81761891 | H13: =SUMIFS('Source'!$E:$E,'Source'!$A:$A,"102 - Orthopedic institutes",'Source'!$B:$B,$A13) -> 8728.94 | I13: =SUMIFS('Source'!$G:$G,'Source'!$A:$A,"102 - Orthopedic institutes",'Source'!$B:$B,$A13) -> 1349.68 | J13: =I13*$J$5 -> 1704.8589 | K13: =J13-H13 -> -7024.0811 | L13: =IF(AND(H13=0,J13=0),0,IF(H13=0,"New",(J13-H13)/H13)) -> -0.80468889 | M13: =IF(AND(OR(C13<>0,H13<>0),D13=0,I13=0),"DROP",IF(AND(OR(D13<>0,I13<>0),C13=0,H13=0),"NEW",""))
A14: 395B-43-46 | B14: =IFERROR(INDEX('Source'!$C:$C,MATCH($A14,'Source'!$B:$B,0)),"") -> גרבי קיץ אנטיבקטריאלי שחור | C14: =SUMIFS('Source'!$D:$D,'Source'!$A:$A,"102 - Orthopedic institutes",'Source'!$B:$B,$A14) -> 0 | D14: =SUMIFS('Source'!$F:$F,'Source'!$A:$A,"102 - Orthopedic institutes",'Source'!$B:$B,$A14) -> 237 | E14: =D14*$J$5 -> 299.36842 | F14: =E14-C14 -> 299.36842 | G14: =IF(AND(C14=0,E14=0),0,IF(C14=0,"New",(E14-C14)/C14)) -> New | H14: =SUMIFS('Source'!$E:$E,'Source'!$A:$A,"102 - Orthopedic institutes",'Source'!$B:$B,$A14) -> 0 | I14: =SUMIFS('Source'!$G:$G,'Source'!$A:$A,"102 - Orthopedic institutes",'Source'!$B:$B,$A14) -> 6903.62 | J14: =I14*$J$5 -> 8720.3621 | K14: =J14-H14 -> 8720.3621 | L14: =IF(AND(H14=0,J14=0),0,IF(H14=0,"New",(J14-H14)/H14)) -> New | M14: =IF(AND(OR(C14<>0,H14<>0),D14=0,I14=0),"DROP",IF(AND(OR(D14<>0,I14<>0),C14=0,H14=0),"NEW","")) -> NEW
A15: SH776 XL | B15: =IFERROR(INDEX('Source'!$C:$C,MATCH($A15,'Source'!$B:$B,0)),"") -> SpinaShield | חגורת תיקון יציבה לעמוד שדרה וכתפיים | C15: =SUMIFS('Source'!$D:$D,'Source'!$A:$A,"102 - Orthopedic institutes",'Source'!$B:$B,$A15) -> 0 | D15: =SUMIFS('Source'!$F:$F,'Source'!$A:$A,"102 - Orthopedic institutes",'Source'!$B:$B,$A15) -> 19 | E15: =D15*$J$5 -> 24 | F15: =E15-C15 -> 24 | G15: =IF(AND(C15=0,E15=0),0,IF(C15=0,"New",(E15-C15)/C15)) -> New | H15: =SUMIFS('Source'!$E:$E,'Source'!$A:$A,"102 - Orthopedic institutes",'Source'!$B:$B,$A15) -> 0 | I15: =SUMIFS('Source'!$G:$G,'Source'!$A:$A,"102 - Orthopedic institutes",'Source'!$B:$B,$A15) -> 6650.03 | J15: =I15*$J$5 -> 8400.0379 | K15: =J15-H15 -> 8400.0379 | L15: =IF(AND(H15=0,J15=0),0,IF(H15=0,"New",(J15-H15)/H15)) -> New | M15: =IF(AND(OR(C15<>0,H15<>0),D15=0,I15=0),"DROP",IF(AND(OR(D15<>0,I15<>0),C15=0,H15=0),"NEW","")) -> NEW
A16: SH776 M | B16: =IFERROR(INDEX('Source'!$C:$C,MATCH($A16,'Source'!$B:$B,0)),"") -> SpinaShield | חגורת תיקון יציבה לעמוד שדרה וכתפיים | C16: =SUMIFS('Source'!$D:$D,'Source'!$A:$A,"102 - Orthopedic institutes",'Source'!$B:$B,$A16) -> 0 | D16: =SUMIFS('Source'!$F:$F,'Source'!$A:$A,"102 - Orthopedic institutes",'Source'!$B:$B,$A16) -> 18 | E16: =D16*$J$5 -> 22.736842 | F16: =E16-C16 -> 22.736842 | G16: =IF(AND(C16=0,E16=0),0,IF(C16=0,"New",(E16-C16)/C16)) -> New | H16: =SUMIFS('Source'!$E:$E,'Source'!$A:$A,"102 - Orthopedic institutes",'Source'!$B:$B,$A16) -> 0 | I16: =SUMIFS('Source'!$G:$G,'Source'!$A:$A,"102 - Orthopedic institutes",'Source'!$B:$B,$A16) -> 6325.1 | J16: =I16*$J$5 -> 7989.6 | K16: =J16-H16 -> 7989.6 | L16: =IF(AND(H16=0,J16=0),0,IF(H16=0,"New",(J16-H16)/H16)) -> New | M16: =IF(AND(OR(C16<>0,H16<>0),D16=0,I16=0),"DROP",IF(AND(OR(D16<>0,I16<>0),C16=0,H16=0),"NEW","")) -> NEW
A17: 87 L | B17: =IFERROR(INDEX('Source'!$C:$C,MATCH($A17,'Source'!$B:$B,0)),"") -> חגורת קיבוע לכתף | C17: =SUMIFS('Source'!$D:$D,'Source'!$A:$A,"102 - Orthopedic institutes",'Source'!$B:$B,$A17) -> 224 | D17: =SUMIFS('Source'!$F:$F,'Source'!$A:$A,"102 - Orthopedic institutes",'Source'!$B:$B,$A17) -> 175 | E17: =D17*$J$5 -> 221.05263 | F17: =E17-C17 -> -2.9473684 | G17: =IF(AND(C17=0,E17=0),0,IF(C17=0,"New",(E17-C17)/C17)) -> -0.013157895 | H17: =SUMIFS('Source'!$E:$E,'Source'!$A:$A,"102 - Orthopedic institutes",'Source'!$B:$B,$A17) -> 30369.76 | I17: =SUMIFS('Source'!$G:$G,'Source'!$A:$A,"102 - Orthopedic institutes",'Source'!$B:$B,$A17) -> 24500.36 | J17: =I17*$J$5 -> 30947.823 | K17: =J17-H17 -> 578.06316 | L17: =IF(AND(H17=0,J17=0),0,IF(H17=0,"New",(J17-H17)/H17)) -> 0.019034169 | M17: =IF(AND(OR(C17<>0,H17<>0),D17=0,I17=0),"DROP",IF(AND(OR(D17<>0,I17<>0),C17=0,H17=0),"NEW",""))
A18: 14 0 | B18: =IFERROR(INDEX('Source'!$C:$C,MATCH($A18,'Source'!$B:$B,0)),"") -> חגורה למנותחי בית חזה | C18: =SUMIFS('Source'!$D:$D,'Source'!$A:$A,"102 - Orthopedic institutes",'Source'!$B:$B,$A18) -> 61 | D18: =SUMIFS('Source'!$F:$F,'Source'!$A:$A,"102 - Orthopedic institutes",'Source'!$B:$B,$A18) -> 30 | E18: =D18*$J$5 -> 37.894737 | F18: =E18-C18 -> -23.105263 | G18: =IF(AND(C18=0,E18=0),0,IF(C18=0,"New",(E18-C18)/C18)) -> -0.37877481 | H18: =SUMIFS('Source'!$E:$E,'Source'!$A:$A,"102 - Orthopedic institutes",'Source'!$B:$B,$A18) -> 10275.08 | I18: =SUMIFS('Source'!$G:$G,'Source'!$A:$A,"102 - Orthopedic institutes",'Source'!$B:$B,$A18) -> 5078.82 | J18: =I18*$J$5 -> 6415.3516 | K18: =J18-H18 -> -3859.7284 | L18: =IF(AND(H18=0,J18=0),0,IF(H18=0,"New",(J18-H18)/H18)) -> -0.37563974 | M18: =IF(AND(OR(C18<>0,H18<>0),D18=0,I18=0),"DROP",IF(AND(OR(D18<>0,I18<>0),C18=0,H18=0),"NEW",""))
A19: 395B-39-42 | B19: =IFERROR(INDEX('Source'!$C:$C,MATCH($A19,'Source'!$B:$B,0)),"") -> גרבי קיץ אנטיבקטריאלי שחור | C19: =SUMIFS('Source'!$D:$D,'Source'!$A:$A,"102 - Orthopedic institutes",'Source'!$B:$B,$A19) -> 0 | D19: =SUMIFS('Source'!$F:$F,'Source'!$A:$A,"102 - Orthopedic institutes",'Source'!$B:$B,$A19) -> 171 | E19: =D19*$J$5 -> 216 | F19: =E19-C19 -> 216 | G19: =IF(AND(C19=0,E19=0),0,IF(C19=0,"New",(E19-C19)/C19)) -> New | H19: =SUMIFS('Source'!$E:$E,'Source'!$A:$A,"102 - Orthopedic institutes",'Source'!$B:$B,$A19) -> 0 | I19: =SUMIFS('Source'!$G:$G,'Source'!$A:$A,"102 - Orthopedic institutes",'Source'!$B:$B,$A19) -> 4947.36 | J19: =I19*$J$5 -> 6249.2968 | K19: =J19-H19 -> 6249.2968 | L19: =IF(AND(H19=0,J19=0),0,IF(H19=0,"New",(J19-H19)/H19)) -> New | M19: =IF(AND(OR(C19<>0,H19<>0),D19=0,I19=0),"DROP",IF(AND(OR(D19<>0,I19<>0),C19=0,H19=0),"NEW","")) -> NEW
A20: 078G XL | B20: =IFERROR(INDEX('Source'!$C:$C,MATCH($A20,'Source'!$B:$B,0)),"") -> חגורת גב אפורה | C20: =SUMIFS('Source'!$D:$D,'Source'!$A:$A,"102 - Orthopedic institutes",'Source'!$B:$B,$A20) -> 59 | D20: =SUMIFS('Source'!$F:$F,'Source'!$A:$A,"102 - Orthopedic institutes",'Source'!$B:$B,$A20) -> 7 | E20: =D20*$J$5 -> 8.8421053 | F20: =E20-C20 -> -50.157895 | G20: =IF(AND(C20=0,E20=0),0,IF(C20=0,"New",(E20-C20)/C20)) -> -0.85013381 | H20: =SUMIFS('Source'!$E:$E,'Source'!$A:$A,"102 - Orthopedic institutes",'Source'!$B:$B,$A20) -> 5869.12 | I20: =SUMIFS('Source'!$G:$G,'Source'!$A:$A,"102 - Orthopedic institutes",'Source'!$B:$B,$A20) -> 943.1 | J20: =I20*$J$5 -> 1191.2842 | K20: =J20-H20 -> -4677.8358 | L20: =IF(AND(H20=0,J20=0),0,IF(H20=0,"New",(J20-H20)/H20)) -> -0.79702507 | M20: =IF(AND(OR(C20<>0,H20<>0),D20=0,I20=0),"DROP",IF(AND(OR(D20<>0,I20<>0),C20=0,H20=0),"NEW",""))
... A668: 75 XXL | B668: =IFERROR(INDEX('Source'!$C:$C,MATCH($A668,'Source'!$B:$B,0)),"") -> מישר כתפיים | C668: =SUMIFS('Source'!$D:$D,'Source'!$A:$A,"102 - Orthopedic institutes",'Source'!$B:$B,$A668) -> 1 | D668: =SUMIFS('Source'!$F:$F,'Source'!$A:$A,"102 - Orthopedic institutes",'Source'!$B:$B,$A668) -> 1 | E668: =D668*$J$5 -> 1.2631579 | F668: =E668-C668 -> 0.26315789 | G668: =IF(AND(C668=0,E668=0),0,IF(C668=0,"New",(E668-C668)/C668)) -> 0.26315789 | H668: =SUMIFS('Source'!$E:$E,'Source'!$A:$A,"102 - Orthopedic institutes",'Source'!$B:$B,$A668) -> 164.01 | I668: =SUMIFS('Source'!$G:$G,'Source'!$A:$A,"102 - Orthopedic institutes",'Source'!$B:$B,$A668) -> 164.01 | J668: =I668*$J$5 -> 207.17053 | K668: =J668-H668 -> 43.160526 | L668: =IF(AND(H668=0,J668=0),0,IF(H668=0,"New",(J668-H668)/H668)) -> 0.26315789 | M668: =IF(AND(OR(C668<>0,H668<>0),D668=0,I668=0),"DROP",IF(AND(OR(D668<>0,I668<>0),C668=0,H668=0),"NEW",""))
B670: TOTAL | C670: =SUM(C9:C668) -> 11637 | D670: =SUM(D9:D668) -> 7815 | E670: =SUM(E9:E668) -> 9871.5789 | F670: =SUM(F9:F668) -> -1765.4211 | G670: =IF(C670=0,"N/A",F670/C670) -> -0.15170758 | H670: =SUM(H9:H668) -> 850045.24 | I670: =SUM(I9:I668) -> 647626.01 | J670: =SUM(J9:J668) -> 818053.91 | K670: =SUM(K9:K668) -> -31991.333 | L670: =IF(H670=0,"N/A",K670/H670) -> -0.037634859

Sheet 101 - Factory customers
A1: Sales Comparison 2025 vs 2026 (Annualized) - Sale Type: 101 - Factory customers (by Product CODE)
A2: Calculation date: | B2: 46284
A3: Source: NetSuite report "1-Sales: Customer by Item" (01/01/2025-31/12/2026), Sale Type = "101 - Factory customers" only (exact match on the "Sale Type" column, per the canonical 31-value list in the source file’s "list" sheet). Product CODE = column "Item: Name" (F in the original report) - NOT "Item: Name (Grouped)" (E), which carries a PARENT prefix. 2025 = columns J/K (Quantity/Amount Net); 2026 = columns O/P. Multiple rows per CODE per Sale Type (one per unit-price tier / customer within this category) are summed (SUMIFS) per CODE, not taken from a single row. Raw rows kept unchanged in the shared "Source" sheet (filtered to only these 31 categories - built-in "Total"/"Total - <category>"/"- Unassigned -" rows excluded to avoid double-counting). IMPORTANT: the source file’s own header states the report range as "01 January 2025 - 31 December 2026", but has no per-row date/timestamp field, so the exact 2026 cutoff cannot be verified from the data itself. Same assumption used across this whole workbook family for consistency: 2026 actual covers approximately 9.5 months (1 Jan - 15 Sep).
A4: Annualization note: 2026 actual data is assumed to cover approximately 9.5 months (1 Jan - 15 Sep 2026), consistent with the rest of this workbook family. Scaled to a full year via a simple linear factor = 12 / 9.5 (≈ 1.263158) - straight-line extrapolation, does NOT account for seasonality. Treat as an estimate. | I4: Months in full year: | J4: 12 | K4: Months covered by 2026 actual (assumed 1/1–15/9): | L4: 9.5
A5: # DROP (sold 2025, 0 in 2026): | B5: =SUMPRODUCT(--(((C9:C528<>0)+(H9:H528<>0)>0)*((D9:D528=0)*(I9:I528=0)))) -> 218 | C5: # NEW (sold 2026, 0 in 2025): | D5: =SUMPRODUCT(--(((D9:D528<>0)+(I9:I528<>0)>0)*((C9:C528=0)*(H9:H528=0)))) -> 96 | I5: Normalization factor (J4/L4): | J5: =J4/L4 -> 1.2631579
A6: DROP — Quantity 2025: | B6: =SUMPRODUCT(--(((C9:C528<>0)+(H9:H528<>0)>0)*((D9:D528=0)*(I9:I528=0)))*C9:C528) -> 1086 | C6: DROP — Amount 2025 (₪): | D6: =SUMPRODUCT(--(((C9:C528<>0)+(H9:H528<>0)>0)*((D9:D528=0)*(I9:I528=0)))*H9:H528) -> 55244.81 | E6: NEW — Quantity 2026: | F6: =SUMPRODUCT(--(((D9:D528<>0)+(I9:I528<>0)>0)*((C9:C528=0)*(H9:H528=0)))*D9:D528) -> 253 | G6: NEW — Amount 2026 (₪): | H6: =SUMPRODUCT(--(((D9:D528<>0)+(I9:I528<>0)>0)*((C9:C528=0)*(H9:H528=0)))*I9:I528) -> 13716.33
A8: Product Code | B8: Item Display Name | C8: Quantity 2025 | D8: Quantity 2026 (Actual, partial year) | E8: Quantity 2026 (Annualized) | F8: Quantity Change (Annualized vs 2025) | G8: Quantity Change % (Annualized vs 2025) | H8: Amount 2025 (₪) | I8: Amount 2026 (Actual, partial year) (₪) | J8: Amount 2026 (Annualized) (₪) | K8: Amount Change (Annualized vs 2025) (₪) | L8: Amount Change % (Annualized vs 2025) | M8: Note
A9: 67 0 | B9: =IFERROR(INDEX('Source'!$C:$C,MATCH($A9,'Source'!$B:$B,0)),"") -> כרית שינה חלומית | C9: =SUMIFS('Source'!$D:$D,'Source'!$A:$A,"101 - Factory customers",'Source'!$B:$B,$A9) -> 186 | D9: =SUMIFS('Source'!$F:$F,'Source'!$A:$A,"101 - Factory customers",'Source'!$B:$B,$A9) -> 80 | E9: =D9*$J$5 -> 101.05263 | F9: =E9-C9 -> -84.947368 | G9: =IF(AND(C9=0,E9=0),0,IF(C9=0,"New",(E9-C9)/C9)) -> -0.45670628 | H9: =SUMIFS('Source'!$E:$E,'Source'!$A:$A,"101 - Factory customers",'Source'!$B:$B,$A9) -> 25326.99 | I9: =SUMIFS('Source'!$G:$G,'Source'!$A:$A,"101 - Factory customers",'Source'!$B:$B,$A9) -> 14621.8 | J9: =I9*$J$5 -> 18469.642 | K9: =J9-H9 -> -6857.3479 | L9: =IF(AND(H9=0,J9=0),0,IF(H9=0,"New",(J9-H9)/H9)) -> -0.27075258 | M9: =IF(AND(OR(C9<>0,H9<>0),D9=0,I9=0),"DROP",IF(AND(OR(D9<>0,I9<>0),C9=0,H9=0),"NEW",""))
A10: FC333 0 | B10: =IFERROR(INDEX('Source'!$C:$C,MATCH($A10,'Source'!$B:$B,0)),"") -> דאודורנט ספרי לנעל 100 מל | C10: =SUMIFS('Source'!$D:$D,'Source'!$A:$A,"101 - Factory customers",'Source'!$B:$B,$A10) -> 312 | D10: =SUMIFS('Source'!$F:$F,'Source'!$A:$A,"101 - Factory customers",'Source'!$B:$B,$A10) -> 105 | E10: =D10*$J$5 -> 132.63158 | F10: =E10-C10 -> -179.36842 | G10: =IF(AND(C10=0,E10=0),0,IF(C10=0,"New",(E10-C10)/C10)) -> -0.57489879 | H10: =SUMIFS('Source'!$E:$E,'Source'!$A:$A,"101 - Factory customers",'Source'!$B:$B,$A10) -> 8797.86 | I10: =SUMIFS('Source'!$G:$G,'Source'!$A:$A,"101 - Factory customers",'Source'!$B:$B,$A10) -> 2265.05 | J10: =I10*$J$5 -> 2861.1158 | K10: =J10-H10 -> -5936.7442 | L10: =IF(AND(H10=0,J10=0),0,IF(H10=0,"New",(J10-H10)/H10)) -> -0.67479412 | M10: =IF(AND(OR(C10<>0,H10<>0),D10=0,I10=0),"DROP",IF(AND(OR(D10<>0,I10<>0),C10=0,H10=0),"NEW",""))
A11: AC07 0 | B11: =IFERROR(INDEX('Source'!$C:$C,MATCH($A11,'Source'!$B:$B,0)),"") -> חגורת גב עם תמיכות | C11: =SUMIFS('Source'!$D:$D,'Source'!$A:$A,"101 - Factory customers",'Source'!$B:$B,$A11) -> 97 | D11: =SUMIFS('Source'!$F:$F,'Source'!$A:$A,"101 - Factory customers",'Source'!$B:$B,$A11) -> 8 | E11: =D11*$J$5 -> 10.105263 | F11: =E11-C11 -> -86.894737 | G11: =IF(AND(C11=0,E11=0),0,IF(C11=0,"New",(E11-C11)/C11)) -> -0.89582203 | H11: =SUMIFS('Source'!$E:$E,'Source'!$A:$A,"101 - Factory customers",'Source'!$B:$B,$A11) -> 7095.97 | I11: =SUMIFS('Source'!$G:$G,'Source'!$A:$A,"101 - Factory customers",'Source'!$B:$B,$A11) -> 703.11 | J11: =I11*$J$5 -> 888.13895 | K11: =J11-H11 -> -6207.8311 | L11: =IF(AND(H11=0,J11=0),0,IF(H11=0,"New",(J11-H11)/H11)) -> -0.87483897 | M11: =IF(AND(OR(C11<>0,H11<>0),D11=0,I11=0),"DROP",IF(AND(OR(D11<>0,I11<>0),C11=0,H11=0),"NEW",""))
A12: AC75-S-XL | B12: =IFERROR(INDEX('Source'!$C:$C,MATCH($A12,'Source'!$B:$B,0)),"") -> מיישר כתפיים | C12: =SUMIFS('Source'!$D:$D,'Source'!$A:$A,"101 - Factory customers",'Source'!$B:$B,$A12) -> 69 | D12: =SUMIFS('Source'!$F:$F,'Source'!$A:$A,"101 - Factory customers",'Source'!$B:$B,$A12) -> 31 | E12: =D12*$J$5 -> 39.157895 | F12: =E12-C12 -> -29.842105 | G12: =IF(AND(C12=0,E12=0),0,IF(C12=0,"New",(E12-C12)/C12)) -> -0.43249428 | H12: =SUMIFS('Source'!$E:$E,'Source'!$A:$A,"101 - Factory customers",'Source'!$B:$B,$A12) -> 5398.3 | I12: =SUMIFS('Source'!$G:$G,'Source'!$A:$A,"101 - Factory customers",'Source'!$B:$B,$A12) -> 2358.14 | J12: =I12*$J$5 -> 2978.7032 | K12: =J12-H12 -> -2419.5968 | L12: =IF(AND(H12=0,J12=0),0,IF(H12=0,"New",(J12-H12)/H12)) -> -0.44821459 | M12: =IF(AND(OR(C12<>0,H12<>0),D12=0,I12=0),"DROP",IF(AND(OR(D12<>0,I12<>0),C12=0,H12=0),"NEW",""))
A13: SH422 4 | B13: =IFERROR(INDEX('Source'!$C:$C,MATCH($A13,'Source'!$B:$B,0)),"") -> תומך ברך גנושילד | C13: =SUMIFS('Source'!$D:$D,'Source'!$A:$A,"101 - Factory customers",'Source'!$B:$B,$A13) -> 10 | D13: =SUMIFS('Source'!$F:$F,'Source'!$A:$A,"101 - Factory customers",'Source'!$B:$B,$A13) -> 1 | E13: =D13*$J$5 -> 1.2631579 | F13: =E13-C13 -> -8.7368421 | G13: =IF(AND(C13=0,E13=0),0,IF(C13=0,"New",(E13-C13)/C13)) -> -0.87368421 | H13: =SUMIFS('Source'!$E:$E,'Source'!$A:$A,"101 - Factory customers",'Source'!$B:$B,$A13) -> 2581.31 | I13: =SUMIFS('Source'!$G:$G,'Source'!$A:$A,"101 - Factory customers",'Source'!$B:$B,$A13) -> 0.01 | J13: =I13*$J$5 -> 0.012631579 | K13: =J13-H13 -> -2581.2974 | L13: =IF(AND(H13=0,J13=0),0,IF(H13=0,"New",(J13-H13)/H13)) -> -0.99999511 | M13: =IF(AND(OR(C13<>0,H13<>0),D13=0,I13=0),"DROP",IF(AND(OR(D13<>0,I13<>0),C13=0,H13=0),"NEW",""))
A14: 397-39-42 | B14: =IFERROR(INDEX('Source'!$C:$C,MATCH($A14,'Source'!$B:$B,0)),"") -> גרבי טיסה | C14: =SUMIFS('Source'!$D:$D,'Source'!$A:$A,"101 - Factory customers",'Source'!$B:$B,$A14) -> 35 | D14: =SUMIFS('Source'!$F:$F,'Source'!$A:$A,"101 - Factory customers",'Source'!$B:$B,$A14) -> 0 | E14: =D14*$J$5 -> 0 | F14: =E14-C14 -> -35 | G14: =IF(AND(C14=0,E14=0),0,IF(C14=0,"New",(E14-C14)/C14)) -> -1 | H14: =SUMIFS('Source'!$E:$E,'Source'!$A:$A,"101 - Factory customers",'Source'!$B:$B,$A14) -> 2280.99 | I14: =SUMIFS('Source'!$G:$G,'Source'!$A:$A,"101 - Factory customers",'Source'!$B:$B,$A14) -> 0 | J14: =I14*$J$5 -> 0 | K14: =J14-H14 -> -2280.99 | L14: =IF(AND(H14=0,J14=0),0,IF(H14=0,"New",(J14-H14)/H14)) -> -1 | M14: =IF(AND(OR(C14<>0,H14<>0),D14=0,I14=0),"DROP",IF(AND(OR(D14<>0,I14<>0),C14=0,H14=0),"NEW","")) -> DROP
A15: AC28 0 | B15: =IFERROR(INDEX('Source'!$C:$C,MATCH($A15,'Source'!$B:$B,0)),"") -> סד לאגודל | C15: =SUMIFS('Source'!$D:$D,'Source'!$A:$A,"101 - Factory customers",'Source'!$B:$B,$A15) -> 71 | D15: =SUMIFS('Source'!$F:$F,'Source'!$A:$A,"101 - Factory customers",'Source'!$B:$B,$A15) -> 21 | E15: =D15*$J$5 -> 26.526316 | F15: =E15-C15 -> -44.473684 | G15: =IF(AND(C15=0,E15=0),0,IF(C15=0,"New",(E15-C15)/C15)) -> -0.62638992 | H15: =SUMIFS('Source'!$E:$E,'Source'!$A:$A,"101 - Factory customers",'Source'!$B:$B,$A15) -> 2760.42 | I15: =SUMIFS('Source'!$G:$G,'Source'!$A:$A,"101 - Factory customers",'Source'!$B:$B,$A15) -> 818.99 | J15: =I15*$J$5 -> 1034.5137 | K15: =J15-H15 -> -1725.9063 | L15: =IF(AND(H15=0,J15=0),0,IF(H15=0,"New",(J15-H15)/H15)) -> -0.62523323 | M15: =IF(AND(OR(C15<>0,H15<>0),D15=0,I15=0),"DROP",IF(AND(OR(D15<>0,I15<>0),C15=0,H15=0),"NEW",""))
A16: 078 M | B16: =IFERROR(INDEX('Source'!$C:$C,MATCH($A16,'Source'!$B:$B,0)),"") -> חגורת גב+סגירה כפולה | C16: =SUMIFS('Source'!$D:$D,'Source'!$A:$A,"101 - Factory customers",'Source'!$B:$B,$A16) -> 3 | D16: =SUMIFS('Source'!$F:$F,'Source'!$A:$A,"101 - Factory customers",'Source'!$B:$B,$A16) -> 15 | E16: =D16*$J$5 -> 18.947368 | F16: =E16-C16 -> 15.947368 | G16: =IF(AND(C16=0,E16=0),0,IF(C16=0,"New",(E16-C16)/C16)) -> 5.3157895 | H16: =SUMIFS('Source'!$E:$E,'Source'!$A:$A,"101 - Factory customers",'Source'!$B:$B,$A16) -> 315 | I16: =SUMIFS('Source'!$G:$G,'Source'!$A:$A,"101 - Factory customers",'Source'!$B:$B,$A16) -> 2130.06 | J16: =I16*$J$5 -> 2690.6021 | K16: =J16-H16 -> 2375.6021 | L16: =IF(AND(H16=0,J16=0),0,IF(H16=0,"New",(J16-H16)/H16)) -> 7.541594 | M16: =IF(AND(OR(C16<>0,H16<>0),D16=0,I16=0),"DROP",IF(AND(OR(D16<>0,I16<>0),C16=0,H16=0),"NEW",""))
A17: 078 XL | B17: =IFERROR(INDEX('Source'!$C:$C,MATCH($A17,'Source'!$B:$B,0)),"") -> חגורת גב+סגירה כפולה | C17: =SUMIFS('Source'!$D:$D,'Source'!$A:$A,"101 - Factory customers",'Source'!$B:$B,$A17) -> 6 | D17: =SUMIFS('Source'!$F:$F,'Source'!$A:$A,"101 - Factory customers",'Source'!$B:$B,$A17) -> 16 | E17: =D17*$J$5 -> 20.210526 | F17: =E17-C17 -> 14.210526 | G17: =IF(AND(C17=0,E17=0),0,IF(C17=0,"New",(E17-C17)/C17)) -> 2.3684211 | H17: =SUMIFS('Source'!$E:$E,'Source'!$A:$A,"101 - Factory customers",'Source'!$B:$B,$A17) -> 645.81 | I17: =SUMIFS('Source'!$G:$G,'Source'!$A:$A,"101 - Factory customers",'Source'!$B:$B,$A17) -> 2407.69 | J17: =I17*$J$5 -> 3041.2926 | K17: =J17-H17 -> 2395.4826 | L17: =IF(AND(H17=0,J17=0),0,IF(H17=0,"New",(J17-H17)/H17)) -> 3.7092684 | M17: =IF(AND(OR(C17<>0,H17<>0),D17=0,I17=0),"DROP",IF(AND(OR(D17<>0,I17<>0),C17=0,H17=0),"NEW",""))
A18: 078 S | B18: =IFERROR(INDEX('Source'!$C:$C,MATCH($A18,'Source'!$B:$B,0)),"") -> חגורת גב+סגירה כפולה | C18: =SUMIFS('Source'!$D:$D,'Source'!$A:$A,"101 - Factory customers",'Source'!$B:$B,$A18) -> 0 | D18: =SUMIFS('Source'!$F:$F,'Source'!$A:$A,"101 - Factory customers",'Source'!$B:$B,$A18) -> 11 | E18: =D18*$J$5 -> 13.894737 | F18: =E18-C18 -> 13.894737 | G18: =IF(AND(C18=0,E18=0),0,IF(C18=0,"New",(E18-C18)/C18)) -> New | H18: =SUMIFS('Source'!$E:$E,'Source'!$A:$A,"101 - Factory customers",'Source'!$B:$B,$A18) -> 0 | I18: =SUMIFS('Source'!$G:$G,'Source'!$A:$A,"101 - Factory customers",'Source'!$B:$B,$A18) -> 1701.8 | J18: =I18*$J$5 -> 2149.6421 | K18: =J18-H18 -> 2149.6421 | L18: =IF(AND(H18=0,J18=0),0,IF(H18=0,"New",(J18-H18)/H18)) -> New | M18: =IF(AND(OR(C18<>0,H18<>0),D18=0,I18=0),"DROP",IF(AND(OR(D18<>0,I18<>0),C18=0,H18=0),"NEW","")) -> NEW
A19: 379COM-35-38 | B19: =IFERROR(INDEX('Source'!$C:$C,MATCH($A19,'Source'!$B:$B,0)),"") -> מדרסי ג'ל קומפורט | C19: =SUMIFS('Source'!$D:$D,'Source'!$A:$A,"101 - Factory customers",'Source'!$B:$B,$A19) -> 14 | D19: =SUMIFS('Source'!$F:$F,'Source'!$A:$A,"101 - Factory customers",'Source'!$B:$B,$A19) -> 0 | E19: =D19*$J$5 -> 0 | F19: =E19-C19 -> -14 | G19: =IF(AND(C19=0,E19=0),0,IF(C19=0,"New",(E19-C19)/C19)) -> -1 | H19: =SUMIFS('Source'!$E:$E,'Source'!$A:$A,"101 - Factory customers",'Source'!$B:$B,$A19) -> 1678.58 | I19: =SUMIFS('Source'!$G:$G,'Source'!$A:$A,"101 - Factory customers",'Source'!$B:$B,$A19) -> 0 | J19: =I19*$J$5 -> 0 | K19: =J19-H19 -> -1678.58 | L19: =IF(AND(H19=0,J19=0),0,IF(H19=0,"New",(J19-H19)/H19)) -> -1 | M19: =IF(AND(OR(C19<>0,H19<>0),D19=0,I19=0),"DROP",IF(AND(OR(D19<>0,I19<>0),C19=0,H19=0),"NEW","")) -> DROP
A20: 10 XXL | B20: =IFERROR(INDEX('Source'!$C:$C,MATCH($A20,'Source'!$B:$B,0)),"") -> חגורת גב-לומבו | C20: =SUMIFS('Source'!$D:$D,'Source'!$A:$A,"101 - Factory customers",'Source'!$B:$B,$A20) -> 11 | D20: =SUMIFS('Source'!$F:$F,'Source'!$A:$A,"101 - Factory customers",'Source'!$B:$B,$A20) -> 0 | E20: =D20*$J$5 -> 0 | F20: =E20-C20 -> -11 | G20: =IF(AND(C20=0,E20=0),0,IF(C20=0,"New",(E20-C20)/C20)) -> -1 | H20: =SUMIFS('Source'!$E:$E,'Source'!$A:$A,"101 - Factory customers",'Source'!$B:$B,$A20) -> 1609.27 | I20: =SUMIFS('Source'!$G:$G,'Source'!$A:$A,"101 - Factory customers",'Source'!$B:$B,$A20) -> 0 | J20: =I20*$J$5 -> 0 | K20: =J20-H20 -> -1609.27 | L20: =IF(AND(H20=0,J20=0),0,IF(H20=0,"New",(J20-H20)/H20)) -> -1 | M20: =IF(AND(OR(C20<>0,H20<>0),D20=0,I20=0),"DROP",IF(AND(OR(D20<>0,I20<>0),C20=0,H20=0),"NEW","")) -> DROP
... A528: SC422 XXL | B528: =IFERROR(INDEX('Source'!$C:$C,MATCH($A528,'Source'!$B:$B,0)),"") -> מגן ברך SC422 | C528: =SUMIFS('Source'!$D:$D,'Source'!$A:$A,"101 - Factory customers",'Source'!$B:$B,$A528) -> 1 | D528: =SUMIFS('Source'!$F:$F,'Source'!$A:$A,"101 - Factory customers",'Source'!$B:$B,$A528) -> 1 | E528: =D528*$J$5 -> 1.2631579 | F528: =E528-C528 -> 0.26315789 | G528: =IF(AND(C528=0,E528=0),0,IF(C528=0,"New",(E528-C528)/C528)) -> 0.26315789 | H528: =SUMIFS('Source'!$E:$E,'Source'!$A:$A,"101 - Factory customers",'Source'!$B:$B,$A528) -> 140.57 | I528: =SUMIFS('Source'!$G:$G,'Source'!$A:$A,"101 - Factory customers",'Source'!$B:$B,$A528) -> 140.57 | J528: =I528*$J$5 -> 177.56211 | K528: =J528-H528 -> 36.992105 | L528: =IF(AND(H528=0,J528=0),0,IF(H528=0,"New",(J528-H528)/H528)) -> 0.26315789 | M528: =IF(AND(OR(C528<>0,H528<>0),D528=0,I528=0),"DROP",IF(AND(OR(D528<>0,I528<>0),C528=0,H528=0),"NEW",""))
B530: TOTAL | C530: =SUM(C9:C528) -> 3679 | D530: =SUM(D9:D528) -> 1378 | E530: =SUM(E9:E528) -> 1740.6316 | F530: =SUM(F9:F528) -> -1938.3684 | G530: =IF(C530=0,"N/A",F530/C530) -> -0.52687372 | H530: =SUM(H9:H528) -> 185250.51 | I530: =SUM(I9:I528) -> 78194.51 | J530: =SUM(J9:J528) -> 98772.013 | K530: =SUM(K9:K528) -> -86478.497 | L530: =IF(H530=0,"N/A",K530/H530) -> -0.46681921

Sheet 104 - Sports Shop
A1: Sales Comparison 2025 vs 2026 (Annualized) - Sale Type: 104 - Sports Shop (by Product CODE)
A2: Calculation date: | B2: 46284
A3: Source: NetSuite report "1-Sales: Customer by Item" (01/01/2025-31/12/2026), Sale Type = "104 - Sports Shop" only (exact match on the "Sale Type" column, per the canonical 31-value list in the source file’s "list" sheet). Product CODE = column "Item: Name" (F in the original report) - NOT "Item: Name (Grouped)" (E), which carries a PARENT prefix. 2025 = columns J/K (Quantity/Amount Net); 2026 = columns O/P. Multiple rows per CODE per Sale Type (one per unit-price tier / customer within this category) are summed (SUMIFS) per CODE, not taken from a single row. Raw rows kept unchanged in the shared "Source" sheet (filtered to only these 31 categories - built-in "Total"/"Total - <category>"/"- Unassigned -" rows excluded to avoid double-counting). IMPORTANT: the source file’s own header states the report range as "01 January 2025 - 31 December 2026", but has no per-row date/timestamp field, so the exact 2026 cutoff cannot be verified from the data itself. Same assumption used across this whole workbook family for consistency: 2026 actual covers approximately 9.5 months (1 Jan - 15 Sep).
A4: Annualization note: 2026 actual data is assumed to cover approximately 9.5 months (1 Jan - 15 Sep 2026), consistent with the rest of this workbook family. Scaled to a full year via a simple linear factor = 12 / 9.5 (≈ 1.263158) - straight-line extrapolation, does NOT account for seasonality. Treat as an estimate. | I4: Months in full year: | J4: 12 | K4: Months covered by 2026 actual (assumed 1/1–15/9): | L4: 9.5
A5: # DROP (sold 2025, 0 in 2026): | B5: =SUMPRODUCT(--(((C9:C36<>0)+(H9:H36<>0)>0)*((D9:D36=0)*(I9:I36=0)))) -> 3 | C5: # NEW (sold 2026, 0 in 2025): | D5: =SUMPRODUCT(--(((D9:D36<>0)+(I9:I36<>0)>0)*((C9:C36=0)*(H9:H36=0)))) -> 25 | I5: Normalization factor (J4/L4): | J5: =J4/L4 -> 1.2631579
A6: DROP — Quantity 2025: | B6: =SUMPRODUCT(--(((C9:C36<>0)+(H9:H36<>0)>0)*((D9:D36=0)*(I9:I36=0)))*C9:C36) -> 16 | C6: DROP — Amount 2025 (₪): | D6: =SUMPRODUCT(--(((C9:C36<>0)+(H9:H36<>0)>0)*((D9:D36=0)*(I9:I36=0)))*H9:H36) -> 514.2 | E6: NEW — Quantity 2026: | F6: =SUMPRODUCT(--(((D9:D36<>0)+(I9:I36<>0)>0)*((C9:C36=0)*(H9:H36=0)))*D9:D36) -> 59 | G6: NEW — Amount 2026 (₪): | H6: =SUMPRODUCT(--(((D9:D36<>0)+(I9:I36<>0)>0)*((C9:C36=0)*(H9:H36=0)))*I9:I36) -> 1896.82
A8: Product Code | B8: Item Display Name | C8: Quantity 2025 | D8: Quantity 2026 (Actual, partial year) | E8: Quantity 2026 (Annualized) | F8: Quantity Change (Annualized vs 2025) | G8: Quantity Change % (Annualized vs 2025) | H8: Amount 2025 (₪) | I8: Amount 2026 (Actual, partial year) (₪) | J8: Amount 2026 (Annualized) (₪) | K8: Amount Change (Annualized vs 2025) (₪) | L8: Amount Change % (Annualized vs 2025) | M8: Note
A9: 302M 0 | B9: =IFERROR(INDEX('Source'!$C:$C,MATCH($A9,'Source'!$B:$B,0)),"") -> מדרס מג'ל | C9: =SUMIFS('Source'!$D:$D,'Source'!$A:$A,"104 - Sports Shop",'Source'!$B:$B,$A9) -> 6 | D9: =SUMIFS('Source'!$F:$F,'Source'!$A:$A,"104 - Sports Shop",'Source'!$B:$B,$A9) -> 0 | E9: =D9*$J$5 -> 0 | F9: =E9-C9 -> -6 | G9: =IF(AND(C9=0,E9=0),0,IF(C9=0,"New",(E9-C9)/C9)) -> -1 | H9: =SUMIFS('Source'!$E:$E,'Source'!$A:$A,"104 - Sports Shop",'Source'!$B:$B,$A9) -> 360 | I9: =SUMIFS('Source'!$G:$G,'Source'!$A:$A,"104 - Sports Shop",'Source'!$B:$B,$A9) -> 0 | J9: =I9*$J$5 -> 0 | K9: =J9-H9 -> -360 | L9: =IF(AND(H9=0,J9=0),0,IF(H9=0,"New",(J9-H9)/H9)) -> -1 | M9: =IF(AND(OR(C9<>0,H9<>0),D9=0,I9=0),"DROP",IF(AND(OR(D9<>0,I9<>0),C9=0,H9=0),"NEW","")) -> DROP
A10: 808KT-P | B10: =IFERROR(INDEX('Source'!$C:$C,MATCH($A10,'Source'!$B:$B,0)),"") -> קינזיולוגי טייפ | C10: =SUMIFS('Source'!$D:$D,'Source'!$A:$A,"104 - Sports Shop",'Source'!$B:$B,$A10) -> 0 | D10: =SUMIFS('Source'!$F:$F,'Source'!$A:$A,"104 - Sports Shop",'Source'!$B:$B,$A10) -> 6 | E10: =D10*$J$5 -> 7.5789474 | F10: =E10-C10 -> 7.5789474 | G10: =IF(AND(C10=0,E10=0),0,IF(C10=0,"New",(E10-C10)/C10)) -> New | H10: =SUMIFS('Source'!$E:$E,'Source'!$A:$A,"104 - Sports Shop",'Source'!$B:$B,$A10) -> 0 | I10: =SUMIFS('Source'!$G:$G,'Source'!$A:$A,"104 - Sports Shop",'Source'!$B:$B,$A10) -> 180 | J10: =I10*$J$5 -> 227.36842 | K10: =J10-H10 -> 227.36842 | L10: =IF(AND(H10=0,J10=0),0,IF(H10=0,"New",(J10-H10)/H10)) -> New | M10: =IF(AND(OR(C10<>0,H10<>0),D10=0,I10=0),"DROP",IF(AND(OR(D10<>0,I10<>0),C10=0,H10=0),"NEW","")) -> NEW
A11: 808KT-BL | B11: =IFERROR(INDEX('Source'!$C:$C,MATCH($A11,'Source'!$B:$B,0)),"") -> קינזיולוגי טייפ | C11: =SUMIFS('Source'!$D:$D,'Source'!$A:$A,"104 - Sports Shop",'Source'!$B:$B,$A11) -> 0 | D11: =SUMIFS('Source'!$F:$F,'Source'!$A:$A,"104 - Sports Shop",'Source'!$B:$B,$A11) -> 6 | E11: =D11*$J$5 -> 7.5789474 | F11: =E11-C11 -> 7.5789474 | G11: =IF(AND(C11=0,E11=0),0,IF(C11=0,"New",(E11-C11)/C11)) -> New | H11: =SUMIFS('Source'!$E:$E,'Source'!$A:$A,"104 - Sports Shop",'Source'!$B:$B,$A11) -> 0 | I11: =SUMIFS('Source'!$G:$G,'Source'!$A:$A,"104 - Sports Shop",'Source'!$B:$B,$A11) -> 180 | J11: =I11*$J$5 -> 227.36842 | K11: =J11-H11 -> 227.36842 | L11: =IF(AND(H11=0,J11=0),0,IF(H11=0,"New",(J11-H11)/H11)) -> New | M11: =IF(AND(OR(C11<>0,H11<>0),D11=0,I11=0),"DROP",IF(AND(OR(D11<>0,I11<>0),C11=0,H11=0),"NEW","")) -> NEW
A12: 808KT-C | B12: =IFERROR(INDEX('Source'!$C:$C,MATCH($A12,'Source'!$B:$B,0)),"") -> קינזיולוגי טייפ | C12: =SUMIFS('Source'!$D:$D,'Source'!$A:$A,"104 - Sports Shop",'Source'!$B:$B,$A12) -> 0 | D12: =SUMIFS('Source'!$F:$F,'Source'!$A:$A,"104 - Sports Shop",'Source'!$B:$B,$A12) -> 6 | E12: =D12*$J$5 -> 7.5789474 | F12: =E12-C12 -> 7.5789474 | G12: =IF(AND(C12=0,E12=0),0,IF(C12=0,"New",(E12-C12)/C12)) -> New | H12: =SUMIFS('Source'!$E:$E,'Source'!$A:$A,"104 - Sports Shop",'Source'!$B:$B,$A12) -> 0 | I12: =SUMIFS('Source'!$G:$G,'Source'!$A:$A,"104 - Sports Shop",'Source'!$B:$B,$A12) -> 180 | J12: =I12*$J$5 -> 227.36842 | K12: =J12-H12 -> 227.36842 | L12: =IF(AND(H12=0,J12=0),0,IF(H12=0,"New",(J12-H12)/H12)) -> New | M12: =IF(AND(OR(C12<>0,H12<>0),D12=0,I12=0),"DROP",IF(AND(OR(D12<>0,I12<>0),C12=0,H12=0),"NEW","")) -> NEW
A13: 808KT-B | B13: =IFERROR(INDEX('Source'!$C:$C,MATCH($A13,'Source'!$B:$B,0)),"") -> קינזיולוגי טייפ | C13: =SUMIFS('Source'!$D:$D,'Source'!$A:$A,"104 - Sports Shop",'Source'!$B:$B,$A13) -> 0 | D13: =SUMIFS('Source'!$F:$F,'Source'!$A:$A,"104 - Sports Shop",'Source'!$B:$B,$A13) -> 6 | E13: =D13*$J$5 -> 7.5789474 | F13: =E13-C13 -> 7.5789474 | G13: =IF(AND(C13=0,E13=0),0,IF(C13=0,"New",(E13-C13)/C13)) -> New | H13: =SUMIFS('Source'!$E:$E,'Source'!$A:$A,"104 - Sports Shop",'Source'!$B:$B,$A13) -> 0 | I13: =SUMIFS('Source'!$G:$G,'Source'!$A:$A,"104 - Sports Shop",'Source'!$B:$B,$A13) -> 180 | J13: =I13*$J$5 -> 227.36842 | K13: =J13-H13 -> 227.36842 | L13: =IF(AND(H13=0,J13=0),0,IF(H13=0,"New",(J13-H13)/H13)) -> New | M13: =IF(AND(OR(C13<>0,H13<>0),D13=0,I13=0),"DROP",IF(AND(OR(D13<>0,I13<>0),C13=0,H13=0),"NEW","")) -> NEW
A14: T25B 0 | B14: =IFERROR(INDEX('Source'!$C:$C,MATCH($A14,'Source'!$B:$B,0)),"") -> חבק יד אגודלי שחור | C14: =SUMIFS('Source'!$D:$D,'Source'!$A:$A,"104 - Sports Shop",'Source'!$B:$B,$A14) -> 0 | D14: =SUMIFS('Source'!$F:$F,'Source'!$A:$A,"104 - Sports Shop",'Source'!$B:$B,$A14) -> 2 | E14: =D14*$J$5 -> 2.5263158 | F14: =E14-C14 -> 2.5263158 | G14: =IF(AND(C14=0,E14=0),0,IF(C14=0,"New",(E14-C14)/C14)) -> New | H14: =SUMIFS('Source'!$E:$E,'Source'!$A:$A,"104 - Sports Shop",'Source'!$B:$B,$A14) -> 0 | I14: =SUMIFS('Source'!$G:$G,'Source'!$A:$A,"104 - Sports Shop",'Source'!$B:$B,$A14) -> 93.65 | J14: =I14*$J$5 -> 118.29474 | K14: =J14-H14 -> 118.29474 | L14: =IF(AND(H14=0,J14=0),0,IF(H14=0,"New",(J14-H14)/H14)) -> New | M14: =IF(AND(OR(C14<>0,H14<>0),D14=0,I14=0),"DROP",IF(AND(OR(D14<>0,I14<>0),C14=0,H14=0),"NEW","")) -> NEW
A15: T25C 0 | B15: =IFERROR(INDEX('Source'!$C:$C,MATCH($A15,'Source'!$B:$B,0)),"") -> חבק יד אגודלי ימ | C15: =SUMIFS('Source'!$D:$D,'Source'!$A:$A,"104 - Sports Shop",'Source'!$B:$B,$A15) -> 0 | D15: =SUMIFS('Source'!$F:$F,'Source'!$A:$A,"104 - Sports Shop",'Source'!$B:$B,$A15) -> 2 | E15: =D15*$J$5 -> 2.5263158 | F15: =E15-C15 -> 2.5263158 | G15: =IF(AND(C15=0,E15=0),0,IF(C15=0,"New",(E15-C15)/C15)) -> New | H15: =SUMIFS('Source'!$E:$E,'Source'!$A:$A,"104 - Sports Shop",'Source'!$B:$B,$A15) -> 0 | I15: =SUMIFS('Source'!$G:$G,'Source'!$A:$A,"104 - Sports Shop",'Source'!$B:$B,$A15) -> 93.65 | J15: =I15*$J$5 -> 118.29474 | K15: =J15-H15 -> 118.29474 | L15: =IF(AND(H15=0,J15=0),0,IF(H15=0,"New",(J15-H15)/H15)) -> New | M15: =IF(AND(OR(C15<>0,H15<>0),D15=0,I15=0),"DROP",IF(AND(OR(D15<>0,I15<>0),C15=0,H15=0),"NEW","")) -> NEW
A16: T25 0 | B16: =IFERROR(INDEX('Source'!$C:$C,MATCH($A16,'Source'!$B:$B,0)),"") -> חבק יד אגודלי ימ | C16: =SUMIFS('Source'!$D:$D,'Source'!$A:$A,"104 - Sports Shop",'Source'!$B:$B,$A16) -> 0 | D16: =SUMIFS('Source'!$F:$F,'Source'!$A:$A,"104 - Sports Shop",'Source'!$B:$B,$A16) -> 2 | E16: =D16*$J$5 -> 2.5263158 | F16: =E16-C16 -> 2.5263158 | G16: =IF(AND(C16=0,E16=0),0,IF(C16=0,"New",(E16-C16)/C16)) -> New | H16: =SUMIFS('Source'!$E:$E,'Source'!$A:$A,"104 - Sports Shop",'Source'!$B:$B,$A16) -> 0 | I16: =SUMIFS('Source'!$G:$G,'Source'!$A:$A,"104 - Sports Shop",'Source'!$B:$B,$A16) -> 93.6 | J16: =I16*$J$5 -> 118.23158 | K16: =J16-H16 -> 118.23158 | L16: =IF(AND(H16=0,J16=0),0,IF(H16=0,"New",(J16-H16)/H16)) -> New | M16: =IF(AND(OR(C16<>0,H16<>0),D16=0,I16=0),"DROP",IF(AND(OR(D16<>0,I16<>0),C16=0,H16=0),"NEW","")) -> NEW
A17: 372 0 | B17: =IFERROR(INDEX('Source'!$C:$C,MATCH($A17,'Source'!$B:$B,0)),"") -> רפידת אנטי-ריח | C17: =SUMIFS('Source'!$D:$D,'Source'!$A:$A,"104 - Sports Shop",'Source'!$B:$B,$A17) -> 5 | D17: =SUMIFS('Source'!$F:$F,'Source'!$A:$A,"104 - Sports Shop",'Source'!$B:$B,$A17) -> 0 | E17: =D17*$J$5 -> 0 | F17: =E17-C17 -> -5 | G17: =IF(AND(C17=0,E17=0),0,IF(C17=0,"New",(E17-C17)/C17)) -> -1 | H17: =SUMIFS('Source'!$E:$E,'Source'!$A:$A,"104 - Sports Shop",'Source'!$B:$B,$A17) -> 77.1 | I17: =SUMIFS('Source'!$G:$G,'Source'!$A:$A,"104 - Sports Shop",'Source'!$B:$B,$A17) -> 0 | J17: =I17*$J$5 -> 0 | K17: =J17-H17 -> -77.1 | L17: =IF(AND(H17=0,J17=0),0,IF(H17=0,"New",(J17-H17)/H17)) -> -1 | M17: =IF(AND(OR(C17<>0,H17<>0),D17=0,I17=0),"DROP",IF(AND(OR(D17<>0,I17<>0),C17=0,H17=0),"NEW","")) -> DROP
A18: 374 0 | B18: =IFERROR(INDEX('Source'!$C:$C,MATCH($A18,'Source'!$B:$B,0)),"") -> רפידה בולמת זעזועים | C18: =SUMIFS('Source'!$D:$D,'Source'!$A:$A,"104 - Sports Shop",'Source'!$B:$B,$A18) -> 5 | D18: =SUMIFS('Source'!$F:$F,'Source'!$A:$A,"104 - Sports Shop",'Source'!$B:$B,$A18) -> 0 | E18: =D18*$J$5 -> 0 | F18: =E18-C18 -> -5 | G18: =IF(AND(C18=0,E18=0),0,IF(C18=0,"New",(E18-C18)/C18)) -> -1 | H18: =SUMIFS('Source'!$E:$E,'Source'!$A:$A,"104 - Sports Shop",'Source'!$B:$B,$A18) -> 77.1 | I18: =SUMIFS('Source'!$G:$G,'Source'!$A:$A,"104 - Sports Shop",'Source'!$B:$B,$A18) -> 0 | J18: =I18*$J$5 -> 0 | K18: =J18-H18 -> -77.1 | L18: =IF(AND(H18=0,J18=0),0,IF(H18=0,"New",(J18-H18)/H18)) -> -1 | M18: =IF(AND(OR(C18<>0,H18<>0),D18=0,I18=0),"DROP",IF(AND(OR(D18<>0,I18<>0),C18=0,H18=0),"NEW","")) -> DROP
A19: 45B XL | B19: =IFERROR(INDEX('Source'!$C:$C,MATCH($A19,'Source'!$B:$B,0)),"") -> מגן ברך שחור | C19: =SUMIFS('Source'!$D:$D,'Source'!$A:$A,"104 - Sports Shop",'Source'!$B:$B,$A19) -> 0 | D19: =SUMIFS('Source'!$F:$F,'Source'!$A:$A,"104 - Sports Shop",'Source'!$B:$B,$A19) -> 2 | E19: =D19*$J$5 -> 2.5263158 | F19: =E19-C19 -> 2.5263158 | G19: =IF(AND(C19=0,E19=0),0,IF(C19=0,"New",(E19-C19)/C19)) -> New | H19: =SUMIFS('Source'!$E:$E,'Source'!$A:$A,"104 - Sports Shop",'Source'!$B:$B,$A19) -> 0 | I19: =SUMIFS('Source'!$G:$G,'Source'!$A:$A,"104 - Sports Shop",'Source'!$B:$B,$A19) -> 61.79 | J19: =I19*$J$5 -> 78.050526 | K19: =J19-H19 -> 78.050526 | L19: =IF(AND(H19=0,J19=0),0,IF(H19=0,"New",(J19-H19)/H19)) -> New | M19: =IF(AND(OR(C19<>0,H19<>0),D19=0,I19=0),"DROP",IF(AND(OR(D19<>0,I19<>0),C19=0,H19=0),"NEW","")) -> NEW
A20: 35B M | B20: =IFERROR(INDEX('Source'!$C:$C,MATCH($A20,'Source'!$B:$B,0)),"") -> מגן קרסול שחור | C20: =SUMIFS('Source'!$D:$D,'Source'!$A:$A,"104 - Sports Shop",'Source'!$B:$B,$A20) -> 0 | D20: =SUMIFS('Source'!$F:$F,'Source'!$A:$A,"104 - Sports Shop",'Source'!$B:$B,$A20) -> 2 | E20: =D20*$J$5 -> 2.5263158 | F20: =E20-C20 -> 2.5263158 | G20: =IF(AND(C20=0,E20=0),0,IF(C20=0,"New",(E20-C20)/C20)) -> New | H20: =SUMIFS('Source'!$E:$E,'Source'!$A:$A,"104 - Sports Shop",'Source'!$B:$B,$A20) -> 0 | I20: =SUMIFS('Source'!$G:$G,'Source'!$A:$A,"104 - Sports Shop",'Source'!$B:$B,$A20) -> 61.79 | J20: =I20*$J$5 -> 78.050526 | K20: =J20-H20 -> 78.050526 | L20: =IF(AND(H20=0,J20=0),0,IF(H20=0,"New",(J20-H20)/H20)) -> New | M20: =IF(AND(OR(C20<>0,H20<>0),D20=0,I20=0),"DROP",IF(AND(OR(D20<>0,I20<>0),C20=0,H20=0),"NEW","")) -> NEW
... A36: 35C XL | B36: =IFERROR(INDEX('Source'!$C:$C,MATCH($A36,'Source'!$B:$B,0)),"") -> מגן קרסול חום | C36: =SUMIFS('Source'!$D:$D,'Source'!$A:$A,"104 - Sports Shop",'Source'!$B:$B,$A36) -> 0 | D36: =SUMIFS('Source'!$F:$F,'Source'!$A:$A,"104 - Sports Shop",'Source'!$B:$B,$A36) -> 1 | E36: =D36*$J$5 -> 1.2631579 | F36: =E36-C36 -> 1.2631579 | G36: =IF(AND(C36=0,E36=0),0,IF(C36=0,"New",(E36-C36)/C36)) -> New | H36: =SUMIFS('Source'!$E:$E,'Source'!$A:$A,"104 - Sports Shop",'Source'!$B:$B,$A36) -> 0 | I36: =SUMIFS('Source'!$G:$G,'Source'!$A:$A,"104 - Sports Shop",'Source'!$B:$B,$A36) -> 30.89 | J36: =I36*$J$5 -> 39.018947 | K36: =J36-H36 -> 39.018947 | L36: =IF(AND(H36=0,J36=0),0,IF(H36=0,"New",(J36-H36)/H36)) -> New | M36: =IF(AND(OR(C36<>0,H36<>0),D36=0,I36=0),"DROP",IF(AND(OR(D36<>0,I36<>0),C36=0,H36=0),"NEW","")) -> NEW
B38: TOTAL | C38: =SUM(C9:C36) -> 16 | D38: =SUM(D9:D36) -> 59 | E38: =SUM(E9:E36) -> 74.526316 | F38: =SUM(F9:F36) -> 58.526316 | G38: =IF(C38=0,"N/A",F38/C38) -> 3.6578947 | H38: =SUM(H9:H36) -> 514.2 | I38: =SUM(I9:I36) -> 1896.82 | J38: =SUM(J9:J36) -> 2395.9832 | K38: =SUM(K9:K36) -> 1881.7832 | L38: =IF(H38=0,"N/A",K38/H38) -> 3.6596327

Sheet 103 - Physiotherapy institutes
A1: Sales Comparison 2025 vs 2026 (Annualized) - Sale Type: 103 - Physiotherapy institutes (by Product CODE)
A2: Calculation date: | B2: 46284
A3: Source: NetSuite report "1-Sales: Customer by Item" (01/01/2025-31/12/2026), Sale Type = "103 - Physiotherapy institutes" only (exact match on the "Sale Type" column, per the canonical 31-value list in the source file’s "list" sheet). Product CODE = column "Item: Name" (F in the original report) - NOT "Item: Name (Grouped)" (E), which carries a PARENT prefix. 2025 = columns J/K (Quantity/Amount Net); 2026 = columns O/P. Multiple rows per CODE per Sale Type (one per unit-price tier / customer within this category) are summed (SUMIFS) per CODE, not taken from a single row. Raw rows kept unchanged in the shared "Source" sheet (filtered to only these 31 categories - built-in "Total"/"Total - <category>"/"- Unassigned -" rows excluded to avoid double-counting). IMPORTANT: the source file’s own header states the report range as "01 January 2025 - 31 December 2026", but has no per-row date/timestamp field, so the exact 2026 cutoff cannot be verified from the data itself. Same assumption used across this whole workbook family for consistency: 2026 actual covers approximately 9.5 months (1 Jan - 15 Sep).
A4: Annualization note: 2026 actual data is assumed to cover approximately 9.5 months (1 Jan - 15 Sep 2026), consistent with the rest of this workbook family. Scaled to a full year via a simple linear factor = 12 / 9.5 (≈ 1.263158) - straight-line extrapolation, does NOT account for seasonality. Treat as an estimate. | I4: Months in full year: | J4: 12 | K4: Months covered by 2026 actual (assumed 1/1–15/9): | L4: 9.5
A5: # DROP (sold 2025, 0 in 2026): | B5: =SUMPRODUCT(--(((C9:C437<>0)+(H9:H437<>0)>0)*((D9:D437=0)*(I9:I437=0)))) -> 147 | C5: # NEW (sold 2026, 0 in 2025): | D5: =SUMPRODUCT(--(((D9:D437<>0)+(I9:I437<>0)>0)*((C9:C437=0)*(H9:H437=0)))) -> 128 | I5: Normalization factor (J4/L4): | J5: =J4/L4 -> 1.2631579
A6: DROP — Quantity 2025: | B6: =SUMPRODUCT(--(((C9:C437<>0)+(H9:H437<>0)>0)*((D9:D437=0)*(I9:I437=0)))*C9:C437) -> 550 | C6: DROP — Amount 2025 (₪): | D6: =SUMPRODUCT(--(((C9:C437<>0)+(H9:H437<>0)>0)*((D9:D437=0)*(I9:I437=0)))*H9:H437) -> 25758.28 | E6: NEW — Quantity 2026: | F6: =SUMPRODUCT(--(((D9:D437<>0)+(I9:I437<>0)>0)*((C9:C437=0)*(H9:H437=0)))*D9:D437) -> 322 | G6: NEW — Amount 2026 (₪): | H6: =SUMPRODUCT(--(((D9:D437<>0)+(I9:I437<>0)>0)*((C9:C437=0)*(H9:H437=0)))*I9:I437) -> 27429.03
A8: Product Code | B8: Item Display Name | C8: Quantity 2025 | D8: Quantity 2026 (Actual, partial year) | E8: Quantity 2026 (Annualized) | F8: Quantity Change (Annualized vs 2025) | G8: Quantity Change % (Annualized vs 2025) | H8: Amount 2025 (₪) | I8: Amount 2026 (Actual, partial year) (₪) | J8: Amount 2026 (Annualized) (₪) | K8: Amount Change (Annualized vs 2025) (₪) | L8: Amount Change % (Annualized vs 2025) | M8: Note
A9: 078 L | B9: =IFERROR(INDEX('Source'!$C:$C,MATCH($A9,'Source'!$B:$B,0)),"") -> חגורת גב+סגירה כפולה | C9: =SUMIFS('Source'!$D:$D,'Source'!$A:$A,"103 - Physiotherapy institutes",'Source'!$B:$B,$A9) -> 10 | D9: =SUMIFS('Source'!$F:$F,'Source'!$A:$A,"103 - Physiotherapy institutes",'Source'!$B:$B,$A9) -> 183 | E9: =D9*$J$5 -> 231.15789 | F9: =E9-C9 -> 221.15789 | G9: =IF(AND(C9=0,E9=0),0,IF(C9=0,"New",(E9-C9)/C9)) -> 22.115789 | H9: =SUMIFS('Source'!$E:$E,'Source'!$A:$A,"103 - Physiotherapy institutes",'Source'!$B:$B,$A9) -> 843 | I9: =SUMIFS('Source'!$G:$G,'Source'!$A:$A,"103 - Physiotherapy institutes",'Source'!$B:$B,$A9) -> 15324.4 | J9: =I9*$J$5 -> 19357.137 | K9: =J9-H9 -> 18514.137 | L9: =IF(AND(H9=0,J9=0),0,IF(H9=0,"New",(J9-H9)/H9)) -> 21.962203 | M9: =IF(AND(OR(C9<>0,H9<>0),D9=0,I9=0),"DROP",IF(AND(OR(D9<>0,I9<>0),C9=0,H9=0),"NEW",""))
A10: 67 0 | B10: =IFERROR(INDEX('Source'!$C:$C,MATCH($A10,'Source'!$B:$B,0)),"") -> כרית שינה חלומית | C10: =SUMIFS('Source'!$D:$D,'Source'!$A:$A,"103 - Physiotherapy institutes",'Source'!$B:$B,$A10) -> 216 | D10: =SUMIFS('Source'!$F:$F,'Source'!$A:$A,"103 - Physiotherapy institutes",'Source'!$B:$B,$A10) -> 89 | E10: =D10*$J$5 -> 112.42105 | F10: =E10-C10 -> -103.57895 | G10: =IF(AND(C10=0,E10=0),0,IF(C10=0,"New",(E10-C10)/C10)) -> -0.47953216 | H10: =SUMIFS('Source'!$E:$E,'Source'!$A:$A,"103 - Physiotherapy institutes",'Source'!$B:$B,$A10) -> 27989.58 | I10: =SUMIFS('Source'!$G:$G,'Source'!$A:$A,"103 - Physiotherapy institutes",'Source'!$B:$B,$A10) -> 14764.72 | J10: =I10*$J$5 -> 18650.173 | K10: =J10-H10 -> -9339.4074 | L10: =IF(AND(H10=0,J10=0),0,IF(H10=0,"New",(J10-H10)/H10)) -> -0.33367444 | M10: =IF(AND(OR(C10<>0,H10<>0),D10=0,I10=0),"DROP",IF(AND(OR(D10<>0,I10<>0),C10=0,H10=0),"NEW",""))
A11: 078 M | B11: =IFERROR(INDEX('Source'!$C:$C,MATCH($A11,'Source'!$B:$B,0)),"") -> חגורת גב+סגירה כפולה | C11: =SUMIFS('Source'!$D:$D,'Source'!$A:$A,"103 - Physiotherapy institutes",'Source'!$B:$B,$A11) -> 4 | D11: =SUMIFS('Source'!$F:$F,'Source'!$A:$A,"103 - Physiotherapy institutes",'Source'!$B:$B,$A11) -> 117 | E11: =D11*$J$5 -> 147.78947 | F11: =E11-C11 -> 143.78947 | G11: =IF(AND(C11=0,E11=0),0,IF(C11=0,"New",(E11-C11)/C11)) -> 35.947368 | H11: =SUMIFS('Source'!$E:$E,'Source'!$A:$A,"103 - Physiotherapy institutes",'Source'!$B:$B,$A11) -> 345.14 | I11: =SUMIFS('Source'!$G:$G,'Source'!$A:$A,"103 - Physiotherapy institutes",'Source'!$B:$B,$A11) -> 9822.18 | J11: =I11*$J$5 -> 12406.964 | K11: =J11-H11 -> 12061.824 | L11: =IF(AND(H11=0,J11=0),0,IF(H11=0,"New",(J11-H11)/H11)) -> 34.947628 | M11: =IF(AND(OR(C11<>0,H11<>0),D11=0,I11=0),"DROP",IF(AND(OR(D11<>0,I11<>0),C11=0,H11=0),"NEW",""))
A12: 078 XL | B12: =IFERROR(INDEX('Source'!$C:$C,MATCH($A12,'Source'!$B:$B,0)),"") -> חגורת גב+סגירה כפולה | C12: =SUMIFS('Source'!$D:$D,'Source'!$A:$A,"103 - Physiotherapy institutes",'Source'!$B:$B,$A12) -> 9 | D12: =SUMIFS('Source'!$F:$F,'Source'!$A:$A,"103 - Physiotherapy institutes",'Source'!$B:$B,$A12) -> 88 | E12: =D12*$J$5 -> 111.15789 | F12: =E12-C12 -> 102.15789 | G12: =IF(AND(C12=0,E12=0),0,IF(C12=0,"New",(E12-C12)/C12)) -> 11.350877 | H12: =SUMIFS('Source'!$E:$E,'Source'!$A:$A,"103 - Physiotherapy institutes",'Source'!$B:$B,$A12) -> 753 | I12: =SUMIFS('Source'!$G:$G,'Source'!$A:$A,"103 - Physiotherapy institutes",'Source'!$B:$B,$A12) -> 7572.21 | J12: =I12*$J$5 -> 9564.8968 | K12: =J12-H12 -> 8811.8968 | L12: =IF(AND(H12=0,J12=0),0,IF(H12=0,"New",(J12-H12)/H12)) -> 11.702386 | M12: =IF(AND(OR(C12<>0,H12<>0),D12=0,I12=0),"DROP",IF(AND(OR(D12<>0,I12<>0),C12=0,H12=0),"NEW",""))
A13: 078 S | B13: =IFERROR(INDEX('Source'!$C:$C,MATCH($A13,'Source'!$B:$B,0)),"") -> חגורת גב+סגירה כפולה | C13: =SUMIFS('Source'!$D:$D,'Source'!$A:$A,"103 - Physiotherapy institutes",'Source'!$B:$B,$A13) -> 2 | D13: =SUMIFS('Source'!$F:$F,'Source'!$A:$A,"103 - Physiotherapy institutes",'Source'!$B:$B,$A13) -> 26 | E13: =D13*$J$5 -> 32.842105 | F13: =E13-C13 -> 30.842105 | G13: =IF(AND(C13=0,E13=0),0,IF(C13=0,"New",(E13-C13)/C13)) -> 15.421053 | H13: =SUMIFS('Source'!$E:$E,'Source'!$A:$A,"103 - Physiotherapy institutes",'Source'!$B:$B,$A13) -> 195.11 | I13: =SUMIFS('Source'!$G:$G,'Source'!$A:$A,"103 - Physiotherapy institutes",'Source'!$B:$B,$A13) -> 2328.25 | J13: =I13*$J$5 -> 2940.9474 | K13: =J13-H13 -> 2745.8374 | L13: =IF(AND(H13=0,J13=0),0,IF(H13=0,"New",(J13-H13)/H13)) -> 14.073279 | M13: =IF(AND(OR(C13<>0,H13<>0),D13=0,I13=0),"DROP",IF(AND(OR(D13<>0,I13<>0),C13=0,H13=0),"NEW",""))
A14: 302M 0 | B14: =IFERROR(INDEX('Source'!$C:$C,MATCH($A14,'Source'!$B:$B,0)),"") -> מדרס מג'ל | C14: =SUMIFS('Source'!$D:$D,'Source'!$A:$A,"103 - Physiotherapy institutes",'Source'!$B:$B,$A14) -> 34 | D14: =SUMIFS('Source'!$F:$F,'Source'!$A:$A,"103 - Physiotherapy institutes",'Source'!$B:$B,$A14) -> 0 | E14: =D14*$J$5 -> 0 | F14: =E14-C14 -> -34 | G14: =IF(AND(C14=0,E14=0),0,IF(C14=0,"New",(E14-C14)/C14)) -> -1 | H14: =SUMIFS('Source'!$E:$E,'Source'!$A:$A,"103 - Physiotherapy institutes",'Source'!$B:$B,$A14) -> 1941.71 | I14: =SUMIFS('Source'!$G:$G,'Source'!$A:$A,"103 - Physiotherapy institutes",'Source'!$B:$B,$A14) -> 0 | J14: =I14*$J$5 -> 0 | K14: =J14-H14 -> -1941.71 | L14: =IF(AND(H14=0,J14=0),0,IF(H14=0,"New",(J14-H14)/H14)) -> -1 | M14: =IF(AND(OR(C14<>0,H14<>0),D14=0,I14=0),"DROP",IF(AND(OR(D14<>0,I14<>0),C14=0,H14=0),"NEW","")) -> DROP
A15: 621B-M | B15: =IFERROR(INDEX('Source'!$C:$C,MATCH($A15,'Source'!$B:$B,0)),"") -> Cervicallo IceSilk צווארון משי רך לתמיכה בצוואר | C15: =SUMIFS('Source'!$D:$D,'Source'!$A:$A,"103 - Physiotherapy institutes",'Source'!$B:$B,$A15) -> 0 | D15: =SUMIFS('Source'!$F:$F,'Source'!$A:$A,"103 - Physiotherapy institutes",'Source'!$B:$B,$A15) -> 22 | E15: =D15*$J$5 -> 27.789474 | F15: =E15-C15 -> 27.789474 | G15: =IF(AND(C15=0,E15=0),0,IF(C15=0,"New",(E15-C15)/C15)) -> New | H15: =SUMIFS('Source'!$E:$E,'Source'!$A:$A,"103 - Physiotherapy institutes",'Source'!$B:$B,$A15) -> 0 | I15: =SUMIFS('Source'!$G:$G,'Source'!$A:$A,"103 - Physiotherapy institutes",'Source'!$B:$B,$A15) -> 1442.59 | J15: =I15*$J$5 -> 1822.2189 | K15: =J15-H15 -> 1822.2189 | L15: =IF(AND(H15=0,J15=0),0,IF(H15=0,"New",(J15-H15)/H15)) -> New | M15: =IF(AND(OR(C15<>0,H15<>0),D15=0,I15=0),"DROP",IF(AND(OR(D15<>0,I15<>0),C15=0,H15=0),"NEW","")) -> NEW
A16: 302W 0 | B16: =IFERROR(INDEX('Source'!$C:$C,MATCH($A16,'Source'!$B:$B,0)),"") -> מדרס מג'ל | C16: =SUMIFS('Source'!$D:$D,'Source'!$A:$A,"103 - Physiotherapy institutes",'Source'!$B:$B,$A16) -> 24 | D16: =SUMIFS('Source'!$F:$F,'Source'!$A:$A,"103 - Physiotherapy institutes",'Source'!$B:$B,$A16) -> 0 | E16: =D16*$J$5 -> 0 | F16: =E16-C16 -> -24 | G16: =IF(AND(C16=0,E16=0),0,IF(C16=0,"New",(E16-C16)/C16)) -> -1 | H16: =SUMIFS('Source'!$E:$E,'Source'!$A:$A,"103 - Physiotherapy institutes",'Source'!$B:$B,$A16) -> 1391.21 | I16: =SUMIFS('Source'!$G:$G,'Source'!$A:$A,"103 - Physiotherapy institutes",'Source'!$B:$B,$A16) -> 0 | J16: =I16*$J$5 -> 0 | K16: =J16-H16 -> -1391.21 | L16: =IF(AND(H16=0,J16=0),0,IF(H16=0,"New",(J16-H16)/H16)) -> -1 | M16: =IF(AND(OR(C16<>0,H16<>0),D16=0,I16=0),"DROP",IF(AND(OR(D16<>0,I16<>0),C16=0,H16=0),"NEW","")) -> DROP
A17: 078 XXL | B17: =IFERROR(INDEX('Source'!$C:$C,MATCH($A17,'Source'!$B:$B,0)),"") -> חגורת גב+סגירה כפולה | C17: =SUMIFS('Source'!$D:$D,'Source'!$A:$A,"103 - Physiotherapy institutes",'Source'!$B:$B,$A17) -> 1 | D17: =SUMIFS('Source'!$F:$F,'Source'!$A:$A,"103 - Physiotherapy institutes",'Source'!$B:$B,$A17) -> 18 | E17: =D17*$J$5 -> 22.736842 | F17: =E17-C17 -> 21.736842 | G17: =IF(AND(C17=0,E17=0),0,IF(C17=0,"New",(E17-C17)/C17)) -> 21.736842 | H17: =SUMIFS('Source'!$E:$E,'Source'!$A:$A,"103 - Physiotherapy institutes",'Source'!$B:$B,$A17) -> 78 | I17: =SUMIFS('Source'!$G:$G,'Source'!$A:$A,"103 - Physiotherapy institutes",'Source'!$B:$B,$A17) -> 1431.15 | J17: =I17*$J$5 -> 1807.7684 | K17: =J17-H17 -> 1729.7684 | L17: =IF(AND(H17=0,J17=0),0,IF(H17=0,"New",(J17-H17)/H17)) -> 22.176518 | M17: =IF(AND(OR(C17<>0,H17<>0),D17=0,I17=0),"DROP",IF(AND(OR(D17<>0,I17<>0),C17=0,H17=0),"NEW",""))
A18: 60B XS | B18: =IFERROR(INDEX('Source'!$C:$C,MATCH($A18,'Source'!$B:$B,0)),"") -> צוארון ספוגי | C18: =SUMIFS('Source'!$D:$D,'Source'!$A:$A,"103 - Physiotherapy institutes",'Source'!$B:$B,$A18) -> 17 | D18: =SUMIFS('Source'!$F:$F,'Source'!$A:$A,"103 - Physiotherapy institutes",'Source'!$B:$B,$A18) -> -4 | E18: =D18*$J$5 -> -5.0526316 | F18: =E18-C18 -> -22.052632 | G18: =IF(AND(C18=0,E18=0),0,IF(C18=0,"New",(E18-C18)/C18)) -> -1.2972136 | H18: =SUMIFS('Source'!$E:$E,'Source'!$A:$A,"103 - Physiotherapy institutes",'Source'!$B:$B,$A18) -> 843.8 | I18: =SUMIFS('Source'!$G:$G,'Source'!$A:$A,"103 - Physiotherapy institutes",'Source'!$B:$B,$A18) -> -264.72 | J18: =I18*$J$5 -> -334.38316 | K18: =J18-H18 -> -1178.1832 | L18: =IF(AND(H18=0,J18=0),0,IF(H18=0,"New",(J18-H18)/H18)) -> -1.3962825 | M18: =IF(AND(OR(C18<>0,H18<>0),D18=0,I18=0),"DROP",IF(AND(OR(D18<>0,I18<>0),C18=0,H18=0),"NEW",""))
A19: SH333 0 | B19: =IFERROR(INDEX('Source'!$C:$C,MATCH($A19,'Source'!$B:$B,0)),"") -> TaluAirShield | מקבע קרסול | C19: =SUMIFS('Source'!$D:$D,'Source'!$A:$A,"103 - Physiotherapy institutes",'Source'!$B:$B,$A19) -> 0 | D19: =SUMIFS('Source'!$F:$F,'Source'!$A:$A,"103 - Physiotherapy institutes",'Source'!$B:$B,$A19) -> 11 | E19: =D19*$J$5 -> 13.894737 | F19: =E19-C19 -> 13.894737 | G19: =IF(AND(C19=0,E19=0),0,IF(C19=0,"New",(E19-C19)/C19)) -> New | H19: =SUMIFS('Source'!$E:$E,'Source'!$A:$A,"103 - Physiotherapy institutes",'Source'!$B:$B,$A19) -> 0 | I19: =SUMIFS('Source'!$G:$G,'Source'!$A:$A,"103 - Physiotherapy institutes",'Source'!$B:$B,$A19) -> 1086.43 | J19: =I19*$J$5 -> 1372.3326 | K19: =J19-H19 -> 1372.3326 | L19: =IF(AND(H19=0,J19=0),0,IF(H19=0,"New",(J19-H19)/H19)) -> New | M19: =IF(AND(OR(C19<>0,H19<>0),D19=0,I19=0),"DROP",IF(AND(OR(D19<>0,I19<>0),C19=0,H19=0),"NEW","")) -> NEW
A20: MSG002S 0 | B20: =IFERROR(INDEX('Source'!$C:$C,MATCH($A20,'Source'!$B:$B,0)),"") -> כרית עיסוי ויטלימד סופט - פלוס | C20: =SUMIFS('Source'!$D:$D,'Source'!$A:$A,"103 - Physiotherapy institutes",'Source'!$B:$B,$A20) -> 0 | D20: =SUMIFS('Source'!$F:$F,'Source'!$A:$A,"103 - Physiotherapy institutes",'Source'!$B:$B,$A20) -> 2 | E20: =D20*$J$5 -> 2.5263158 | F20: =E20-C20 -> 2.5263158 | G20: =IF(AND(C20=0,E20=0),0,IF(C20=0,"New",(E20-C20)/C20)) -> New | H20: =SUMIFS('Source'!$E:$E,'Source'!$A:$A,"103 - Physiotherapy institutes",'Source'!$B:$B,$A20) -> 0 | I20: =SUMIFS('Source'!$G:$G,'Source'!$A:$A,"103 - Physiotherapy institutes",'Source'!$B:$B,$A20) -> 1012.36 | J20: =I20*$J$5 -> 1278.7705 | K20: =J20-H20 -> 1278.7705 | L20: =IF(AND(H20=0,J20=0),0,IF(H20=0,"New",(J20-H20)/H20)) -> New | M20: =IF(AND(OR(C20<>0,H20<>0),D20=0,I20=0),"DROP",IF(AND(OR(D20<>0,I20<>0),C20=0,H20=0),"NEW","")) -> NEW
... A437: 238 XL | B437: =IFERROR(INDEX('Source'!$C:$C,MATCH($A437,'Source'!$B:$B,0)),"") -> אצבעון מפלסטיק ליד | C437: =SUMIFS('Source'!$D:$D,'Source'!$A:$A,"103 - Physiotherapy institutes",'Source'!$B:$B,$A437) -> 5 | D437: =SUMIFS('Source'!$F:$F,'Source'!$A:$A,"103 - Physiotherapy institutes",'Source'!$B:$B,$A437) -> 5 | E437: =D437*$J$5 -> 6.3157895 | F437: =E437-C437 -> 1.3157895 | G437: =IF(AND(C437=0,E437=0),0,IF(C437=0,"New",(E437-C437)/C437)) -> 0.26315789 | H437: =SUMIFS('Source'!$E:$E,'Source'!$A:$A,"103 - Physiotherapy institutes",'Source'!$B:$B,$A437) -> 100.55 | I437: =SUMIFS('Source'!$G:$G,'Source'!$A:$A,"103 - Physiotherapy institutes",'Source'!$B:$B,$A437) -> 100.55 | J437: =I437*$J$5 -> 127.01053 | K437: =J437-H437 -> 26.460526 | L437: =IF(AND(H437=0,J437=0),0,IF(H437=0,"New",(J437-H437)/H437)) -> 0.26315789 | M437: =IF(AND(OR(C437<>0,H437<>0),D437=0,I437=0),"DROP",IF(AND(OR(D437<>0,I437<>0),C437=0,H437=0),"NEW",""))
B439: TOTAL | C439: =SUM(C9:C437) -> 1673 | D439: =SUM(D9:D437) -> 1518 | E439: =SUM(E9:E437) -> 1917.4737 | F439: =SUM(F9:F437) -> 244.47368 | G439: =IF(C439=0,"N/A",F439/C439) -> 0.14612892 | H439: =SUM(H9:H437) -> 98528.23 | I439: =SUM(I9:I437) -> 113347.12 | J439: =SUM(J9:J437) -> 143175.31 | K439: =SUM(K9:K437) -> 44647.079 | L439: =IF(H439=0,"N/A",K439/H439) -> 0.45313997

Sheet 109 - Private Shops
A1: Sales Comparison 2025 vs 2026 (Annualized) - Sale Type: 109 - Private Shops (by Product CODE)
A2: Calculation date: | B2: 46284
A3: Source: NetSuite report "1-Sales: Customer by Item" (01/01/2025-31/12/2026), Sale Type = "109 - Private Shops" only (exact match on the "Sale Type" column, per the canonical 31-value list in the source file’s "list" sheet). Product CODE = column "Item: Name" (F in the original report) - NOT "Item: Name (Grouped)" (E), which carries a PARENT prefix. 2025 = columns J/K (Quantity/Amount Net); 2026 = columns O/P. Multiple rows per CODE per Sale Type (one per unit-price tier / customer within this category) are summed (SUMIFS) per CODE, not taken from a single row. Raw rows kept unchanged in the shared "Source" sheet (filtered to only these 31 categories - built-in "Total"/"Total - <category>"/"- Unassigned -" rows excluded to avoid double-counting). IMPORTANT: the source file’s own header states the report range as "01 January 2025 - 31 December 2026", but has no per-row date/timestamp field, so the exact 2026 cutoff cannot be verified from the data itself. Same assumption used across this whole workbook family for consistency: 2026 actual covers approximately 9.5 months (1 Jan - 15 Sep).
A4: Annualization note: 2026 actual data is assumed to cover approximately 9.5 months (1 Jan - 15 Sep 2026), consistent with the rest of this workbook family. Scaled to a full year via a simple linear factor = 12 / 9.5 (≈ 1.263158) - straight-line extrapolation, does NOT account for seasonality. Treat as an estimate. | I4: Months in full year: | J4: 12 | K4: Months covered by 2026 actual (assumed 1/1–15/9): | L4: 9.5
A5: # DROP (sold 2025, 0 in 2026): | B5: =SUMPRODUCT(--(((C9:C223<>0)+(H9:H223<>0)>0)*((D9:D223=0)*(I9:I223=0)))) -> 82 | C5: # NEW (sold 2026, 0 in 2025): | D5: =SUMPRODUCT(--(((D9:D223<>0)+(I9:I223<>0)>0)*((C9:C223=0)*(H9:H223=0)))) -> 65 | I5: Normalization factor (J4/L4): | J5: =J4/L4 -> 1.2631579
A6: DROP — Quantity 2025: | B6: =SUMPRODUCT(--(((C9:C223<>0)+(H9:H223<>0)>0)*((D9:D223=0)*(I9:I223=0)))*C9:C223) -> 290 | C6: DROP — Amount 2025 (₪): | D6: =SUMPRODUCT(--(((C9:C223<>0)+(H9:H223<>0)>0)*((D9:D223=0)*(I9:I223=0)))*H9:H223) -> 14416.63 | E6: NEW — Quantity 2026: | F6: =SUMPRODUCT(--(((D9:D223<>0)+(I9:I223<>0)>0)*((C9:C223=0)*(H9:H223=0)))*D9:D223) -> 244 | G6: NEW — Amount 2026 (₪): | H6: =SUMPRODUCT(--(((D9:D223<>0)+(I9:I223<>0)>0)*((C9:C223=0)*(H9:H223=0)))*I9:I223) -> 18033.75
A8: Product Code | B8: Item Display Name | C8: Quantity 2025 | D8: Quantity 2026 (Actual, partial year) | E8: Quantity 2026 (Annualized) | F8: Quantity Change (Annualized vs 2025) | G8: Quantity Change % (Annualized vs 2025) | H8: Amount 2025 (₪) | I8: Amount 2026 (Actual, partial year) (₪) | J8: Amount 2026 (Annualized) (₪) | K8: Amount Change (Annualized vs 2025) (₪) | L8: Amount Change % (Annualized vs 2025) | M8: Note
A9: AC75-S-XL | B9: =IFERROR(INDEX('Source'!$C:$C,MATCH($A9,'Source'!$B:$B,0)),"") -> מיישר כתפיים | C9: =SUMIFS('Source'!$D:$D,'Source'!$A:$A,"109 - Private Shops",'Source'!$B:$B,$A9) -> 6 | D9: =SUMIFS('Source'!$F:$F,'Source'!$A:$A,"109 - Private Shops",'Source'!$B:$B,$A9) -> 33 | E9: =D9*$J$5 -> 41.684211 | F9: =E9-C9 -> 35.684211 | G9: =IF(AND(C9=0,E9=0),0,IF(C9=0,"New",(E9-C9)/C9)) -> 5.9473684 | H9: =SUMIFS('Source'!$E:$E,'Source'!$A:$A,"109 - Private Shops",'Source'!$B:$B,$A9) -> 435.64 | I9: =SUMIFS('Source'!$G:$G,'Source'!$A:$A,"109 - Private Shops",'Source'!$B:$B,$A9) -> 2628.46 | J9: =I9*$J$5 -> 3320.16 | K9: =J9-H9 -> 2884.52 | L9: =IF(AND(H9=0,J9=0),0,IF(H9=0,"New",(J9-H9)/H9)) -> 6.6213387 | M9: =IF(AND(OR(C9<>0,H9<>0),D9=0,I9=0),"DROP",IF(AND(OR(D9<>0,I9<>0),C9=0,H9=0),"NEW",""))
A10: 320 0 | B10: =IFERROR(INDEX('Source'!$C:$C,MATCH($A10,'Source'!$B:$B,0)),"") -> בליסטר פלסטר | C10: =SUMIFS('Source'!$D:$D,'Source'!$A:$A,"109 - Private Shops",'Source'!$B:$B,$A10) -> 136 | D10: =SUMIFS('Source'!$F:$F,'Source'!$A:$A,"109 - Private Shops",'Source'!$B:$B,$A10) -> 5 | E10: =D10*$J$5 -> 6.3157895 | F10: =E10-C10 -> -129.68421 | G10: =IF(AND(C10=0,E10=0),0,IF(C10=0,"New",(E10-C10)/C10)) -> -0.95356037 | H10: =SUMIFS('Source'!$E:$E,'Source'!$A:$A,"109 - Private Shops",'Source'!$B:$B,$A10) -> 2266.58 | I10: =SUMIFS('Source'!$G:$G,'Source'!$A:$A,"109 - Private Shops",'Source'!$B:$B,$A10) -> 90.35 | J10: =I10*$J$5 -> 114.12632 | K10: =J10-H10 -> -2152.4537 | L10: =IF(AND(H10=0,J10=0),0,IF(H10=0,"New",(J10-H10)/H10)) -> -0.94964823 | M10: =IF(AND(OR(C10<>0,H10<>0),D10=0,I10=0),"DROP",IF(AND(OR(D10<>0,I10<>0),C10=0,H10=0),"NEW",""))
A11: 379MSP-43-46 | B11: =IFERROR(INDEX('Source'!$C:$C,MATCH($A11,'Source'!$B:$B,0)),"") -> מדרסי ג'ל מולטי ספורט | C11: =SUMIFS('Source'!$D:$D,'Source'!$A:$A,"109 - Private Shops",'Source'!$B:$B,$A11) -> 0 | D11: =SUMIFS('Source'!$F:$F,'Source'!$A:$A,"109 - Private Shops",'Source'!$B:$B,$A11) -> 19 | E11: =D11*$J$5 -> 24 | F11: =E11-C11 -> 24 | G11: =IF(AND(C11=0,E11=0),0,IF(C11=0,"New",(E11-C11)/C11)) -> New | H11: =SUMIFS('Source'!$E:$E,'Source'!$A:$A,"109 - Private Shops",'Source'!$B:$B,$A11) -> 0 | I11: =SUMIFS('Source'!$G:$G,'Source'!$A:$A,"109 - Private Shops",'Source'!$B:$B,$A11) -> 2062.54 | J11: =I11*$J$5 -> 2605.3137 | K11: =J11-H11 -> 2605.3137 | L11: =IF(AND(H11=0,J11=0),0,IF(H11=0,"New",(J11-H11)/H11)) -> New | M11: =IF(AND(OR(C11<>0,H11<>0),D11=0,I11=0),"DROP",IF(AND(OR(D11<>0,I11<>0),C11=0,H11=0),"NEW","")) -> NEW
A12: 379WRK-43-46 | B12: =IFERROR(INDEX('Source'!$C:$C,MATCH($A12,'Source'!$B:$B,0)),"") -> מדרסי ג'ל וורק | C12: =SUMIFS('Source'!$D:$D,'Source'!$A:$A,"109 - Private Shops",'Source'!$B:$B,$A12) -> 0 | D12: =SUMIFS('Source'!$F:$F,'Source'!$A:$A,"109 - Private Shops",'Source'!$B:$B,$A12) -> 19 | E12: =D12*$J$5 -> 24 | F12: =E12-C12 -> 24 | G12: =IF(AND(C12=0,E12=0),0,IF(C12=0,"New",(E12-C12)/C12)) -> New | H12: =SUMIFS('Source'!$E:$E,'Source'!$A:$A,"109 - Private Shops",'Source'!$B:$B,$A12) -> 0 | I12: =SUMIFS('Source'!$G:$G,'Source'!$A:$A,"109 - Private Shops",'Source'!$B:$B,$A12) -> 2059.82 | J12: =I12*$J$5 -> 2601.8779 | K12: =J12-H12 -> 2601.8779 | L12: =IF(AND(H12=0,J12=0),0,IF(H12=0,"New",(J12-H12)/H12)) -> New | M12: =IF(AND(OR(C12<>0,H12<>0),D12=0,I12=0),"DROP",IF(AND(OR(D12<>0,I12<>0),C12=0,H12=0),"NEW","")) -> NEW
A13: 311 0 | B13: =IFERROR(INDEX('Source'!$C:$C,MATCH($A13,'Source'!$B:$B,0)),"") -> מדבקה ג'ל למניעת יבלות | C13: =SUMIFS('Source'!$D:$D,'Source'!$A:$A,"109 - Private Shops",'Source'!$B:$B,$A13) -> 116 | D13: =SUMIFS('Source'!$F:$F,'Source'!$A:$A,"109 - Private Shops",'Source'!$B:$B,$A13) -> 4 | E13: =D13*$J$5 -> 5.0526316 | F13: =E13-C13 -> -110.94737 | G13: =IF(AND(C13=0,E13=0),0,IF(C13=0,"New",(E13-C13)/C13)) -> -0.95644283 | H13: =SUMIFS('Source'!$E:$E,'Source'!$A:$A,"109 - Private Shops",'Source'!$B:$B,$A13) -> 1605.3 | I13: =SUMIFS('Source'!$G:$G,'Source'!$A:$A,"109 - Private Shops",'Source'!$B:$B,$A13) -> 67.33 | J13: =I13*$J$5 -> 85.048421 | K13: =J13-H13 -> -1520.2516 | L13: =IF(AND(H13=0,J13=0),0,IF(H13=0,"New",(J13-H13)/H13)) -> -0.94702023 | M13: =IF(AND(OR(C13<>0,H13<>0),D13=0,I13=0),"DROP",IF(AND(OR(D13<>0,I13<>0),C13=0,H13=0),"NEW",""))
A14: 67 0 | B14: =IFERROR(INDEX('Source'!$C:$C,MATCH($A14,'Source'!$B:$B,0)),"") -> כרית שינה חלומית | C14: =SUMIFS('Source'!$D:$D,'Source'!$A:$A,"109 - Private Shops",'Source'!$B:$B,$A14) -> 12 | D14: =SUMIFS('Source'!$F:$F,'Source'!$A:$A,"109 - Private Shops",'Source'!$B:$B,$A14) -> 1 | E14: =D14*$J$5 -> 1.2631579 | F14: =E14-C14 -> -10.736842 | G14: =IF(AND(C14=0,E14=0),0,IF(C14=0,"New",(E14-C14)/C14)) -> -0.89473684 | H14: =SUMIFS('Source'!$E:$E,'Source'!$A:$A,"109 - Private Shops",'Source'!$B:$B,$A14) -> 1554.98 | I14: =SUMIFS('Source'!$G:$G,'Source'!$A:$A,"109 - Private Shops",'Source'!$B:$B,$A14) -> 222.13 | J14: =I14*$J$5 -> 280.58526 | K14: =J14-H14 -> -1274.3947 | L14: =IF(AND(H14=0,J14=0),0,IF(H14=0,"New",(J14-H14)/H14)) -> -0.819557 | M14: =IF(AND(OR(C14<>0,H14<>0),D14=0,I14=0),"DROP",IF(AND(OR(D14<>0,I14<>0),C14=0,H14=0),"NEW",""))
A15: 18 XL | B15: =IFERROR(INDEX('Source'!$C:$C,MATCH($A15,'Source'!$B:$B,0)),"") -> חגורת הריון מכנס | C15: =SUMIFS('Source'!$D:$D,'Source'!$A:$A,"109 - Private Shops",'Source'!$B:$B,$A15) -> 11 | D15: =SUMIFS('Source'!$F:$F,'Source'!$A:$A,"109 - Private Shops",'Source'!$B:$B,$A15) -> 5 | E15: =D15*$J$5 -> 6.3157895 | F15: =E15-C15 -> -4.6842105 | G15: =IF(AND(C15=0,E15=0),0,IF(C15=0,"New",(E15-C15)/C15)) -> -0.42583732 | H15: =SUMIFS('Source'!$E:$E,'Source'!$A:$A,"109 - Private Shops",'Source'!$B:$B,$A15) -> 2595.98 | I15: =SUMIFS('Source'!$G:$G,'Source'!$A:$A,"109 - Private Shops",'Source'!$B:$B,$A15) -> 1339.98 | J15: =I15*$J$5 -> 1692.6063 | K15: =J15-H15 -> -903.37368 | L15: =IF(AND(H15=0,J15=0),0,IF(H15=0,"New",(J15-H15)/H15)) -> -0.34798946 | M15: =IF(AND(OR(C15<>0,H15<>0),D15=0,I15=0),"DROP",IF(AND(OR(D15<>0,I15<>0),C15=0,H15=0),"NEW",""))
A16: 302W 0 | B16: =IFERROR(INDEX('Source'!$C:$C,MATCH($A16,'Source'!$B:$B,0)),"") -> מדרס מג'ל | C16: =SUMIFS('Source'!$D:$D,'Source'!$A:$A,"109 - Private Shops",'Source'!$B:$B,$A16) -> 43 | D16: =SUMIFS('Source'!$F:$F,'Source'!$A:$A,"109 - Private Shops",'Source'!$B:$B,$A16) -> 24 | E16: =D16*$J$5 -> 30.315789 | F16: =E16-C16 -> -12.684211 | G16: =IF(AND(C16=0,E16=0),0,IF(C16=0,"New",(E16-C16)/C16)) -> -0.29498164 | H16: =SUMIFS('Source'!$E:$E,'Source'!$A:$A,"109 - Private Shops",'Source'!$B:$B,$A16) -> 2680.6 | I16: =SUMIFS('Source'!$G:$G,'Source'!$A:$A,"109 - Private Shops",'Source'!$B:$B,$A16) -> 1480.92 | J16: =I16*$J$5 -> 1870.6358 | K16: =J16-H16 -> -809.96421 | L16: =IF(AND(H16=0,J16=0),0,IF(H16=0,"New",(J16-H16)/H16)) -> -0.3021578 | M16: =IF(AND(OR(C16<>0,H16<>0),D16=0,I16=0),"DROP",IF(AND(OR(D16<>0,I16<>0),C16=0,H16=0),"NEW",""))
A17: 84-S-M | B17: =IFERROR(INDEX('Source'!$C:$C,MATCH($A17,'Source'!$B:$B,0)),"") -> חגורת קיבוע לכתף | C17: =SUMIFS('Source'!$D:$D,'Source'!$A:$A,"109 - Private Shops",'Source'!$B:$B,$A17) -> 17 | D17: =SUMIFS('Source'!$F:$F,'Source'!$A:$A,"109 - Private Shops",'Source'!$B:$B,$A17) -> 9 | E17: =D17*$J$5 -> 11.368421 | F17: =E17-C17 -> -5.6315789 | G17: =IF(AND(C17=0,E17=0),0,IF(C17=0,"New",(E17-C17)/C17)) -> -0.33126935 | H17: =SUMIFS('Source'!$E:$E,'Source'!$A:$A,"109 - Private Shops",'Source'!$B:$B,$A17) -> 2388.75 | I17: =SUMIFS('Source'!$G:$G,'Source'!$A:$A,"109 - Private Shops",'Source'!$B:$B,$A17) -> 1265.16 | J17: =I17*$J$5 -> 1598.0968 | K17: =J17-H17 -> -790.65316 | L17: =IF(AND(H17=0,J17=0),0,IF(H17=0,"New",(J17-H17)/H17)) -> -0.33099033 | M17: =IF(AND(OR(C17<>0,H17<>0),D17=0,I17=0),"DROP",IF(AND(OR(D17<>0,I17<>0),C17=0,H17=0),"NEW",""))
A18: 379WRK-35-38 | B18: =IFERROR(INDEX('Source'!$C:$C,MATCH($A18,'Source'!$B:$B,0)),"") -> מדרסי ג'ל וורק | C18: =SUMIFS('Source'!$D:$D,'Source'!$A:$A,"109 - Private Shops",'Source'!$B:$B,$A18) -> 0 | D18: =SUMIFS('Source'!$F:$F,'Source'!$A:$A,"109 - Private Shops",'Source'!$B:$B,$A18) -> 10 | E18: =D18*$J$5 -> 12.631579 | F18: =E18-C18 -> 12.631579 | G18: =IF(AND(C18=0,E18=0),0,IF(C18=0,"New",(E18-C18)/C18)) -> New | H18: =SUMIFS('Source'!$E:$E,'Source'!$A:$A,"109 - Private Shops",'Source'!$B:$B,$A18) -> 0 | I18: =SUMIFS('Source'!$G:$G,'Source'!$A:$A,"109 - Private Shops",'Source'!$B:$B,$A18) -> 1018.54 | J18: =I18*$J$5 -> 1286.5768 | K18: =J18-H18 -> 1286.5768 | L18: =IF(AND(H18=0,J18=0),0,IF(H18=0,"New",(J18-H18)/H18)) -> New | M18: =IF(AND(OR(C18<>0,H18<>0),D18=0,I18=0),"DROP",IF(AND(OR(D18<>0,I18<>0),C18=0,H18=0),"NEW","")) -> NEW
A19: 078 XL | B19: =IFERROR(INDEX('Source'!$C:$C,MATCH($A19,'Source'!$B:$B,0)),"") -> חגורת גב+סגירה כפולה | C19: =SUMIFS('Source'!$D:$D,'Source'!$A:$A,"109 - Private Shops",'Source'!$B:$B,$A19) -> 1 | D19: =SUMIFS('Source'!$F:$F,'Source'!$A:$A,"109 - Private Shops",'Source'!$B:$B,$A19) -> 8 | E19: =D19*$J$5 -> 10.105263 | F19: =E19-C19 -> 9.1052632 | G19: =IF(AND(C19=0,E19=0),0,IF(C19=0,"New",(E19-C19)/C19)) -> 9.1052632 | H19: =SUMIFS('Source'!$E:$E,'Source'!$A:$A,"109 - Private Shops",'Source'!$B:$B,$A19) -> 117.13 | I19: =SUMIFS('Source'!$G:$G,'Source'!$A:$A,"109 - Private Shops",'Source'!$B:$B,$A19) -> 1105.17 | J19: =I19*$J$5 -> 1396.0042 | K19: =J19-H19 -> 1278.8742 | L19: =IF(AND(H19=0,J19=0),0,IF(H19=0,"New",(J19-H19)/H19)) -> 10.918417 | M19: =IF(AND(OR(C19<>0,H19<>0),D19=0,I19=0),"DROP",IF(AND(OR(D19<>0,I19<>0),C19=0,H19=0),"NEW",""))
A20: 305GA-45-46 | B20: =IFERROR(INDEX('Source'!$C:$C,MATCH($A20,'Source'!$B:$B,0)),"") -> מדרס מתכוונן לגיל | C20: =SUMIFS('Source'!$D:$D,'Source'!$A:$A,"109 - Private Shops",'Source'!$B:$B,$A20) -> 17 | D20: =SUMIFS('Source'!$F:$F,'Source'!$A:$A,"109 - Private Shops",'Source'!$B:$B,$A20) -> 5 | E20: =D20*$J$5 -> 6.3157895 | F20: =E20-C20 -> -10.684211 | G20: =IF(AND(C20=0,E20=0),0,IF(C20=0,"New",(E20-C20)/C20)) -> -0.62848297 | H20: =SUMIFS('Source'!$E:$E,'Source'!$A:$A,"109 - Private Shops",'Source'!$B:$B,$A20) -> 1381.93 | I20: =SUMIFS('Source'!$G:$G,'Source'!$A:$A,"109 - Private Shops",'Source'!$B:$B,$A20) -> 406.02 | J20: =I20*$J$5 -> 512.86737 | K20: =J20-H20 -> -869.06263 | L20: =IF(AND(H20=0,J20=0),0,IF(H20=0,"New",(J20-H20)/H20)) -> -0.62887602 | M20: =IF(AND(OR(C20<>0,H20<>0),D20=0,I20=0),"DROP",IF(AND(OR(D20<>0,I20<>0),C20=0,H20=0),"NEW",""))
... A223: 211 XL | B223: =IFERROR(INDEX('Source'!$C:$C,MATCH($A223,'Source'!$B:$B,0)),"") -> כפפת לחץ | C223: =SUMIFS('Source'!$D:$D,'Source'!$A:$A,"109 - Private Shops",'Source'!$B:$B,$A223) -> 1 | D223: =SUMIFS('Source'!$F:$F,'Source'!$A:$A,"109 - Private Shops",'Source'!$B:$B,$A223) -> 1 | E223: =D223*$J$5 -> 1.2631579 | F223: =E223-C223 -> 0.26315789 | G223: =IF(AND(C223=0,E223=0),0,IF(C223=0,"New",(E223-C223)/C223)) -> 0.26315789 | H223: =SUMIFS('Source'!$E:$E,'Source'!$A:$A,"109 - Private Shops",'Source'!$B:$B,$A223) -> 37.45 | I223: =SUMIFS('Source'!$G:$G,'Source'!$A:$A,"109 - Private Shops",'Source'!$B:$B,$A223) -> 37.45 | J223: =I223*$J$5 -> 47.305263 | K223: =J223-H223 -> 9.8552632 | L223: =IF(AND(H223=0,J223=0),0,IF(H223=0,"New",(J223-H223)/H223)) -> 0.26315789 | M223: =IF(AND(OR(C223<>0,H223<>0),D223=0,I223=0),"DROP",IF(AND(OR(D223<>0,I223<>0),C223=0,H223=0),"NEW",""))
B225: TOTAL | C225: =SUM(C9:C223) -> 1208 | D225: =SUM(D9:D223) -> 660 | E225: =SUM(E9:E223) -> 833.68421 | F225: =SUM(F9:F223) -> -374.31579 | G225: =IF(C225=0,"N/A",F225/C225) -> -0.30986406 | H225: =SUM(H9:H223) -> 58306.79 | I225: =SUM(I9:I223) -> 46507.15 | J225: =SUM(J9:J223) -> 58745.874 | K225: =SUM(K9:K223) -> 439.08368 | L225: =IF(H225=0,"N/A",K225/H225) -> 0.0075305755

Sheet 105 - Pedicure Salons
A1: Sales Comparison 2025 vs 2026 (Annualized) - Sale Type: 105 - Pedicure Salons (by Product CODE)
A2: Calculation date: | B2: 46284
A3: Source: NetSuite report "1-Sales: Customer by Item" (01/01/2025-31/12/2026), Sale Type = "105 - Pedicure Salons" only (exact match on the "Sale Type" column, per the canonical 31-value list in the source file’s "list" sheet). Product CODE = column "Item: Name" (F in the original report) - NOT "Item: Name (Grouped)" (E), which carries a PARENT prefix. 2025 = columns J/K (Quantity/Amount Net); 2026 = columns O/P. Multiple rows per CODE per Sale Type (one per unit-price tier / customer within this category) are summed (SUMIFS) per CODE, not taken from a single row. Raw rows kept unchanged in the shared "Source" sheet (filtered to only these 31 categories - built-in "Total"/"Total - <category>"/"- Unassigned -" rows excluded to avoid double-counting). IMPORTANT: the source file’s own header states the report range as "01 January 2025 - 31 December 2026", but has no per-row date/timestamp field, so the exact 2026 cutoff cannot be verified from the data itself. Same assumption used across this whole workbook family for consistency: 2026 actual covers approximately 9.5 months (1 Jan - 15 Sep).
A4: Annualization note: 2026 actual data is assumed to cover approximately 9.5 months (1 Jan - 15 Sep 2026), consistent with the rest of this workbook family. Scaled to a full year via a simple linear factor = 12 / 9.5 (≈ 1.263158) - straight-line extrapolation, does NOT account for seasonality. Treat as an estimate. | I4: Months in full year: | J4: 12 | K4: Months covered by 2026 actual (assumed 1/1–15/9): | L4: 9.5
A5: # DROP (sold 2025, 0 in 2026): | B5: =SUMPRODUCT(--(((C9:C30<>0)+(H9:H30<>0)>0)*((D9:D30=0)*(I9:I30=0)))) -> 4 | C5: # NEW (sold 2026, 0 in 2025): | D5: =SUMPRODUCT(--(((D9:D30<>0)+(I9:I30<>0)>0)*((C9:C30=0)*(H9:H30=0)))) -> 5 | I5: Normalization factor (J4/L4): | J5: =J4/L4 -> 1.2631579
A6: DROP — Quantity 2025: | B6: =SUMPRODUCT(--(((C9:C30<>0)+(H9:H30<>0)>0)*((D9:D30=0)*(I9:I30=0)))*C9:C30) -> 5 | C6: DROP — Amount 2025 (₪): | D6: =SUMPRODUCT(--(((C9:C30<>0)+(H9:H30<>0)>0)*((D9:D30=0)*(I9:I30=0)))*H9:H30) -> 229.17 | E6: NEW — Quantity 2026: | F6: =SUMPRODUCT(--(((D9:D30<>0)+(I9:I30<>0)>0)*((C9:C30=0)*(H9:H30=0)))*D9:D30) -> 18 | G6: NEW — Amount 2026 (₪): | H6: =SUMPRODUCT(--(((D9:D30<>0)+(I9:I30<>0)>0)*((C9:C30=0)*(H9:H30=0)))*I9:I30) -> 1012.72
A8: Product Code | B8: Item Display Name | C8: Quantity 2025 | D8: Quantity 2026 (Actual, partial year) | E8: Quantity 2026 (Annualized) | F8: Quantity Change (Annualized vs 2025) | G8: Quantity Change % (Annualized vs 2025) | H8: Amount 2025 (₪) | I8: Amount 2026 (Actual, partial year) (₪) | J8: Amount 2026 (Annualized) (₪) | K8: Amount Change (Annualized vs 2025) (₪) | L8: Amount Change % (Annualized vs 2025) | M8: Note
A9: 303-37-38 | B9: =IFERROR(INDEX('Source'!$C:$C,MATCH($A9,'Source'!$B:$B,0)),"") -> מידרסים מסיליקון | C9: =SUMIFS('Source'!$D:$D,'Source'!$A:$A,"105 - Pedicure Salons",'Source'!$B:$B,$A9) -> 0 | D9: =SUMIFS('Source'!$F:$F,'Source'!$A:$A,"105 - Pedicure Salons",'Source'!$B:$B,$A9) -> 6 | E9: =D9*$J$5 -> 7.5789474 | F9: =E9-C9 -> 7.5789474 | G9: =IF(AND(C9=0,E9=0),0,IF(C9=0,"New",(E9-C9)/C9)) -> New | H9: =SUMIFS('Source'!$E:$E,'Source'!$A:$A,"105 - Pedicure Salons",'Source'!$B:$B,$A9) -> 0 | I9: =SUMIFS('Source'!$G:$G,'Source'!$A:$A,"105 - Pedicure Salons",'Source'!$B:$B,$A9) -> 510.72 | J9: =I9*$J$5 -> 645.12 | K9: =J9-H9 -> 645.12 | L9: =IF(AND(H9=0,J9=0),0,IF(H9=0,"New",(J9-H9)/H9)) -> New | M9: =IF(AND(OR(C9<>0,H9<>0),D9=0,I9=0),"DROP",IF(AND(OR(D9<>0,I9<>0),C9=0,H9=0),"NEW","")) -> NEW
A10: 3655 0 | B10: =IFERROR(INDEX('Source'!$C:$C,MATCH($A10,'Source'!$B:$B,0)),"") -> שרוול מסיליקון ל | C10: =SUMIFS('Source'!$D:$D,'Source'!$A:$A,"105 - Pedicure Salons",'Source'!$B:$B,$A10) -> 38 | D10: =SUMIFS('Source'!$F:$F,'Source'!$A:$A,"105 - Pedicure Salons",'Source'!$B:$B,$A10) -> 16 | E10: =D10*$J$5 -> 20.210526 | F10: =E10-C10 -> -17.789474 | G10: =IF(AND(C10=0,E10=0),0,IF(C10=0,"New",(E10-C10)/C10)) -> -0.46814404 | H10: =SUMIFS('Source'!$E:$E,'Source'!$A:$A,"105 - Pedicure Salons",'Source'!$B:$B,$A10) -> 849.54 | I10: =SUMIFS('Source'!$G:$G,'Source'!$A:$A,"105 - Pedicure Salons",'Source'!$B:$B,$A10) -> 339.18 | J10: =I10*$J$5 -> 428.43789 | K10: =J10-H10 -> -421.10211 | L10: =IF(AND(H10=0,J10=0),0,IF(H10=0,"New",(J10-H10)/H10)) -> -0.49568249 | M10: =IF(AND(OR(C10<>0,H10<>0),D10=0,I10=0),"DROP",IF(AND(OR(D10<>0,I10<>0),C10=0,H10=0),"NEW",""))
A11: 303-39-40 | B11: =IFERROR(INDEX('Source'!$C:$C,MATCH($A11,'Source'!$B:$B,0)),"") -> מידרסים מסיליקון | C11: =SUMIFS('Source'!$D:$D,'Source'!$A:$A,"105 - Pedicure Salons",'Source'!$B:$B,$A11) -> 10 | D11: =SUMIFS('Source'!$F:$F,'Source'!$A:$A,"105 - Pedicure Salons",'Source'!$B:$B,$A11) -> 5 | E11: =D11*$J$5 -> 6.3157895 | F11: =E11-C11 -> -3.6842105 | G11: =IF(AND(C11=0,E11=0),0,IF(C11=0,"New",(E11-C11)/C11)) -> -0.36842105 | H11: =SUMIFS('Source'!$E:$E,'Source'!$A:$A,"105 - Pedicure Salons",'Source'!$B:$B,$A11) -> 850.41 | I11: =SUMIFS('Source'!$G:$G,'Source'!$A:$A,"105 - Pedicure Salons",'Source'!$B:$B,$A11) -> 425.6 | J11: =I11*$J$5 -> 537.6 | K11: =J11-H11 -> -312.81 | L11: =IF(AND(H11=0,J11=0),0,IF(H11=0,"New",(J11-H11)/H11)) -> -0.36783434 | M11: =IF(AND(OR(C11<>0,H11<>0),D11=0,I11=0),"DROP",IF(AND(OR(D11<>0,I11<>0),C11=0,H11=0),"NEW",""))
A12: 303-45-46 | B12: =IFERROR(INDEX('Source'!$C:$C,MATCH($A12,'Source'!$B:$B,0)),"") -> מידרסים מסיליקון | C12: =SUMIFS('Source'!$D:$D,'Source'!$A:$A,"105 - Pedicure Salons",'Source'!$B:$B,$A12) -> 2 | D12: =SUMIFS('Source'!$F:$F,'Source'!$A:$A,"105 - Pedicure Salons",'Source'!$B:$B,$A12) -> 5 | E12: =D12*$J$5 -> 6.3157895 | F12: =E12-C12 -> 4.3157895 | G12: =IF(AND(C12=0,E12=0),0,IF(C12=0,"New",(E12-C12)/C12)) -> 2.1578947 | H12: =SUMIFS('Source'!$E:$E,'Source'!$A:$A,"105 - Pedicure Salons",'Source'!$B:$B,$A12) -> 170.08 | I12: =SUMIFS('Source'!$G:$G,'Source'!$A:$A,"105 - Pedicure Salons",'Source'!$B:$B,$A12) -> 425.6 | J12: =I12*$J$5 -> 537.6 | K12: =J12-H12 -> 367.52 | L12: =IF(AND(H12=0,J12=0),0,IF(H12=0,"New",(J12-H12)/H12)) -> 2.1608655 | M12: =IF(AND(OR(C12<>0,H12<>0),D12=0,I12=0),"DROP",IF(AND(OR(D12<>0,I12<>0),C12=0,H12=0),"NEW",""))
A13: 303-41-42 | B13: =IFERROR(INDEX('Source'!$C:$C,MATCH($A13,'Source'!$B:$B,0)),"") -> מידרסים מסיליקון | C13: =SUMIFS('Source'!$D:$D,'Source'!$A:$A,"105 - Pedicure Salons",'Source'!$B:$B,$A13) -> 2 | D13: =SUMIFS('Source'!$F:$F,'Source'!$A:$A,"105 - Pedicure Salons",'Source'!$B:$B,$A13) -> 5 | E13: =D13*$J$5 -> 6.3157895 | F13: =E13-C13 -> 4.3157895 | G13: =IF(AND(C13=0,E13=0),0,IF(C13=0,"New",(E13-C13)/C13)) -> 2.1578947 | H13: =SUMIFS('Source'!$E:$E,'Source'!$A:$A,"105 - Pedicure Salons",'Source'!$B:$B,$A13) -> 170.08 | I13: =SUMIFS('Source'!$G:$G,'Source'!$A:$A,"105 - Pedicure Salons",'Source'!$B:$B,$A13) -> 425.6 | J13: =I13*$J$5 -> 537.6 | K13: =J13-H13 -> 367.52 | L13: =IF(AND(H13=0,J13=0),0,IF(H13=0,"New",(J13-H13)/H13)) -> 2.1608655 | M13: =IF(AND(OR(C13<>0,H13<>0),D13=0,I13=0),"DROP",IF(AND(OR(D13<>0,I13<>0),C13=0,H13=0),"NEW",""))
A14: 307 L | B14: =IFERROR(INDEX('Source'!$C:$C,MATCH($A14,'Source'!$B:$B,0)),"") -> כרית סיליקון לעקב | C14: =SUMIFS('Source'!$D:$D,'Source'!$A:$A,"105 - Pedicure Salons",'Source'!$B:$B,$A14) -> 0 | D14: =SUMIFS('Source'!$F:$F,'Source'!$A:$A,"105 - Pedicure Salons",'Source'!$B:$B,$A14) -> 2 | E14: =D14*$J$5 -> 2.5263158 | F14: =E14-C14 -> 2.5263158 | G14: =IF(AND(C14=0,E14=0),0,IF(C14=0,"New",(E14-C14)/C14)) -> New | H14: =SUMIFS('Source'!$E:$E,'Source'!$A:$A,"105 - Pedicure Salons",'Source'!$B:$B,$A14) -> 0 | I14: =SUMIFS('Source'!$G:$G,'Source'!$A:$A,"105 - Pedicure Salons",'Source'!$B:$B,$A14) -> 221.51 | J14: =I14*$J$5 -> 279.80211 | K14: =J14-H14 -> 279.80211 | L14: =IF(AND(H14=0,J14=0),0,IF(H14=0,"New",(J14-H14)/H14)) -> New | M14: =IF(AND(OR(C14<>0,H14<>0),D14=0,I14=0),"DROP",IF(AND(OR(D14<>0,I14<>0),C14=0,H14=0),"NEW","")) -> NEW
A15: 363 L/R | B15: =IFERROR(INDEX('Source'!$C:$C,MATCH($A15,'Source'!$B:$B,0)),"") -> בננה לתמכת אצבעו | C15: =SUMIFS('Source'!$D:$D,'Source'!$A:$A,"105 - Pedicure Salons",'Source'!$B:$B,$A15) -> 14 | D15: =SUMIFS('Source'!$F:$F,'Source'!$A:$A,"105 - Pedicure Salons",'Source'!$B:$B,$A15) -> 18 | E15: =D15*$J$5 -> 22.736842 | F15: =E15-C15 -> 8.7368421 | G15: =IF(AND(C15=0,E15=0),0,IF(C15=0,"New",(E15-C15)/C15)) -> 0.62406015 | H15: =SUMIFS('Source'!$E:$E,'Source'!$A:$A,"105 - Pedicure Salons",'Source'!$B:$B,$A15) -> 401.15 | I15: =SUMIFS('Source'!$G:$G,'Source'!$A:$A,"105 - Pedicure Salons",'Source'!$B:$B,$A15) -> 584.05 | J15: =I15*$J$5 -> 737.74737 | K15: =J15-H15 -> 336.59737 | L15: =IF(AND(H15=0,J15=0),0,IF(H15=0,"New",(J15-H15)/H15)) -> 0.83908106 | M15: =IF(AND(OR(C15<>0,H15<>0),D15=0,I15=0),"DROP",IF(AND(OR(D15<>0,I15<>0),C15=0,H15=0),"NEW",""))
A16: 3623 0 | B16: =IFERROR(INDEX('Source'!$C:$C,MATCH($A16,'Source'!$B:$B,0)),"") -> כרית עם סרט אלסט | C16: =SUMIFS('Source'!$D:$D,'Source'!$A:$A,"105 - Pedicure Salons",'Source'!$B:$B,$A16) -> 0 | D16: =SUMIFS('Source'!$F:$F,'Source'!$A:$A,"105 - Pedicure Salons",'Source'!$B:$B,$A16) -> 6 | E16: =D16*$J$5 -> 7.5789474 | F16: =E16-C16 -> 7.5789474 | G16: =IF(AND(C16=0,E16=0),0,IF(C16=0,"New",(E16-C16)/C16)) -> New | H16: =SUMIFS('Source'!$E:$E,'Source'!$A:$A,"105 - Pedicure Salons",'Source'!$B:$B,$A16) -> 0 | I16: =SUMIFS('Source'!$G:$G,'Source'!$A:$A,"105 - Pedicure Salons",'Source'!$B:$B,$A16) -> 182.7 | J16: =I16*$J$5 -> 230.77895 | K16: =J16-H16 -> 230.77895 | L16: =IF(AND(H16=0,J16=0),0,IF(H16=0,"New",(J16-H16)/H16)) -> New | M16: =IF(AND(OR(C16<>0,H16<>0),D16=0,I16=0),"DROP",IF(AND(OR(D16<>0,I16<>0),C16=0,H16=0),"NEW","")) -> NEW
A17: 311 0 | B17: =IFERROR(INDEX('Source'!$C:$C,MATCH($A17,'Source'!$B:$B,0)),"") -> מדבקה ג'ל למניעת יבלות | C17: =SUMIFS('Source'!$D:$D,'Source'!$A:$A,"105 - Pedicure Salons",'Source'!$B:$B,$A17) -> 11 | D17: =SUMIFS('Source'!$F:$F,'Source'!$A:$A,"105 - Pedicure Salons",'Source'!$B:$B,$A17) -> 2 | E17: =D17*$J$5 -> 2.5263158 | F17: =E17-C17 -> -8.4736842 | G17: =IF(AND(C17=0,E17=0),0,IF(C17=0,"New",(E17-C17)/C17)) -> -0.77033493 | H17: =SUMIFS('Source'!$E:$E,'Source'!$A:$A,"105 - Pedicure Salons",'Source'!$B:$B,$A17) -> 225.31 | I17: =SUMIFS('Source'!$G:$G,'Source'!$A:$A,"105 - Pedicure Salons",'Source'!$B:$B,$A17) -> 49.88 | J17: =I17*$J$5 -> 63.006316 | K17: =J17-H17 -> -162.30368 | L17: =IF(AND(H17=0,J17=0),0,IF(H17=0,"New",(J17-H17)/H17)) -> -0.72035722 | M17: =IF(AND(OR(C17<>0,H17<>0),D17=0,I17=0),"DROP",IF(AND(OR(D17<>0,I17<>0),C17=0,H17=0),"NEW",""))
A18: 303-43-44 | B18: =IFERROR(INDEX('Source'!$C:$C,MATCH($A18,'Source'!$B:$B,0)),"") -> מידרסים מסיליקון | C18: =SUMIFS('Source'!$D:$D,'Source'!$A:$A,"105 - Pedicure Salons",'Source'!$B:$B,$A18) -> 6 | D18: =SUMIFS('Source'!$F:$F,'Source'!$A:$A,"105 - Pedicure Salons",'Source'!$B:$B,$A18) -> 4 | E18: =D18*$J$5 -> 5.0526316 | F18: =E18-C18 -> -0.94736842 | G18: =IF(AND(C18=0,E18=0),0,IF(C18=0,"New",(E18-C18)/C18)) -> -0.15789474 | H18: =SUMIFS('Source'!$E:$E,'Source'!$A:$A,"105 - Pedicure Salons",'Source'!$B:$B,$A18) -> 510.24 | I18: =SUMIFS('Source'!$G:$G,'Source'!$A:$A,"105 - Pedicure Salons",'Source'!$B:$B,$A18) -> 340.48 | J18: =I18*$J$5 -> 430.08 | K18: =J18-H18 -> -80.16 | L18: =IF(AND(H18=0,J18=0),0,IF(H18=0,"New",(J18-H18)/H18)) -> -0.15710254 | M18: =IF(AND(OR(C18<>0,H18<>0),D18=0,I18=0),"DROP",IF(AND(OR(D18<>0,I18<>0),C18=0,H18=0),"NEW",""))
A19: 388BL 0 | B19: =IFERROR(INDEX('Source'!$C:$C,MATCH($A19,'Source'!$B:$B,0)),"") -> סד לילה לבוהן | C19: =SUMIFS('Source'!$D:$D,'Source'!$A:$A,"105 - Pedicure Salons",'Source'!$B:$B,$A19) -> 2 | D19: =SUMIFS('Source'!$F:$F,'Source'!$A:$A,"105 - Pedicure Salons",'Source'!$B:$B,$A19) -> 0 | E19: =D19*$J$5 -> 0 | F19: =E19-C19 -> -2 | G19: =IF(AND(C19=0,E19=0),0,IF(C19=0,"New",(E19-C19)/C19)) -> -1 | H19: =SUMIFS('Source'!$E:$E,'Source'!$A:$A,"105 - Pedicure Salons",'Source'!$B:$B,$A19) -> 156.22 | I19: =SUMIFS('Source'!$G:$G,'Source'!$A:$A,"105 - Pedicure Salons",'Source'!$B:$B,$A19) -> 0 | J19: =I19*$J$5 -> 0 | K19: =J19-H19 -> -156.22 | L19: =IF(AND(H19=0,J19=0),0,IF(H19=0,"New",(J19-H19)/H19)) -> -1 | M19: =IF(AND(OR(C19<>0,H19<>0),D19=0,I19=0),"DROP",IF(AND(OR(D19<>0,I19<>0),C19=0,H19=0),"NEW","")) -> DROP
A20: 3667 0 | B20: =IFERROR(INDEX('Source'!$C:$C,MATCH($A20,'Source'!$B:$B,0)),"") -> מגן בוניון עדין לנעל צרה | C20: =SUMIFS('Source'!$D:$D,'Source'!$A:$A,"105 - Pedicure Salons",'Source'!$B:$B,$A20) -> 4 | D20: =SUMIFS('Source'!$F:$F,'Source'!$A:$A,"105 - Pedicure Salons",'Source'!$B:$B,$A20) -> 6 | E20: =D20*$J$5 -> 7.5789474 | F20: =E20-C20 -> 3.5789474 | G20: =IF(AND(C20=0,E20=0),0,IF(C20=0,"New",(E20-C20)/C20)) -> 0.89473684 | H20: =SUMIFS('Source'!$E:$E,'Source'!$A:$A,"105 - Pedicure Salons",'Source'!$B:$B,$A20) -> 135.81 | I20: =SUMIFS('Source'!$G:$G,'Source'!$A:$A,"105 - Pedicure Salons",'Source'!$B:$B,$A20) -> 235.93 | J20: =I20*$J$5 -> 298.01684 | K20: =J20-H20 -> 162.20684 | L20: =IF(AND(H20=0,J20=0),0,IF(H20=0,"New",(J20-H20)/H20)) -> 1.194366 | M20: =IF(AND(OR(C20<>0,H20<>0),D20=0,I20=0),"DROP",IF(AND(OR(D20<>0,I20<>0),C20=0,H20=0),"NEW",""))
... A30: 3675 0 | B30: =IFERROR(INDEX('Source'!$C:$C,MATCH($A30,'Source'!$B:$B,0)),"") -> מגן זרת מסיליקון | C30: =SUMIFS('Source'!$D:$D,'Source'!$A:$A,"105 - Pedicure Salons",'Source'!$B:$B,$A30) -> 2 | D30: =SUMIFS('Source'!$F:$F,'Source'!$A:$A,"105 - Pedicure Salons",'Source'!$B:$B,$A30) -> 2 | E30: =D30*$J$5 -> 2.5263158 | F30: =E30-C30 -> 0.52631579 | G30: =IF(AND(C30=0,E30=0),0,IF(C30=0,"New",(E30-C30)/C30)) -> 0.26315789 | H30: =SUMIFS('Source'!$E:$E,'Source'!$A:$A,"105 - Pedicure Salons",'Source'!$B:$B,$A30) -> 64.89 | I30: =SUMIFS('Source'!$G:$G,'Source'!$A:$A,"105 - Pedicure Salons",'Source'!$B:$B,$A30) -> 81.12 | J30: =I30*$J$5 -> 102.46737 | K30: =J30-H30 -> 37.577368 | L30: =IF(AND(H30=0,J30=0),0,IF(H30=0,"New",(J30-H30)/H30)) -> 0.57909336 | M30: =IF(AND(OR(C30<>0,H30<>0),D30=0,I30=0),"DROP",IF(AND(OR(D30<>0,I30<>0),C30=0,H30=0),"NEW",""))
B32: TOTAL | C32: =SUM(C9:C30) -> 114 | D32: =SUM(D9:D30) -> 97 | E32: =SUM(E9:E30) -> 122.52632 | F32: =SUM(F9:F30) -> 8.5263158 | G32: =IF(C32=0,"N/A",F32/C32) -> 0.074792244 | H32: =SUM(H9:H30) -> 4145.68 | I32: =SUM(I9:I30) -> 4305.02 | J32: =SUM(J9:J30) -> 5437.92 | K32: =SUM(K9:K30) -> 1292.24 | L32: =IF(H32=0,"N/A",K32/H32) -> 0.31170761

Sheet 111 - Superpharm Life
A1: Sales Comparison 2025 vs 2026 (Annualized) - Sale Type: 111 - Superpharm Life (by Product CODE)
A2: Calculation date: | B2: 46284
A3: Source: NetSuite report "1-Sales: Customer by Item" (01/01/2025-31/12/2026), Sale Type = "111 - Superpharm Life" only (exact match on the "Sale Type" column, per the canonical 31-value list in the source file’s "list" sheet). Product CODE = column "Item: Name" (F in the original report) - NOT "Item: Name (Grouped)" (E), which carries a PARENT prefix. 2025 = columns J/K (Quantity/Amount Net); 2026 = columns O/P. Multiple rows per CODE per Sale Type (one per unit-price tier / customer within this category) are summed (SUMIFS) per CODE, not taken from a single row. Raw rows kept unchanged in the shared "Source" sheet (filtered to only these 31 categories - built-in "Total"/"Total - <category>"/"- Unassigned -" rows excluded to avoid double-counting). IMPORTANT: the source file’s own header states the report range as "01 January 2025 - 31 December 2026", but has no per-row date/timestamp field, so the exact 2026 cutoff cannot be verified from the data itself. Same assumption used across this whole workbook family for consistency: 2026 actual covers approximately 9.5 months (1 Jan - 15 Sep).
A4: Annualization note: 2026 actual data is assumed to cover approximately 9.5 months (1 Jan - 15 Sep 2026), consistent with the rest of this workbook family. Scaled to a full year via a simple linear factor = 12 / 9.5 (≈ 1.263158) - straight-line extrapolation, does NOT account for seasonality. Treat as an estimate. | I4: Months in full year: | J4: 12 | K4: Months covered by 2026 actual (assumed 1/1–15/9): | L4: 9.5
A5: # DROP (sold 2025, 0 in 2026): | B5: =SUMPRODUCT(--(((C9:C29<>0)+(H9:H29<>0)>0)*((D9:D29=0)*(I9:I29=0)))) -> 1 | C5: # NEW (sold 2026, 0 in 2025): | D5: =SUMPRODUCT(--(((D9:D29<>0)+(I9:I29<>0)>0)*((C9:C29=0)*(H9:H29=0)))) -> 0 | I5: Normalization factor (J4/L4): | J5: =J4/L4 -> 1.2631579
A6: DROP — Quantity 2025: | B6: =SUMPRODUCT(--(((C9:C29<>0)+(H9:H29<>0)>0)*((D9:D29=0)*(I9:I29=0)))*C9:C29) -> 0 | C6: DROP — Amount 2025 (₪): | D6: =SUMPRODUCT(--(((C9:C29<>0)+(H9:H29<>0)>0)*((D9:D29=0)*(I9:I29=0)))*H9:H29) -> 7427.59 | E6: NEW — Quantity 2026: | F6: =SUMPRODUCT(--(((D9:D29<>0)+(I9:I29<>0)>0)*((C9:C29=0)*(H9:H29=0)))*D9:D29) -> 0 | G6: NEW — Amount 2026 (₪): | H6: =SUMPRODUCT(--(((D9:D29<>0)+(I9:I29<>0)>0)*((C9:C29=0)*(H9:H29=0)))*I9:I29) -> 0
A8: Product Code | B8: Item Display Name | C8: Quantity 2025 | D8: Quantity 2026 (Actual, partial year) | E8: Quantity 2026 (Annualized) | F8: Quantity Change (Annualized vs 2025) | G8: Quantity Change % (Annualized vs 2025) | H8: Amount 2025 (₪) | I8: Amount 2026 (Actual, partial year) (₪) | J8: Amount 2026 (Annualized) (₪) | K8: Amount Change (Annualized vs 2025) (₪) | L8: Amount Change % (Annualized vs 2025) | M8: Note
A9: LU3655 0 | B9: =IFERROR(INDEX('Source'!$C:$C,MATCH($A9,'Source'!$B:$B,0)),"") -> שרוול מסיליקון ל | C9: =SUMIFS('Source'!$D:$D,'Source'!$A:$A,"111 - Superpharm Life",'Source'!$B:$B,$A9) -> 17820 | D9: =SUMIFS('Source'!$F:$F,'Source'!$A:$A,"111 - Superpharm Life",'Source'!$B:$B,$A9) -> 3000 | E9: =D9*$J$5 -> 3789.4737 | F9: =E9-C9 -> -14030.526 | G9: =IF(AND(C9=0,E9=0),0,IF(C9=0,"New",(E9-C9)/C9)) -> -0.78734716 | H9: =SUMIFS('Source'!$E:$E,'Source'!$A:$A,"111 - Superpharm Life",'Source'!$B:$B,$A9) -> 219007.8 | I9: =SUMIFS('Source'!$G:$G,'Source'!$A:$A,"111 - Superpharm Life",'Source'!$B:$B,$A9) -> 36870 | J9: =I9*$J$5 -> 46572.632 | K9: =J9-H9 -> -172435.17 | L9: =IF(AND(H9=0,J9=0),0,IF(H9=0,"New",(J9-H9)/H9)) -> -0.78734716 | M9: =IF(AND(OR(C9<>0,H9<>0),D9=0,I9=0),"DROP",IF(AND(OR(D9<>0,I9<>0),C9=0,H9=0),"NEW",""))
A10: LU370 0 | B10: =IFERROR(INDEX('Source'!$C:$C,MATCH($A10,'Source'!$B:$B,0)),"") -> רפידת נוחות | C10: =SUMIFS('Source'!$D:$D,'Source'!$A:$A,"111 - Superpharm Life",'Source'!$B:$B,$A10) -> 14000 | D10: =SUMIFS('Source'!$F:$F,'Source'!$A:$A,"111 - Superpharm Life",'Source'!$B:$B,$A10) -> 6000 | E10: =D10*$J$5 -> 7578.9474 | F10: =E10-C10 -> -6421.0526 | G10: =IF(AND(C10=0,E10=0),0,IF(C10=0,"New",(E10-C10)/C10)) -> -0.45864662 | H10: =SUMIFS('Source'!$E:$E,'Source'!$A:$A,"111 - Superpharm Life",'Source'!$B:$B,$A10) -> 105840 | I10: =SUMIFS('Source'!$G:$G,'Source'!$A:$A,"111 - Superpharm Life",'Source'!$B:$B,$A10) -> 45360 | J10: =I10*$J$5 -> 57296.842 | K10: =J10-H10 -> -48543.158 | L10: =IF(AND(H10=0,J10=0),0,IF(H10=0,"New",(J10-H10)/H10)) -> -0.45864662 | M10: =IF(AND(OR(C10<>0,H10<>0),D10=0,I10=0),"DROP",IF(AND(OR(D10<>0,I10<>0),C10=0,H10=0),"NEW",""))
A11: LU372 0 | B11: =IFERROR(INDEX('Source'!$C:$C,MATCH($A11,'Source'!$B:$B,0)),"") -> רפידת אנטי-ריח | C11: =SUMIFS('Source'!$D:$D,'Source'!$A:$A,"111 - Superpharm Life",'Source'!$B:$B,$A11) -> 9600 | D11: =SUMIFS('Source'!$F:$F,'Source'!$A:$A,"111 - Superpharm Life",'Source'!$B:$B,$A11) -> 4800 | E11: =D11*$J$5 -> 6063.1579 | F11: =E11-C11 -> -3536.8421 | G11: =IF(AND(C11=0,E11=0),0,IF(C11=0,"New",(E11-C11)/C11)) -> -0.36842105 | H11: =SUMIFS('Source'!$E:$E,'Source'!$A:$A,"111 - Superpharm Life",'Source'!$B:$B,$A11) -> 93888 | I11: =SUMIFS('Source'!$G:$G,'Source'!$A:$A,"111 - Superpharm Life",'Source'!$B:$B,$A11) -> 46944 | J11: =I11*$J$5 -> 59297.684 | K11: =J11-H11 -> -34590.316 | L11: =IF(AND(H11=0,J11=0),0,IF(H11=0,"New",(J11-H11)/H11)) -> -0.36842105 | M11: =IF(AND(OR(C11<>0,H11<>0),D11=0,I11=0),"DROP",IF(AND(OR(D11<>0,I11<>0),C11=0,H11=0),"NEW",""))
A12: LU3641 0 | B12: =IFERROR(INDEX('Source'!$C:$C,MATCH($A12,'Source'!$B:$B,0)),"") -> מיישר בוהן | C12: =SUMIFS('Source'!$D:$D,'Source'!$A:$A,"111 - Superpharm Life",'Source'!$B:$B,$A12) -> 3780 | D12: =SUMIFS('Source'!$F:$F,'Source'!$A:$A,"111 - Superpharm Life",'Source'!$B:$B,$A12) -> 1010 | E12: =D12*$J$5 -> 1275.7895 | F12: =E12-C12 -> -2504.2105 | G12: =IF(AND(C12=0,E12=0),0,IF(C12=0,"New",(E12-C12)/C12)) -> -0.66248956 | H12: =SUMIFS('Source'!$E:$E,'Source'!$A:$A,"111 - Superpharm Life",'Source'!$B:$B,$A12) -> 53751.6 | I12: =SUMIFS('Source'!$G:$G,'Source'!$A:$A,"111 - Superpharm Life",'Source'!$B:$B,$A12) -> 14362.2 | J12: =I12*$J$5 -> 18141.726 | K12: =J12-H12 -> -35609.874 | L12: =IF(AND(H12=0,J12=0),0,IF(H12=0,"New",(J12-H12)/H12)) -> -0.66248956 | M12: =IF(AND(OR(C12<>0,H12<>0),D12=0,I12=0),"DROP",IF(AND(OR(D12<>0,I12<>0),C12=0,H12=0),"NEW",""))
A13: LUPD340 0 | B13: =IFERROR(INDEX('Source'!$C:$C,MATCH($A13,'Source'!$B:$B,0)),"") -> קוצץ ציפורניים | C13: =SUMIFS('Source'!$D:$D,'Source'!$A:$A,"111 - Superpharm Life",'Source'!$B:$B,$A13) -> 5400 | D13: =SUMIFS('Source'!$F:$F,'Source'!$A:$A,"111 - Superpharm Life",'Source'!$B:$B,$A13) -> 1800 | E13: =D13*$J$5 -> 2273.6842 | F13: =E13-C13 -> -3126.3158 | G13: =IF(AND(C13=0,E13=0),0,IF(C13=0,"New",(E13-C13)/C13)) -> -0.57894737 | H13: =SUMIFS('Source'!$E:$E,'Source'!$A:$A,"111 - Superpharm Life",'Source'!$B:$B,$A13) -> 47844 | I13: =SUMIFS('Source'!$G:$G,'Source'!$A:$A,"111 - Superpharm Life",'Source'!$B:$B,$A13) -> 15948 | J13: =I13*$J$5 -> 20144.842 | K13: =J13-H13 -> -27699.158 | L13: =IF(AND(H13=0,J13=0),0,IF(H13=0,"New",(J13-H13)/H13)) -> -0.57894737 | M13: =IF(AND(OR(C13<>0,H13<>0),D13=0,I13=0),"DROP",IF(AND(OR(D13<>0,I13<>0),C13=0,H13=0),"NEW",""))
A14: LUPD342 0 | B14: =IFERROR(INDEX('Source'!$C:$C,MATCH($A14,'Source'!$B:$B,0)),"") -> פומפיה להסרת עור | C14: =SUMIFS('Source'!$D:$D,'Source'!$A:$A,"111 - Superpharm Life",'Source'!$B:$B,$A14) -> 4152 | D14: =SUMIFS('Source'!$F:$F,'Source'!$A:$A,"111 - Superpharm Life",'Source'!$B:$B,$A14) -> 2400 | E14: =D14*$J$5 -> 3031.5789 | F14: =E14-C14 -> -1120.4211 | G14: =IF(AND(C14=0,E14=0),0,IF(C14=0,"New",(E14-C14)/C14)) -> -0.26985093 | H14: =SUMIFS('Source'!$E:$E,'Source'!$A:$A,"111 - Superpharm Life",'Source'!$B:$B,$A14) -> 73822.56 | I14: =SUMIFS('Source'!$G:$G,'Source'!$A:$A,"111 - Superpharm Life",'Source'!$B:$B,$A14) -> 42672 | J14: =I14*$J$5 -> 53901.474 | K14: =J14-H14 -> -19921.086 | L14: =IF(AND(H14=0,J14=0),0,IF(H14=0,"New",(J14-H14)/H14)) -> -0.26985093 | M14: =IF(AND(OR(C14<>0,H14<>0),D14=0,I14=0),"DROP",IF(AND(OR(D14<>0,I14<>0),C14=0,H14=0),"NEW",""))
A15: LU374 0 | B15: =IFERROR(INDEX('Source'!$C:$C,MATCH($A15,'Source'!$B:$B,0)),"") -> רפידה בולמת זעזועים | C15: =SUMIFS('Source'!$D:$D,'Source'!$A:$A,"111 - Superpharm Life",'Source'!$B:$B,$A15) -> 9000 | D15: =SUMIFS('Source'!$F:$F,'Source'!$A:$A,"111 - Superpharm Life",'Source'!$B:$B,$A15) -> 6000 | E15: =D15*$J$5 -> 7578.9474 | F15: =E15-C15 -> -1421.0526 | G15: =IF(AND(C15=0,E15=0),0,IF(C15=0,"New",(E15-C15)/C15)) -> -0.15789474 | H15: =SUMIFS('Source'!$E:$E,'Source'!$A:$A,"111 - Superpharm Life",'Source'!$B:$B,$A15) -> 88020 | I15: =SUMIFS('Source'!$G:$G,'Source'!$A:$A,"111 - Superpharm Life",'Source'!$B:$B,$A15) -> 58680 | J15: =I15*$J$5 -> 74122.105 | K15: =J15-H15 -> -13897.895 | L15: =IF(AND(H15=0,J15=0),0,IF(H15=0,"New",(J15-H15)/H15)) -> -0.15789474 | M15: =IF(AND(OR(C15<>0,H15<>0),D15=0,I15=0),"DROP",IF(AND(OR(D15<>0,I15<>0),C15=0,H15=0),"NEW",""))
A16: LU364-S-L | B16: =IFERROR(INDEX('Source'!$C:$C,MATCH($A16,'Source'!$B:$B,0)),"") -> כ.הפרדת אצבעות ס | C16: =SUMIFS('Source'!$D:$D,'Source'!$A:$A,"111 - Superpharm Life",'Source'!$B:$B,$A16) -> 8100 | D16: =SUMIFS('Source'!$F:$F,'Source'!$A:$A,"111 - Superpharm Life",'Source'!$B:$B,$A16) -> 5400 | E16: =D16*$J$5 -> 6821.0526 | F16: =E16-C16 -> -1278.9474 | G16: =IF(AND(C16=0,E16=0),0,IF(C16=0,"New",(E16-C16)/C16)) -> -0.15789474 | H16: =SUMIFS('Source'!$E:$E,'Source'!$A:$A,"111 - Superpharm Life",'Source'!$B:$B,$A16) -> 81891 | I16: =SUMIFS('Source'!$G:$G,'Source'!$A:$A,"111 - Superpharm Life",'Source'!$B:$B,$A16) -> 54594 | J16: =I16*$J$5 -> 68960.842 | K16: =J16-H16 -> -12930.158 | L16: =IF(AND(H16=0,J16=0),0,IF(H16=0,"New",(J16-H16)/H16)) -> -0.15789474 | M16: =IF(AND(OR(C16<>0,H16<>0),D16=0,I16=0),"DROP",IF(AND(OR(D16<>0,I16<>0),C16=0,H16=0),"NEW",""))
A17: LU364 XL | B17: =IFERROR(INDEX('Source'!$C:$C,MATCH($A17,'Source'!$B:$B,0)),"") -> כרית להפרדת אצבע | C17: =SUMIFS('Source'!$D:$D,'Source'!$A:$A,"111 - Superpharm Life",'Source'!$B:$B,$A17) -> 4050 | D17: =SUMIFS('Source'!$F:$F,'Source'!$A:$A,"111 - Superpharm Life",'Source'!$B:$B,$A17) -> 1350 | E17: =D17*$J$5 -> 1705.2632 | F17: =E17-C17 -> -2344.7368 | G17: =IF(AND(C17=0,E17=0),0,IF(C17=0,"New",(E17-C17)/C17)) -> -0.57894737 | H17: =SUMIFS('Source'!$E:$E,'Source'!$A:$A,"111 - Superpharm Life",'Source'!$B:$B,$A17) -> 40945.5 | I17: =SUMIFS('Source'!$G:$G,'Source'!$A:$A,"111 - Superpharm Life",'Source'!$B:$B,$A17) -> 13648.5 | J17: =I17*$J$5 -> 17240.211 | K17: =J17-H17 -> -23705.289 | L17: =IF(AND(H17=0,J17=0),0,IF(H17=0,"New",(J17-H17)/H17)) -> -0.57894737 | M17: =IF(AND(OR(C17<>0,H17<>0),D17=0,I17=0),"DROP",IF(AND(OR(D17<>0,I17<>0),C17=0,H17=0),"NEW",""))
A18: LU365-S-L | B18: =IFERROR(INDEX('Source'!$C:$C,MATCH($A18,'Source'!$B:$B,0)),"") -> טבעת אלסטית מסי | C18: =SUMIFS('Source'!$D:$D,'Source'!$A:$A,"111 - Superpharm Life",'Source'!$B:$B,$A18) -> 4860 | D18: =SUMIFS('Source'!$F:$F,'Source'!$A:$A,"111 - Superpharm Life",'Source'!$B:$B,$A18) -> 2160 | E18: =D18*$J$5 -> 2728.4211 | F18: =E18-C18 -> -2131.5789 | G18: =IF(AND(C18=0,E18=0),0,IF(C18=0,"New",(E18-C18)/C18)) -> -0.43859649 | H18: =SUMIFS('Source'!$E:$E,'Source'!$A:$A,"111 - Superpharm Life",'Source'!$B:$B,$A18) -> 47239.2 | I18: =SUMIFS('Source'!$G:$G,'Source'!$A:$A,"111 - Superpharm Life",'Source'!$B:$B,$A18) -> 20995.2 | J18: =I18*$J$5 -> 26520.253 | K18: =J18-H18 -> -20718.947 | L18: =IF(AND(H18=0,J18=0),0,IF(H18=0,"New",(J18-H18)/H18)) -> -0.43859649 | M18: =IF(AND(OR(C18<>0,H18<>0),D18=0,I18=0),"DROP",IF(AND(OR(D18<>0,I18<>0),C18=0,H18=0),"NEW",""))
A19: LU366S 0 | B19: =IFERROR(INDEX('Source'!$C:$C,MATCH($A19,'Source'!$B:$B,0)),"") -> מדבקה רב פעמית ל | C19: =SUMIFS('Source'!$D:$D,'Source'!$A:$A,"111 - Superpharm Life",'Source'!$B:$B,$A19) -> 4860 | D19: =SUMIFS('Source'!$F:$F,'Source'!$A:$A,"111 - Superpharm Life",'Source'!$B:$B,$A19) -> 2430 | E19: =D19*$J$5 -> 3069.4737 | F19: =E19-C19 -> -1790.5263 | G19: =IF(AND(C19=0,E19=0),0,IF(C19=0,"New",(E19-C19)/C19)) -> -0.36842105 | H19: =SUMIFS('Source'!$E:$E,'Source'!$A:$A,"111 - Superpharm Life",'Source'!$B:$B,$A19) -> 47239.2 | I19: =SUMIFS('Source'!$G:$G,'Source'!$A:$A,"111 - Superpharm Life",'Source'!$B:$B,$A19) -> 23619.6 | J19: =I19*$J$5 -> 29835.284 | K19: =J19-H19 -> -17403.916 | L19: =IF(AND(H19=0,J19=0),0,IF(H19=0,"New",(J19-H19)/H19)) -> -0.36842105 | M19: =IF(AND(OR(C19<>0,H19<>0),D19=0,I19=0),"DROP",IF(AND(OR(D19<>0,I19<>0),C19=0,H19=0),"NEW",""))
A20: LULF370 0 | B20: =IFERROR(INDEX('Source'!$C:$C,MATCH($A20,'Source'!$B:$B,0)),"") -> ריפוד סיליקון לעקב אחורי | C20: =SUMIFS('Source'!$D:$D,'Source'!$A:$A,"111 - Superpharm Life",'Source'!$B:$B,$A20) -> 3200 | D20: =SUMIFS('Source'!$F:$F,'Source'!$A:$A,"111 - Superpharm Life",'Source'!$B:$B,$A20) -> 1600 | E20: =D20*$J$5 -> 2021.0526 | F20: =E20-C20 -> -1178.9474 | G20: =IF(AND(C20=0,E20=0),0,IF(C20=0,"New",(E20-C20)/C20)) -> -0.36842105 | H20: =SUMIFS('Source'!$E:$E,'Source'!$A:$A,"111 - Superpharm Life",'Source'!$B:$B,$A20) -> 45856 | I20: =SUMIFS('Source'!$G:$G,'Source'!$A:$A,"111 - Superpharm Life",'Source'!$B:$B,$A20) -> 22928 | J20: =I20*$J$5 -> 28961.684 | K20: =J20-H20 -> -16894.316 | L20: =IF(AND(H20=0,J20=0),0,IF(H20=0,"New",(J20-H20)/H20)) -> -0.36842105 | M20: =IF(AND(OR(C20<>0,H20<>0),D20=0,I20=0),"DROP",IF(AND(OR(D20<>0,I20<>0),C20=0,H20=0),"NEW",""))
... A29: LU308 M | B29: =IFERROR(INDEX('Source'!$C:$C,MATCH($A29,'Source'!$B:$B,0)),"") -> עקב סיליקון שטוח | C29: =SUMIFS('Source'!$D:$D,'Source'!$A:$A,"111 - Superpharm Life",'Source'!$B:$B,$A29) -> 2400 | D29: =SUMIFS('Source'!$F:$F,'Source'!$A:$A,"111 - Superpharm Life",'Source'!$B:$B,$A29) -> 2400 | E29: =D29*$J$5 -> 3031.5789 | F29: =E29-C29 -> 631.57895 | G29: =IF(AND(C29=0,E29=0),0,IF(C29=0,"New",(E29-C29)/C29)) -> 0.26315789 | H29: =SUMIFS('Source'!$E:$E,'Source'!$A:$A,"111 - Superpharm Life",'Source'!$B:$B,$A29) -> 94656 | I29: =SUMIFS('Source'!$G:$G,'Source'!$A:$A,"111 - Superpharm Life",'Source'!$B:$B,$A29) -> 94656 | J29: =I29*$J$5 -> 119565.47 | K29: =J29-H29 -> 24909.474 | L29: =IF(AND(H29=0,J29=0),0,IF(H29=0,"New",(J29-H29)/H29)) -> 0.26315789 | M29: =IF(AND(OR(C29<>0,H29<>0),D29=0,I29=0),"DROP",IF(AND(OR(D29<>0,I29<>0),C29=0,H29=0),"NEW",""))
B31: TOTAL | C31: =SUM(C9:C29) -> 118392 | D31: =SUM(D9:D29) -> 62455 | E31: =SUM(E9:E29) -> 78890.526 | F31: =SUM(F9:F29) -> -39501.474 | G31: =IF(C31=0,"N/A",F31/C31) -> -0.33364986 | H31: =SUM(H9:H29) -> 1708656.9 | I31: =SUM(I9:I29) -> 1113833.9 | J31: =SUM(J9:J29) -> 1406948 | K31: =SUM(K9:K29) -> -301708.83 | L31: =IF(H31=0,"N/A",K31/H31) -> -0.17657661

Sheet 106 - Hospitals
A1: Sales Comparison 2025 vs 2026 (Annualized) - Sale Type: 106 - Hospitals (by Product CODE)
A2: Calculation date: | B2: 46284
A3: Source: NetSuite report "1-Sales: Customer by Item" (01/01/2025-31/12/2026), Sale Type = "106 - Hospitals" only (exact match on the "Sale Type" column, per the canonical 31-value list in the source file’s "list" sheet). Product CODE = column "Item: Name" (F in the original report) - NOT "Item: Name (Grouped)" (E), which carries a PARENT prefix. 2025 = columns J/K (Quantity/Amount Net); 2026 = columns O/P. Multiple rows per CODE per Sale Type (one per unit-price tier / customer within this category) are summed (SUMIFS) per CODE, not taken from a single row. Raw rows kept unchanged in the shared "Source" sheet (filtered to only these 31 categories - built-in "Total"/"Total - <category>"/"- Unassigned -" rows excluded to avoid double-counting). IMPORTANT: the source file’s own header states the report range as "01 January 2025 - 31 December 2026", but has no per-row date/timestamp field, so the exact 2026 cutoff cannot be verified from the data itself. Same assumption used across this whole workbook family for consistency: 2026 actual covers approximately 9.5 months (1 Jan - 15 Sep).
A4: Annualization note: 2026 actual data is assumed to cover approximately 9.5 months (1 Jan - 15 Sep 2026), consistent with the rest of this workbook family. Scaled to a full year via a simple linear factor = 12 / 9.5 (≈ 1.263158) - straight-line extrapolation, does NOT account for seasonality. Treat as an estimate. | I4: Months in full year: | J4: 12 | K4: Months covered by 2026 actual (assumed 1/1–15/9): | L4: 9.5
A5: # DROP (sold 2025, 0 in 2026): | B5: =SUMPRODUCT(--(((C9:C93<>0)+(H9:H93<>0)>0)*((D9:D93=0)*(I9:I93=0)))) -> 40 | C5: # NEW (sold 2026, 0 in 2025): | D5: =SUMPRODUCT(--(((D9:D93<>0)+(I9:I93<>0)>0)*((C9:C93=0)*(H9:H93=0)))) -> 11 | I5: Normalization factor (J4/L4): | J5: =J4/L4 -> 1.2631579
A6: DROP — Quantity 2025: | B6: =SUMPRODUCT(--(((C9:C93<>0)+(H9:H93<>0)>0)*((D9:D93=0)*(I9:I93=0)))*C9:C93) -> 94 | C6: DROP — Amount 2025 (₪): | D6: =SUMPRODUCT(--(((C9:C93<>0)+(H9:H93<>0)>0)*((D9:D93=0)*(I9:I93=0)))*H9:H93) -> 5729.29 | E6: NEW — Quantity 2026: | F6: =SUMPRODUCT(--(((D9:D93<>0)+(I9:I93<>0)>0)*((C9:C93=0)*(H9:H93=0)))*D9:D93) -> 41 | G6: NEW — Amount 2026 (₪): | H6: =SUMPRODUCT(--(((D9:D93<>0)+(I9:I93<>0)>0)*((C9:C93=0)*(H9:H93=0)))*I9:I93) -> 4381.47
A8: Product Code | B8: Item Display Name | C8: Quantity 2025 | D8: Quantity 2026 (Actual, partial year) | E8: Quantity 2026 (Annualized) | F8: Quantity Change (Annualized vs 2025) | G8: Quantity Change % (Annualized vs 2025) | H8: Amount 2025 (₪) | I8: Amount 2026 (Actual, partial year) (₪) | J8: Amount 2026 (Annualized) (₪) | K8: Amount Change (Annualized vs 2025) (₪) | L8: Amount Change % (Annualized vs 2025) | M8: Note
A9: 85 L | B9: =IFERROR(INDEX('Source'!$C:$C,MATCH($A9,'Source'!$B:$B,0)),"") -> מתלה יד-כיס | C9: =SUMIFS('Source'!$D:$D,'Source'!$A:$A,"106 - Hospitals",'Source'!$B:$B,$A9) -> 1 | D9: =SUMIFS('Source'!$F:$F,'Source'!$A:$A,"106 - Hospitals",'Source'!$B:$B,$A9) -> 30 | E9: =D9*$J$5 -> 37.894737 | F9: =E9-C9 -> 36.894737 | G9: =IF(AND(C9=0,E9=0),0,IF(C9=0,"New",(E9-C9)/C9)) -> 36.894737 | H9: =SUMIFS('Source'!$E:$E,'Source'!$A:$A,"106 - Hospitals",'Source'!$B:$B,$A9) -> 49 | I9: =SUMIFS('Source'!$G:$G,'Source'!$A:$A,"106 - Hospitals",'Source'!$B:$B,$A9) -> 1470 | J9: =I9*$J$5 -> 1856.8421 | K9: =J9-H9 -> 1807.8421 | L9: =IF(AND(H9=0,J9=0),0,IF(H9=0,"New",(J9-H9)/H9)) -> 36.894737 | M9: =IF(AND(OR(C9<>0,H9<>0),D9=0,I9=0),"DROP",IF(AND(OR(D9<>0,I9<>0),C9=0,H9=0),"NEW",""))
A10: T11C L | B10: =IFERROR(INDEX('Source'!$C:$C,MATCH($A10,'Source'!$B:$B,0)),"") -> חגורת בטן | C10: =SUMIFS('Source'!$D:$D,'Source'!$A:$A,"106 - Hospitals",'Source'!$B:$B,$A10) -> 0 | D10: =SUMIFS('Source'!$F:$F,'Source'!$A:$A,"106 - Hospitals",'Source'!$B:$B,$A10) -> 10 | E10: =D10*$J$5 -> 12.631579 | F10: =E10-C10 -> 12.631579 | G10: =IF(AND(C10=0,E10=0),0,IF(C10=0,"New",(E10-C10)/C10)) -> New | H10: =SUMIFS('Source'!$E:$E,'Source'!$A:$A,"106 - Hospitals",'Source'!$B:$B,$A10) -> 0 | I10: =SUMIFS('Source'!$G:$G,'Source'!$A:$A,"106 - Hospitals",'Source'!$B:$B,$A10) -> 1261.8 | J10: =I10*$J$5 -> 1593.8526 | K10: =J10-H10 -> 1593.8526 | L10: =IF(AND(H10=0,J10=0),0,IF(H10=0,"New",(J10-H10)/H10)) -> New | M10: =IF(AND(OR(C10<>0,H10<>0),D10=0,I10=0),"DROP",IF(AND(OR(D10<>0,I10<>0),C10=0,H10=0),"NEW","")) -> NEW
A11: T11C XL | B11: =IFERROR(INDEX('Source'!$C:$C,MATCH($A11,'Source'!$B:$B,0)),"") -> חגורת בטן | C11: =SUMIFS('Source'!$D:$D,'Source'!$A:$A,"106 - Hospitals",'Source'!$B:$B,$A11) -> 0 | D11: =SUMIFS('Source'!$F:$F,'Source'!$A:$A,"106 - Hospitals",'Source'!$B:$B,$A11) -> 10 | E11: =D11*$J$5 -> 12.631579 | F11: =E11-C11 -> 12.631579 | G11: =IF(AND(C11=0,E11=0),0,IF(C11=0,"New",(E11-C11)/C11)) -> New | H11: =SUMIFS('Source'!$E:$E,'Source'!$A:$A,"106 - Hospitals",'Source'!$B:$B,$A11) -> 0 | I11: =SUMIFS('Source'!$G:$G,'Source'!$A:$A,"106 - Hospitals",'Source'!$B:$B,$A11) -> 1261.8 | J11: =I11*$J$5 -> 1593.8526 | K11: =J11-H11 -> 1593.8526 | L11: =IF(AND(H11=0,J11=0),0,IF(H11=0,"New",(J11-H11)/H11)) -> New | M11: =IF(AND(OR(C11<>0,H11<>0),D11=0,I11=0),"DROP",IF(AND(OR(D11<>0,I11<>0),C11=0,H11=0),"NEW","")) -> NEW
A12: T11C M | B12: =IFERROR(INDEX('Source'!$C:$C,MATCH($A12,'Source'!$B:$B,0)),"") -> חגורת בטן | C12: =SUMIFS('Source'!$D:$D,'Source'!$A:$A,"106 - Hospitals",'Source'!$B:$B,$A12) -> 10 | D12: =SUMIFS('Source'!$F:$F,'Source'!$A:$A,"106 - Hospitals",'Source'!$B:$B,$A12) -> 0 | E12: =D12*$J$5 -> 0 | F12: =E12-C12 -> -10 | G12: =IF(AND(C12=0,E12=0),0,IF(C12=0,"New",(E12-C12)/C12)) -> -1 | H12: =SUMIFS('Source'!$E:$E,'Source'!$A:$A,"106 - Hospitals",'Source'!$B:$B,$A12) -> 1260 | I12: =SUMIFS('Source'!$G:$G,'Source'!$A:$A,"106 - Hospitals",'Source'!$B:$B,$A12) -> 0 | J12: =I12*$J$5 -> 0 | K12: =J12-H12 -> -1260 | L12: =IF(AND(H12=0,J12=0),0,IF(H12=0,"New",(J12-H12)/H12)) -> -1 | M12: =IF(AND(OR(C12<>0,H12<>0),D12=0,I12=0),"DROP",IF(AND(OR(D12<>0,I12<>0),C12=0,H12=0),"NEW","")) -> DROP
A13: 85 M | B13: =IFERROR(INDEX('Source'!$C:$C,MATCH($A13,'Source'!$B:$B,0)),"") -> מתלה יד-כיס | C13: =SUMIFS('Source'!$D:$D,'Source'!$A:$A,"106 - Hospitals",'Source'!$B:$B,$A13) -> 1 | D13: =SUMIFS('Source'!$F:$F,'Source'!$A:$A,"106 - Hospitals",'Source'!$B:$B,$A13) -> 25 | E13: =D13*$J$5 -> 31.578947 | F13: =E13-C13 -> 30.578947 | G13: =IF(AND(C13=0,E13=0),0,IF(C13=0,"New",(E13-C13)/C13)) -> 30.578947 | H13: =SUMIFS('Source'!$E:$E,'Source'!$A:$A,"106 - Hospitals",'Source'!$B:$B,$A13) -> 49 | I13: =SUMIFS('Source'!$G:$G,'Source'!$A:$A,"106 - Hospitals",'Source'!$B:$B,$A13) -> 1225 | J13: =I13*$J$5 -> 1547.3684 | K13: =J13-H13 -> 1498.3684 | L13: =IF(AND(H13=0,J13=0),0,IF(H13=0,"New",(J13-H13)/H13)) -> 30.578947 | M13: =IF(AND(OR(C13<>0,H13<>0),D13=0,I13=0),"DROP",IF(AND(OR(D13<>0,I13<>0),C13=0,H13=0),"NEW",""))
A14: AC43D 0 | B14: =IFERROR(INDEX('Source'!$C:$C,MATCH($A14,'Source'!$B:$B,0)),"") -> מגן ברך + צירים | C14: =SUMIFS('Source'!$D:$D,'Source'!$A:$A,"106 - Hospitals",'Source'!$B:$B,$A14) -> 12 | D14: =SUMIFS('Source'!$F:$F,'Source'!$A:$A,"106 - Hospitals",'Source'!$B:$B,$A14) -> 5 | E14: =D14*$J$5 -> 6.3157895 | F14: =E14-C14 -> -5.6842105 | G14: =IF(AND(C14=0,E14=0),0,IF(C14=0,"New",(E14-C14)/C14)) -> -0.47368421 | H14: =SUMIFS('Source'!$E:$E,'Source'!$A:$A,"106 - Hospitals",'Source'!$B:$B,$A14) -> 962.16 | I14: =SUMIFS('Source'!$G:$G,'Source'!$A:$A,"106 - Hospitals",'Source'!$B:$B,$A14) -> 378.01 | J14: =I14*$J$5 -> 477.48632 | K14: =J14-H14 -> -484.67368 | L14: =IF(AND(H14=0,J14=0),0,IF(H14=0,"New",(J14-H14)/H14)) -> -0.50373502 | M14: =IF(AND(OR(C14<>0,H14<>0),D14=0,I14=0),"DROP",IF(AND(OR(D14<>0,I14<>0),C14=0,H14=0),"NEW",""))
A15: AC45X 0 | B15: =IFERROR(INDEX('Source'!$C:$C,MATCH($A15,'Source'!$B:$B,0)),"") -> מגן ברך עם תמיכות | C15: =SUMIFS('Source'!$D:$D,'Source'!$A:$A,"106 - Hospitals",'Source'!$B:$B,$A15) -> 14 | D15: =SUMIFS('Source'!$F:$F,'Source'!$A:$A,"106 - Hospitals",'Source'!$B:$B,$A15) -> 5 | E15: =D15*$J$5 -> 6.3157895 | F15: =E15-C15 -> -7.6842105 | G15: =IF(AND(C15=0,E15=0),0,IF(C15=0,"New",(E15-C15)/C15)) -> -0.54887218 | H15: =SUMIFS('Source'!$E:$E,'Source'!$A:$A,"106 - Hospitals",'Source'!$B:$B,$A15) -> 866.69 | I15: =SUMIFS('Source'!$G:$G,'Source'!$A:$A,"106 - Hospitals",'Source'!$B:$B,$A15) -> 283.45 | J15: =I15*$J$5 -> 358.04211 | K15: =J15-H15 -> -508.64789 | L15: =IF(AND(H15=0,J15=0),0,IF(H15=0,"New",(J15-H15)/H15)) -> -0.58688562 | M15: =IF(AND(OR(C15<>0,H15<>0),D15=0,I15=0),"DROP",IF(AND(OR(D15<>0,I15<>0),C15=0,H15=0),"NEW",""))
A16: T11C S | B16: =IFERROR(INDEX('Source'!$C:$C,MATCH($A16,'Source'!$B:$B,0)),"") -> חגורת בטן | C16: =SUMIFS('Source'!$D:$D,'Source'!$A:$A,"106 - Hospitals",'Source'!$B:$B,$A16) -> 0 | D16: =SUMIFS('Source'!$F:$F,'Source'!$A:$A,"106 - Hospitals",'Source'!$B:$B,$A16) -> 3 | E16: =D16*$J$5 -> 3.7894737 | F16: =E16-C16 -> 3.7894737 | G16: =IF(AND(C16=0,E16=0),0,IF(C16=0,"New",(E16-C16)/C16)) -> New | H16: =SUMIFS('Source'!$E:$E,'Source'!$A:$A,"106 - Hospitals",'Source'!$B:$B,$A16) -> 0 | I16: =SUMIFS('Source'!$G:$G,'Source'!$A:$A,"106 - Hospitals",'Source'!$B:$B,$A16) -> 478.2 | J16: =I16*$J$5 -> 604.04211 | K16: =J16-H16 -> 604.04211 | L16: =IF(AND(H16=0,J16=0),0,IF(H16=0,"New",(J16-H16)/H16)) -> New | M16: =IF(AND(OR(C16<>0,H16<>0),D16=0,I16=0),"DROP",IF(AND(OR(D16<>0,I16<>0),C16=0,H16=0),"NEW","")) -> NEW
A17: 85 XL | B17: =IFERROR(INDEX('Source'!$C:$C,MATCH($A17,'Source'!$B:$B,0)),"") -> מתלה יד-כיס | C17: =SUMIFS('Source'!$D:$D,'Source'!$A:$A,"106 - Hospitals",'Source'!$B:$B,$A17) -> 1 | D17: =SUMIFS('Source'!$F:$F,'Source'!$A:$A,"106 - Hospitals",'Source'!$B:$B,$A17) -> 10 | E17: =D17*$J$5 -> 12.631579 | F17: =E17-C17 -> 11.631579 | G17: =IF(AND(C17=0,E17=0),0,IF(C17=0,"New",(E17-C17)/C17)) -> 11.631579 | H17: =SUMIFS('Source'!$E:$E,'Source'!$A:$A,"106 - Hospitals",'Source'!$B:$B,$A17) -> 49 | I17: =SUMIFS('Source'!$G:$G,'Source'!$A:$A,"106 - Hospitals",'Source'!$B:$B,$A17) -> 490 | J17: =I17*$J$5 -> 618.94737 | K17: =J17-H17 -> 569.94737 | L17: =IF(AND(H17=0,J17=0),0,IF(H17=0,"New",(J17-H17)/H17)) -> 11.631579 | M17: =IF(AND(OR(C17<>0,H17<>0),D17=0,I17=0),"DROP",IF(AND(OR(D17<>0,I17<>0),C17=0,H17=0),"NEW",""))
A18: 078 XL | B18: =IFERROR(INDEX('Source'!$C:$C,MATCH($A18,'Source'!$B:$B,0)),"") -> חגורת גב+סגירה כפולה | C18: =SUMIFS('Source'!$D:$D,'Source'!$A:$A,"106 - Hospitals",'Source'!$B:$B,$A18) -> 4 | D18: =SUMIFS('Source'!$F:$F,'Source'!$A:$A,"106 - Hospitals",'Source'!$B:$B,$A18) -> 0 | E18: =D18*$J$5 -> 0 | F18: =E18-C18 -> -4 | G18: =IF(AND(C18=0,E18=0),0,IF(C18=0,"New",(E18-C18)/C18)) -> -1 | H18: =SUMIFS('Source'!$E:$E,'Source'!$A:$A,"106 - Hospitals",'Source'!$B:$B,$A18) -> 434.72 | I18: =SUMIFS('Source'!$G:$G,'Source'!$A:$A,"106 - Hospitals",'Source'!$B:$B,$A18) -> 0 | J18: =I18*$J$5 -> 0 | K18: =J18-H18 -> -434.72 | L18: =IF(AND(H18=0,J18=0),0,IF(H18=0,"New",(J18-H18)/H18)) -> -1 | M18: =IF(AND(OR(C18<>0,H18<>0),D18=0,I18=0),"DROP",IF(AND(OR(D18<>0,I18<>0),C18=0,H18=0),"NEW","")) -> DROP
A19: AC07 0 | B19: =IFERROR(INDEX('Source'!$C:$C,MATCH($A19,'Source'!$B:$B,0)),"") -> חגורת גב עם תמיכות | C19: =SUMIFS('Source'!$D:$D,'Source'!$A:$A,"106 - Hospitals",'Source'!$B:$B,$A19) -> 10 | D19: =SUMIFS('Source'!$F:$F,'Source'!$A:$A,"106 - Hospitals",'Source'!$B:$B,$A19) -> 5 | E19: =D19*$J$5 -> 6.3157895 | F19: =E19-C19 -> -3.6842105 | G19: =IF(AND(C19=0,E19=0),0,IF(C19=0,"New",(E19-C19)/C19)) -> -0.36842105 | H19: =SUMIFS('Source'!$E:$E,'Source'!$A:$A,"106 - Hospitals",'Source'!$B:$B,$A19) -> 748.42 | I19: =SUMIFS('Source'!$G:$G,'Source'!$A:$A,"106 - Hospitals",'Source'!$B:$B,$A19) -> 374.24 | J19: =I19*$J$5 -> 472.72421 | K19: =J19-H19 -> -275.69579 | L19: =IF(AND(H19=0,J19=0),0,IF(H19=0,"New",(J19-H19)/H19)) -> -0.36837042 | M19: =IF(AND(OR(C19<>0,H19<>0),D19=0,I19=0),"DROP",IF(AND(OR(D19<>0,I19<>0),C19=0,H19=0),"NEW",""))
A20: AC11 0 | B20: =IFERROR(INDEX('Source'!$C:$C,MATCH($A20,'Source'!$B:$B,0)),"") -> חגורת בטן קלה | C20: =SUMIFS('Source'!$D:$D,'Source'!$A:$A,"106 - Hospitals",'Source'!$B:$B,$A20) -> 5 | D20: =SUMIFS('Source'!$F:$F,'Source'!$A:$A,"106 - Hospitals",'Source'!$B:$B,$A20) -> 0 | E20: =D20*$J$5 -> 0 | F20: =E20-C20 -> -5 | G20: =IF(AND(C20=0,E20=0),0,IF(C20=0,"New",(E20-C20)/C20)) -> -1 | H20: =SUMIFS('Source'!$E:$E,'Source'!$A:$A,"106 - Hospitals",'Source'!$B:$B,$A20) -> 292.93 | I20: =SUMIFS('Source'!$G:$G,'Source'!$A:$A,"106 - Hospitals",'Source'!$B:$B,$A20) -> 0 | J20: =I20*$J$5 -> 0 | K20: =J20-H20 -> -292.93 | L20: =IF(AND(H20=0,J20=0),0,IF(H20=0,"New",(J20-H20)/H20)) -> -1 | M20: =IF(AND(OR(C20<>0,H20<>0),D20=0,I20=0),"DROP",IF(AND(OR(D20<>0,I20<>0),C20=0,H20=0),"NEW","")) -> DROP
... A93: 67800020 | B93: =IFERROR(INDEX('Source'!$C:$C,MATCH($A93,'Source'!$B:$B,0)),"") -> סטנד שחור URIEL מתפרק גב | C93: =SUMIFS('Source'!$D:$D,'Source'!$A:$A,"106 - Hospitals",'Source'!$B:$B,$A93) -> 0 | D93: =SUMIFS('Source'!$F:$F,'Source'!$A:$A,"106 - Hospitals",'Source'!$B:$B,$A93) -> 1 | E93: =D93*$J$5 -> 1.2631579 | F93: =E93-C93 -> 1.2631579 | G93: =IF(AND(C93=0,E93=0),0,IF(C93=0,"New",(E93-C93)/C93)) -> New | H93: =SUMIFS('Source'!$E:$E,'Source'!$A:$A,"106 - Hospitals",'Source'!$B:$B,$A93) -> 0 | I93: =SUMIFS('Source'!$G:$G,'Source'!$A:$A,"106 - Hospitals",'Source'!$B:$B,$A93) -> 0 | J93: =I93*$J$5 -> 0 | K93: =J93-H93 -> 0 | L93: =IF(AND(H93=0,J93=0),0,IF(H93=0,"New",(J93-H93)/H93)) -> 0 | M93: =IF(AND(OR(C93<>0,H93<>0),D93=0,I93=0),"DROP",IF(AND(OR(D93<>0,I93<>0),C93=0,H93=0),"NEW","")) -> NEW
B95: TOTAL | C95: =SUM(C9:C93) -> 286 | D95: =SUM(D9:D93) -> 207 | E95: =SUM(E9:E93) -> 261.47368 | F95: =SUM(F9:F93) -> -24.526316 | G95: =IF(C95=0,"N/A",F95/C95) -> -0.085756349 | H95: =SUM(H9:H93) -> 13532.23 | I95: =SUM(I9:I93) -> 11739.83 | J95: =SUM(J9:J93) -> 14829.259 | K95: =SUM(K9:K93) -> 1297.0289 | L95: =IF(H95=0,"N/A",K95/H95) -> 0.095847392

Sheet 107 - Pharmacies
A1: Sales Comparison 2025 vs 2026 (Annualized) - Sale Type: 107 - Pharmacies (by Product CODE)
A2: Calculation date: | B2: 46284
A3: Source: NetSuite report "1-Sales: Customer by Item" (01/01/2025-31/12/2026), Sale Type = "107 - Pharmacies" only (exact match on the "Sale Type" column, per the canonical 31-value list in the source file’s "list" sheet). Product CODE = column "Item: Name" (F in the original report) - NOT "Item: Name (Grouped)" (E), which carries a PARENT prefix. 2025 = columns J/K (Quantity/Amount Net); 2026 = columns O/P. Multiple rows per CODE per Sale Type (one per unit-price tier / customer within this category) are summed (SUMIFS) per CODE, not taken from a single row. Raw rows kept unchanged in the shared "Source" sheet (filtered to only these 31 categories - built-in "Total"/"Total - <category>"/"- Unassigned -" rows excluded to avoid double-counting). IMPORTANT: the source file’s own header states the report range as "01 January 2025 - 31 December 2026", but has no per-row date/timestamp field, so the exact 2026 cutoff cannot be verified from the data itself. Same assumption used across this whole workbook family for consistency: 2026 actual covers approximately 9.5 months (1 Jan - 15 Sep).
A4: Annualization note: 2026 actual data is assumed to cover approximately 9.5 months (1 Jan - 15 Sep 2026), consistent with the rest of this workbook family. Scaled to a full year via a simple linear factor = 12 / 9.5 (≈ 1.263158) - straight-line extrapolation, does NOT account for seasonality. Treat as an estimate. | I4: Months in full year: | J4: 12 | K4: Months covered by 2026 actual (assumed 1/1–15/9): | L4: 9.5
A5: # DROP (sold 2025, 0 in 2026): | B5: =SUMPRODUCT(--(((C9:C397<>0)+(H9:H397<>0)>0)*((D9:D397=0)*(I9:I397=0)))) -> 116 | C5: # NEW (sold 2026, 0 in 2025): | D5: =SUMPRODUCT(--(((D9:D397<>0)+(I9:I397<>0)>0)*((C9:C397=0)*(H9:H397=0)))) -> 64 | I5: Normalization factor (J4/L4): | J5: =J4/L4 -> 1.2631579
A6: DROP — Quantity 2025: | B6: =SUMPRODUCT(--(((C9:C397<>0)+(H9:H397<>0)>0)*((D9:D397=0)*(I9:I397=0)))*C9:C397) -> 471 | C6: DROP — Amount 2025 (₪): | D6: =SUMPRODUCT(--(((C9:C397<>0)+(H9:H397<>0)>0)*((D9:D397=0)*(I9:I397=0)))*H9:H397) -> 33959.3 | E6: NEW — Quantity 2026: | F6: =SUMPRODUCT(--(((D9:D397<>0)+(I9:I397<>0)>0)*((C9:C397=0)*(H9:H397=0)))*D9:D397) -> 362 | G6: NEW — Amount 2026 (₪): | H6: =SUMPRODUCT(--(((D9:D397<>0)+(I9:I397<>0)>0)*((C9:C397=0)*(H9:H397=0)))*I9:I397) -> 27791.49
A8: Product Code | B8: Item Display Name | C8: Quantity 2025 | D8: Quantity 2026 (Actual, partial year) | E8: Quantity 2026 (Annualized) | F8: Quantity Change (Annualized vs 2025) | G8: Quantity Change % (Annualized vs 2025) | H8: Amount 2025 (₪) | I8: Amount 2026 (Actual, partial year) (₪) | J8: Amount 2026 (Annualized) (₪) | K8: Amount Change (Annualized vs 2025) (₪) | L8: Amount Change % (Annualized vs 2025) | M8: Note
A9: T11C L | B9: =IFERROR(INDEX('Source'!$C:$C,MATCH($A9,'Source'!$B:$B,0)),"") -> חגורת בטן | C9: =SUMIFS('Source'!$D:$D,'Source'!$A:$A,"107 - Pharmacies",'Source'!$B:$B,$A9) -> 0 | D9: =SUMIFS('Source'!$F:$F,'Source'!$A:$A,"107 - Pharmacies",'Source'!$B:$B,$A9) -> 156 | E9: =D9*$J$5 -> 197.05263 | F9: =E9-C9 -> 197.05263 | G9: =IF(AND(C9=0,E9=0),0,IF(C9=0,"New",(E9-C9)/C9)) -> New | H9: =SUMIFS('Source'!$E:$E,'Source'!$A:$A,"107 - Pharmacies",'Source'!$B:$B,$A9) -> 0 | I9: =SUMIFS('Source'!$G:$G,'Source'!$A:$A,"107 - Pharmacies",'Source'!$B:$B,$A9) -> 13503.3 | J9: =I9*$J$5 -> 17056.8 | K9: =J9-H9 -> 17056.8 | L9: =IF(AND(H9=0,J9=0),0,IF(H9=0,"New",(J9-H9)/H9)) -> New | M9: =IF(AND(OR(C9<>0,H9<>0),D9=0,I9=0),"DROP",IF(AND(OR(D9<>0,I9<>0),C9=0,H9=0),"NEW","")) -> NEW
A10: 07UB-L-XL | B10: =IFERROR(INDEX('Source'!$C:$C,MATCH($A10,'Source'!$B:$B,0)),"") -> חגורת לומבו-סקרל-צבע | C10: =SUMIFS('Source'!$D:$D,'Source'!$A:$A,"107 - Pharmacies",'Source'!$B:$B,$A10) -> 50 | D10: =SUMIFS('Source'!$F:$F,'Source'!$A:$A,"107 - Pharmacies",'Source'!$B:$B,$A10) -> 1 | E10: =D10*$J$5 -> 1.2631579 | F10: =E10-C10 -> -48.736842 | G10: =IF(AND(C10=0,E10=0),0,IF(C10=0,"New",(E10-C10)/C10)) -> -0.97473684 | H10: =SUMIFS('Source'!$E:$E,'Source'!$A:$A,"107 - Pharmacies",'Source'!$B:$B,$A10) -> 6250 | I10: =SUMIFS('Source'!$G:$G,'Source'!$A:$A,"107 - Pharmacies",'Source'!$B:$B,$A10) -> 234.31 | J10: =I10*$J$5 -> 295.97053 | K10: =J10-H10 -> -5954.0295 | L10: =IF(AND(H10=0,J10=0),0,IF(H10=0,"New",(J10-H10)/H10)) -> -0.95264472 | M10: =IF(AND(OR(C10<>0,H10<>0),D10=0,I10=0),"DROP",IF(AND(OR(D10<>0,I10<>0),C10=0,H10=0),"NEW",""))
A11: 67 0 | B11: =IFERROR(INDEX('Source'!$C:$C,MATCH($A11,'Source'!$B:$B,0)),"") -> כרית שינה חלומית | C11: =SUMIFS('Source'!$D:$D,'Source'!$A:$A,"107 - Pharmacies",'Source'!$B:$B,$A11) -> 108 | D11: =SUMIFS('Source'!$F:$F,'Source'!$A:$A,"107 - Pharmacies",'Source'!$B:$B,$A11) -> 51 | E11: =D11*$J$5 -> 64.421053 | F11: =E11-C11 -> -43.578947 | G11: =IF(AND(C11=0,E11=0),0,IF(C11=0,"New",(E11-C11)/C11)) -> -0.40350877 | H11: =SUMIFS('Source'!$E:$E,'Source'!$A:$A,"107 - Pharmacies",'Source'!$B:$B,$A11) -> 13580.19 | I11: =SUMIFS('Source'!$G:$G,'Source'!$A:$A,"107 - Pharmacies",'Source'!$B:$B,$A11) -> 8495.51 | J11: =I11*$J$5 -> 10731.171 | K11: =J11-H11 -> -2849.0195 | L11: =IF(AND(H11=0,J11=0),0,IF(H11=0,"New",(J11-H11)/H11)) -> -0.20979231 | M11: =IF(AND(OR(C11<>0,H11<>0),D11=0,I11=0),"DROP",IF(AND(OR(D11<>0,I11<>0),C11=0,H11=0),"NEW",""))
A12: 077A-S-M | B12: =IFERROR(INDEX('Source'!$C:$C,MATCH($A12,'Source'!$B:$B,0)),"") -> חגורת גב עם חיזוק | C12: =SUMIFS('Source'!$D:$D,'Source'!$A:$A,"107 - Pharmacies",'Source'!$B:$B,$A12) -> 53 | D12: =SUMIFS('Source'!$F:$F,'Source'!$A:$A,"107 - Pharmacies",'Source'!$B:$B,$A12) -> 0 | E12: =D12*$J$5 -> 0 | F12: =E12-C12 -> -53 | G12: =IF(AND(C12=0,E12=0),0,IF(C12=0,"New",(E12-C12)/C12)) -> -1 | H12: =SUMIFS('Source'!$E:$E,'Source'!$A:$A,"107 - Pharmacies",'Source'!$B:$B,$A12) -> 4333.04 | I12: =SUMIFS('Source'!$G:$G,'Source'!$A:$A,"107 - Pharmacies",'Source'!$B:$B,$A12) -> 0 | J12: =I12*$J$5 -> 0 | K12: =J12-H12 -> -4333.04 | L12: =IF(AND(H12=0,J12=0),0,IF(H12=0,"New",(J12-H12)/H12)) -> -1 | M12: =IF(AND(OR(C12<>0,H12<>0),D12=0,I12=0),"DROP",IF(AND(OR(D12<>0,I12<>0),C12=0,H12=0),"NEW","")) -> DROP
A13: 077A-L-XL | B13: =IFERROR(INDEX('Source'!$C:$C,MATCH($A13,'Source'!$B:$B,0)),"") -> חגורת גב עם חיזוק | C13: =SUMIFS('Source'!$D:$D,'Source'!$A:$A,"107 - Pharmacies",'Source'!$B:$B,$A13) -> 27 | D13: =SUMIFS('Source'!$F:$F,'Source'!$A:$A,"107 - Pharmacies",'Source'!$B:$B,$A13) -> 2 | E13: =D13*$J$5 -> 2.5263158 | F13: =E13-C13 -> -24.473684 | G13: =IF(AND(C13=0,E13=0),0,IF(C13=0,"New",(E13-C13)/C13)) -> -0.90643275 | H13: =SUMIFS('Source'!$E:$E,'Source'!$A:$A,"107 - Pharmacies",'Source'!$B:$B,$A13) -> 2452 | I13: =SUMIFS('Source'!$G:$G,'Source'!$A:$A,"107 - Pharmacies",'Source'!$B:$B,$A13) -> 170 | J13: =I13*$J$5 -> 214.73684 | K13: =J13-H13 -> -2237.2632 | L13: =IF(AND(H13=0,J13=0),0,IF(H13=0,"New",(J13-H13)/H13)) -> -0.9124238 | M13: =IF(AND(OR(C13<>0,H13<>0),D13=0,I13=0),"DROP",IF(AND(OR(D13<>0,I13<>0),C13=0,H13=0),"NEW",""))
A14: 397A-39-42 | B14: =IFERROR(INDEX('Source'!$C:$C,MATCH($A14,'Source'!$B:$B,0)),"") -> גרבי נסיעות אנטיבקטריאלי | C14: =SUMIFS('Source'!$D:$D,'Source'!$A:$A,"107 - Pharmacies",'Source'!$B:$B,$A14) -> 0 | D14: =SUMIFS('Source'!$F:$F,'Source'!$A:$A,"107 - Pharmacies",'Source'!$B:$B,$A14) -> 36 | E14: =D14*$J$5 -> 45.473684 | F14: =E14-C14 -> 45.473684 | G14: =IF(AND(C14=0,E14=0),0,IF(C14=0,"New",(E14-C14)/C14)) -> New | H14: =SUMIFS('Source'!$E:$E,'Source'!$A:$A,"107 - Pharmacies",'Source'!$B:$B,$A14) -> 0 | I14: =SUMIFS('Source'!$G:$G,'Source'!$A:$A,"107 - Pharmacies",'Source'!$B:$B,$A14) -> 2276.35 | J14: =I14*$J$5 -> 2875.3895 | K14: =J14-H14 -> 2875.3895 | L14: =IF(AND(H14=0,J14=0),0,IF(H14=0,"New",(J14-H14)/H14)) -> New | M14: =IF(AND(OR(C14<>0,H14<>0),D14=0,I14=0),"DROP",IF(AND(OR(D14<>0,I14<>0),C14=0,H14=0),"NEW","")) -> NEW
A15: 397A-43-46 | B15: =IFERROR(INDEX('Source'!$C:$C,MATCH($A15,'Source'!$B:$B,0)),"") -> גרבי נסיעות אנטיבקטריאלי | C15: =SUMIFS('Source'!$D:$D,'Source'!$A:$A,"107 - Pharmacies",'Source'!$B:$B,$A15) -> 0 | D15: =SUMIFS('Source'!$F:$F,'Source'!$A:$A,"107 - Pharmacies",'Source'!$B:$B,$A15) -> 33 | E15: =D15*$J$5 -> 41.684211 | F15: =E15-C15 -> 41.684211 | G15: =IF(AND(C15=0,E15=0),0,IF(C15=0,"New",(E15-C15)/C15)) -> New | H15: =SUMIFS('Source'!$E:$E,'Source'!$A:$A,"107 - Pharmacies",'Source'!$B:$B,$A15) -> 0 | I15: =SUMIFS('Source'!$G:$G,'Source'!$A:$A,"107 - Pharmacies",'Source'!$B:$B,$A15) -> 2086.68 | J15: =I15*$J$5 -> 2635.8063 | K15: =J15-H15 -> 2635.8063 | L15: =IF(AND(H15=0,J15=0),0,IF(H15=0,"New",(J15-H15)/H15)) -> New | M15: =IF(AND(OR(C15<>0,H15<>0),D15=0,I15=0),"DROP",IF(AND(OR(D15<>0,I15<>0),C15=0,H15=0),"NEW","")) -> NEW
A16: 87 M | B16: =IFERROR(INDEX('Source'!$C:$C,MATCH($A16,'Source'!$B:$B,0)),"") -> חגורת קיבוע לכתף | C16: =SUMIFS('Source'!$D:$D,'Source'!$A:$A,"107 - Pharmacies",'Source'!$B:$B,$A16) -> 12 | D16: =SUMIFS('Source'!$F:$F,'Source'!$A:$A,"107 - Pharmacies",'Source'!$B:$B,$A16) -> 2 | E16: =D16*$J$5 -> 2.5263158 | F16: =E16-C16 -> -9.4736842 | G16: =IF(AND(C16=0,E16=0),0,IF(C16=0,"New",(E16-C16)/C16)) -> -0.78947368 | H16: =SUMIFS('Source'!$E:$E,'Source'!$A:$A,"107 - Pharmacies",'Source'!$B:$B,$A16) -> 1874.53 | I16: =SUMIFS('Source'!$G:$G,'Source'!$A:$A,"107 - Pharmacies",'Source'!$B:$B,$A16) -> 280.02 | J16: =I16*$J$5 -> 353.70947 | K16: =J16-H16 -> -1520.8205 | L16: =IF(AND(H16=0,J16=0),0,IF(H16=0,"New",(J16-H16)/H16)) -> -0.81130765 | M16: =IF(AND(OR(C16<>0,H16<>0),D16=0,I16=0),"DROP",IF(AND(OR(D16<>0,I16<>0),C16=0,H16=0),"NEW",""))
A17: 10 M | B17: =IFERROR(INDEX('Source'!$C:$C,MATCH($A17,'Source'!$B:$B,0)),"") -> חגורת גב-לומבו | C17: =SUMIFS('Source'!$D:$D,'Source'!$A:$A,"107 - Pharmacies",'Source'!$B:$B,$A17) -> 11 | D17: =SUMIFS('Source'!$F:$F,'Source'!$A:$A,"107 - Pharmacies",'Source'!$B:$B,$A17) -> 0 | E17: =D17*$J$5 -> 0 | F17: =E17-C17 -> -11 | G17: =IF(AND(C17=0,E17=0),0,IF(C17=0,"New",(E17-C17)/C17)) -> -1 | H17: =SUMIFS('Source'!$E:$E,'Source'!$A:$A,"107 - Pharmacies",'Source'!$B:$B,$A17) -> 1451.23 | I17: =SUMIFS('Source'!$G:$G,'Source'!$A:$A,"107 - Pharmacies",'Source'!$B:$B,$A17) -> 0 | J17: =I17*$J$5 -> 0 | K17: =J17-H17 -> -1451.23 | L17: =IF(AND(H17=0,J17=0),0,IF(H17=0,"New",(J17-H17)/H17)) -> -1 | M17: =IF(AND(OR(C17<>0,H17<>0),D17=0,I17=0),"DROP",IF(AND(OR(D17<>0,I17<>0),C17=0,H17=0),"NEW","")) -> DROP
A18: AC91 0 | B18: =IFERROR(INDEX('Source'!$C:$C,MATCH($A18,'Source'!$B:$B,0)),"") -> חבק טניס | C18: =SUMIFS('Source'!$D:$D,'Source'!$A:$A,"107 - Pharmacies",'Source'!$B:$B,$A18) -> 73 | D18: =SUMIFS('Source'!$F:$F,'Source'!$A:$A,"107 - Pharmacies",'Source'!$B:$B,$A18) -> 33 | E18: =D18*$J$5 -> 41.684211 | F18: =E18-C18 -> -31.315789 | G18: =IF(AND(C18=0,E18=0),0,IF(C18=0,"New",(E18-C18)/C18)) -> -0.42898342 | H18: =SUMIFS('Source'!$E:$E,'Source'!$A:$A,"107 - Pharmacies",'Source'!$B:$B,$A18) -> 2644.62 | I18: =SUMIFS('Source'!$G:$G,'Source'!$A:$A,"107 - Pharmacies",'Source'!$B:$B,$A18) -> 1313.22 | J18: =I18*$J$5 -> 1658.8042 | K18: =J18-H18 -> -985.81579 | L18: =IF(AND(H18=0,J18=0),0,IF(H18=0,"New",(J18-H18)/H18)) -> -0.37276274 | M18: =IF(AND(OR(C18<>0,H18<>0),D18=0,I18=0),"DROP",IF(AND(OR(D18<>0,I18<>0),C18=0,H18=0),"NEW",""))
A19: 397-39-42 | B19: =IFERROR(INDEX('Source'!$C:$C,MATCH($A19,'Source'!$B:$B,0)),"") -> גרבי טיסה | C19: =SUMIFS('Source'!$D:$D,'Source'!$A:$A,"107 - Pharmacies",'Source'!$B:$B,$A19) -> 24 | D19: =SUMIFS('Source'!$F:$F,'Source'!$A:$A,"107 - Pharmacies",'Source'!$B:$B,$A19) -> 2 | E19: =D19*$J$5 -> 2.5263158 | F19: =E19-C19 -> -21.473684 | G19: =IF(AND(C19=0,E19=0),0,IF(C19=0,"New",(E19-C19)/C19)) -> -0.89473684 | H19: =SUMIFS('Source'!$E:$E,'Source'!$A:$A,"107 - Pharmacies",'Source'!$B:$B,$A19) -> 1429.05 | I19: =SUMIFS('Source'!$G:$G,'Source'!$A:$A,"107 - Pharmacies",'Source'!$B:$B,$A19) -> 126.46 | J19: =I19*$J$5 -> 159.73895 | K19: =J19-H19 -> -1269.3111 | L19: =IF(AND(H19=0,J19=0),0,IF(H19=0,"New",(J19-H19)/H19)) -> -0.88822018 | M19: =IF(AND(OR(C19<>0,H19<>0),D19=0,I19=0),"DROP",IF(AND(OR(D19<>0,I19<>0),C19=0,H19=0),"NEW",""))
A20: 10 L | B20: =IFERROR(INDEX('Source'!$C:$C,MATCH($A20,'Source'!$B:$B,0)),"") -> חגורת גב-לומבו | C20: =SUMIFS('Source'!$D:$D,'Source'!$A:$A,"107 - Pharmacies",'Source'!$B:$B,$A20) -> 10 | D20: =SUMIFS('Source'!$F:$F,'Source'!$A:$A,"107 - Pharmacies",'Source'!$B:$B,$A20) -> 0 | E20: =D20*$J$5 -> 0 | F20: =E20-C20 -> -10 | G20: =IF(AND(C20=0,E20=0),0,IF(C20=0,"New",(E20-C20)/C20)) -> -1 | H20: =SUMIFS('Source'!$E:$E,'Source'!$A:$A,"107 - Pharmacies",'Source'!$B:$B,$A20) -> 1300 | I20: =SUMIFS('Source'!$G:$G,'Source'!$A:$A,"107 - Pharmacies",'Source'!$B:$B,$A20) -> 0 | J20: =I20*$J$5 -> 0 | K20: =J20-H20 -> -1300 | L20: =IF(AND(H20=0,J20=0),0,IF(H20=0,"New",(J20-H20)/H20)) -> -1 | M20: =IF(AND(OR(C20<>0,H20<>0),D20=0,I20=0),"DROP",IF(AND(OR(D20<>0,I20<>0),C20=0,H20=0),"NEW","")) -> DROP
... A397: 67600000 | B397: =IFERROR(INDEX('Source'!$C:$C,MATCH($A397,'Source'!$B:$B,0)),"") -> סרט מדידה ללקוחות | C397: =SUMIFS('Source'!$D:$D,'Source'!$A:$A,"107 - Pharmacies",'Source'!$B:$B,$A397) -> 0 | D397: =SUMIFS('Source'!$F:$F,'Source'!$A:$A,"107 - Pharmacies",'Source'!$B:$B,$A397) -> 3 | E397: =D397*$J$5 -> 3.7894737 | F397: =E397-C397 -> 3.7894737 | G397: =IF(AND(C397=0,E397=0),0,IF(C397=0,"New",(E397-C397)/C397)) -> New | H397: =SUMIFS('Source'!$E:$E,'Source'!$A:$A,"107 - Pharmacies",'Source'!$B:$B,$A397) -> 0 | I397: =SUMIFS('Source'!$G:$G,'Source'!$A:$A,"107 - Pharmacies",'Source'!$B:$B,$A397) -> 0 | J397: =I397*$J$5 -> 0 | K397: =J397-H397 -> 0 | L397: =IF(AND(H397=0,J397=0),0,IF(H397=0,"New",(J397-H397)/H397)) -> 0 | M397: =IF(AND(OR(C397<>0,H397<>0),D397=0,I397=0),"DROP",IF(AND(OR(D397<>0,I397<>0),C397=0,H397=0),"NEW","")) -> NEW
B399: TOTAL | C399: =SUM(C9:C397) -> 2498 | D399: =SUM(D9:D397) -> 1623 | E399: =SUM(E9:E397) -> 2050.1053 | F399: =SUM(F9:F397) -> -447.89474 | G399: =IF(C399=0,"N/A",F399/C399) -> -0.17930134 | H399: =SUM(H9:H397) -> 152425.36 | I399: =SUM(I9:I397) -> 110887.07 | J399: =SUM(J9:J397) -> 140067.88 | K399: =SUM(K9:K397) -> -12357.482 | L399: =IF(H399=0,"N/A",K399/H399) -> -0.08107235

Sheet 112 - Kupat Holim Clalit
A1: Sales Comparison 2025 vs 2026 (Annualized) - Sale Type: 112 - Kupat Holim Clalit (by Product CODE)
A2: Calculation date: | B2: 46284
A3: Source: NetSuite report "1-Sales: Customer by Item" (01/01/2025-31/12/2026), Sale Type = "112 - Kupat Holim Clalit" only (exact match on the "Sale Type" column, per the canonical 31-value list in the source file’s "list" sheet). Product CODE = column "Item: Name" (F in the original report) - NOT "Item: Name (Grouped)" (E), which carries a PARENT prefix. 2025 = columns J/K (Quantity/Amount Net); 2026 = columns O/P. Multiple rows per CODE per Sale Type (one per unit-price tier / customer within this category) are summed (SUMIFS) per CODE, not taken from a single row. Raw rows kept unchanged in the shared "Source" sheet (filtered to only these 31 categories - built-in "Total"/"Total - <category>"/"- Unassigned -" rows excluded to avoid double-counting). IMPORTANT: the source file’s own header states the report range as "01 January 2025 - 31 December 2026", but has no per-row date/timestamp field, so the exact 2026 cutoff cannot be verified from the data itself. Same assumption used across this whole workbook family for consistency: 2026 actual covers approximately 9.5 months (1 Jan - 15 Sep).
A4: Annualization note: 2026 actual data is assumed to cover approximately 9.5 months (1 Jan - 15 Sep 2026), consistent with the rest of this workbook family. Scaled to a full year via a simple linear factor = 12 / 9.5 (≈ 1.263158) - straight-line extrapolation, does NOT account for seasonality. Treat as an estimate. | I4: Months in full year: | J4: 12 | K4: Months covered by 2026 actual (assumed 1/1–15/9): | L4: 9.5
A5: # DROP (sold 2025, 0 in 2026): | B5: =SUMPRODUCT(--(((C9:C41<>0)+(H9:H41<>0)>0)*((D9:D41=0)*(I9:I41=0)))) -> 1 | C5: # NEW (sold 2026, 0 in 2025): | D5: =SUMPRODUCT(--(((D9:D41<>0)+(I9:I41<>0)>0)*((C9:C41=0)*(H9:H41=0)))) -> 1 | I5: Normalization factor (J4/L4): | J5: =J4/L4 -> 1.2631579
A6: DROP — Quantity 2025: | B6: =SUMPRODUCT(--(((C9:C41<>0)+(H9:H41<>0)>0)*((D9:D41=0)*(I9:I41=0)))*C9:C41) -> -1 | C6: DROP — Amount 2025 (₪): | D6: =SUMPRODUCT(--(((C9:C41<>0)+(H9:H41<>0)>0)*((D9:D41=0)*(I9:I41=0)))*H9:H41) -> -62.43 | E6: NEW — Quantity 2026: | F6: =SUMPRODUCT(--(((D9:D41<>0)+(I9:I41<>0)>0)*((C9:C41=0)*(H9:H41=0)))*D9:D41) -> -2 | G6: NEW — Amount 2026 (₪): | H6: =SUMPRODUCT(--(((D9:D41<>0)+(I9:I41<>0)>0)*((C9:C41=0)*(H9:H41=0)))*I9:I41) -> -1176
A8: Product Code | B8: Item Display Name | C8: Quantity 2025 | D8: Quantity 2026 (Actual, partial year) | E8: Quantity 2026 (Annualized) | F8: Quantity Change (Annualized vs 2025) | G8: Quantity Change % (Annualized vs 2025) | H8: Amount 2025 (₪) | I8: Amount 2026 (Actual, partial year) (₪) | J8: Amount 2026 (Annualized) (₪) | K8: Amount Change (Annualized vs 2025) (₪) | L8: Amount Change % (Annualized vs 2025) | M8: Note
A9: KST422 0 | B9: =IFERROR(INDEX('Source'!$C:$C,MATCH($A9,'Source'!$B:$B,0)),"") -> מגן ברך עם כרית ג'ל | C9: =SUMIFS('Source'!$D:$D,'Source'!$A:$A,"112 - Kupat Holim Clalit",'Source'!$B:$B,$A9) -> 13299 | D9: =SUMIFS('Source'!$F:$F,'Source'!$A:$A,"112 - Kupat Holim Clalit",'Source'!$B:$B,$A9) -> 9589 | E9: =D9*$J$5 -> 12112.421 | F9: =E9-C9 -> -1186.5789 | G9: =IF(AND(C9=0,E9=0),0,IF(C9=0,"New",(E9-C9)/C9)) -> -0.089223171 | H9: =SUMIFS('Source'!$E:$E,'Source'!$A:$A,"112 - Kupat Holim Clalit",'Source'!$B:$B,$A9) -> 577794.6 | I9: =SUMIFS('Source'!$G:$G,'Source'!$A:$A,"112 - Kupat Holim Clalit",'Source'!$B:$B,$A9) -> 396984.6 | J9: =I9*$J$5 -> 501454.23 | K9: =J9-H9 -> -76340.368 | L9: =IF(AND(H9=0,J9=0),0,IF(H9=0,"New",(J9-H9)/H9)) -> -0.13212371 | M9: =IF(AND(OR(C9<>0,H9<>0),D9=0,I9=0),"DROP",IF(AND(OR(D9<>0,I9<>0),C9=0,H9=0),"NEW",""))
A10: K078 L | B10: =IFERROR(INDEX('Source'!$C:$C,MATCH($A10,'Source'!$B:$B,0)),"") -> חגורת גב+סגירה כפולה | C10: =SUMIFS('Source'!$D:$D,'Source'!$A:$A,"112 - Kupat Holim Clalit",'Source'!$B:$B,$A10) -> 7450 | D10: =SUMIFS('Source'!$F:$F,'Source'!$A:$A,"112 - Kupat Holim Clalit",'Source'!$B:$B,$A10) -> 5000 | E10: =D10*$J$5 -> 6315.7895 | F10: =E10-C10 -> -1134.2105 | G10: =IF(AND(C10=0,E10=0),0,IF(C10=0,"New",(E10-C10)/C10)) -> -0.15224302 | H10: =SUMIFS('Source'!$E:$E,'Source'!$A:$A,"112 - Kupat Holim Clalit",'Source'!$B:$B,$A10) -> 422328 | I10: =SUMIFS('Source'!$G:$G,'Source'!$A:$A,"112 - Kupat Holim Clalit",'Source'!$B:$B,$A10) -> 272050 | J10: =I10*$J$5 -> 343642.11 | K10: =J10-H10 -> -78685.895 | L10: =IF(AND(H10=0,J10=0),0,IF(H10=0,"New",(J10-H10)/H10)) -> -0.18631465 | M10: =IF(AND(OR(C10<>0,H10<>0),D10=0,I10=0),"DROP",IF(AND(OR(D10<>0,I10<>0),C10=0,H10=0),"NEW",""))
A11: K078 XL | B11: =IFERROR(INDEX('Source'!$C:$C,MATCH($A11,'Source'!$B:$B,0)),"") -> חגורת גב+סגירה כפולה | C11: =SUMIFS('Source'!$D:$D,'Source'!$A:$A,"112 - Kupat Holim Clalit",'Source'!$B:$B,$A11) -> 5850 | D11: =SUMIFS('Source'!$F:$F,'Source'!$A:$A,"112 - Kupat Holim Clalit",'Source'!$B:$B,$A11) -> 3700 | E11: =D11*$J$5 -> 4673.6842 | F11: =E11-C11 -> -1176.3158 | G11: =IF(AND(C11=0,E11=0),0,IF(C11=0,"New",(E11-C11)/C11)) -> -0.20107962 | H11: =SUMIFS('Source'!$E:$E,'Source'!$A:$A,"112 - Kupat Holim Clalit",'Source'!$B:$B,$A11) -> 332000 | I11: =SUMIFS('Source'!$G:$G,'Source'!$A:$A,"112 - Kupat Holim Clalit",'Source'!$B:$B,$A11) -> 201317 | J11: =I11*$J$5 -> 254295.16 | K11: =J11-H11 -> -77704.842 | L11: =IF(AND(H11=0,J11=0),0,IF(H11=0,"New",(J11-H11)/H11)) -> -0.23405073 | M11: =IF(AND(OR(C11<>0,H11<>0),D11=0,I11=0),"DROP",IF(AND(OR(D11<>0,I11<>0),C11=0,H11=0),"NEW",""))
A12: KST25 0 | B12: =IFERROR(INDEX('Source'!$C:$C,MATCH($A12,'Source'!$B:$B,0)),"") -> חבק יד | C12: =SUMIFS('Source'!$D:$D,'Source'!$A:$A,"112 - Kupat Holim Clalit",'Source'!$B:$B,$A12) -> 21480 | D12: =SUMIFS('Source'!$F:$F,'Source'!$A:$A,"112 - Kupat Holim Clalit",'Source'!$B:$B,$A12) -> 15110 | E12: =D12*$J$5 -> 19086.316 | F12: =E12-C12 -> -2393.6842 | G12: =IF(AND(C12=0,E12=0),0,IF(C12=0,"New",(E12-C12)/C12)) -> -0.11143781 | H12: =SUMIFS('Source'!$E:$E,'Source'!$A:$A,"112 - Kupat Holim Clalit",'Source'!$B:$B,$A12) -> 344287.2 | I12: =SUMIFS('Source'!$G:$G,'Source'!$A:$A,"112 - Kupat Holim Clalit",'Source'!$B:$B,$A12) -> 227103.3 | J12: =I12*$J$5 -> 286867.33 | K12: =J12-H12 -> -57419.874 | L12: =IF(AND(H12=0,J12=0),0,IF(H12=0,"New",(J12-H12)/H12)) -> -0.166779 | M12: =IF(AND(OR(C12<>0,H12<>0),D12=0,I12=0),"DROP",IF(AND(OR(D12<>0,I12<>0),C12=0,H12=0),"NEW",""))
A13: K078 M | B13: =IFERROR(INDEX('Source'!$C:$C,MATCH($A13,'Source'!$B:$B,0)),"") -> חגורת גב+סגירה כפולה | C13: =SUMIFS('Source'!$D:$D,'Source'!$A:$A,"112 - Kupat Holim Clalit",'Source'!$B:$B,$A13) -> 3800 | D13: =SUMIFS('Source'!$F:$F,'Source'!$A:$A,"112 - Kupat Holim Clalit",'Source'!$B:$B,$A13) -> 2200 | E13: =D13*$J$5 -> 2778.9474 | F13: =E13-C13 -> -1021.0526 | G13: =IF(AND(C13=0,E13=0),0,IF(C13=0,"New",(E13-C13)/C13)) -> -0.26869806 | H13: =SUMIFS('Source'!$E:$E,'Source'!$A:$A,"112 - Kupat Holim Clalit",'Source'!$B:$B,$A13) -> 215142.5 | I13: =SUMIFS('Source'!$G:$G,'Source'!$A:$A,"112 - Kupat Holim Clalit",'Source'!$B:$B,$A13) -> 119702 | J13: =I13*$J$5 -> 151202.53 | K13: =J13-H13 -> -63939.974 | L13: =IF(AND(H13=0,J13=0),0,IF(H13=0,"New",(J13-H13)/H13)) -> -0.29719825 | M13: =IF(AND(OR(C13<>0,H13<>0),D13=0,I13=0),"DROP",IF(AND(OR(D13<>0,I13<>0),C13=0,H13=0),"NEW",""))
A14: K078 XXL | B14: =IFERROR(INDEX('Source'!$C:$C,MATCH($A14,'Source'!$B:$B,0)),"") -> חגורת גב+סגירה כפולה | C14: =SUMIFS('Source'!$D:$D,'Source'!$A:$A,"112 - Kupat Holim Clalit",'Source'!$B:$B,$A14) -> 2565 | D14: =SUMIFS('Source'!$F:$F,'Source'!$A:$A,"112 - Kupat Holim Clalit",'Source'!$B:$B,$A14) -> 1305 | E14: =D14*$J$5 -> 1648.4211 | F14: =E14-C14 -> -916.57895 | G14: =IF(AND(C14=0,E14=0),0,IF(C14=0,"New",(E14-C14)/C14)) -> -0.35734072 | H14: =SUMIFS('Source'!$E:$E,'Source'!$A:$A,"112 - Kupat Holim Clalit",'Source'!$B:$B,$A14) -> 146555.55 | I14: =SUMIFS('Source'!$G:$G,'Source'!$A:$A,"112 - Kupat Holim Clalit",'Source'!$B:$B,$A14) -> 71005.05 | J14: =I14*$J$5 -> 89690.589 | K14: =J14-H14 -> -56864.961 | L14: =IF(AND(H14=0,J14=0),0,IF(H14=0,"New",(J14-H14)/H14)) -> -0.3880096 | M14: =IF(AND(OR(C14<>0,H14<>0),D14=0,I14=0),"DROP",IF(AND(OR(D14<>0,I14<>0),C14=0,H14=0),"NEW",""))
A15: KST27R 0 | B15: =IFERROR(INDEX('Source'!$C:$C,MATCH($A15,'Source'!$B:$B,0)),"") -> סד יד | C15: =SUMIFS('Source'!$D:$D,'Source'!$A:$A,"112 - Kupat Holim Clalit",'Source'!$B:$B,$A15) -> 5600 | D15: =SUMIFS('Source'!$F:$F,'Source'!$A:$A,"112 - Kupat Holim Clalit",'Source'!$B:$B,$A15) -> 3920 | E15: =D15*$J$5 -> 4951.5789 | F15: =E15-C15 -> -648.42105 | G15: =IF(AND(C15=0,E15=0),0,IF(C15=0,"New",(E15-C15)/C15)) -> -0.11578947 | H15: =SUMIFS('Source'!$E:$E,'Source'!$A:$A,"112 - Kupat Holim Clalit",'Source'!$B:$B,$A15) -> 135200 | I15: =SUMIFS('Source'!$G:$G,'Source'!$A:$A,"112 - Kupat Holim Clalit",'Source'!$B:$B,$A15) -> 88200 | J15: =I15*$J$5 -> 111410.53 | K15: =J15-H15 -> -23789.474 | L15: =IF(AND(H15=0,J15=0),0,IF(H15=0,"New",(J15-H15)/H15)) -> -0.17595765 | M15: =IF(AND(OR(C15<>0,H15<>0),D15=0,I15=0),"DROP",IF(AND(OR(D15<>0,I15<>0),C15=0,H15=0),"NEW",""))
A16: KST95 0 | B16: =IFERROR(INDEX('Source'!$C:$C,MATCH($A16,'Source'!$B:$B,0)),"") -> מגן מרפק | C16: =SUMIFS('Source'!$D:$D,'Source'!$A:$A,"112 - Kupat Holim Clalit",'Source'!$B:$B,$A16) -> 5040 | D16: =SUMIFS('Source'!$F:$F,'Source'!$A:$A,"112 - Kupat Holim Clalit",'Source'!$B:$B,$A16) -> 3360 | E16: =D16*$J$5 -> 4244.2105 | F16: =E16-C16 -> -795.78947 | G16: =IF(AND(C16=0,E16=0),0,IF(C16=0,"New",(E16-C16)/C16)) -> -0.15789474 | H16: =SUMIFS('Source'!$E:$E,'Source'!$A:$A,"112 - Kupat Holim Clalit",'Source'!$B:$B,$A16) -> 114775.2 | I16: =SUMIFS('Source'!$G:$G,'Source'!$A:$A,"112 - Kupat Holim Clalit",'Source'!$B:$B,$A16) -> 71467.2 | J16: =I16*$J$5 -> 90274.358 | K16: =J16-H16 -> -24500.842 | L16: =IF(AND(H16=0,J16=0),0,IF(H16=0,"New",(J16-H16)/H16)) -> -0.21346808 | M16: =IF(AND(OR(C16<>0,H16<>0),D16=0,I16=0),"DROP",IF(AND(OR(D16<>0,I16<>0),C16=0,H16=0),"NEW",""))
A17: K45 XL | B17: =IFERROR(INDEX('Source'!$C:$C,MATCH($A17,'Source'!$B:$B,0)),"") -> מגן ברך רגיל | C17: =SUMIFS('Source'!$D:$D,'Source'!$A:$A,"112 - Kupat Holim Clalit",'Source'!$B:$B,$A17) -> 9960 | D17: =SUMIFS('Source'!$F:$F,'Source'!$A:$A,"112 - Kupat Holim Clalit",'Source'!$B:$B,$A17) -> 6840 | E17: =D17*$J$5 -> 8640 | F17: =E17-C17 -> -1320 | G17: =IF(AND(C17=0,E17=0),0,IF(C17=0,"New",(E17-C17)/C17)) -> -0.13253012 | H17: =SUMIFS('Source'!$E:$E,'Source'!$A:$A,"112 - Kupat Holim Clalit",'Source'!$B:$B,$A17) -> 124737.6 | I17: =SUMIFS('Source'!$G:$G,'Source'!$A:$A,"112 - Kupat Holim Clalit",'Source'!$B:$B,$A17) -> 81806.4 | J17: =I17*$J$5 -> 103334.4 | K17: =J17-H17 -> -21403.2 | L17: =IF(AND(H17=0,J17=0),0,IF(H17=0,"New",(J17-H17)/H17)) -> -0.17158579 | M17: =IF(AND(OR(C17<>0,H17<>0),D17=0,I17=0),"DROP",IF(AND(OR(D17<>0,I17<>0),C17=0,H17=0),"NEW",""))
A18: K35 L | B18: =IFERROR(INDEX('Source'!$C:$C,MATCH($A18,'Source'!$B:$B,0)),"") -> מגן קרסול פתוח | C18: =SUMIFS('Source'!$D:$D,'Source'!$A:$A,"112 - Kupat Holim Clalit",'Source'!$B:$B,$A18) -> 7320 | D18: =SUMIFS('Source'!$F:$F,'Source'!$A:$A,"112 - Kupat Holim Clalit",'Source'!$B:$B,$A18) -> 4200 | E18: =D18*$J$5 -> 5305.2632 | F18: =E18-C18 -> -2014.7368 | G18: =IF(AND(C18=0,E18=0),0,IF(C18=0,"New",(E18-C18)/C18)) -> -0.27523727 | H18: =SUMIFS('Source'!$E:$E,'Source'!$A:$A,"112 - Kupat Holim Clalit",'Source'!$B:$B,$A18) -> 92964 | I18: =SUMIFS('Source'!$G:$G,'Source'!$A:$A,"112 - Kupat Holim Clalit",'Source'!$B:$B,$A18) -> 53340 | J18: =I18*$J$5 -> 67376.842 | K18: =J18-H18 -> -25587.158 | L18: =IF(AND(H18=0,J18=0),0,IF(H18=0,"New",(J18-H18)/H18)) -> -0.27523727 | M18: =IF(AND(OR(C18<>0,H18<>0),D18=0,I18=0),"DROP",IF(AND(OR(D18<>0,I18<>0),C18=0,H18=0),"NEW",""))
A19: KST37 0 | B19: =IFERROR(INDEX('Source'!$C:$C,MATCH($A19,'Source'!$B:$B,0)),"") -> מגן קרסול | C19: =SUMIFS('Source'!$D:$D,'Source'!$A:$A,"112 - Kupat Holim Clalit",'Source'!$B:$B,$A19) -> 7800 | D19: =SUMIFS('Source'!$F:$F,'Source'!$A:$A,"112 - Kupat Holim Clalit",'Source'!$B:$B,$A19) -> 6120 | E19: =D19*$J$5 -> 7730.5263 | F19: =E19-C19 -> -69.473684 | G19: =IF(AND(C19=0,E19=0),0,IF(C19=0,"New",(E19-C19)/C19)) -> -0.0089068826 | H19: =SUMIFS('Source'!$E:$E,'Source'!$A:$A,"112 - Kupat Holim Clalit",'Source'!$B:$B,$A19) -> 145066.8 | I19: =SUMIFS('Source'!$G:$G,'Source'!$A:$A,"112 - Kupat Holim Clalit",'Source'!$B:$B,$A19) -> 107283.6 | J19: =I19*$J$5 -> 135516.13 | K19: =J19-H19 -> -9550.6737 | L19: =IF(AND(H19=0,J19=0),0,IF(H19=0,"New",(J19-H19)/H19)) -> -0.065836385 | M19: =IF(AND(OR(C19<>0,H19<>0),D19=0,I19=0),"DROP",IF(AND(OR(D19<>0,I19<>0),C19=0,H19=0),"NEW",""))
A20: KST28 0 | B20: =IFERROR(INDEX('Source'!$C:$C,MATCH($A20,'Source'!$B:$B,0)),"") -> סד יד | C20: =SUMIFS('Source'!$D:$D,'Source'!$A:$A,"112 - Kupat Holim Clalit",'Source'!$B:$B,$A20) -> 6240 | D20: =SUMIFS('Source'!$F:$F,'Source'!$A:$A,"112 - Kupat Holim Clalit",'Source'!$B:$B,$A20) -> 4956 | E20: =D20*$J$5 -> 6260.2105 | F20: =E20-C20 -> 20.210526 | G20: =IF(AND(C20=0,E20=0),0,IF(C20=0,"New",(E20-C20)/C20)) -> 0.0032388664 | H20: =SUMIFS('Source'!$E:$E,'Source'!$A:$A,"112 - Kupat Holim Clalit",'Source'!$B:$B,$A20) -> 119520 | I20: =SUMIFS('Source'!$G:$G,'Source'!$A:$A,"112 - Kupat Holim Clalit",'Source'!$B:$B,$A20) -> 88216.8 | J20: =I20*$J$5 -> 111431.75 | K20: =J20-H20 -> -8088.2526 | L20: =IF(AND(H20=0,J20=0),0,IF(H20=0,"New",(J20-H20)/H20)) -> -0.067672796 | M20: =IF(AND(OR(C20<>0,H20<>0),D20=0,I20=0),"DROP",IF(AND(OR(D20<>0,I20<>0),C20=0,H20=0),"NEW",""))
... A41: ST27L 0 | B41: =IFERROR(INDEX('Source'!$C:$C,MATCH($A41,'Source'!$B:$B,0)),"") -> סד יד | C41: =SUMIFS('Source'!$D:$D,'Source'!$A:$A,"112 - Kupat Holim Clalit",'Source'!$B:$B,$A41) -> -1 | D41: =SUMIFS('Source'!$F:$F,'Source'!$A:$A,"112 - Kupat Holim Clalit",'Source'!$B:$B,$A41) -> 0 | E41: =D41*$J$5 -> 0 | F41: =E41-C41 -> 1 | G41: =IF(AND(C41=0,E41=0),0,IF(C41=0,"New",(E41-C41)/C41)) -> -1 | H41: =SUMIFS('Source'!$E:$E,'Source'!$A:$A,"112 - Kupat Holim Clalit",'Source'!$B:$B,$A41) -> -62.43 | I41: =SUMIFS('Source'!$G:$G,'Source'!$A:$A,"112 - Kupat Holim Clalit",'Source'!$B:$B,$A41) -> 0 | J41: =I41*$J$5 -> 0 | K41: =J41-H41 -> 62.43 | L41: =IF(AND(H41=0,J41=0),0,IF(H41=0,"New",(J41-H41)/H41)) -> -1 | M41: =IF(AND(OR(C41<>0,H41<>0),D41=0,I41=0),"DROP",IF(AND(OR(D41<>0,I41<>0),C41=0,H41=0),"NEW","")) -> DROP
B43: TOTAL | C43: =SUM(C9:C41) -> 152395 | D43: =SUM(D9:D41) -> 110137 | E43: =SUM(E9:E41) -> 139120.42 | F43: =SUM(F9:F41) -> -13274.579 | G43: =IF(C43=0,"N/A",F43/C43) -> -0.087106394 | H43: =SUM(H9:H41) -> 3809616.4 | I43: =SUM(I9:I41) -> 2569653 | J43: =SUM(J9:J41) -> 3245877.5 | K43: =SUM(K9:K41) -> -563738.88 | L43: =IF(H43=0,"N/A",K43/H43) -> -0.14797786

Sheet 113 - Kupat Holim Meuhedet
A1: Sales Comparison 2025 vs 2026 (Annualized) - Sale Type: 113 - Kupat Holim Meuhedet (by Product CODE)
A2: Calculation date: | B2: 46284
A3: Source: NetSuite report "1-Sales: Customer by Item" (01/01/2025-31/12/2026), Sale Type = "113 - Kupat Holim Meuhedet" only (exact match on the "Sale Type" column, per the canonical 31-value list in the source file’s "list" sheet). Product CODE = column "Item: Name" (F in the original report) - NOT "Item: Name (Grouped)" (E), which carries a PARENT prefix. 2025 = columns J/K (Quantity/Amount Net); 2026 = columns O/P. Multiple rows per CODE per Sale Type (one per unit-price tier / customer within this category) are summed (SUMIFS) per CODE, not taken from a single row. Raw rows kept unchanged in the shared "Source" sheet (filtered to only these 31 categories - built-in "Total"/"Total - <category>"/"- Unassigned -" rows excluded to avoid double-counting). IMPORTANT: the source file’s own header states the report range as "01 January 2025 - 31 December 2026", but has no per-row date/timestamp field, so the exact 2026 cutoff cannot be verified from the data itself. Same assumption used across this whole workbook family for consistency: 2026 actual covers approximately 9.5 months (1 Jan - 15 Sep).
A4: Annualization note: 2026 actual data is assumed to cover approximately 9.5 months (1 Jan - 15 Sep 2026), consistent with the rest of this workbook family. Scaled to a full year via a simple linear factor = 12 / 9.5 (≈ 1.263158) - straight-line extrapolation, does NOT account for seasonality. Treat as an estimate. | I4: Months in full year: | J4: 12 | K4: Months covered by 2026 actual (assumed 1/1–15/9): | L4: 9.5
A5: # DROP (sold 2025, 0 in 2026): | B5: =SUMPRODUCT(--(((C9:C240<>0)+(H9:H240<>0)>0)*((D9:D240=0)*(I9:I240=0)))) -> 26 | C5: # NEW (sold 2026, 0 in 2025): | D5: =SUMPRODUCT(--(((D9:D240<>0)+(I9:I240<>0)>0)*((C9:C240=0)*(H9:H240=0)))) -> 9 | I5: Normalization factor (J4/L4): | J5: =J4/L4 -> 1.2631579
A6: DROP — Quantity 2025: | B6: =SUMPRODUCT(--(((C9:C240<>0)+(H9:H240<>0)>0)*((D9:D240=0)*(I9:I240=0)))*C9:C240) -> 301 | C6: DROP — Amount 2025 (₪): | D6: =SUMPRODUCT(--(((C9:C240<>0)+(H9:H240<>0)>0)*((D9:D240=0)*(I9:I240=0)))*H9:H240) -> 12248.01 | E6: NEW — Quantity 2026: | F6: =SUMPRODUCT(--(((D9:D240<>0)+(I9:I240<>0)>0)*((C9:C240=0)*(H9:H240=0)))*D9:D240) -> 23 | G6: NEW — Amount 2026 (₪): | H6: =SUMPRODUCT(--(((D9:D240<>0)+(I9:I240<>0)>0)*((C9:C240=0)*(H9:H240=0)))*I9:I240) -> 1236.65
A8: Product Code | B8: Item Display Name | C8: Quantity 2025 | D8: Quantity 2026 (Actual, partial year) | E8: Quantity 2026 (Annualized) | F8: Quantity Change (Annualized vs 2025) | G8: Quantity Change % (Annualized vs 2025) | H8: Amount 2025 (₪) | I8: Amount 2026 (Actual, partial year) (₪) | J8: Amount 2026 (Annualized) (₪) | K8: Amount Change (Annualized vs 2025) (₪) | L8: Amount Change % (Annualized vs 2025) | M8: Note
A9: 266 0 | B9: =IFERROR(INDEX('Source'!$C:$C,MATCH($A9,'Source'!$B:$B,0)),"") -> סד יד דו צדדי | C9: =SUMIFS('Source'!$D:$D,'Source'!$A:$A,"113 - Kupat Holim Meuhedet",'Source'!$B:$B,$A9) -> 1741 | D9: =SUMIFS('Source'!$F:$F,'Source'!$A:$A,"113 - Kupat Holim Meuhedet",'Source'!$B:$B,$A9) -> 471 | E9: =D9*$J$5 -> 594.94737 | F9: =E9-C9 -> -1146.0526 | G9: =IF(AND(C9=0,E9=0),0,IF(C9=0,"New",(E9-C9)/C9)) -> -0.65827262 | H9: =SUMIFS('Source'!$E:$E,'Source'!$A:$A,"113 - Kupat Holim Meuhedet",'Source'!$B:$B,$A9) -> 79215.5 | I9: =SUMIFS('Source'!$G:$G,'Source'!$A:$A,"113 - Kupat Holim Meuhedet",'Source'!$B:$B,$A9) -> 21430.5 | J9: =I9*$J$5 -> 27070.105 | K9: =J9-H9 -> -52145.395 | L9: =IF(AND(H9=0,J9=0),0,IF(H9=0,"New",(J9-H9)/H9)) -> -0.65827262 | M9: =IF(AND(OR(C9<>0,H9<>0),D9=0,I9=0),"DROP",IF(AND(OR(D9<>0,I9<>0),C9=0,H9=0),"NEW",""))
A10: 268 0 | B10: =IFERROR(INDEX('Source'!$C:$C,MATCH($A10,'Source'!$B:$B,0)),"") -> סד לתמיכה פרק כף יד ואגודל | C10: =SUMIFS('Source'!$D:$D,'Source'!$A:$A,"113 - Kupat Holim Meuhedet",'Source'!$B:$B,$A10) -> 671 | D10: =SUMIFS('Source'!$F:$F,'Source'!$A:$A,"113 - Kupat Holim Meuhedet",'Source'!$B:$B,$A10) -> 218 | E10: =D10*$J$5 -> 275.36842 | F10: =E10-C10 -> -395.63158 | G10: =IF(AND(C10=0,E10=0),0,IF(C10=0,"New",(E10-C10)/C10)) -> -0.58961487 | H10: =SUMIFS('Source'!$E:$E,'Source'!$A:$A,"113 - Kupat Holim Meuhedet",'Source'!$B:$B,$A10) -> 52203.8 | I10: =SUMIFS('Source'!$G:$G,'Source'!$A:$A,"113 - Kupat Holim Meuhedet",'Source'!$B:$B,$A10) -> 16960.4 | J10: =I10*$J$5 -> 21423.663 | K10: =J10-H10 -> -30780.137 | L10: =IF(AND(H10=0,J10=0),0,IF(H10=0,"New",(J10-H10)/H10)) -> -0.58961487 | M10: =IF(AND(OR(C10<>0,H10<>0),D10=0,I10=0),"DROP",IF(AND(OR(D10<>0,I10<>0),C10=0,H10=0),"NEW",""))
