Workbook

Sheet Index
A1: ITEMDIS — International Distribution Product List, 2025 vs 2026 (Normalized)
A2: Calculation date: | B2: 46290
A3: Technical note (not a conclusion): Same methodology as ITEMISR. "Main List" merges the 15 international distribution Sale Types from kirill/outputs/2026-09-20-salestype-2025-vs-2026.xlsx ("Source" sheet) by product - matched to CHEMIPAL Code via TRANS (primary) then the "חנה_1" Catalog (fallback), exact then whitespace-normalized; unmatched items kept as their own row (raw item name as key), not dropped. "301 - Amazon" is EXCLUDED from Main List and kept on its own standalone sheet - not part of any consolidated total (mirrors the 111/112 pattern in ITEMISR). No 0.91 factor anywhere in this file (pure SALES/NetSuite source). 2026 normalized to a full year (×12/9.5). DROP/NEW uses a near-zero tolerance (ROUND(...,2)=0 instead of exact equality) from the start, per the fix applied elsewhere this session. Match rates vary significantly by category (as low as ~19-34% of amount for Switzerland/Spain) - this is expected given each distributor uses its own SKU-naming convention not fully covered by TRANS/Catalog, not a data error; unmatched rows are kept, never guessed or dropped.
A5: Sheet map
A6: Sheet | B6: Contents
A7: Main List | B7: Merged by product across all 15 ITEMDIS categories except 301-Amazon, sorted by Qty 2026 desc, DROP/NEW colored.
A8: 301 - Amazon | B8: Standalone - not in Main List or any consolidated total. Sale Type "301 - Amazon", matched via TRANS/Catalog. Cross-validated against the source file's own native "301 - Amazon" DROP/NEW totals.
A9: SALES Raw | B9: Pre-aggregated item-level data (per category+item) for all 16 ITEMDIS categories, with live CHEMIPAL Code match + scope helper columns.
A10: TRANS | B10: Crosswalk table (short NetSuite-style item codes -> CHEMIPAL Code) - primary match source.
A11: Catalog | B11: Global מק"ט <-> item-name catalog ("חנה_1", PPLAY1-format) - fallback match source.
A13: Summary
A14: Sheet | B14: # Rows | C14: Qty 2025 | D14: Amt 2025 (₪) | E14: Qty 2026 (norm) | F14: Amt 2026 (norm, ₪) | G14: # DROP | H14: # NEW
A15: Main List | B15: 557 | C15: 145075 | D15: 3269265.6 | E15: 132547 | F15: 2649713.9 | G15: 129 | H15: 45
A16: 301 - Amazon | B16: 79 | C16: 27158 | D16: 2705391.2 | E16: 23757 | F16: 2062598.9 | G16: 17 | H16: 6
A18: Per-category match rate (Main List, 15 categories + Amazon shown separately)
A19: Category | B19: # Items | C19: # Unmatched | D19: Qty match % | E19: Amt match %
A20: 202 - Super-Pharm POLAND | B20: 136 | C20: 15 | D20: 0.7937 | E20: 0.7785
A21: 201- Seven Gear FINLAND oy | B21: 49 | C21: 5 | D21: 0.9518 | E21: 0.926
A22: 216 - Max Konnaris CYPRUS | B22: 246 | C22: 33 | D22: 0.8522 | E22: 0.8475
A23: 200 - ROW : 217 - N3W FOODS USA | B23: 6 | C23: 1 | D23: 1 | E23: 1
A24: 205 - Health Care Prod. Gmbh GERMANY | B24: 38 | C24: 9 | D24: 0.9825 | E24: 0.9621
A25: 301 - Amazon | B25: 80 | C25: 58 | D25: 0.632 | E25: 0.4268
A26: 206 - Orthomed Ltd BULGARIA | B26: 87 | C26: 15 | D26: 0.8646 | E26: 0.7472
A27: 203 - Ortho- Partner ag SWITZERLAND | B27: 112 | C27: 45 | D27: 0.3391 | E27: 0.1866
A28: 210 - Oy. Ea. Ab. FINLAND | B28: 184 | C28: 50 | D28: 0.7982 | E28: 0.7787
A29: 204 - Sanaflex Anatomic GREECE | B29: 205 | C29: 44 | D29: 0.8927 | E29: 0.8627
A30: 214 - Alfred Gera& Sons Ltd. MALTA | B30: 22 | C30: 1 | D30: 1 | E30: 1
A31: 211 - Pharmag Lachmair Ges. Mbh AUSTRIA | B31: 33 | C31: 12 | D31: 0.6837 | E31: 0.6929
... A35: 209 - Ortoprofil Prod ROMANIA | B35: 92 | C35: 10 | D35: 0.8341 | E35: 0.8154

Sheet Main List
A1: Main List — merged by product, 15 sources (all ITEMDIS categories except 301-Amazon)
A2: Calculation date: | B2: 46290
A3: Technical note (not a conclusion): merges the 15 international-distribution Sale Types from kirill/outputs/2026-09-20-salestype-2025-vs-2026.xlsx (Source sheet), matched to CHEMIPAL Code via TRANS (primary) then the "חנה_1" Catalog (fallback), exact then whitespace-normalized. Each CHEMIPAL Code / raw item name appears ONCE, Quantity/Amount summed across all 15 categories that report it. CHEMIPAL Code blank when unmatched (kept as its own row, keyed by raw item name - not dropped). "301 - Amazon" is EXCLUDED here and kept on its own standalone sheet - not part of this Main List or any consolidated total, per instruction (mirrors the 111/112 pattern in the ITEMISR file). No 0.91 factor anywhere in this file (pure SALES/NetSuite source, not PPLAY1). 2026 normalized to a full year (×12/9.5). DROP/NEW classification uses a near-zero tolerance (ROUND(...,2)=0) instead of exact equality, to avoid floating-point residue misclassifying a true zero as nonzero (per the fix applied across the other files in this session — built in here from the start). Sorted by Quantity 2026 (normalized), descending. RED = DROP, GREEN = NEW.
A4: Normalization factor (2026, full year): | G4: Factor (12/9.5): | H4: =12/9.5 -> 1.2631579
A6: CHEMIPAL Code | B6: ITEM NAME | C6: שם מוצר | D6: כמות 2025 | E6: כסף 2025 (₪) | F6: כמות 2026 (מנורמל) | G6: כסף 2026 (מנורמל, ₪) | H6: Top Source | I6: 2nd Source | J6: Internal Product Key (audit)
A7: =IF(ISNUMBER($J7),$J7,"") -> 4408267 | B7: =IFERROR(INDEX('SALES Raw'!$B$6:$B$1634,MATCH($J7,'SALES Raw'!$J$6:$J$1634,0)),$J7) -> ST25 0 | C7: =IF(ISNUMBER($J7),IFERROR(INDEX('TRANS'!$C:$C,MATCH($J7,'TRANS'!$B:$B,0)),IFERROR(INDEX('Catalog'!$B:$B,MATCH($J7,'Catalog'!$A:$A,0)),$B7)),$B7) -> ST25 חבק שורש לכף היד | D7: =SUMIFS('SALES Raw'!$C$6:$C$1634,'SALES Raw'!$J$6:$J$1634,$J7,'SALES Raw'!$K$6:$K$1634,"Y") -> 5918 | E7: =SUMIFS('SALES Raw'!$D$6:$D$1634,'SALES Raw'!$J$6:$J$1634,$J7,'SALES Raw'!$K$6:$K$1634,"Y") -> 82554.57 | F7: =SUMIFS('SALES Raw'!$E$6:$E$1634,'SALES Raw'!$J$6:$J$1634,$J7,'SALES Raw'!$K$6:$K$1634,"Y")*$H$4 -> 8182.7368 | G7: =SUMIFS('SALES Raw'!$F$6:$F$1634,'SALES Raw'!$J$6:$J$1634,$J7,'SALES Raw'!$K$6:$K$1634,"Y")*$H$4 -> 113752.76 | H7: 207 - Salus HUNGARY | I7: 211 - Pharmag Lachmair Ges. Mbh AUSTRIA | J7: 4408267
A8: =IF(ISNUMBER($J8),$J8,"") -> 4401002 | B8: =IFERROR(INDEX('SALES Raw'!$B$6:$B$1634,MATCH($J8,'SALES Raw'!$J$6:$J$1634,0)),$J8) -> PD344 0 | C8: =IF(ISNUMBER($J8),IFERROR(INDEX('TRANS'!$C:$C,MATCH($J8,'TRANS'!$B:$B,0)),IFERROR(INDEX('Catalog'!$B:$B,MATCH($J8,'Catalog'!$A:$A,0)),$B8)),$B8) -> PD 344-אבן טבעית להסרת עור קשה | D8: =SUMIFS('SALES Raw'!$C$6:$C$1634,'SALES Raw'!$J$6:$J$1634,$J8,'SALES Raw'!$K$6:$K$1634,"Y") -> 4400 | E8: =SUMIFS('SALES Raw'!$D$6:$D$1634,'SALES Raw'!$J$6:$J$1634,$J8,'SALES Raw'!$K$6:$K$1634,"Y") -> 20662.34 | F8: =SUMIFS('SALES Raw'!$E$6:$E$1634,'SALES Raw'!$J$6:$J$1634,$J8,'SALES Raw'!$K$6:$K$1634,"Y")*$H$4 -> 7200 | G8: =SUMIFS('SALES Raw'!$F$6:$F$1634,'SALES Raw'!$J$6:$J$1634,$J8,'SALES Raw'!$K$6:$K$1634,"Y")*$H$4 -> 30682.535 | H8: 205 - Health Care Prod. Gmbh GERMANY | J8: 4401002
A9: =IF(ISNUMBER($J9),$J9,"") | B9: =IFERROR(INDEX('SALES Raw'!$B$6:$B$1634,MATCH($J9,'SALES Raw'!$J$6:$J$1634,0)),$J9) -> ST45X 0 | C9: =IF(ISNUMBER($J9),IFERROR(INDEX('TRANS'!$C:$C,MATCH($J9,'TRANS'!$B:$B,0)),IFERROR(INDEX('Catalog'!$B:$B,MATCH($J9,'Catalog'!$A:$A,0)),$B9)),$B9) -> ST45X 0 | D9: =SUMIFS('SALES Raw'!$C$6:$C$1634,'SALES Raw'!$J$6:$J$1634,$J9,'SALES Raw'!$K$6:$K$1634,"Y") -> 2423 | E9: =SUMIFS('SALES Raw'!$D$6:$D$1634,'SALES Raw'!$J$6:$J$1634,$J9,'SALES Raw'!$K$6:$K$1634,"Y") -> 43468.16 | F9: =SUMIFS('SALES Raw'!$E$6:$E$1634,'SALES Raw'!$J$6:$J$1634,$J9,'SALES Raw'!$K$6:$K$1634,"Y")*$H$4 -> 4172.2105 | G9: =SUMIFS('SALES Raw'!$F$6:$F$1634,'SALES Raw'!$J$6:$J$1634,$J9,'SALES Raw'!$K$6:$K$1634,"Y")*$H$4 -> 69031.213 | H9: 207 - Salus HUNGARY | I9: 213 - E.f.m.o. SPAIN | J9: ST45X 0
A10: =IF(ISNUMBER($J10),$J10,"") -> 4421000 | B10: =IFERROR(INDEX('SALES Raw'!$B$6:$B$1634,MATCH($J10,'SALES Raw'!$J$6:$J$1634,0)),$J10) -> 3655 0 | C10: =IF(ISNUMBER($J10),IFERROR(INDEX('TRANS'!$C:$C,MATCH($J10,'TRANS'!$B:$B,0)),IFERROR(INDEX('Catalog'!$B:$B,MATCH($J10,'Catalog'!$A:$A,0)),$B10)),$B10) -> 3655 שרוול מסיליקון לאצבע | D10: =SUMIFS('SALES Raw'!$C$6:$C$1634,'SALES Raw'!$J$6:$J$1634,$J10,'SALES Raw'!$K$6:$K$1634,"Y") -> 3370 | E10: =SUMIFS('SALES Raw'!$D$6:$D$1634,'SALES Raw'!$J$6:$J$1634,$J10,'SALES Raw'!$K$6:$K$1634,"Y") -> 33479.31 | F10: =SUMIFS('SALES Raw'!$E$6:$E$1634,'SALES Raw'!$J$6:$J$1634,$J10,'SALES Raw'!$K$6:$K$1634,"Y")*$H$4 -> 3786.9474 | G10: =SUMIFS('SALES Raw'!$F$6:$F$1634,'SALES Raw'!$J$6:$J$1634,$J10,'SALES Raw'!$K$6:$K$1634,"Y")*$H$4 -> 33298.434 | H10: 205 - Health Care Prod. Gmbh GERMANY | I10: 207 - Salus HUNGARY | J10: 4421000
A11: =IF(ISNUMBER($J11),$J11,"") -> 4422000 | B11: =IFERROR(INDEX('SALES Raw'!$B$6:$B$1634,MATCH($J11,'SALES Raw'!$J$6:$J$1634,0)),$J11) -> 801 0 | C11: =IF(ISNUMBER($J11),IFERROR(INDEX('TRANS'!$C:$C,MATCH($J11,'TRANS'!$B:$B,0)),IFERROR(INDEX('Catalog'!$B:$B,MATCH($J11,'Catalog'!$A:$A,0)),$B11)),$B11) -> 801 תחבושת אלסטית מקררת | D11: =SUMIFS('SALES Raw'!$C$6:$C$1634,'SALES Raw'!$J$6:$J$1634,$J11,'SALES Raw'!$K$6:$K$1634,"Y") -> 3155 | E11: =SUMIFS('SALES Raw'!$D$6:$D$1634,'SALES Raw'!$J$6:$J$1634,$J11,'SALES Raw'!$K$6:$K$1634,"Y") -> 34776.77 | F11: =SUMIFS('SALES Raw'!$E$6:$E$1634,'SALES Raw'!$J$6:$J$1634,$J11,'SALES Raw'!$K$6:$K$1634,"Y")*$H$4 -> 3776.8421 | G11: =SUMIFS('SALES Raw'!$F$6:$F$1634,'SALES Raw'!$J$6:$J$1634,$J11,'SALES Raw'!$K$6:$K$1634,"Y")*$H$4 -> 37543.187 | H11: 205 - Health Care Prod. Gmbh GERMANY | I11: 202 - Super-Pharm POLAND | J11: 4422000
A12: =IF(ISNUMBER($J12),$J12,"") -> 4408207 | B12: =IFERROR(INDEX('SALES Raw'!$B$6:$B$1634,MATCH($J12,'SALES Raw'!$J$6:$J$1634,0)),$J12) -> AC25 0 | C12: =IF(ISNUMBER($J12),IFERROR(INDEX('TRANS'!$C:$C,MATCH($J12,'TRANS'!$B:$B,0)),IFERROR(INDEX('Catalog'!$B:$B,MATCH($J12,'Catalog'!$A:$A,0)),$B12)),$B12) -> AC-25 חבק לשורש כף היד | D12: =SUMIFS('SALES Raw'!$C$6:$C$1634,'SALES Raw'!$J$6:$J$1634,$J12,'SALES Raw'!$K$6:$K$1634,"Y") -> 3919 | E12: =SUMIFS('SALES Raw'!$D$6:$D$1634,'SALES Raw'!$J$6:$J$1634,$J12,'SALES Raw'!$K$6:$K$1634,"Y") -> 63285.34 | F12: =SUMIFS('SALES Raw'!$E$6:$E$1634,'SALES Raw'!$J$6:$J$1634,$J12,'SALES Raw'!$K$6:$K$1634,"Y")*$H$4 -> 3645.4737 | G12: =SUMIFS('SALES Raw'!$F$6:$F$1634,'SALES Raw'!$J$6:$J$1634,$J12,'SALES Raw'!$K$6:$K$1634,"Y")*$H$4 -> 53520.846 | H12: 207 - Salus HUNGARY | I12: 204 - Sanaflex Anatomic GREECE | J12: 4408207
A13: =IF(ISNUMBER($J13),$J13,"") -> 4415028 | B13: =IFERROR(INDEX('SALES Raw'!$B$6:$B$1634,MATCH($J13,'SALES Raw'!$J$6:$J$1634,0)),$J13) -> AC28 0 | C13: =IF(ISNUMBER($J13),IFERROR(INDEX('TRANS'!$C:$C,MATCH($J13,'TRANS'!$B:$B,0)),IFERROR(INDEX('Catalog'!$B:$B,MATCH($J13,'Catalog'!$A:$A,0)),$B13)),$B13) -> AC-28 סד לאגודל | D13: =SUMIFS('SALES Raw'!$C$6:$C$1634,'SALES Raw'!$J$6:$J$1634,$J13,'SALES Raw'!$K$6:$K$1634,"Y") -> 2555 | E13: =SUMIFS('SALES Raw'!$D$6:$D$1634,'SALES Raw'!$J$6:$J$1634,$J13,'SALES Raw'!$K$6:$K$1634,"Y") -> 41350.21 | F13: =SUMIFS('SALES Raw'!$E$6:$E$1634,'SALES Raw'!$J$6:$J$1634,$J13,'SALES Raw'!$K$6:$K$1634,"Y")*$H$4 -> 2418.9474 | G13: =SUMIFS('SALES Raw'!$F$6:$F$1634,'SALES Raw'!$J$6:$J$1634,$J13,'SALES Raw'!$K$6:$K$1634,"Y")*$H$4 -> 36333.171 | H13: 204 - Sanaflex Anatomic GREECE | I13: 202 - Super-Pharm POLAND | J13: 4415028
A14: =IF(ISNUMBER($J14),$J14,"") -> 4422024 | B14: =IFERROR(INDEX('SALES Raw'!$B$6:$B$1634,MATCH($J14,'SALES Raw'!$J$6:$J$1634,0)),$J14) -> 806CB-B | C14: =IF(ISNUMBER($J14),IFERROR(INDEX('TRANS'!$C:$C,MATCH($J14,'TRANS'!$B:$B,0)),IFERROR(INDEX('Catalog'!$B:$B,MATCH($J14,'Catalog'!$A:$A,0)),$B14)),$B14) -> 806CB-BLACK תחבושת א.נצמ | D14: =SUMIFS('SALES Raw'!$C$6:$C$1634,'SALES Raw'!$J$6:$J$1634,$J14,'SALES Raw'!$K$6:$K$1634,"Y") -> 3124 | E14: =SUMIFS('SALES Raw'!$D$6:$D$1634,'SALES Raw'!$J$6:$J$1634,$J14,'SALES Raw'!$K$6:$K$1634,"Y") -> 23525.18 | F14: =SUMIFS('SALES Raw'!$E$6:$E$1634,'SALES Raw'!$J$6:$J$1634,$J14,'SALES Raw'!$K$6:$K$1634,"Y")*$H$4 -> 2243.3684 | G14: =SUMIFS('SALES Raw'!$F$6:$F$1634,'SALES Raw'!$J$6:$J$1634,$J14,'SALES Raw'!$K$6:$K$1634,"Y")*$H$4 -> 15205.895 | H14: 202 - Super-Pharm POLAND | I14: 207 - Salus HUNGARY | J14: 4422024
A15: =IF(ISNUMBER($J15),$J15,"") -> 4422023 | B15: =IFERROR(INDEX('SALES Raw'!$B$6:$B$1634,MATCH($J15,'SALES Raw'!$J$6:$J$1634,0)),$J15) -> 806CB-C | C15: =IF(ISNUMBER($J15),IFERROR(INDEX('TRANS'!$C:$C,MATCH($J15,'TRANS'!$B:$B,0)),IFERROR(INDEX('Catalog'!$B:$B,MATCH($J15,'Catalog'!$A:$A,0)),$B15)),$B15) -> 806CB-BEIGE תחבושת א.נצמ | D15: =SUMIFS('SALES Raw'!$C$6:$C$1634,'SALES Raw'!$J$6:$J$1634,$J15,'SALES Raw'!$K$6:$K$1634,"Y") -> 2610 | E15: =SUMIFS('SALES Raw'!$D$6:$D$1634,'SALES Raw'!$J$6:$J$1634,$J15,'SALES Raw'!$K$6:$K$1634,"Y") -> 19811.07 | F15: =SUMIFS('SALES Raw'!$E$6:$E$1634,'SALES Raw'!$J$6:$J$1634,$J15,'SALES Raw'!$K$6:$K$1634,"Y")*$H$4 -> 2122.1053 | G15: =SUMIFS('SALES Raw'!$F$6:$F$1634,'SALES Raw'!$J$6:$J$1634,$J15,'SALES Raw'!$K$6:$K$1634,"Y")*$H$4 -> 14397.726 | H15: 202 - Super-Pharm POLAND | I15: 207 - Salus HUNGARY | J15: 4422023
A16: =IF(ISNUMBER($J16),$J16,"") | B16: =IFERROR(INDEX('SALES Raw'!$B$6:$B$1634,MATCH($J16,'SALES Raw'!$J$6:$J$1634,0)),$J16) -> 49PS L | C16: =IF(ISNUMBER($J16),IFERROR(INDEX('TRANS'!$C:$C,MATCH($J16,'TRANS'!$B:$B,0)),IFERROR(INDEX('Catalog'!$B:$B,MATCH($J16,'Catalog'!$A:$A,0)),$B16)),$B16) -> 49PS L | D16: =SUMIFS('SALES Raw'!$C$6:$C$1634,'SALES Raw'!$J$6:$J$1634,$J16,'SALES Raw'!$K$6:$K$1634,"Y") -> 961 | E16: =SUMIFS('SALES Raw'!$D$6:$D$1634,'SALES Raw'!$J$6:$J$1634,$J16,'SALES Raw'!$K$6:$K$1634,"Y") -> 56565.47 | F16: =SUMIFS('SALES Raw'!$E$6:$E$1634,'SALES Raw'!$J$6:$J$1634,$J16,'SALES Raw'!$K$6:$K$1634,"Y")*$H$4 -> 2014.7368 | G16: =SUMIFS('SALES Raw'!$F$6:$F$1634,'SALES Raw'!$J$6:$J$1634,$J16,'SALES Raw'!$K$6:$K$1634,"Y")*$H$4 -> 112001.57 | H16: 203 - Ortho- Partner ag SWITZERLAND | J16: 49PS L
A17: =IF(ISNUMBER($J17),$J17,"") -> 4413328 | B17: =IFERROR(INDEX('SALES Raw'!$B$6:$B$1634,MATCH($J17,'SALES Raw'!$J$6:$J$1634,0)),$J17) -> AC43D 0 | C17: =IF(ISNUMBER($J17),IFERROR(INDEX('TRANS'!$C:$C,MATCH($J17,'TRANS'!$B:$B,0)),IFERROR(INDEX('Catalog'!$B:$B,MATCH($J17,'Catalog'!$A:$A,0)),$B17)),$B17) -> AC43D מגן ברך + צירים | D17: =SUMIFS('SALES Raw'!$C$6:$C$1634,'SALES Raw'!$J$6:$J$1634,$J17,'SALES Raw'!$K$6:$K$1634,"Y") -> 2124 | E17: =SUMIFS('SALES Raw'!$D$6:$D$1634,'SALES Raw'!$J$6:$J$1634,$J17,'SALES Raw'!$K$6:$K$1634,"Y") -> 101797.75 | F17: =SUMIFS('SALES Raw'!$E$6:$E$1634,'SALES Raw'!$J$6:$J$1634,$J17,'SALES Raw'!$K$6:$K$1634,"Y")*$H$4 -> 1777.2632 | G17: =SUMIFS('SALES Raw'!$F$6:$F$1634,'SALES Raw'!$J$6:$J$1634,$J17,'SALES Raw'!$K$6:$K$1634,"Y")*$H$4 -> 78322.004 | H17: 207 - Salus HUNGARY | I17: 204 - Sanaflex Anatomic GREECE | J17: 4413328
A18: =IF(ISNUMBER($J18),$J18,"") | B18: =IFERROR(INDEX('SALES Raw'!$B$6:$B$1634,MATCH($J18,'SALES Raw'!$J$6:$J$1634,0)),$J18) -> 808KTP-C | C18: =IF(ISNUMBER($J18),IFERROR(INDEX('TRANS'!$C:$C,MATCH($J18,'TRANS'!$B:$B,0)),IFERROR(INDEX('Catalog'!$B:$B,MATCH($J18,'Catalog'!$A:$A,0)),$B18)),$B18) -> 808KTP-C | D18: =SUMIFS('SALES Raw'!$C$6:$C$1634,'SALES Raw'!$J$6:$J$1634,$J18,'SALES Raw'!$K$6:$K$1634,"Y") -> 1700 | E18: =SUMIFS('SALES Raw'!$D$6:$D$1634,'SALES Raw'!$J$6:$J$1634,$J18,'SALES Raw'!$K$6:$K$1634,"Y") -> 32023.54 | F18: =SUMIFS('SALES Raw'!$E$6:$E$1634,'SALES Raw'!$J$6:$J$1634,$J18,'SALES Raw'!$K$6:$K$1634,"Y")*$H$4 -> 1768.4211 | G18: =SUMIFS('SALES Raw'!$F$6:$F$1634,'SALES Raw'!$J$6:$J$1634,$J18,'SALES Raw'!$K$6:$K$1634,"Y")*$H$4 -> 29027.608 | H18: 202 - Super-Pharm POLAND | J18: 808KTP-C
A19: =IF(ISNUMBER($J19),$J19,"") -> 4422026 | B19: =IFERROR(INDEX('SALES Raw'!$B$6:$B$1634,MATCH($J19,'SALES Raw'!$J$6:$J$1634,0)),$J19) -> 806CB-P | C19: =IF(ISNUMBER($J19),IFERROR(INDEX('TRANS'!$C:$C,MATCH($J19,'TRANS'!$B:$B,0)),IFERROR(INDEX('Catalog'!$B:$B,MATCH($J19,'Catalog'!$A:$A,0)),$B19)),$B19) -> 806CB-PINK תחבושת א.נצמ | D19: =SUMIFS('SALES Raw'!$C$6:$C$1634,'SALES Raw'!$J$6:$J$1634,$J19,'SALES Raw'!$K$6:$K$1634,"Y") -> 1915 | E19: =SUMIFS('SALES Raw'!$D$6:$D$1634,'SALES Raw'!$J$6:$J$1634,$J19,'SALES Raw'!$K$6:$K$1634,"Y") -> 14493.04 | F19: =SUMIFS('SALES Raw'!$E$6:$E$1634,'SALES Raw'!$J$6:$J$1634,$J19,'SALES Raw'!$K$6:$K$1634,"Y")*$H$4 -> 1695.1579 | G19: =SUMIFS('SALES Raw'!$F$6:$F$1634,'SALES Raw'!$J$6:$J$1634,$J19,'SALES Raw'!$K$6:$K$1634,"Y")*$H$4 -> 11593.149 | H19: 202 - Super-Pharm POLAND | I19: 207 - Salus HUNGARY | J19: 4422026
A20: =IF(ISNUMBER($J20),$J20,"") | B20: =IFERROR(INDEX('SALES Raw'!$B$6:$B$1634,MATCH($J20,'SALES Raw'!$J$6:$J$1634,0)),$J20) -> 808KTP-B | C20: =IF(ISNUMBER($J20),IFERROR(INDEX('TRANS'!$C:$C,MATCH($J20,'TRANS'!$B:$B,0)),IFERROR(INDEX('Catalog'!$B:$B,MATCH($J20,'Catalog'!$A:$A,0)),$B20)),$B20) -> 808KTP-B | D20: =SUMIFS('SALES Raw'!$C$6:$C$1634,'SALES Raw'!$J$6:$J$1634,$J20,'SALES Raw'!$K$6:$K$1634,"Y") -> 1800 | E20: =SUMIFS('SALES Raw'!$D$6:$D$1634,'SALES Raw'!$J$6:$J$1634,$J20,'SALES Raw'!$K$6:$K$1634,"Y") -> 33646.56 | F20: =SUMIFS('SALES Raw'!$E$6:$E$1634,'SALES Raw'!$J$6:$J$1634,$J20,'SALES Raw'!$K$6:$K$1634,"Y")*$H$4 -> 1642.1053 | G20: =SUMIFS('SALES Raw'!$F$6:$F$1634,'SALES Raw'!$J$6:$J$1634,$J20,'SALES Raw'!$K$6:$K$1634,"Y")*$H$4 -> 27227.937 | H20: 202 - Super-Pharm POLAND | J20: 808KTP-B
A21: =IF(ISNUMBER($J21),$J21,"") | B21: =IFERROR(INDEX('SALES Raw'!$B$6:$B$1634,MATCH($J21,'SALES Raw'!$J$6:$J$1634,0)),$J21) -> 808KTP-P | C21: =IF(ISNUMBER($J21),IFERROR(INDEX('TRANS'!$C:$C,MATCH($J21,'TRANS'!$B:$B,0)),IFERROR(INDEX('Catalog'!$B:$B,MATCH($J21,'Catalog'!$A:$A,0)),$B21)),$B21) -> 808KTP-P | D21: =SUMIFS('SALES Raw'!$C$6:$C$1634,'SALES Raw'!$J$6:$J$1634,$J21,'SALES Raw'!$K$6:$K$1634,"Y") -> 1600 | E21: =SUMIFS('SALES Raw'!$D$6:$D$1634,'SALES Raw'!$J$6:$J$1634,$J21,'SALES Raw'!$K$6:$K$1634,"Y") -> 30065.76 | F21: =SUMIFS('SALES Raw'!$E$6:$E$1634,'SALES Raw'!$J$6:$J$1634,$J21,'SALES Raw'!$K$6:$K$1634,"Y")*$H$4 -> 1642.1053 | G21: =SUMIFS('SALES Raw'!$F$6:$F$1634,'SALES Raw'!$J$6:$J$1634,$J21,'SALES Raw'!$K$6:$K$1634,"Y")*$H$4 -> 27227.937 | H21: 202 - Super-Pharm POLAND | J21: 808KTP-P
A22: =IF(ISNUMBER($J22),$J22,"") | B22: =IFERROR(INDEX('SALES Raw'!$B$6:$B$1634,MATCH($J22,'SALES Raw'!$J$6:$J$1634,0)),$J22) -> 808KTP-BL | C22: =IF(ISNUMBER($J22),IFERROR(INDEX('TRANS'!$C:$C,MATCH($J22,'TRANS'!$B:$B,0)),IFERROR(INDEX('Catalog'!$B:$B,MATCH($J22,'Catalog'!$A:$A,0)),$B22)),$B22) -> 808KTP-BL | D22: =SUMIFS('SALES Raw'!$C$6:$C$1634,'SALES Raw'!$J$6:$J$1634,$J22,'SALES Raw'!$K$6:$K$1634,"Y") -> 1450 | E22: =SUMIFS('SALES Raw'!$D$6:$D$1634,'SALES Raw'!$J$6:$J$1634,$J22,'SALES Raw'!$K$6:$K$1634,"Y") -> 27344.66 | F22: =SUMIFS('SALES Raw'!$E$6:$E$1634,'SALES Raw'!$J$6:$J$1634,$J22,'SALES Raw'!$K$6:$K$1634,"Y")*$H$4 -> 1515.7895 | G22: =SUMIFS('SALES Raw'!$F$6:$F$1634,'SALES Raw'!$J$6:$J$1634,$J22,'SALES Raw'!$K$6:$K$1634,"Y")*$H$4 -> 25340.665 | H22: 202 - Super-Pharm POLAND | J22: 808KTP-BL
A23: =IF(ISNUMBER($J23),$J23,"") -> 4415161 | B23: =IFERROR(INDEX('SALES Raw'!$B$6:$B$1634,MATCH($J23,'SALES Raw'!$J$6:$J$1634,0)),$J23) -> 238 M | C23: =IF(ISNUMBER($J23),IFERROR(INDEX('TRANS'!$C:$C,MATCH($J23,'TRANS'!$B:$B,0)),IFERROR(INDEX('Catalog'!$B:$B,MATCH($J23,'Catalog'!$A:$A,0)),$B23)),$B23) -> 238M סד ליישור אצבע | D23: =SUMIFS('SALES Raw'!$C$6:$C$1634,'SALES Raw'!$J$6:$J$1634,$J23,'SALES Raw'!$K$6:$K$1634,"Y") -> 1458 | E23: =SUMIFS('SALES Raw'!$D$6:$D$1634,'SALES Raw'!$J$6:$J$1634,$J23,'SALES Raw'!$K$6:$K$1634,"Y") -> 12345.54 | F23: =SUMIFS('SALES Raw'!$E$6:$E$1634,'SALES Raw'!$J$6:$J$1634,$J23,'SALES Raw'!$K$6:$K$1634,"Y")*$H$4 -> 1514.5263 | G23: =SUMIFS('SALES Raw'!$F$6:$F$1634,'SALES Raw'!$J$6:$J$1634,$J23,'SALES Raw'!$K$6:$K$1634,"Y")*$H$4 -> 12119.836 | H23: 204 - Sanaflex Anatomic GREECE | I23: 207 - Salus HUNGARY | J23: 4415161
A24: =IF(ISNUMBER($J24),$J24,"") -> 4408203 | B24: =IFERROR(INDEX('SALES Raw'!$B$6:$B$1634,MATCH($J24,'SALES Raw'!$J$6:$J$1634,0)),$J24) -> 14 0 | C24: =IF(ISNUMBER($J24),IFERROR(INDEX('TRANS'!$C:$C,MATCH($J24,'TRANS'!$B:$B,0)),IFERROR(INDEX('Catalog'!$B:$B,MATCH($J24,'Catalog'!$A:$A,0)),$B24)),$B24) -> 14 0 חגורה למנותחי בית חזה | D24: =SUMIFS('SALES Raw'!$C$6:$C$1634,'SALES Raw'!$J$6:$J$1634,$J24,'SALES Raw'!$K$6:$K$1634,"Y") -> 1455 | E24: =SUMIFS('SALES Raw'!$D$6:$D$1634,'SALES Raw'!$J$6:$J$1634,$J24,'SALES Raw'!$K$6:$K$1634,"Y") -> 115804.66 | F24: =SUMIFS('SALES Raw'!$E$6:$E$1634,'SALES Raw'!$J$6:$J$1634,$J24,'SALES Raw'!$K$6:$K$1634,"Y")*$H$4 -> 1509.4737 | G24: =SUMIFS('SALES Raw'!$F$6:$F$1634,'SALES Raw'!$J$6:$J$1634,$J24,'SALES Raw'!$K$6:$K$1634,"Y")*$H$4 -> 119013.81 | H24: 209 - Ortoprofil Prod ROMANIA | I24: 207 - Salus HUNGARY | J24: 4408203
A25: =IF(ISNUMBER($J25),$J25,"") -> 4401001 | B25: =IFERROR(INDEX('SALES Raw'!$B$6:$B$1634,MATCH($J25,'SALES Raw'!$J$6:$J$1634,0)),$J25) -> 369-XL | C25: =IF(ISNUMBER($J25),IFERROR(INDEX('TRANS'!$C:$C,MATCH($J25,'TRANS'!$B:$B,0)),IFERROR(INDEX('Catalog'!$B:$B,MATCH($J25,'Catalog'!$A:$A,0)),$B25)),$B25) -> 369 XL אצבעון מסיליקון יחידה | D25: =SUMIFS('SALES Raw'!$C$6:$C$1634,'SALES Raw'!$J$6:$J$1634,$J25,'SALES Raw'!$K$6:$K$1634,"Y") -> 1531 | E25: =SUMIFS('SALES Raw'!$D$6:$D$1634,'SALES Raw'!$J$6:$J$1634,$J25,'SALES Raw'!$K$6:$K$1634,"Y") -> 18553.76 | F25: =SUMIFS('SALES Raw'!$E$6:$E$1634,'SALES Raw'!$J$6:$J$1634,$J25,'SALES Raw'!$K$6:$K$1634,"Y")*$H$4 -> 1505.6842 | G25: =SUMIFS('SALES Raw'!$F$6:$F$1634,'SALES Raw'!$J$6:$J$1634,$J25,'SALES Raw'!$K$6:$K$1634,"Y")*$H$4 -> 16714.32 | H25: 205 - Health Care Prod. Gmbh GERMANY | I25: 202 - Super-Pharm POLAND | J25: 4401001
A26: =IF(ISNUMBER($J26),$J26,"") -> 4420000 | B26: =IFERROR(INDEX('SALES Raw'!$B$6:$B$1634,MATCH($J26,'SALES Raw'!$J$6:$J$1634,0)),$J26) -> 370 0 | C26: =IF(ISNUMBER($J26),IFERROR(INDEX('TRANS'!$C:$C,MATCH($J26,'TRANS'!$B:$B,0)),IFERROR(INDEX('Catalog'!$B:$B,MATCH($J26,'Catalog'!$A:$A,0)),$B26)),$B26) -> 370 רפידת נוחות-זוג | D26: =SUMIFS('SALES Raw'!$C$6:$C$1634,'SALES Raw'!$J$6:$J$1634,$J26,'SALES Raw'!$K$6:$K$1634,"Y") -> 1640 | E26: =SUMIFS('SALES Raw'!$D$6:$D$1634,'SALES Raw'!$J$6:$J$1634,$J26,'SALES Raw'!$K$6:$K$1634,"Y") -> 10748.95 | F26: =SUMIFS('SALES Raw'!$E$6:$E$1634,'SALES Raw'!$J$6:$J$1634,$J26,'SALES Raw'!$K$6:$K$1634,"Y")*$H$4 -> 1429.8947 | G26: =SUMIFS('SALES Raw'!$F$6:$F$1634,'SALES Raw'!$J$6:$J$1634,$J26,'SALES Raw'!$K$6:$K$1634,"Y")*$H$4 -> 8489.2042 | H26: 202 - Super-Pharm POLAND | I26: 204 - Sanaflex Anatomic GREECE | J26: 4420000
A27: =IF(ISNUMBER($J27),$J27,"") -> 4413326 | B27: =IFERROR(INDEX('SALES Raw'!$B$6:$B$1634,MATCH($J27,'SALES Raw'!$J$6:$J$1634,0)),$J27) -> AC37 0 | C27: =IF(ISNUMBER($J27),IFERROR(INDEX('TRANS'!$C:$C,MATCH($J27,'TRANS'!$B:$B,0)),IFERROR(INDEX('Catalog'!$B:$B,MATCH($J27,'Catalog'!$A:$A,0)),$B27)),$B27) -> AC37 מגן קרסול נושם | D27: =SUMIFS('SALES Raw'!$C$6:$C$1634,'SALES Raw'!$J$6:$J$1634,$J27,'SALES Raw'!$K$6:$K$1634,"Y") -> 1655 | E27: =SUMIFS('SALES Raw'!$D$6:$D$1634,'SALES Raw'!$J$6:$J$1634,$J27,'SALES Raw'!$K$6:$K$1634,"Y") -> 34322.38 | F27: =SUMIFS('SALES Raw'!$E$6:$E$1634,'SALES Raw'!$J$6:$J$1634,$J27,'SALES Raw'!$K$6:$K$1634,"Y")*$H$4 -> 1418.5263 | G27: =SUMIFS('SALES Raw'!$F$6:$F$1634,'SALES Raw'!$J$6:$J$1634,$J27,'SALES Raw'!$K$6:$K$1634,"Y")*$H$4 -> 26127.865 | H27: 204 - Sanaflex Anatomic GREECE | I27: 202 - Super-Pharm POLAND | J27: 4413326
A28: =IF(ISNUMBER($J28),$J28,"") -> 4415162 | B28: =IFERROR(INDEX('SALES Raw'!$B$6:$B$1634,MATCH($J28,'SALES Raw'!$J$6:$J$1634,0)),$J28) -> 238 L | C28: =IF(ISNUMBER($J28),IFERROR(INDEX('TRANS'!$C:$C,MATCH($J28,'TRANS'!$B:$B,0)),IFERROR(INDEX('Catalog'!$B:$B,MATCH($J28,'Catalog'!$A:$A,0)),$B28)),$B28) -> 238L סד ליישור אצבע | D28: =SUMIFS('SALES Raw'!$C$6:$C$1634,'SALES Raw'!$J$6:$J$1634,$J28,'SALES Raw'!$K$6:$K$1634,"Y") -> 1361 | E28: =SUMIFS('SALES Raw'!$D$6:$D$1634,'SALES Raw'!$J$6:$J$1634,$J28,'SALES Raw'!$K$6:$K$1634,"Y") -> 11520.84 | F28: =SUMIFS('SALES Raw'!$E$6:$E$1634,'SALES Raw'!$J$6:$J$1634,$J28,'SALES Raw'!$K$6:$K$1634,"Y")*$H$4 -> 1405.8947 | G28: =SUMIFS('SALES Raw'!$F$6:$F$1634,'SALES Raw'!$J$6:$J$1634,$J28,'SALES Raw'!$K$6:$K$1634,"Y")*$H$4 -> 11276.337 | H28: 204 - Sanaflex Anatomic GREECE | I28: 207 - Salus HUNGARY | J28: 4415162
A29: =IF(ISNUMBER($J29),$J29,"") -> 4422025 | B29: =IFERROR(INDEX('SALES Raw'!$B$6:$B$1634,MATCH($J29,'SALES Raw'!$J$6:$J$1634,0)),$J29) -> 806CB-GR | C29: =IF(ISNUMBER($J29),IFERROR(INDEX('TRANS'!$C:$C,MATCH($J29,'TRANS'!$B:$B,0)),IFERROR(INDEX('Catalog'!$B:$B,MATCH($J29,'Catalog'!$A:$A,0)),$B29)),$B29) -> 806CB-GREEN תחבושת א.נצמ | D29: =SUMIFS('SALES Raw'!$C$6:$C$1634,'SALES Raw'!$J$6:$J$1634,$J29,'SALES Raw'!$K$6:$K$1634,"Y") -> 1344 | E29: =SUMIFS('SALES Raw'!$D$6:$D$1634,'SALES Raw'!$J$6:$J$1634,$J29,'SALES Raw'!$K$6:$K$1634,"Y") -> 10054.69 | F29: =SUMIFS('SALES Raw'!$E$6:$E$1634,'SALES Raw'!$J$6:$J$1634,$J29,'SALES Raw'!$K$6:$K$1634,"Y")*$H$4 -> 1268.2105 | G29: =SUMIFS('SALES Raw'!$F$6:$F$1634,'SALES Raw'!$J$6:$J$1634,$J29,'SALES Raw'!$K$6:$K$1634,"Y")*$H$4 -> 8633.4189 | H29: 202 - Super-Pharm POLAND | I29: 207 - Salus HUNGARY | J29: 4422025
A30: =IF(ISNUMBER($J30),$J30,"") -> 4413329 | B30: =IFERROR(INDEX('SALES Raw'!$B$6:$B$1634,MATCH($J30,'SALES Raw'!$J$6:$J$1634,0)),$J30) -> AC45X 0 | C30: =IF(ISNUMBER($J30),IFERROR(INDEX('TRANS'!$C:$C,MATCH($J30,'TRANS'!$B:$B,0)),IFERROR(INDEX('Catalog'!$B:$B,MATCH($J30,'Catalog'!$A:$A,0)),$B30)),$B30) -> AC45X מגן ברך עם תמיכות | D30: =SUMIFS('SALES Raw'!$C$6:$C$1634,'SALES Raw'!$J$6:$J$1634,$J30,'SALES Raw'!$K$6:$K$1634,"Y") -> 2250 | E30: =SUMIFS('SALES Raw'!$D$6:$D$1634,'SALES Raw'!$J$6:$J$1634,$J30,'SALES Raw'!$K$6:$K$1634,"Y") -> 82409.18 | F30: =SUMIFS('SALES Raw'!$E$6:$E$1634,'SALES Raw'!$J$6:$J$1634,$J30,'SALES Raw'!$K$6:$K$1634,"Y")*$H$4 -> 1248 | G30: =SUMIFS('SALES Raw'!$F$6:$F$1634,'SALES Raw'!$J$6:$J$1634,$J30,'SALES Raw'!$K$6:$K$1634,"Y")*$H$4 -> 41549.078 | H30: 204 - Sanaflex Anatomic GREECE | I30: 202 - Super-Pharm POLAND | J30: 4413329
A31: =IF(ISNUMBER($J31),$J31,"") -> 4415158 | B31: =IFERROR(INDEX('SALES Raw'!$B$6:$B$1634,MATCH($J31,'SALES Raw'!$J$6:$J$1634,0)),$J31) -> 266 0 | C31: =IF(ISNUMBER($J31),IFERROR(INDEX('TRANS'!$C:$C,MATCH($J31,'TRANS'!$B:$B,0)),IFERROR(INDEX('Catalog'!$B:$B,MATCH($J31,'Catalog'!$A:$A,0)),$B31)),$B31) -> 266 סד ליד דו צדדי | D31: =SUMIFS('SALES Raw'!$C$6:$C$1634,'SALES Raw'!$J$6:$J$1634,$J31,'SALES Raw'!$K$6:$K$1634,"Y") -> 1124 | E31: =SUMIFS('SALES Raw'!$D$6:$D$1634,'SALES Raw'!$J$6:$J$1634,$J31,'SALES Raw'!$K$6:$K$1634,"Y") -> 25315.91 | F31: =SUMIFS('SALES Raw'!$E$6:$E$1634,'SALES Raw'!$J$6:$J$1634,$J31,'SALES Raw'!$K$6:$K$1634,"Y")*$H$4 -> 1241.6842 | G31: =SUMIFS('SALES Raw'!$F$6:$F$1634,'SALES Raw'!$J$6:$J$1634,$J31,'SALES Raw'!$K$6:$K$1634,"Y")*$H$4 -> 25994.135 | H31: 204 - Sanaflex Anatomic GREECE | I31: 207 - Salus HUNGARY | J31: 4415158
A32: =IF(ISNUMBER($J32),$J32,"") | B32: =IFERROR(INDEX('SALES Raw'!$B$6:$B$1634,MATCH($J32,'SALES Raw'!$J$6:$J$1634,0)),$J32) -> 49PS M | C32: =IF(ISNUMBER($J32),IFERROR(INDEX('TRANS'!$C:$C,MATCH($J32,'TRANS'!$B:$B,0)),IFERROR(INDEX('Catalog'!$B:$B,MATCH($J32,'Catalog'!$A:$A,0)),$B32)),$B32) -> 49PS M | D32: =SUMIFS('SALES Raw'!$C$6:$C$1634,'SALES Raw'!$J$6:$J$1634,$J32,'SALES Raw'!$K$6:$K$1634,"Y") -> 1201 | E32: =SUMIFS('SALES Raw'!$D$6:$D$1634,'SALES Raw'!$J$6:$J$1634,$J32,'SALES Raw'!$K$6:$K$1634,"Y") -> 71527.56 | F32: =SUMIFS('SALES Raw'!$E$6:$E$1634,'SALES Raw'!$J$6:$J$1634,$J32,'SALES Raw'!$K$6:$K$1634,"Y")*$H$4 -> 1182.3158 | G32: =SUMIFS('SALES Raw'!$F$6:$F$1634,'SALES Raw'!$J$6:$J$1634,$J32,'SALES Raw'!$K$6:$K$1634,"Y")*$H$4 -> 64715.785 | H32: 203 - Ortho- Partner ag SWITZERLAND | J32: 49PS M
A33: =IF(ISNUMBER($J33),$J33,"") -> 4408205 | B33: =IFERROR(INDEX('SALES Raw'!$B$6:$B$1634,MATCH($J33,'SALES Raw'!$J$6:$J$1634,0)),$J33) -> AC07 0 | C33: =IF(ISNUMBER($J33),IFERROR(INDEX('TRANS'!$C:$C,MATCH($J33,'TRANS'!$B:$B,0)),IFERROR(INDEX('Catalog'!$B:$B,MATCH($J33,'Catalog'!$A:$A,0)),$B33)),$B33) -> AC-07 חגורת גב עם תמיכות | D33: =SUMIFS('SALES Raw'!$C$6:$C$1634,'SALES Raw'!$J$6:$J$1634,$J33,'SALES Raw'!$K$6:$K$1634,"Y") -> 1548 | E33: =SUMIFS('SALES Raw'!$D$6:$D$1634,'SALES Raw'!$J$6:$J$1634,$J33,'SALES Raw'!$K$6:$K$1634,"Y") -> 66533.35 | F33: =SUMIFS('SALES Raw'!$E$6:$E$1634,'SALES Raw'!$J$6:$J$1634,$J33,'SALES Raw'!$K$6:$K$1634,"Y")*$H$4 -> 1139.3684 | G33: =SUMIFS('SALES Raw'!$F$6:$F$1634,'SALES Raw'!$J$6:$J$1634,$J33,'SALES Raw'!$K$6:$K$1634,"Y")*$H$4 -> 42974.728 | H33: 204 - Sanaflex Anatomic GREECE | I33: 207 - Salus HUNGARY | J33: 4408205
A34: =IF(ISNUMBER($J34),$J34,"") -> 4401000 | B34: =IFERROR(INDEX('SALES Raw'!$B$6:$B$1634,MATCH($J34,'SALES Raw'!$J$6:$J$1634,0)),$J34) -> 369-S-L | C34: =IF(ISNUMBER($J34),IFERROR(INDEX('TRANS'!$C:$C,MATCH($J34,'TRANS'!$B:$B,0)),IFERROR(INDEX('Catalog'!$B:$B,MATCH($J34,'Catalog'!$A:$A,0)),$B34)),$B34) -> 369 S-L אצבעון מסיליקון יחידה | D34: =SUMIFS('SALES Raw'!$C$6:$C$1634,'SALES Raw'!$J$6:$J$1634,$J34,'SALES Raw'!$K$6:$K$1634,"Y") -> 1519 | E34: =SUMIFS('SALES Raw'!$D$6:$D$1634,'SALES Raw'!$J$6:$J$1634,$J34,'SALES Raw'!$K$6:$K$1634,"Y") -> 15947.17 | F34: =SUMIFS('SALES Raw'!$E$6:$E$1634,'SALES Raw'!$J$6:$J$1634,$J34,'SALES Raw'!$K$6:$K$1634,"Y")*$H$4 -> 1128 | G34: =SUMIFS('SALES Raw'!$F$6:$F$1634,'SALES Raw'!$J$6:$J$1634,$J34,'SALES Raw'!$K$6:$K$1634,"Y")*$H$4 -> 10840.029 | H34: 205 - Health Care Prod. Gmbh GERMANY | I34: 209 - Ortoprofil Prod ROMANIA | J34: 4401000
A35: =IF(ISNUMBER($J35),$J35,"") -> 4413060 | B35: =IFERROR(INDEX('SALES Raw'!$B$6:$B$1634,MATCH($J35,'SALES Raw'!$J$6:$J$1634,0)),$J35) -> 364 XL | C35: =IF(ISNUMBER($J35),IFERROR(INDEX('TRANS'!$C:$C,MATCH($J35,'TRANS'!$B:$B,0)),IFERROR(INDEX('Catalog'!$B:$B,MATCH($J35,'Catalog'!$A:$A,0)),$B35)),$B35) -> 364 XLמפריד אצבע סיליקון ליבלת | D35: =SUMIFS('SALES Raw'!$C$6:$C$1634,'SALES Raw'!$J$6:$J$1634,$J35,'SALES Raw'!$K$6:$K$1634,"Y") -> 1592 | E35: =SUMIFS('SALES Raw'!$D$6:$D$1634,'SALES Raw'!$J$6:$J$1634,$J35,'SALES Raw'!$K$6:$K$1634,"Y") -> 8854.48 | F35: =SUMIFS('SALES Raw'!$E$6:$E$1634,'SALES Raw'!$J$6:$J$1634,$J35,'SALES Raw'!$K$6:$K$1634,"Y")*$H$4 -> 1119.1579 | G35: =SUMIFS('SALES Raw'!$F$6:$F$1634,'SALES Raw'!$J$6:$J$1634,$J35,'SALES Raw'!$K$6:$K$1634,"Y")*$H$4 -> 5689.6168 | H35: 209 - Ortoprofil Prod ROMANIA | I35: 202 - Super-Pharm POLAND | J35: 4413060
A36: =IF(ISNUMBER($J36),$J36,"") -> 4415160 | B36: =IFERROR(INDEX('SALES Raw'!$B$6:$B$1634,MATCH($J36,'SALES Raw'!$J$6:$J$1634,0)),$J36) -> 238 S | C36: =IF(ISNUMBER($J36),IFERROR(INDEX('TRANS'!$C:$C,MATCH($J36,'TRANS'!$B:$B,0)),IFERROR(INDEX('Catalog'!$B:$B,MATCH($J36,'Catalog'!$A:$A,0)),$B36)),$B36) -> 238S סד ליישור אצבע | D36: =SUMIFS('SALES Raw'!$C$6:$C$1634,'SALES Raw'!$J$6:$J$1634,$J36,'SALES Raw'!$K$6:$K$1634,"Y") -> 1012 | E36: =SUMIFS('SALES Raw'!$D$6:$D$1634,'SALES Raw'!$J$6:$J$1634,$J36,'SALES Raw'!$K$6:$K$1634,"Y") -> 8535.53 | F36: =SUMIFS('SALES Raw'!$E$6:$E$1634,'SALES Raw'!$J$6:$J$1634,$J36,'SALES Raw'!$K$6:$K$1634,"Y")*$H$4 -> 1091.3684 | G36: =SUMIFS('SALES Raw'!$F$6:$F$1634,'SALES Raw'!$J$6:$J$1634,$J36,'SALES Raw'!$K$6:$K$1634,"Y")*$H$4 -> 8753.8484 | H36: 207 - Salus HUNGARY | I36: 204 - Sanaflex Anatomic GREECE | J36: 4415160
A37: =IF(ISNUMBER($J37),$J37,"") | B37: =IFERROR(INDEX('SALES Raw'!$B$6:$B$1634,MATCH($J37,'SALES Raw'!$J$6:$J$1634,0)),$J37) -> 305-43-44 | C37: =IF(ISNUMBER($J37),IFERROR(INDEX('TRANS'!$C:$C,MATCH($J37,'TRANS'!$B:$B,0)),IFERROR(INDEX('Catalog'!$B:$B,MATCH($J37,'Catalog'!$A:$A,0)),$B37)),$B37) -> 305-43-44 | D37: =SUMIFS('SALES Raw'!$C$6:$C$1634,'SALES Raw'!$J$6:$J$1634,$J37,'SALES Raw'!$K$6:$K$1634,"Y") -> 1060 | E37: =SUMIFS('SALES Raw'!$D$6:$D$1634,'SALES Raw'!$J$6:$J$1634,$J37,'SALES Raw'!$K$6:$K$1634,"Y") -> 36441.37 | F37: =SUMIFS('SALES Raw'!$E$6:$E$1634,'SALES Raw'!$J$6:$J$1634,$J37,'SALES Raw'!$K$6:$K$1634,"Y")*$H$4 -> 1035.7895 | G37: =SUMIFS('SALES Raw'!$F$6:$F$1634,'SALES Raw'!$J$6:$J$1634,$J37,'SALES Raw'!$K$6:$K$1634,"Y")*$H$4 -> 34898.021 | H37: 209 - Ortoprofil Prod ROMANIA | I37: 204 - Sanaflex Anatomic GREECE | J37: 305-43-44
A38: =IF(ISNUMBER($J38),$J38,"") -> 4408208 | B38: =IFERROR(INDEX('SALES Raw'!$B$6:$B$1634,MATCH($J38,'SALES Raw'!$J$6:$J$1634,0)),$J38) -> AC91 0 | C38: =IF(ISNUMBER($J38),IFERROR(INDEX('TRANS'!$C:$C,MATCH($J38,'TRANS'!$B:$B,0)),IFERROR(INDEX('Catalog'!$B:$B,MATCH($J38,'Catalog'!$A:$A,0)),$B38)),$B38) -> AC91 חבק טניס | D38: =SUMIFS('SALES Raw'!$C$6:$C$1634,'SALES Raw'!$J$6:$J$1634,$J38,'SALES Raw'!$K$6:$K$1634,"Y") -> 1266 | E38: =SUMIFS('SALES Raw'!$D$6:$D$1634,'SALES Raw'!$J$6:$J$1634,$J38,'SALES Raw'!$K$6:$K$1634,"Y") -> 20026.99 | F38: =SUMIFS('SALES Raw'!$E$6:$E$1634,'SALES Raw'!$J$6:$J$1634,$J38,'SALES Raw'!$K$6:$K$1634,"Y")*$H$4 -> 1029.4737 | G38: =SUMIFS('SALES Raw'!$F$6:$F$1634,'SALES Raw'!$J$6:$J$1634,$J38,'SALES Raw'!$K$6:$K$1634,"Y")*$H$4 -> 15668.362 | H38: 204 - Sanaflex Anatomic GREECE | I38: 207 - Salus HUNGARY | J38: 4408208
A39: =IF(ISNUMBER($J39),$J39,"") -> 4416000 | B39: =IFERROR(INDEX('SALES Raw'!$B$6:$B$1634,MATCH($J39,'SALES Raw'!$J$6:$J$1634,0)),$J39) -> 307 L | C39: =IF(ISNUMBER($J39),IFERROR(INDEX('TRANS'!$C:$C,MATCH($J39,'TRANS'!$B:$B,0)),IFERROR(INDEX('Catalog'!$B:$B,MATCH($J39,'Catalog'!$A:$A,0)),$B39)),$B39) -> 307 L עקבים לדורבן-זוג כריות | D39: =SUMIFS('SALES Raw'!$C$6:$C$1634,'SALES Raw'!$J$6:$J$1634,$J39,'SALES Raw'!$K$6:$K$1634,"Y") -> 926 | E39: =SUMIFS('SALES Raw'!$D$6:$D$1634,'SALES Raw'!$J$6:$J$1634,$J39,'SALES Raw'!$K$6:$K$1634,"Y") -> 29317.24 | F39: =SUMIFS('SALES Raw'!$E$6:$E$1634,'SALES Raw'!$J$6:$J$1634,$J39,'SALES Raw'!$K$6:$K$1634,"Y")*$H$4 -> 1020.6316 | G39: =SUMIFS('SALES Raw'!$F$6:$F$1634,'SALES Raw'!$J$6:$J$1634,$J39,'SALES Raw'!$K$6:$K$1634,"Y")*$H$4 -> 29800.282 | H39: 209 - Ortoprofil Prod ROMANIA | I39: 202 - Super-Pharm POLAND | J39: 4416000
A40: =IF(ISNUMBER($J40),$J40,"") -> 4408270 | B40: =IFERROR(INDEX('SALES Raw'!$B$6:$B$1634,MATCH($J40,'SALES Raw'!$J$6:$J$1634,0)),$J40) -> ST11 0 | C40: =IF(ISNUMBER($J40),IFERROR(INDEX('TRANS'!$C:$C,MATCH($J40,'TRANS'!$B:$B,0)),IFERROR(INDEX('Catalog'!$B:$B,MATCH($J40,'Catalog'!$A:$A,0)),$B40)),$B40) -> ST11 חגורת בטן | D40: =SUMIFS('SALES Raw'!$C$6:$C$1634,'SALES Raw'!$J$6:$J$1634,$J40,'SALES Raw'!$K$6:$K$1634,"Y") -> 201 | E40: =SUMIFS('SALES Raw'!$D$6:$D$1634,'SALES Raw'!$J$6:$J$1634,$J40,'SALES Raw'!$K$6:$K$1634,"Y") -> 5487.51 | F40: =SUMIFS('SALES Raw'!$E$6:$E$1634,'SALES Raw'!$J$6:$J$1634,$J40,'SALES Raw'!$K$6:$K$1634,"Y")*$H$4 -> 1008 | G40: =SUMIFS('SALES Raw'!$F$6:$F$1634,'SALES Raw'!$J$6:$J$1634,$J40,'SALES Raw'!$K$6:$K$1634,"Y")*$H$4 -> 40878.126 | H40: 207 - Salus HUNGARY | I40: 213 - E.f.m.o. SPAIN | J40: 4408270
A41: =IF(ISNUMBER($J41),$J41,"") -> 4416001 | B41: =IFERROR(INDEX('SALES Raw'!$B$6:$B$1634,MATCH($J41,'SALES Raw'!$J$6:$J$1634,0)),$J41) -> 307 M | C41: =IF(ISNUMBER($J41),IFERROR(INDEX('TRANS'!$C:$C,MATCH($J41,'TRANS'!$B:$B,0)),IFERROR(INDEX('Catalog'!$B:$B,MATCH($J41,'Catalog'!$A:$A,0)),$B41)),$B41) -> 307 M עקבים לדורבן-זוג כריות | D41: =SUMIFS('SALES Raw'!$C$6:$C$1634,'SALES Raw'!$J$6:$J$1634,$J41,'SALES Raw'!$K$6:$K$1634,"Y") -> 1127 | E41: =SUMIFS('SALES Raw'!$D$6:$D$1634,'SALES Raw'!$J$6:$J$1634,$J41,'SALES Raw'!$K$6:$K$1634,"Y") -> 35825.85 | F41: =SUMIFS('SALES Raw'!$E$6:$E$1634,'SALES Raw'!$J$6:$J$1634,$J41,'SALES Raw'!$K$6:$K$1634,"Y")*$H$4 -> 960 | G41: =SUMIFS('SALES Raw'!$F$6:$F$1634,'SALES Raw'!$J$6:$J$1634,$J41,'SALES Raw'!$K$6:$K$1634,"Y")*$H$4 -> 28228.004 | H41: 209 - Ortoprofil Prod ROMANIA | I41: 202 - Super-Pharm POLAND | J41: 4416001
A42: =IF(ISNUMBER($J42),$J42,"") -> 4420002 | B42: =IFERROR(INDEX('SALES Raw'!$B$6:$B$1634,MATCH($J42,'SALES Raw'!$J$6:$J$1634,0)),$J42) -> 372 0 | C42: =IF(ISNUMBER($J42),IFERROR(INDEX('TRANS'!$C:$C,MATCH($J42,'TRANS'!$B:$B,0)),IFERROR(INDEX('Catalog'!$B:$B,MATCH($J42,'Catalog'!$A:$A,0)),$B42)),$B42) -> 372 רפידת אנטי ריח -זוג | D42: =SUMIFS('SALES Raw'!$C$6:$C$1634,'SALES Raw'!$J$6:$J$1634,$J42,'SALES Raw'!$K$6:$K$1634,"Y") -> 1465 | E42: =SUMIFS('SALES Raw'!$D$6:$D$1634,'SALES Raw'!$J$6:$J$1634,$J42,'SALES Raw'!$K$6:$K$1634,"Y") -> 11998.32 | F42: =SUMIFS('SALES Raw'!$E$6:$E$1634,'SALES Raw'!$J$6:$J$1634,$J42,'SALES Raw'!$K$6:$K$1634,"Y")*$H$4 -> 953.68421 | G42: =SUMIFS('SALES Raw'!$F$6:$F$1634,'SALES Raw'!$J$6:$J$1634,$J42,'SALES Raw'!$K$6:$K$1634,"Y")*$H$4 -> 6938.2737 | H42: 202 - Super-Pharm POLAND | I42: 204 - Sanaflex Anatomic GREECE | J42: 4420002
A43: =IF(ISNUMBER($J43),$J43,"") -> 4403043 | B43: =IFERROR(INDEX('SALES Raw'!$B$6:$B$1634,MATCH($J43,'SALES Raw'!$J$6:$J$1634,0)),$J43) -> 397A-43-46 | C43: =IF(ISNUMBER($J43),IFERROR(INDEX('TRANS'!$C:$C,MATCH($J43,'TRANS'!$B:$B,0)),IFERROR(INDEX('Catalog'!$B:$B,MATCH($J43,'Catalog'!$A:$A,0)),$B43)),$B43) -> 397A-גרבי טיסה אנטי בקטרי43-46 | D43: =SUMIFS('SALES Raw'!$C$6:$C$1634,'SALES Raw'!$J$6:$J$1634,$J43,'SALES Raw'!$K$6:$K$1634,"Y") -> 104 | E43: =SUMIFS('SALES Raw'!$D$6:$D$1634,'SALES Raw'!$J$6:$J$1634,$J43,'SALES Raw'!$K$6:$K$1634,"Y") -> 3325.37 | F43: =SUMIFS('SALES Raw'!$E$6:$E$1634,'SALES Raw'!$J$6:$J$1634,$J43,'SALES Raw'!$K$6:$K$1634,"Y")*$H$4 -> 939.78947 | G43: =SUMIFS('SALES Raw'!$F$6:$F$1634,'SALES Raw'!$J$6:$J$1634,$J43,'SALES Raw'!$K$6:$K$1634,"Y")*$H$4 -> 27366.606 | H43: 202 - Super-Pharm POLAND | I43: 201- Seven Gear FINLAND oy | J43: 4403043
A44: =IF(ISNUMBER($J44),$J44,"") -> 4403042 | B44: =IFERROR(INDEX('SALES Raw'!$B$6:$B$1634,MATCH($J44,'SALES Raw'!$J$6:$J$1634,0)),$J44) -> 397A-39-42 | C44: =IF(ISNUMBER($J44),IFERROR(INDEX('TRANS'!$C:$C,MATCH($J44,'TRANS'!$B:$B,0)),IFERROR(INDEX('Catalog'!$B:$B,MATCH($J44,'Catalog'!$A:$A,0)),$B44)),$B44) -> 397A-גרבי טיסה אנטי בקטרי39-42 | D44: =SUMIFS('SALES Raw'!$C$6:$C$1634,'SALES Raw'!$J$6:$J$1634,$J44,'SALES Raw'!$K$6:$K$1634,"Y") -> 153 | E44: =SUMIFS('SALES Raw'!$D$6:$D$1634,'SALES Raw'!$J$6:$J$1634,$J44,'SALES Raw'!$K$6:$K$1634,"Y") -> 4987.94 | F44: =SUMIFS('SALES Raw'!$E$6:$E$1634,'SALES Raw'!$J$6:$J$1634,$J44,'SALES Raw'!$K$6:$K$1634,"Y")*$H$4 -> 937.26316 | G44: =SUMIFS('SALES Raw'!$F$6:$F$1634,'SALES Raw'!$J$6:$J$1634,$J44,'SALES Raw'!$K$6:$K$1634,"Y")*$H$4 -> 27036.164 | H44: 202 - Super-Pharm POLAND | I44: 201- Seven Gear FINLAND oy | J44: 4403042
A45: =IF(ISNUMBER($J45),$J45,"") -> 4413135 | B45: =IFERROR(INDEX('SALES Raw'!$B$6:$B$1634,MATCH($J45,'SALES Raw'!$J$6:$J$1634,0)),$J45) -> 85 L | C45: =IF(ISNUMBER($J45),IFERROR(INDEX('TRANS'!$C:$C,MATCH($J45,'TRANS'!$B:$B,0)),IFERROR(INDEX('Catalog'!$B:$B,MATCH($J45,'Catalog'!$A:$A,0)),$B45)),$B45) -> 85 L (מתלה ליד )כיס | D45: =SUMIFS('SALES Raw'!$C$6:$C$1634,'SALES Raw'!$J$6:$J$1634,$J45,'SALES Raw'!$K$6:$K$1634,"Y") -> 960 | E45: =SUMIFS('SALES Raw'!$D$6:$D$1634,'SALES Raw'!$J$6:$J$1634,$J45,'SALES Raw'!$K$6:$K$1634,"Y") -> 22768.04 | F45: =SUMIFS('SALES Raw'!$E$6:$E$1634,'SALES Raw'!$J$6:$J$1634,$J45,'SALES Raw'!$K$6:$K$1634,"Y")*$H$4 -> 920.84211 | G45: =SUMIFS('SALES Raw'!$F$6:$F$1634,'SALES Raw'!$J$6:$J$1634,$J45,'SALES Raw'!$K$6:$K$1634,"Y")*$H$4 -> 19247.192 | H45: 207 - Salus HUNGARY | I45: 202 - Super-Pharm POLAND | J45: 4413135
A46: =IF(ISNUMBER($J46),$J46,"") | B46: =IFERROR(INDEX('SALES Raw'!$B$6:$B$1634,MATCH($J46,'SALES Raw'!$J$6:$J$1634,0)),$J46) -> 305-39-40 | C46: =IF(ISNUMBER($J46),IFERROR(INDEX('TRANS'!$C:$C,MATCH($J46,'TRANS'!$B:$B,0)),IFERROR(INDEX('Catalog'!$B:$B,MATCH($J46,'Catalog'!$A:$A,0)),$B46)),$B46) -> 305-39-40 | D46: =SUMIFS('SALES Raw'!$C$6:$C$1634,'SALES Raw'!$J$6:$J$1634,$J46,'SALES Raw'!$K$6:$K$1634,"Y") -> 905 | E46: =SUMIFS('SALES Raw'!$D$6:$D$1634,'SALES Raw'!$J$6:$J$1634,$J46,'SALES Raw'!$K$6:$K$1634,"Y") -> 31218.78 | F46: =SUMIFS('SALES Raw'!$E$6:$E$1634,'SALES Raw'!$J$6:$J$1634,$J46,'SALES Raw'!$K$6:$K$1634,"Y")*$H$4 -> 879.15789 | G46: =SUMIFS('SALES Raw'!$F$6:$F$1634,'SALES Raw'!$J$6:$J$1634,$J46,'SALES Raw'!$K$6:$K$1634,"Y")*$H$4 -> 29669.406 | H46: 209 - Ortoprofil Prod ROMANIA | I46: 204 - Sanaflex Anatomic GREECE | J46: 305-39-40
A47: =IF(ISNUMBER($J47),$J47,"") | B47: =IFERROR(INDEX('SALES Raw'!$B$6:$B$1634,MATCH($J47,'SALES Raw'!$J$6:$J$1634,0)),$J47) -> 305-41-42 | C47: =IF(ISNUMBER($J47),IFERROR(INDEX('TRANS'!$C:$C,MATCH($J47,'TRANS'!$B:$B,0)),IFERROR(INDEX('Catalog'!$B:$B,MATCH($J47,'Catalog'!$A:$A,0)),$B47)),$B47) -> 305-41-42 | D47: =SUMIFS('SALES Raw'!$C$6:$C$1634,'SALES Raw'!$J$6:$J$1634,$J47,'SALES Raw'!$K$6:$K$1634,"Y") -> 977 | E47: =SUMIFS('SALES Raw'!$D$6:$D$1634,'SALES Raw'!$J$6:$J$1634,$J47,'SALES Raw'!$K$6:$K$1634,"Y") -> 33422.24 | F47: =SUMIFS('SALES Raw'!$E$6:$E$1634,'SALES Raw'!$J$6:$J$1634,$J47,'SALES Raw'!$K$6:$K$1634,"Y")*$H$4 -> 869.05263 | G47: =SUMIFS('SALES Raw'!$F$6:$F$1634,'SALES Raw'!$J$6:$J$1634,$J47,'SALES Raw'!$K$6:$K$1634,"Y")*$H$4 -> 29473.276 | H47: 209 - Ortoprofil Prod ROMANIA | I47: 204 - Sanaflex Anatomic GREECE | J47: 305-41-42
A48: =IF(ISNUMBER($J48),$J48,"") -> 4415027 | B48: =IFERROR(INDEX('SALES Raw'!$B$6:$B$1634,MATCH($J48,'SALES Raw'!$J$6:$J$1634,0)),$J48) -> AC27R 0 | C48: =IF(ISNUMBER($J48),IFERROR(INDEX('TRANS'!$C:$C,MATCH($J48,'TRANS'!$B:$B,0)),IFERROR(INDEX('Catalog'!$B:$B,MATCH($J48,'Catalog'!$A:$A,0)),$B48)),$B48) -> AC-27R סד לש.כף יד ימין | D48: =SUMIFS('SALES Raw'!$C$6:$C$1634,'SALES Raw'!$J$6:$J$1634,$J48,'SALES Raw'!$K$6:$K$1634,"Y") -> 1160 | E48: =SUMIFS('SALES Raw'!$D$6:$D$1634,'SALES Raw'!$J$6:$J$1634,$J48,'SALES Raw'!$K$6:$K$1634,"Y") -> 25244.8 | F48: =SUMIFS('SALES Raw'!$E$6:$E$1634,'SALES Raw'!$J$6:$J$1634,$J48,'SALES Raw'!$K$6:$K$1634,"Y")*$H$4 -> 858.94737 | G48: =SUMIFS('SALES Raw'!$F$6:$F$1634,'SALES Raw'!$J$6:$J$1634,$J48,'SALES Raw'!$K$6:$K$1634,"Y")*$H$4 -> 17179.352 | H48: 204 - Sanaflex Anatomic GREECE | I48: 202 - Super-Pharm POLAND | J48: 4415027
A49: =IF(ISNUMBER($J49),$J49,"") -> 4413059 | B49: =IFERROR(INDEX('SALES Raw'!$B$6:$B$1634,MATCH($J49,'SALES Raw'!$J$6:$J$1634,0)),$J49) -> 364-S-L | C49: =IF(ISNUMBER($J49),IFERROR(INDEX('TRANS'!$C:$C,MATCH($J49,'TRANS'!$B:$B,0)),IFERROR(INDEX('Catalog'!$B:$B,MATCH($J49,'Catalog'!$A:$A,0)),$B49)),$B49) -> 364S Lמפר.אצבע סיליק. ליבל.זוג | D49: =SUMIFS('SALES Raw'!$C$6:$C$1634,'SALES Raw'!$J$6:$J$1634,$J49,'SALES Raw'!$K$6:$K$1634,"Y") -> 1143 | E49: =SUMIFS('SALES Raw'!$D$6:$D$1634,'SALES Raw'!$J$6:$J$1634,$J49,'SALES Raw'!$K$6:$K$1634,"Y") -> 8118 | F49: =SUMIFS('SALES Raw'!$E$6:$E$1634,'SALES Raw'!$J$6:$J$1634,$J49,'SALES Raw'!$K$6:$K$1634,"Y")*$H$4 -> 842.52632 | G49: =SUMIFS('SALES Raw'!$F$6:$F$1634,'SALES Raw'!$J$6:$J$1634,$J49,'SALES Raw'!$K$6:$K$1634,"Y")*$H$4 -> 5535.4232 | H49: 205 - Health Care Prod. Gmbh GERMANY | I49: 202 - Super-Pharm POLAND | J49: 4413059
A50: =IF(ISNUMBER($J50),$J50,"") -> 4408269 | B50: =IFERROR(INDEX('SALES Raw'!$B$6:$B$1634,MATCH($J50,'SALES Raw'!$J$6:$J$1634,0)),$J50) -> ST37 0 | C50: =IF(ISNUMBER($J50),IFERROR(INDEX('TRANS'!$C:$C,MATCH($J50,'TRANS'!$B:$B,0)),IFERROR(INDEX('Catalog'!$B:$B,MATCH($J50,'Catalog'!$A:$A,0)),$B50)),$B50) -> ST37 חבק לקרסול | D50: =SUMIFS('SALES Raw'!$C$6:$C$1634,'SALES Raw'!$J$6:$J$1634,$J50,'SALES Raw'!$K$6:$K$1634,"Y") -> 890 | E50: =SUMIFS('SALES Raw'!$D$6:$D$1634,'SALES Raw'!$J$6:$J$1634,$J50,'SALES Raw'!$K$6:$K$1634,"Y") -> 14616.28 | F50: =SUMIFS('SALES Raw'!$E$6:$E$1634,'SALES Raw'!$J$6:$J$1634,$J50,'SALES Raw'!$K$6:$K$1634,"Y")*$H$4 -> 802.10526 | G50: =SUMIFS('SALES Raw'!$F$6:$F$1634,'SALES Raw'!$J$6:$J$1634,$J50,'SALES Raw'!$K$6:$K$1634,"Y")*$H$4 -> 11520.518 | H50: 207 - Salus HUNGARY | I50: 211 - Pharmag Lachmair Ges. Mbh AUSTRIA | J50: 4408269
A51: =IF(ISNUMBER($J51),$J51,"") -> 4413136 | B51: =IFERROR(INDEX('SALES Raw'!$B$6:$B$1634,MATCH($J51,'SALES Raw'!$J$6:$J$1634,0)),$J51) -> 85 M | C51: =IF(ISNUMBER($J51),IFERROR(INDEX('TRANS'!$C:$C,MATCH($J51,'TRANS'!$B:$B,0)),IFERROR(INDEX('Catalog'!$B:$B,MATCH($J51,'Catalog'!$A:$A,0)),$B51)),$B51) -> 85 M (מתלה ליד )כיס | D51: =SUMIFS('SALES Raw'!$C$6:$C$1634,'SALES Raw'!$J$6:$J$1634,$J51,'SALES Raw'!$K$6:$K$1634,"Y") -> 850 | E51: =SUMIFS('SALES Raw'!$D$6:$D$1634,'SALES Raw'!$J$6:$J$1634,$J51,'SALES Raw'!$K$6:$K$1634,"Y") -> 20073.98 | F51: =SUMIFS('SALES Raw'!$E$6:$E$1634,'SALES Raw'!$J$6:$J$1634,$J51,'SALES Raw'!$K$6:$K$1634,"Y")*$H$4 -> 795.78947 | G51: =SUMIFS('SALES Raw'!$F$6:$F$1634,'SALES Raw'!$J$6:$J$1634,$J51,'SALES Raw'!$K$6:$K$1634,"Y")*$H$4 -> 16350.013 | H51: 204 - Sanaflex Anatomic GREECE | I51: 207 - Salus HUNGARY | J51: 4413136
A52: =IF(ISNUMBER($J52),$J52,"") -> 4420003 | B52: =IFERROR(INDEX('SALES Raw'!$B$6:$B$1634,MATCH($J52,'SALES Raw'!$J$6:$J$1634,0)),$J52) -> 374 0 | C52: =IF(ISNUMBER($J52),IFERROR(INDEX('TRANS'!$C:$C,MATCH($J52,'TRANS'!$B:$B,0)),IFERROR(INDEX('Catalog'!$B:$B,MATCH($J52,'Catalog'!$A:$A,0)),$B52)),$B52) -> 374 רפידת בולמת זעזועים -זוג | D52: =SUMIFS('SALES Raw'!$C$6:$C$1634,'SALES Raw'!$J$6:$J$1634,$J52,'SALES Raw'!$K$6:$K$1634,"Y") -> 930 | E52: =SUMIFS('SALES Raw'!$D$6:$D$1634,'SALES Raw'!$J$6:$J$1634,$J52,'SALES Raw'!$K$6:$K$1634,"Y") -> 8315.15 | F52: =SUMIFS('SALES Raw'!$E$6:$E$1634,'SALES Raw'!$J$6:$J$1634,$J52,'SALES Raw'!$K$6:$K$1634,"Y")*$H$4 -> 783.15789 | G52: =SUMIFS('SALES Raw'!$F$6:$F$1634,'SALES Raw'!$J$6:$J$1634,$J52,'SALES Raw'!$K$6:$K$1634,"Y")*$H$4 -> 6458.4632 | H52: 202 - Super-Pharm POLAND | I52: 204 - Sanaflex Anatomic GREECE | J52: 4420003
A53: =IF(ISNUMBER($J53),$J53,"") -> 4413370 | B53: =IFERROR(INDEX('SALES Raw'!$B$6:$B$1634,MATCH($J53,'SALES Raw'!$J$6:$J$1634,0)),$J53) -> 3674 0 | C53: =IF(ISNUMBER($J53),IFERROR(INDEX('TRANS'!$C:$C,MATCH($J53,'TRANS'!$B:$B,0)),IFERROR(INDEX('Catalog'!$B:$B,MATCH($J53,'Catalog'!$A:$A,0)),$B53)),$B53) -> 3674 0 מ.בוניון+מפריד אצבע | D53: =SUMIFS('SALES Raw'!$C$6:$C$1634,'SALES Raw'!$J$6:$J$1634,$J53,'SALES Raw'!$K$6:$K$1634,"Y") -> 1003 | E53: =SUMIFS('SALES Raw'!$D$6:$D$1634,'SALES Raw'!$J$6:$J$1634,$J53,'SALES Raw'!$K$6:$K$1634,"Y") -> 16863.61 | F53: =SUMIFS('SALES Raw'!$E$6:$E$1634,'SALES Raw'!$J$6:$J$1634,$J53,'SALES Raw'!$K$6:$K$1634,"Y")*$H$4 -> 780.63158 | G53: =SUMIFS('SALES Raw'!$F$6:$F$1634,'SALES Raw'!$J$6:$J$1634,$J53,'SALES Raw'!$K$6:$K$1634,"Y")*$H$4 -> 12464.299 | H53: 209 - Ortoprofil Prod ROMANIA | I53: 201- Seven Gear FINLAND oy | J53: 4413370
A54: =IF(ISNUMBER($J54),$J54,"") -> 4408053 | B54: =IFERROR(INDEX('SALES Raw'!$B$6:$B$1634,MATCH($J54,'SALES Raw'!$J$6:$J$1634,0)),$J54) -> 21 M | C54: =IF(ISNUMBER($J54),IFERROR(INDEX('TRANS'!$C:$C,MATCH($J54,'TRANS'!$B:$B,0)),IFERROR(INDEX('Catalog'!$B:$B,MATCH($J54,'Catalog'!$A:$A,0)),$B54)),$B54) -> 21 M חבק יד ארוך | D54: =SUMIFS('SALES Raw'!$C$6:$C$1634,'SALES Raw'!$J$6:$J$1634,$J54,'SALES Raw'!$K$6:$K$1634,"Y") -> 752 | E54: =SUMIFS('SALES Raw'!$D$6:$D$1634,'SALES Raw'!$J$6:$J$1634,$J54,'SALES Raw'!$K$6:$K$1634,"Y") -> 14150.06 | F54: =SUMIFS('SALES Raw'!$E$6:$E$1634,'SALES Raw'!$J$6:$J$1634,$J54,'SALES Raw'!$K$6:$K$1634,"Y")*$H$4 -> 762.94737 | G54: =SUMIFS('SALES Raw'!$F$6:$F$1634,'SALES Raw'!$J$6:$J$1634,$J54,'SALES Raw'!$K$6:$K$1634,"Y")*$H$4 -> 12675.082 | H54: 204 - Sanaflex Anatomic GREECE | I54: 202 - Super-Pharm POLAND | J54: 4408053
A55: =IF(ISNUMBER($J55),$J55,"") -> 4413348 | B55: =IFERROR(INDEX('SALES Raw'!$B$6:$B$1634,MATCH($J55,'SALES Raw'!$J$6:$J$1634,0)),$J55) -> 302M 0 | C55: =IF(ISNUMBER($J55),IFERROR(INDEX('TRANS'!$C:$C,MATCH($J55,'TRANS'!$B:$B,0)),IFERROR(INDEX('Catalog'!$B:$B,MATCH($J55,'Catalog'!$A:$A,0)),$B55)),$B55) -> 302 מדרס ג'ל לגבר | D55: =SUMIFS('SALES Raw'!$C$6:$C$1634,'SALES Raw'!$J$6:$J$1634,$J55,'SALES Raw'!$K$6:$K$1634,"Y") -> 506 | E55: =SUMIFS('SALES Raw'!$D$6:$D$1634,'SALES Raw'!$J$6:$J$1634,$J55,'SALES Raw'!$K$6:$K$1634,"Y") -> 16882.6 | F55: =SUMIFS('SALES Raw'!$E$6:$E$1634,'SALES Raw'!$J$6:$J$1634,$J55,'SALES Raw'!$K$6:$K$1634,"Y")*$H$4 -> 761.68421 | G55: =SUMIFS('SALES Raw'!$F$6:$F$1634,'SALES Raw'!$J$6:$J$1634,$J55,'SALES Raw'!$K$6:$K$1634,"Y")*$H$4 -> 22570.724 | H55: 202 - Super-Pharm POLAND | I55: 204 - Sanaflex Anatomic GREECE | J55: 4413348
A56: =IF(ISNUMBER($J56),$J56,"") -> 4409000 | B56: =IFERROR(INDEX('SALES Raw'!$B$6:$B$1634,MATCH($J56,'SALES Raw'!$J$6:$J$1634,0)),$J56) -> 365-S-L | C56: =IF(ISNUMBER($J56),IFERROR(INDEX('TRANS'!$C:$C,MATCH($J56,'TRANS'!$B:$B,0)),IFERROR(INDEX('Catalog'!$B:$B,MATCH($J56,'Catalog'!$A:$A,0)),$B56)),$B56) -> 365 S-Lטבעת אלסטית מסיליקון | D56: =SUMIFS('SALES Raw'!$C$6:$C$1634,'SALES Raw'!$J$6:$J$1634,$J56,'SALES Raw'!$K$6:$K$1634,"Y") -> 974 | E56: =SUMIFS('SALES Raw'!$D$6:$D$1634,'SALES Raw'!$J$6:$J$1634,$J56,'SALES Raw'!$K$6:$K$1634,"Y") -> 7863.69 | F56: =SUMIFS('SALES Raw'!$E$6:$E$1634,'SALES Raw'!$J$6:$J$1634,$J56,'SALES Raw'!$K$6:$K$1634,"Y")*$H$4 -> 738.94737 | G56: =SUMIFS('SALES Raw'!$F$6:$F$1634,'SALES Raw'!$J$6:$J$1634,$J56,'SALES Raw'!$K$6:$K$1634,"Y")*$H$4 -> 5140.8253 | H56: 202 - Super-Pharm POLAND | I56: 205 - Health Care Prod. Gmbh GERMANY | J56: 4409000
A57: =IF(ISNUMBER($J57),$J57,"") -> 4408268 | B57: =IFERROR(INDEX('SALES Raw'!$B$6:$B$1634,MATCH($J57,'SALES Raw'!$J$6:$J$1634,0)),$J57) -> ST20 0 | C57: =IF(ISNUMBER($J57),IFERROR(INDEX('TRANS'!$C:$C,MATCH($J57,'TRANS'!$B:$B,0)),IFERROR(INDEX('Catalog'!$B:$B,MATCH($J57,'Catalog'!$A:$A,0)),$B57)),$B57) -> ST20 חבק יד | D57: =SUMIFS('SALES Raw'!$C$6:$C$1634,'SALES Raw'!$J$6:$J$1634,$J57,'SALES Raw'!$K$6:$K$1634,"Y") -> 486 | E57: =SUMIFS('SALES Raw'!$D$6:$D$1634,'SALES Raw'!$J$6:$J$1634,$J57,'SALES Raw'!$K$6:$K$1634,"Y") -> 5123.82 | F57: =SUMIFS('SALES Raw'!$E$6:$E$1634,'SALES Raw'!$J$6:$J$1634,$J57,'SALES Raw'!$K$6:$K$1634,"Y")*$H$4 -> 733.89474 | G57: =SUMIFS('SALES Raw'!$F$6:$F$1634,'SALES Raw'!$J$6:$J$1634,$J57,'SALES Raw'!$K$6:$K$1634,"Y")*$H$4 -> 7041.2589 | H57: 204 - Sanaflex Anatomic GREECE | I57: 203 - Ortho- Partner ag SWITZERLAND | J57: 4408268
A58: =IF(ISNUMBER($J58),$J58,"") | B58: =IFERROR(INDEX('SALES Raw'!$B$6:$B$1634,MATCH($J58,'SALES Raw'!$J$6:$J$1634,0)),$J58) -> 376-41-43 | C58: =IF(ISNUMBER($J58),IFERROR(INDEX('TRANS'!$C:$C,MATCH($J58,'TRANS'!$B:$B,0)),IFERROR(INDEX('Catalog'!$B:$B,MATCH($J58,'Catalog'!$A:$A,0)),$B58)),$B58) -> 376-41-43 | D58: =SUMIFS('SALES Raw'!$C$6:$C$1634,'SALES Raw'!$J$6:$J$1634,$J58,'SALES Raw'!$K$6:$K$1634,"Y") -> 936 | E58: =SUMIFS('SALES Raw'!$D$6:$D$1634,'SALES Raw'!$J$6:$J$1634,$J58,'SALES Raw'!$K$6:$K$1634,"Y") -> 15663.52 | F58: =SUMIFS('SALES Raw'!$E$6:$E$1634,'SALES Raw'!$J$6:$J$1634,$J58,'SALES Raw'!$K$6:$K$1634,"Y")*$H$4 -> 730.10526 | G58: =SUMIFS('SALES Raw'!$F$6:$F$1634,'SALES Raw'!$J$6:$J$1634,$J58,'SALES Raw'!$K$6:$K$1634,"Y")*$H$4 -> 11383.453 | H58: 202 - Super-Pharm POLAND | I58: 204 - Sanaflex Anatomic GREECE | J58: 376-41-43
A59: =IF(ISNUMBER($J59),$J59,"") | B59: =IFERROR(INDEX('SALES Raw'!$B$6:$B$1634,MATCH($J59,'SALES Raw'!$J$6:$J$1634,0)),$J59) -> 49PS XL | C59: =IF(ISNUMBER($J59),IFERROR(INDEX('TRANS'!$C:$C,MATCH($J59,'TRANS'!$B:$B,0)),IFERROR(INDEX('Catalog'!$B:$B,MATCH($J59,'Catalog'!$A:$A,0)),$B59)),$B59) -> 49PS XL | D59: =SUMIFS('SALES Raw'!$C$6:$C$1634,'SALES Raw'!$J$6:$J$1634,$J59,'SALES Raw'!$K$6:$K$1634,"Y") -> 457 | E59: =SUMIFS('SALES Raw'!$D$6:$D$1634,'SALES Raw'!$J$6:$J$1634,$J59,'SALES Raw'!$K$6:$K$1634,"Y") -> 26963.79 | F59: =SUMIFS('SALES Raw'!$E$6:$E$1634,'SALES Raw'!$J$6:$J$1634,$J59,'SALES Raw'!$K$6:$K$1634,"Y")*$H$4 -> 694.73684 | G59: =SUMIFS('SALES Raw'!$F$6:$F$1634,'SALES Raw'!$J$6:$J$1634,$J59,'SALES Raw'!$K$6:$K$1634,"Y")*$H$4 -> 40255.187 | H59: 203 - Ortho- Partner ag SWITZERLAND | J59: 49PS XL
A60: =IF(ISNUMBER($J60),$J60,"") -> 4415163 | B60: =IFERROR(INDEX('SALES Raw'!$B$6:$B$1634,MATCH($J60,'SALES Raw'!$J$6:$J$1634,0)),$J60) -> 238 XL | C60: =IF(ISNUMBER($J60),IFERROR(INDEX('TRANS'!$C:$C,MATCH($J60,'TRANS'!$B:$B,0)),IFERROR(INDEX('Catalog'!$B:$B,MATCH($J60,'Catalog'!$A:$A,0)),$B60)),$B60) -> 238XL סד ליישור אצבע | D60: =SUMIFS('SALES Raw'!$C$6:$C$1634,'SALES Raw'!$J$6:$J$1634,$J60,'SALES Raw'!$K$6:$K$1634,"Y") -> 674 | E60: =SUMIFS('SALES Raw'!$D$6:$D$1634,'SALES Raw'!$J$6:$J$1634,$J60,'SALES Raw'!$K$6:$K$1634,"Y") -> 5751.74 | F60: =SUMIFS('SALES Raw'!$E$6:$E$1634,'SALES Raw'!$J$6:$J$1634,$J60,'SALES Raw'!$K$6:$K$1634,"Y")*$H$4 -> 679.57895 | G60: =SUMIFS('SALES Raw'!$F$6:$F$1634,'SALES Raw'!$J$6:$J$1634,$J60,'SALES Raw'!$K$6:$K$1634,"Y")*$H$4 -> 5522.8926 | H60: 207 - Salus HUNGARY | I60: 209 - Ortoprofil Prod ROMANIA | J60: 4415163
A61: =IF(ISNUMBER($J61),$J61,"") -> 4413056 | B61: =IFERROR(INDEX('SALES Raw'!$B$6:$B$1634,MATCH($J61,'SALES Raw'!$J$6:$J$1634,0)),$J61) -> LF360 0 | C61: =IF(ISNUMBER($J61),IFERROR(INDEX('TRANS'!$C:$C,MATCH($J61,'TRANS'!$B:$B,0)),IFERROR(INDEX('Catalog'!$B:$B,MATCH($J61,'Catalog'!$A:$A,0)),$B61)),$B61) -> LF360 מדרס מטטרזלי לנעלי עקב | D61: =SUMIFS('SALES Raw'!$C$6:$C$1634,'SALES Raw'!$J$6:$J$1634,$J61,'SALES Raw'!$K$6:$K$1634,"Y") -> 778 | E61: =SUMIFS('SALES Raw'!$D$6:$D$1634,'SALES Raw'!$J$6:$J$1634,$J61,'SALES Raw'!$K$6:$K$1634,"Y") -> 9479.1 | F61: =SUMIFS('SALES Raw'!$E$6:$E$1634,'SALES Raw'!$J$6:$J$1634,$J61,'SALES Raw'!$K$6:$K$1634,"Y")*$H$4 -> 679.57895 | G61: =SUMIFS('SALES Raw'!$F$6:$F$1634,'SALES Raw'!$J$6:$J$1634,$J61,'SALES Raw'!$K$6:$K$1634,"Y")*$H$4 -> 7406.5263 | H61: 202 - Super-Pharm POLAND | I61: 204 - Sanaflex Anatomic GREECE | J61: 4413056
A62: =IF(ISNUMBER($J62),$J62,"") -> 4403041 | B62: =IFERROR(INDEX('SALES Raw'!$B$6:$B$1634,MATCH($J62,'SALES Raw'!$J$6:$J$1634,0)),$J62) -> 397A-35-38 | C62: =IF(ISNUMBER($J62),IFERROR(INDEX('TRANS'!$C:$C,MATCH($J62,'TRANS'!$B:$B,0)),IFERROR(INDEX('Catalog'!$B:$B,MATCH($J62,'Catalog'!$A:$A,0)),$B62)),$B62) -> 397A-גרבי טיסה אנטי בקטרי35-38 | D62: =SUMIFS('SALES Raw'!$C$6:$C$1634,'SALES Raw'!$J$6:$J$1634,$J62,'SALES Raw'!$K$6:$K$1634,"Y") -> 101 | E62: =SUMIFS('SALES Raw'!$D$6:$D$1634,'SALES Raw'!$J$6:$J$1634,$J62,'SALES Raw'!$K$6:$K$1634,"Y") -> 3325.24 | F62: =SUMIFS('SALES Raw'!$E$6:$E$1634,'SALES Raw'!$J$6:$J$1634,$J62,'SALES Raw'!$K$6:$K$1634,"Y")*$H$4 -> 674.52632 | G62: =SUMIFS('SALES Raw'!$F$6:$F$1634,'SALES Raw'!$J$6:$J$1634,$J62,'SALES Raw'!$K$6:$K$1634,"Y")*$H$4 -> 21180.821 | H62: 202 - Super-Pharm POLAND | I62: 201- Seven Gear FINLAND oy | J62: 4403041
A63: =IF(ISNUMBER($J63),$J63,"") -> 4413452 | B63: =IFERROR(INDEX('SALES Raw'!$B$6:$B$1634,MATCH($J63,'SALES Raw'!$J$6:$J$1634,0)),$J63) -> 386 0 | C63: =IF(ISNUMBER($J63),IFERROR(INDEX('TRANS'!$C:$C,MATCH($J63,'TRANS'!$B:$B,0)),IFERROR(INDEX('Catalog'!$B:$B,MATCH($J63,'Catalog'!$A:$A,0)),$B63)),$B63) -> 386 מיישר בוניון-האלוקס ולגוס | D63: =SUMIFS('SALES Raw'!$C$6:$C$1634,'SALES Raw'!$J$6:$J$1634,$J63,'SALES Raw'!$K$6:$K$1634,"Y") -> 865 | E63: =SUMIFS('SALES Raw'!$D$6:$D$1634,'SALES Raw'!$J$6:$J$1634,$J63,'SALES Raw'!$K$6:$K$1634,"Y") -> 17268.15 | F63: =SUMIFS('SALES Raw'!$E$6:$E$1634,'SALES Raw'!$J$6:$J$1634,$J63,'SALES Raw'!$K$6:$K$1634,"Y")*$H$4 -> 651.78947 | G63: =SUMIFS('SALES Raw'!$F$6:$F$1634,'SALES Raw'!$J$6:$J$1634,$J63,'SALES Raw'!$K$6:$K$1634,"Y")*$H$4 -> 11795.975 | H63: 202 - Super-Pharm POLAND | I63: 204 - Sanaflex Anatomic GREECE | J63: 4413452
A64: =IF(ISNUMBER($J64),$J64,"") -> 4408098 | B64: =IFERROR(INDEX('SALES Raw'!$B$6:$B$1634,MATCH($J64,'SALES Raw'!$J$6:$J$1634,0)),$J64) -> T25 0 | C64: =IF(ISNUMBER($J64),IFERROR(INDEX('TRANS'!$C:$C,MATCH($J64,'TRANS'!$B:$B,0)),IFERROR(INDEX('Catalog'!$B:$B,MATCH($J64,'Catalog'!$A:$A,0)),$B64)),$B64) -> T25-חבק יד אגודלי | D64: =SUMIFS('SALES Raw'!$C$6:$C$1634,'SALES Raw'!$J$6:$J$1634,$J64,'SALES Raw'!$K$6:$K$1634,"Y") -> 582 | E64: =SUMIFS('SALES Raw'!$D$6:$D$1634,'SALES Raw'!$J$6:$J$1634,$J64,'SALES Raw'!$K$6:$K$1634,"Y") -> 14809.62 | F64: =SUMIFS('SALES Raw'!$E$6:$E$1634,'SALES Raw'!$J$6:$J$1634,$J64,'SALES Raw'!$K$6:$K$1634,"Y")*$H$4 -> 646.73684 | G64: =SUMIFS('SALES Raw'!$F$6:$F$1634,'SALES Raw'!$J$6:$J$1634,$J64,'SALES Raw'!$K$6:$K$1634,"Y")*$H$4 -> 13666.497 | H64: 202 - Super-Pharm POLAND | I64: 203 - Ortho- Partner ag SWITZERLAND | J64: 4408098
A65: =IF(ISNUMBER($J65),$J65,"") -> 4415177 | B65: =IFERROR(INDEX('SALES Raw'!$B$6:$B$1634,MATCH($J65,'SALES Raw'!$J$6:$J$1634,0)),$J65) -> ST28 0 | C65: =IF(ISNUMBER($J65),IFERROR(INDEX('TRANS'!$C:$C,MATCH($J65,'TRANS'!$B:$B,0)),IFERROR(INDEX('Catalog'!$B:$B,MATCH($J65,'Catalog'!$A:$A,0)),$B65)),$B65) -> ST28 סד אגודלי עם מוט תמיכה | D65: =SUMIFS('SALES Raw'!$C$6:$C$1634,'SALES Raw'!$J$6:$J$1634,$J65,'SALES Raw'!$K$6:$K$1634,"Y") -> 415 | E65: =SUMIFS('SALES Raw'!$D$6:$D$1634,'SALES Raw'!$J$6:$J$1634,$J65,'SALES Raw'!$K$6:$K$1634,"Y") -> 6714.29 | F65: =SUMIFS('SALES Raw'!$E$6:$E$1634,'SALES Raw'!$J$6:$J$1634,$J65,'SALES Raw'!$K$6:$K$1634,"Y")*$H$4 -> 626.52632 | G65: =SUMIFS('SALES Raw'!$F$6:$F$1634,'SALES Raw'!$J$6:$J$1634,$J65,'SALES Raw'!$K$6:$K$1634,"Y")*$H$4 -> 9593.8484 | H65: 207 - Salus HUNGARY | I65: 211 - Pharmag Lachmair Ges. Mbh AUSTRIA | J65: 4415177
A66: =IF(ISNUMBER($J66),$J66,"") | B66: =IFERROR(INDEX('SALES Raw'!$B$6:$B$1634,MATCH($J66,'SALES Raw'!$J$6:$J$1634,0)),$J66) -> ST95 0 | C66: =IF(ISNUMBER($J66),IFERROR(INDEX('TRANS'!$C:$C,MATCH($J66,'TRANS'!$B:$B,0)),IFERROR(INDEX('Catalog'!$B:$B,MATCH($J66,'Catalog'!$A:$A,0)),$B66)),$B66) -> ST95 0 | D66: =SUMIFS('SALES Raw'!$C$6:$C$1634,'SALES Raw'!$J$6:$J$1634,$J66,'SALES Raw'!$K$6:$K$1634,"Y") -> 277 | E66: =SUMIFS('SALES Raw'!$D$6:$D$1634,'SALES Raw'!$J$6:$J$1634,$J66,'SALES Raw'!$K$6:$K$1634,"Y") -> 5117.81 | F66: =SUMIFS('SALES Raw'!$E$6:$E$1634,'SALES Raw'!$J$6:$J$1634,$J66,'SALES Raw'!$K$6:$K$1634,"Y")*$H$4 -> 606.31579 | G66: =SUMIFS('SALES Raw'!$F$6:$F$1634,'SALES Raw'!$J$6:$J$1634,$J66,'SALES Raw'!$K$6:$K$1634,"Y")*$H$4 -> 10811.217 | H66: 207 - Salus HUNGARY | I66: 205 - Health Care Prod. Gmbh GERMANY | J66: ST95 0
A67: =IF(ISNUMBER($J67),$J67,"") -> 4413492 | B67: =IFERROR(INDEX('SALES Raw'!$B$6:$B$1634,MATCH($J67,'SALES Raw'!$J$6:$J$1634,0)),$J67) -> 35B M | C67: =IF(ISNUMBER($J67),IFERROR(INDEX('TRANS'!$C:$C,MATCH($J67,'TRANS'!$B:$B,0)),IFERROR(INDEX('Catalog'!$B:$B,MATCH($J67,'Catalog'!$A:$A,0)),$B67)),$B67) -> 35B M מגן קרסול שחור | D67: =SUMIFS('SALES Raw'!$C$6:$C$1634,'SALES Raw'!$J$6:$J$1634,$J67,'SALES Raw'!$K$6:$K$1634,"Y") -> 685 | E67: =SUMIFS('SALES Raw'!$D$6:$D$1634,'SALES Raw'!$J$6:$J$1634,$J67,'SALES Raw'!$K$6:$K$1634,"Y") -> 8938.42 | F67: =SUMIFS('SALES Raw'!$E$6:$E$1634,'SALES Raw'!$J$6:$J$1634,$J67,'SALES Raw'!$K$6:$K$1634,"Y")*$H$4 -> 568.42105 | G67: =SUMIFS('SALES Raw'!$F$6:$F$1634,'SALES Raw'!$J$6:$J$1634,$J67,'SALES Raw'!$K$6:$K$1634,"Y")*$H$4 -> 6457.92 | H67: 202 - Super-Pharm POLAND | I67: 204 - Sanaflex Anatomic GREECE | J67: 4413492
A68: =IF(ISNUMBER($J68),$J68,"") -> 4420024 | B68: =IFERROR(INDEX('SALES Raw'!$B$6:$B$1634,MATCH($J68,'SALES Raw'!$J$6:$J$1634,0)),$J68) -> LF373 0 | C68: =IF(ISNUMBER($J68),IFERROR(INDEX('TRANS'!$C:$C,MATCH($J68,'TRANS'!$B:$B,0)),IFERROR(INDEX('Catalog'!$B:$B,MATCH($J68,'Catalog'!$A:$A,0)),$B68)),$B68) -> LFריפוד סיליק.לכרית כף הרגל373 | D68: =SUMIFS('SALES Raw'!$C$6:$C$1634,'SALES Raw'!$J$6:$J$1634,$J68,'SALES Raw'!$K$6:$K$1634,"Y") -> 560 | E68: =SUMIFS('SALES Raw'!$D$6:$D$1634,'SALES Raw'!$J$6:$J$1634,$J68,'SALES Raw'!$K$6:$K$1634,"Y") -> 6355.25 | F68: =SUMIFS('SALES Raw'!$E$6:$E$1634,'SALES Raw'!$J$6:$J$1634,$J68,'SALES Raw'!$K$6:$K$1634,"Y")*$H$4 -> 549.47368 | G68: =SUMIFS('SALES Raw'!$F$6:$F$1634,'SALES Raw'!$J$6:$J$1634,$J68,'SALES Raw'!$K$6:$K$1634,"Y")*$H$4 -> 5450.2737 | H68: 202 - Super-Pharm POLAND | I68: 204 - Sanaflex Anatomic GREECE | J68: 4420024
A69: =IF(ISNUMBER($J69),$J69,"") -> 4413099 | B69: =IFERROR(INDEX('SALES Raw'!$B$6:$B$1634,MATCH($J69,'SALES Raw'!$J$6:$J$1634,0)),$J69) -> 45C M | C69: =IF(ISNUMBER($J69),IFERROR(INDEX('TRANS'!$C:$C,MATCH($J69,'TRANS'!$B:$B,0)),IFERROR(INDEX('Catalog'!$B:$B,MATCH($J69,'Catalog'!$A:$A,0)),$B69)),$B69) -> 45C M מגן ברך חום | D69: =SUMIFS('SALES Raw'!$C$6:$C$1634,'SALES Raw'!$J$6:$J$1634,$J69,'SALES Raw'!$K$6:$K$1634,"Y") -> 660 | E69: =SUMIFS('SALES Raw'!$D$6:$D$1634,'SALES Raw'!$J$6:$J$1634,$J69,'SALES Raw'!$K$6:$K$1634,"Y") -> 8305.71 | F69: =SUMIFS('SALES Raw'!$E$6:$E$1634,'SALES Raw'!$J$6:$J$1634,$J69,'SALES Raw'!$K$6:$K$1634,"Y")*$H$4 -> 546.94737 | G69: =SUMIFS('SALES Raw'!$F$6:$F$1634,'SALES Raw'!$J$6:$J$1634,$J69,'SALES Raw'!$K$6:$K$1634,"Y")*$H$4 -> 6081.9789 | H69: 202 - Super-Pharm POLAND | I69: 204 - Sanaflex Anatomic GREECE | J69: 4413099
A70: =IF(ISNUMBER($J70),$J70,"") | B70: =IFERROR(INDEX('SALES Raw'!$B$6:$B$1634,MATCH($J70,'SALES Raw'!$J$6:$J$1634,0)),$J70) -> 376-38-40 | C70: =IF(ISNUMBER($J70),IFERROR(INDEX('TRANS'!$C:$C,MATCH($J70,'TRANS'!$B:$B,0)),IFERROR(INDEX('Catalog'!$B:$B,MATCH($J70,'Catalog'!$A:$A,0)),$B70)),$B70) -> 376-38-40 | D70: =SUMIFS('SALES Raw'!$C$6:$C$1634,'SALES Raw'!$J$6:$J$1634,$J70,'SALES Raw'!$K$6:$K$1634,"Y") -> 708 | E70: =SUMIFS('SALES Raw'!$D$6:$D$1634,'SALES Raw'!$J$6:$J$1634,$J70,'SALES Raw'!$K$6:$K$1634,"Y") -> 12538.96 | F70: =SUMIFS('SALES Raw'!$E$6:$E$1634,'SALES Raw'!$J$6:$J$1634,$J70,'SALES Raw'!$K$6:$K$1634,"Y")*$H$4 -> 543.15789 | G70: =SUMIFS('SALES Raw'!$F$6:$F$1634,'SALES Raw'!$J$6:$J$1634,$J70,'SALES Raw'!$K$6:$K$1634,"Y")*$H$4 -> 8985.8147 | H70: 202 - Super-Pharm POLAND | I70: 204 - Sanaflex Anatomic GREECE | J70: 376-38-40
A71: =IF(ISNUMBER($J71),$J71,"") -> 4413495 | B71: =IFERROR(INDEX('SALES Raw'!$B$6:$B$1634,MATCH($J71,'SALES Raw'!$J$6:$J$1634,0)),$J71) -> 45B L | C71: =IF(ISNUMBER($J71),IFERROR(INDEX('TRANS'!$C:$C,MATCH($J71,'TRANS'!$B:$B,0)),IFERROR(INDEX('Catalog'!$B:$B,MATCH($J71,'Catalog'!$A:$A,0)),$B71)),$B71) -> 45B L מגן ברך שחור | D71: =SUMIFS('SALES Raw'!$C$6:$C$1634,'SALES Raw'!$J$6:$J$1634,$J71,'SALES Raw'!$K$6:$K$1634,"Y") -> 900 | E71: =SUMIFS('SALES Raw'!$D$6:$D$1634,'SALES Raw'!$J$6:$J$1634,$J71,'SALES Raw'!$K$6:$K$1634,"Y") -> 11734.54 | F71: =SUMIFS('SALES Raw'!$E$6:$E$1634,'SALES Raw'!$J$6:$J$1634,$J71,'SALES Raw'!$K$6:$K$1634,"Y")*$H$4 -> 543.15789 | G71: =SUMIFS('SALES Raw'!$F$6:$F$1634,'SALES Raw'!$J$6:$J$1634,$J71,'SALES Raw'!$K$6:$K$1634,"Y")*$H$4 -> 6649.5537 | H71: 202 - Super-Pharm POLAND | I71: 204 - Sanaflex Anatomic GREECE | J71: 4413495
A72: =IF(ISNUMBER($J72),$J72,"") -> 4413497 | B72: =IFERROR(INDEX('SALES Raw'!$B$6:$B$1634,MATCH($J72,'SALES Raw'!$J$6:$J$1634,0)),$J72) -> 45B M | C72: =IF(ISNUMBER($J72),IFERROR(INDEX('TRANS'!$C:$C,MATCH($J72,'TRANS'!$B:$B,0)),IFERROR(INDEX('Catalog'!$B:$B,MATCH($J72,'Catalog'!$A:$A,0)),$B72)),$B72) -> 45B M מגן ברך שחור | D72: =SUMIFS('SALES Raw'!$C$6:$C$1634,'SALES Raw'!$J$6:$J$1634,$J72,'SALES Raw'!$K$6:$K$1634,"Y") -> 852 | E72: =SUMIFS('SALES Raw'!$D$6:$D$1634,'SALES Raw'!$J$6:$J$1634,$J72,'SALES Raw'!$K$6:$K$1634,"Y") -> 11114.16 | F72: =SUMIFS('SALES Raw'!$E$6:$E$1634,'SALES Raw'!$J$6:$J$1634,$J72,'SALES Raw'!$K$6:$K$1634,"Y")*$H$4 -> 540.63158 | G72: =SUMIFS('SALES Raw'!$F$6:$F$1634,'SALES Raw'!$J$6:$J$1634,$J72,'SALES Raw'!$K$6:$K$1634,"Y")*$H$4 -> 6237.7389 | H72: 202 - Super-Pharm POLAND | I72: 204 - Sanaflex Anatomic GREECE | J72: 4413497
A73: =IF(ISNUMBER($J73),$J73,"") -> 4415026 | B73: =IFERROR(INDEX('SALES Raw'!$B$6:$B$1634,MATCH($J73,'SALES Raw'!$J$6:$J$1634,0)),$J73) -> AC27L 0 | C73: =IF(ISNUMBER($J73),IFERROR(INDEX('TRANS'!$C:$C,MATCH($J73,'TRANS'!$B:$B,0)),IFERROR(INDEX('Catalog'!$B:$B,MATCH($J73,'Catalog'!$A:$A,0)),$B73)),$B73) -> AC-27L סד לש.כף יד שמאל | D73: =SUMIFS('SALES Raw'!$C$6:$C$1634,'SALES Raw'!$J$6:$J$1634,$J73,'SALES Raw'!$K$6:$K$1634,"Y") -> 930 | E73: =SUMIFS('SALES Raw'!$D$6:$D$1634,'SALES Raw'!$J$6:$J$1634,$J73,'SALES Raw'!$K$6:$K$1634,"Y") -> 19368.39 | F73: =SUMIFS('SALES Raw'!$E$6:$E$1634,'SALES Raw'!$J$6:$J$1634,$J73,'SALES Raw'!$K$6:$K$1634,"Y")*$H$4 -> 530.52632 | G73: =SUMIFS('SALES Raw'!$F$6:$F$1634,'SALES Raw'!$J$6:$J$1634,$J73,'SALES Raw'!$K$6:$K$1634,"Y")*$H$4 -> 10242.821 | H73: 204 - Sanaflex Anatomic GREECE | I73: 214 - Alfred Gera& Sons Ltd. MALTA | J73: 4415026
A74: =IF(ISNUMBER($J74),$J74,"") -> 4413531 | B74: =IFERROR(INDEX('SALES Raw'!$B$6:$B$1634,MATCH($J74,'SALES Raw'!$J$6:$J$1634,0)),$J74) -> ST91 0 | C74: =IF(ISNUMBER($J74),IFERROR(INDEX('TRANS'!$C:$C,MATCH($J74,'TRANS'!$B:$B,0)),IFERROR(INDEX('Catalog'!$B:$B,MATCH($J74,'Catalog'!$A:$A,0)),$B74)),$B74) -> ST91 מגן מרפק לטניס | D74: =SUMIFS('SALES Raw'!$C$6:$C$1634,'SALES Raw'!$J$6:$J$1634,$J74,'SALES Raw'!$K$6:$K$1634,"Y") -> 395 | E74: =SUMIFS('SALES Raw'!$D$6:$D$1634,'SALES Raw'!$J$6:$J$1634,$J74,'SALES Raw'!$K$6:$K$1634,"Y") -> 5864.17 | F74: =SUMIFS('SALES Raw'!$E$6:$E$1634,'SALES Raw'!$J$6:$J$1634,$J74,'SALES Raw'!$K$6:$K$1634,"Y")*$H$4 -> 524.21053 | G74: =SUMIFS('SALES Raw'!$F$6:$F$1634,'SALES Raw'!$J$6:$J$1634,$J74,'SALES Raw'!$K$6:$K$1634,"Y")*$H$4 -> 7608.6568 | H74: 207 - Salus HUNGARY | I74: 213 - E.f.m.o. SPAIN | J74: 4413531
A75: =IF(ISNUMBER($J75),$J75,"") -> 4420001 | B75: =IFERROR(INDEX('SALES Raw'!$B$6:$B$1634,MATCH($J75,'SALES Raw'!$J$6:$J$1634,0)),$J75) -> 371 0 | C75: =IF(ISNUMBER($J75),IFERROR(INDEX('TRANS'!$C:$C,MATCH($J75,'TRANS'!$B:$B,0)),IFERROR(INDEX('Catalog'!$B:$B,MATCH($J75,'Catalog'!$A:$A,0)),$B75)),$B75) -> 371 רפידת מגבת כותנה-זוג | D75: =SUMIFS('SALES Raw'!$C$6:$C$1634,'SALES Raw'!$J$6:$J$1634,$J75,'SALES Raw'!$K$6:$K$1634,"Y") -> 810 | E75: =SUMIFS('SALES Raw'!$D$6:$D$1634,'SALES Raw'!$J$6:$J$1634,$J75,'SALES Raw'!$K$6:$K$1634,"Y") -> 5017.78 | F75: =SUMIFS('SALES Raw'!$E$6:$E$1634,'SALES Raw'!$J$6:$J$1634,$J75,'SALES Raw'!$K$6:$K$1634,"Y")*$H$4 -> 517.89474 | G75: =SUMIFS('SALES Raw'!$F$6:$F$1634,'SALES Raw'!$J$6:$J$1634,$J75,'SALES Raw'!$K$6:$K$1634,"Y")*$H$4 -> 2902.4589 | H75: 202 - Super-Pharm POLAND | I75: 204 - Sanaflex Anatomic GREECE | J75: 4420001
A76: =IF(ISNUMBER($J76),$J76,"") -> 4413453 | B76: =IFERROR(INDEX('SALES Raw'!$B$6:$B$1634,MATCH($J76,'SALES Raw'!$J$6:$J$1634,0)),$J76) -> AC75-S-XL | C76: =IF(ISNUMBER($J76),IFERROR(INDEX('TRANS'!$C:$C,MATCH($J76,'TRANS'!$B:$B,0)),IFERROR(INDEX('Catalog'!$B:$B,MATCH($J76,'Catalog'!$A:$A,0)),$B76)),$B76) -> AC75 מישר כתפיים אקטיב | D76: =SUMIFS('SALES Raw'!$C$6:$C$1634,'SALES Raw'!$J$6:$J$1634,$J76,'SALES Raw'!$K$6:$K$1634,"Y") -> 988 | E76: =SUMIFS('SALES Raw'!$D$6:$D$1634,'SALES Raw'!$J$6:$J$1634,$J76,'SALES Raw'!$K$6:$K$1634,"Y") -> 35315.98 | F76: =SUMIFS('SALES Raw'!$E$6:$E$1634,'SALES Raw'!$J$6:$J$1634,$J76,'SALES Raw'!$K$6:$K$1634,"Y")*$H$4 -> 510.31579 | G76: =SUMIFS('SALES Raw'!$F$6:$F$1634,'SALES Raw'!$J$6:$J$1634,$J76,'SALES Raw'!$K$6:$K$1634,"Y")*$H$4 -> 19301.861 | H76: 202 - Super-Pharm POLAND | I76: 209 - Ortoprofil Prod ROMANIA | J76: 4413453
A77: =IF(ISNUMBER($J77),$J77,"") -> 4411001 | B77: =IFERROR(INDEX('SALES Raw'!$B$6:$B$1634,MATCH($J77,'SALES Raw'!$J$6:$J$1634,0)),$J77) -> 3623 0 | C77: =IF(ISNUMBER($J77),IFERROR(INDEX('TRANS'!$C:$C,MATCH($J77,'TRANS'!$B:$B,0)),IFERROR(INDEX('Catalog'!$B:$B,MATCH($J77,'Catalog'!$A:$A,0)),$B77)),$B77) -> 3623 כרית ליישור אצבע פטיש | D77: =SUMIFS('SALES Raw'!$C$6:$C$1634,'SALES Raw'!$J$6:$J$1634,$J77,'SALES Raw'!$K$6:$K$1634,"Y") -> 760 | E77: =SUMIFS('SALES Raw'!$D$6:$D$1634,'SALES Raw'!$J$6:$J$1634,$J77,'SALES Raw'!$K$6:$K$1634,"Y") -> 13163.91 | F77: =SUMIFS('SALES Raw'!$E$6:$E$1634,'SALES Raw'!$J$6:$J$1634,$J77,'SALES Raw'!$K$6:$K$1634,"Y")*$H$4 -> 505.26316 | G77: =SUMIFS('SALES Raw'!$F$6:$F$1634,'SALES Raw'!$J$6:$J$1634,$J77,'SALES Raw'!$K$6:$K$1634,"Y")*$H$4 -> 7596.4674 | H77: 204 - Sanaflex Anatomic GREECE | I77: 207 - Salus HUNGARY | J77: 4411001
A78: =IF(ISNUMBER($J78),$J78,"") | B78: =IFERROR(INDEX('SALES Raw'!$B$6:$B$1634,MATCH($J78,'SALES Raw'!$J$6:$J$1634,0)),$J78) -> 376-44-45 | C78: =IF(ISNUMBER($J78),IFERROR(INDEX('TRANS'!$C:$C,MATCH($J78,'TRANS'!$B:$B,0)),IFERROR(INDEX('Catalog'!$B:$B,MATCH($J78,'Catalog'!$A:$A,0)),$B78)),$B78) -> 376-44-45 | D78: =SUMIFS('SALES Raw'!$C$6:$C$1634,'SALES Raw'!$J$6:$J$1634,$J78,'SALES Raw'!$K$6:$K$1634,"Y") -> 669 | E78: =SUMIFS('SALES Raw'!$D$6:$D$1634,'SALES Raw'!$J$6:$J$1634,$J78,'SALES Raw'!$K$6:$K$1634,"Y") -> 11855.32 | F78: =SUMIFS('SALES Raw'!$E$6:$E$1634,'SALES Raw'!$J$6:$J$1634,$J78,'SALES Raw'!$K$6:$K$1634,"Y")*$H$4 -> 504 | G78: =SUMIFS('SALES Raw'!$F$6:$F$1634,'SALES Raw'!$J$6:$J$1634,$J78,'SALES Raw'!$K$6:$K$1634,"Y")*$H$4 -> 7615.5916 | H78: 202 - Super-Pharm POLAND | I78: 204 - Sanaflex Anatomic GREECE | J78: 376-44-45
A79: =IF(ISNUMBER($J79),$J79,"") -> 4408261 | B79: =IFERROR(INDEX('SALES Raw'!$B$6:$B$1634,MATCH($J79,'SALES Raw'!$J$6:$J$1634,0)),$J79) -> 11STO L | C79: =IF(ISNUMBER($J79),IFERROR(INDEX('TRANS'!$C:$C,MATCH($J79,'TRANS'!$B:$B,0)),IFERROR(INDEX('Catalog'!$B:$B,MATCH($J79,'Catalog'!$A:$A,0)),$B79)),$B79) -> 11STO L חגורה אחרי ניתוח | D79: =SUMIFS('SALES Raw'!$C$6:$C$1634,'SALES Raw'!$J$6:$J$1634,$J79,'SALES Raw'!$K$6:$K$1634,"Y") -> 505 | E79: =SUMIFS('SALES Raw'!$D$6:$D$1634,'SALES Raw'!$J$6:$J$1634,$J79,'SALES Raw'!$K$6:$K$1634,"Y") -> 31184.8 | F79: =SUMIFS('SALES Raw'!$E$6:$E$1634,'SALES Raw'!$J$6:$J$1634,$J79,'SALES Raw'!$K$6:$K$1634,"Y")*$H$4 -> 501.47368 | G79: =SUMIFS('SALES Raw'!$F$6:$F$1634,'SALES Raw'!$J$6:$J$1634,$J79,'SALES Raw'!$K$6:$K$1634,"Y")*$H$4 -> 30976.547 | H79: 209 - Ortoprofil Prod ROMANIA | I79: 206 - Orthomed Ltd BULGARIA | J79: 4408261
A80: =IF(ISNUMBER($J80),$J80,"") -> 4413093 | B80: =IFERROR(INDEX('SALES Raw'!$B$6:$B$1634,MATCH($J80,'SALES Raw'!$J$6:$J$1634,0)),$J80) -> 45 M | C80: =IF(ISNUMBER($J80),IFERROR(INDEX('TRANS'!$C:$C,MATCH($J80,'TRANS'!$B:$B,0)),IFERROR(INDEX('Catalog'!$B:$B,MATCH($J80,'Catalog'!$A:$A,0)),$B80)),$B80) -> 45 M מגן ברך לבן | D80: =SUMIFS('SALES Raw'!$C$6:$C$1634,'SALES Raw'!$J$6:$J$1634,$J80,'SALES Raw'!$K$6:$K$1634,"Y") -> 642 | E80: =SUMIFS('SALES Raw'!$D$6:$D$1634,'SALES Raw'!$J$6:$J$1634,$J80,'SALES Raw'!$K$6:$K$1634,"Y") -> 7678.34 | F80: =SUMIFS('SALES Raw'!$E$6:$E$1634,'SALES Raw'!$J$6:$J$1634,$J80,'SALES Raw'!$K$6:$K$1634,"Y")*$H$4 -> 496.42105 | G80: =SUMIFS('SALES Raw'!$F$6:$F$1634,'SALES Raw'!$J$6:$J$1634,$J80,'SALES Raw'!$K$6:$K$1634,"Y")*$H$4 -> 5517.8021 | H80: 202 - Super-Pharm POLAND | I80: 207 - Salus HUNGARY | J80: 4413093
A81: =IF(ISNUMBER($J81),$J81,"") | B81: =IFERROR(INDEX('SALES Raw'!$B$6:$B$1634,MATCH($J81,'SALES Raw'!$J$6:$J$1634,0)),$J81) -> 305-37-38 | C81: =IF(ISNUMBER($J81),IFERROR(INDEX('TRANS'!$C:$C,MATCH($J81,'TRANS'!$B:$B,0)),IFERROR(INDEX('Catalog'!$B:$B,MATCH($J81,'Catalog'!$A:$A,0)),$B81)),$B81) -> 305-37-38 | D81: =SUMIFS('SALES Raw'!$C$6:$C$1634,'SALES Raw'!$J$6:$J$1634,$J81,'SALES Raw'!$K$6:$K$1634,"Y") -> 624 | E81: =SUMIFS('SALES Raw'!$D$6:$D$1634,'SALES Raw'!$J$6:$J$1634,$J81,'SALES Raw'!$K$6:$K$1634,"Y") -> 21678.93 | F81: =SUMIFS('SALES Raw'!$E$6:$E$1634,'SALES Raw'!$J$6:$J$1634,$J81,'SALES Raw'!$K$6:$K$1634,"Y")*$H$4 -> 493.89474 | G81: =SUMIFS('SALES Raw'!$F$6:$F$1634,'SALES Raw'!$J$6:$J$1634,$J81,'SALES Raw'!$K$6:$K$1634,"Y")*$H$4 -> 16728.366 | H81: 209 - Ortoprofil Prod ROMANIA | I81: 204 - Sanaflex Anatomic GREECE | J81: 305-37-38
A82: =IF(ISNUMBER($J82),$J82,"") -> 4413331 | B82: =IFERROR(INDEX('SALES Raw'!$B$6:$B$1634,MATCH($J82,'SALES Raw'!$J$6:$J$1634,0)),$J82) -> AC95 0 | C82: =IF(ISNUMBER($J82),IFERROR(INDEX('TRANS'!$C:$C,MATCH($J82,'TRANS'!$B:$B,0)),IFERROR(INDEX('Catalog'!$B:$B,MATCH($J82,'Catalog'!$A:$A,0)),$B82)),$B82) -> AC95 מגן מרפק | D82: =SUMIFS('SALES Raw'!$C$6:$C$1634,'SALES Raw'!$J$6:$J$1634,$J82,'SALES Raw'!$K$6:$K$1634,"Y") -> 603 | E82: =SUMIFS('SALES Raw'!$D$6:$D$1634,'SALES Raw'!$J$6:$J$1634,$J82,'SALES Raw'!$K$6:$K$1634,"Y") -> 10460.01 | F82: =SUMIFS('SALES Raw'!$E$6:$E$1634,'SALES Raw'!$J$6:$J$1634,$J82,'SALES Raw'!$K$6:$K$1634,"Y")*$H$4 -> 486.31579 | G82: =SUMIFS('SALES Raw'!$F$6:$F$1634,'SALES Raw'!$J$6:$J$1634,$J82,'SALES Raw'!$K$6:$K$1634,"Y")*$H$4 -> 7918.6737 | H82: 207 - Salus HUNGARY | I82: 204 - Sanaflex Anatomic GREECE | J82: 4413331
A83: =IF(ISNUMBER($J83),$J83,"") -> 4413098 | B83: =IFERROR(INDEX('SALES Raw'!$B$6:$B$1634,MATCH($J83,'SALES Raw'!$J$6:$J$1634,0)),$J83) -> 45C L | C83: =IF(ISNUMBER($J83),IFERROR(INDEX('TRANS'!$C:$C,MATCH($J83,'TRANS'!$B:$B,0)),IFERROR(INDEX('Catalog'!$B:$B,MATCH($J83,'Catalog'!$A:$A,0)),$B83)),$B83) -> 45C L מגן ברך חום | D83: =SUMIFS('SALES Raw'!$C$6:$C$1634,'SALES Raw'!$J$6:$J$1634,$J83,'SALES Raw'!$K$6:$K$1634,"Y") -> 755 | E83: =SUMIFS('SALES Raw'!$D$6:$D$1634,'SALES Raw'!$J$6:$J$1634,$J83,'SALES Raw'!$K$6:$K$1634,"Y") -> 9396.03 | F83: =SUMIFS('SALES Raw'!$E$6:$E$1634,'SALES Raw'!$J$6:$J$1634,$J83,'SALES Raw'!$K$6:$K$1634,"Y")*$H$4 -> 469.89474 | G83: =SUMIFS('SALES Raw'!$F$6:$F$1634,'SALES Raw'!$J$6:$J$1634,$J83,'SALES Raw'!$K$6:$K$1634,"Y")*$H$4 -> 5174.3242 | H83: 202 - Super-Pharm POLAND | I83: 204 - Sanaflex Anatomic GREECE | J83: 4413098
A84: =IF(ISNUMBER($J84),$J84,"") -> 4408052 | B84: =IFERROR(INDEX('SALES Raw'!$B$6:$B$1634,MATCH($J84,'SALES Raw'!$J$6:$J$1634,0)),$J84) -> 21 L | C84: =IF(ISNUMBER($J84),IFERROR(INDEX('TRANS'!$C:$C,MATCH($J84,'TRANS'!$B:$B,0)),IFERROR(INDEX('Catalog'!$B:$B,MATCH($J84,'Catalog'!$A:$A,0)),$B84)),$B84) -> 21 L חבק יד ארוך | D84: =SUMIFS('SALES Raw'!$C$6:$C$1634,'SALES Raw'!$J$6:$J$1634,$J84,'SALES Raw'!$K$6:$K$1634,"Y") -> 500 | E84: =SUMIFS('SALES Raw'!$D$6:$D$1634,'SALES Raw'!$J$6:$J$1634,$J84,'SALES Raw'!$K$6:$K$1634,"Y") -> 8976.63 | F84: =SUMIFS('SALES Raw'!$E$6:$E$1634,'SALES Raw'!$J$6:$J$1634,$J84,'SALES Raw'!$K$6:$K$1634,"Y")*$H$4 -> 459.78947 | G84: =SUMIFS('SALES Raw'!$F$6:$F$1634,'SALES Raw'!$J$6:$J$1634,$J84,'SALES Raw'!$K$6:$K$1634,"Y")*$H$4 -> 7469.5832 | H84: 204 - Sanaflex Anatomic GREECE | I84: 209 - Ortoprofil Prod ROMANIA | J84: 4408052
A85: =IF(ISNUMBER($J85),$J85,"") | B85: =IFERROR(INDEX('SALES Raw'!$B$6:$B$1634,MATCH($J85,'SALES Raw'!$J$6:$J$1634,0)),$J85) -> ST27R 0 | C85: =IF(ISNUMBER($J85),IFERROR(INDEX('TRANS'!$C:$C,MATCH($J85,'TRANS'!$B:$B,0)),IFERROR(INDEX('Catalog'!$B:$B,MATCH($J85,'Catalog'!$A:$A,0)),$B85)),$B85) -> ST27R 0 | D85: =SUMIFS('SALES Raw'!$C$6:$C$1634,'SALES Raw'!$J$6:$J$1634,$J85,'SALES Raw'!$K$6:$K$1634,"Y") -> 608 | E85: =SUMIFS('SALES Raw'!$D$6:$D$1634,'SALES Raw'!$J$6:$J$1634,$J85,'SALES Raw'!$K$6:$K$1634,"Y") -> 13135.2 | F85: =SUMIFS('SALES Raw'!$E$6:$E$1634,'SALES Raw'!$J$6:$J$1634,$J85,'SALES Raw'!$K$6:$K$1634,"Y")*$H$4 -> 457.26316 | G85: =SUMIFS('SALES Raw'!$F$6:$F$1634,'SALES Raw'!$J$6:$J$1634,$J85,'SALES Raw'!$K$6:$K$1634,"Y")*$H$4 -> 8936.2989 | H85: 207 - Salus HUNGARY | I85: 202 - Super-Pharm POLAND | J85: ST27R 0
A86: =IF(ISNUMBER($J86),$J86,"") -> 4413490 | B86: =IFERROR(INDEX('SALES Raw'!$B$6:$B$1634,MATCH($J86,'SALES Raw'!$J$6:$J$1634,0)),$J86) -> 35B L | C86: =IF(ISNUMBER($J86),IFERROR(INDEX('TRANS'!$C:$C,MATCH($J86,'TRANS'!$B:$B,0)),IFERROR(INDEX('Catalog'!$B:$B,MATCH($J86,'Catalog'!$A:$A,0)),$B86)),$B86) -> 35B L מגן קרסול שחור | D86: =SUMIFS('SALES Raw'!$C$6:$C$1634,'SALES Raw'!$J$6:$J$1634,$J86,'SALES Raw'!$K$6:$K$1634,"Y") -> 625 | E86: =SUMIFS('SALES Raw'!$D$6:$D$1634,'SALES Raw'!$J$6:$J$1634,$J86,'SALES Raw'!$K$6:$K$1634,"Y") -> 8025.98 | F86: =SUMIFS('SALES Raw'!$E$6:$E$1634,'SALES Raw'!$J$6:$J$1634,$J86,'SALES Raw'!$K$6:$K$1634,"Y")*$H$4 -> 454.73684 | G86: =SUMIFS('SALES Raw'!$F$6:$F$1634,'SALES Raw'!$J$6:$J$1634,$J86,'SALES Raw'!$K$6:$K$1634,"Y")*$H$4 -> 5072.5263 | H86: 204 - Sanaflex Anatomic GREECE | I86: 202 - Super-Pharm POLAND | J86: 4413490
A87: =IF(ISNUMBER($J87),$J87,"") -> 4420022 | B87: =IFERROR(INDEX('SALES Raw'!$B$6:$B$1634,MATCH($J87,'SALES Raw'!$J$6:$J$1634,0)),$J87) -> LF370 0 | C87: =IF(ISNUMBER($J87),IFERROR(INDEX('TRANS'!$C:$C,MATCH($J87,'TRANS'!$B:$B,0)),IFERROR(INDEX('Catalog'!$B:$B,MATCH($J87,'Catalog'!$A:$A,0)),$B87)),$B87) -> LF370 ריפוד סיליקון לעקב אחורי | D87: =SUMIFS('SALES Raw'!$C$6:$C$1634,'SALES Raw'!$J$6:$J$1634,$J87,'SALES Raw'!$K$6:$K$1634,"Y") -> 390 | E87: =SUMIFS('SALES Raw'!$D$6:$D$1634,'SALES Raw'!$J$6:$J$1634,$J87,'SALES Raw'!$K$6:$K$1634,"Y") -> 3217.06 | F87: =SUMIFS('SALES Raw'!$E$6:$E$1634,'SALES Raw'!$J$6:$J$1634,$J87,'SALES Raw'!$K$6:$K$1634,"Y")*$H$4 -> 442.10526 | G87: =SUMIFS('SALES Raw'!$F$6:$F$1634,'SALES Raw'!$J$6:$J$1634,$J87,'SALES Raw'!$K$6:$K$1634,"Y")*$H$4 -> 3125.0021 | H87: 202 - Super-Pharm POLAND | I87: 204 - Sanaflex Anatomic GREECE | J87: 4420022
A88: =IF(ISNUMBER($J88),$J88,"") -> 4413496 | B88: =IFERROR(INDEX('SALES Raw'!$B$6:$B$1634,MATCH($J88,'SALES Raw'!$J$6:$J$1634,0)),$J88) -> 45B XL | C88: =IF(ISNUMBER($J88),IFERROR(INDEX('TRANS'!$C:$C,MATCH($J88,'TRANS'!$B:$B,0)),IFERROR(INDEX('Catalog'!$B:$B,MATCH($J88,'Catalog'!$A:$A,0)),$B88)),$B88) -> 45B XL מגן ברך שחור | D88: =SUMIFS('SALES Raw'!$C$6:$C$1634,'SALES Raw'!$J$6:$J$1634,$J88,'SALES Raw'!$K$6:$K$1634,"Y") -> 725 | E88: =SUMIFS('SALES Raw'!$D$6:$D$1634,'SALES Raw'!$J$6:$J$1634,$J88,'SALES Raw'!$K$6:$K$1634,"Y") -> 9692.75 | F88: =SUMIFS('SALES Raw'!$E$6:$E$1634,'SALES Raw'!$J$6:$J$1634,$J88,'SALES Raw'!$K$6:$K$1634,"Y")*$H$4 -> 435.78947 | G88: =SUMIFS('SALES Raw'!$F$6:$F$1634,'SALES Raw'!$J$6:$J$1634,$J88,'SALES Raw'!$K$6:$K$1634,"Y")*$H$4 -> 5220.9347 | H88: 202 - Super-Pharm POLAND | I88: 204 - Sanaflex Anatomic GREECE | J88: 4413496
A89: =IF(ISNUMBER($J89),$J89,"") | B89: =IFERROR(INDEX('SALES Raw'!$B$6:$B$1634,MATCH($J89,'SALES Raw'!$J$6:$J$1634,0)),$J89) -> 305-45-46 | C89: =IF(ISNUMBER($J89),IFERROR(INDEX('TRANS'!$C:$C,MATCH($J89,'TRANS'!$B:$B,0)),IFERROR(INDEX('Catalog'!$B:$B,MATCH($J89,'Catalog'!$A:$A,0)),$B89)),$B89) -> 305-45-46 | D89: =SUMIFS('SALES Raw'!$C$6:$C$1634,'SALES Raw'!$J$6:$J$1634,$J89,'SALES Raw'!$K$6:$K$1634,"Y") -> 521 | E89: =SUMIFS('SALES Raw'!$D$6:$D$1634,'SALES Raw'!$J$6:$J$1634,$J89,'SALES Raw'!$K$6:$K$1634,"Y") -> 14720.05 | F89: =SUMIFS('SALES Raw'!$E$6:$E$1634,'SALES Raw'!$J$6:$J$1634,$J89,'SALES Raw'!$K$6:$K$1634,"Y")*$H$4 -> 435.78947 | G89: =SUMIFS('SALES Raw'!$F$6:$F$1634,'SALES Raw'!$J$6:$J$1634,$J89,'SALES Raw'!$K$6:$K$1634,"Y")*$H$4 -> 14494.674 | H89: 209 - Ortoprofil Prod ROMANIA | I89: 204 - Sanaflex Anatomic GREECE | J89: 305-45-46
A90: =IF(ISNUMBER($J90),$J90,"") -> 4415299 | B90: =IFERROR(INDEX('SALES Raw'!$B$6:$B$1634,MATCH($J90,'SALES Raw'!$J$6:$J$1634,0)),$J90) -> 388BR 0 | C90: =IF(ISNUMBER($J90),IFERROR(INDEX('TRANS'!$C:$C,MATCH($J90,'TRANS'!$B:$B,0)),IFERROR(INDEX('Catalog'!$B:$B,MATCH($J90,'Catalog'!$A:$A,0)),$B90)),$B90) -> 388B L סד לילה שחור לבוהן ימין | D90: =SUMIFS('SALES Raw'!$C$6:$C$1634,'SALES Raw'!$J$6:$J$1634,$J90,'SALES Raw'!$K$6:$K$1634,"Y") -> 492 | E90: =SUMIFS('SALES Raw'!$D$6:$D$1634,'SALES Raw'!$J$6:$J$1634,$J90,'SALES Raw'!$K$6:$K$1634,"Y") -> 17918.99 | F90: =SUMIFS('SALES Raw'!$E$6:$E$1634,'SALES Raw'!$J$6:$J$1634,$J90,'SALES Raw'!$K$6:$K$1634,"Y")*$H$4 -> 435.78947 | G90: =SUMIFS('SALES Raw'!$F$6:$F$1634,'SALES Raw'!$J$6:$J$1634,$J90,'SALES Raw'!$K$6:$K$1634,"Y")*$H$4 -> 13762.472 | H90: 209 - Ortoprofil Prod ROMANIA | I90: 204 - Sanaflex Anatomic GREECE | J90: 4415299
A91: =IF(ISNUMBER($J91),$J91,"") -> 4413092 | B91: =IFERROR(INDEX('SALES Raw'!$B$6:$B$1634,MATCH($J91,'SALES Raw'!$J$6:$J$1634,0)),$J91) -> 45 L | C91: =IF(ISNUMBER($J91),IFERROR(INDEX('TRANS'!$C:$C,MATCH($J91,'TRANS'!$B:$B,0)),IFERROR(INDEX('Catalog'!$B:$B,MATCH($J91,'Catalog'!$A:$A,0)),$B91)),$B91) -> 45 L מגן ברך לבן | D91: =SUMIFS('SALES Raw'!$C$6:$C$1634,'SALES Raw'!$J$6:$J$1634,$J91,'SALES Raw'!$K$6:$K$1634,"Y") -> 717 | E91: =SUMIFS('SALES Raw'!$D$6:$D$1634,'SALES Raw'!$J$6:$J$1634,$J91,'SALES Raw'!$K$6:$K$1634,"Y") -> 8347.24 | F91: =SUMIFS('SALES Raw'!$E$6:$E$1634,'SALES Raw'!$J$6:$J$1634,$J91,'SALES Raw'!$K$6:$K$1634,"Y")*$H$4 -> 424.42105 | G91: =SUMIFS('SALES Raw'!$F$6:$F$1634,'SALES Raw'!$J$6:$J$1634,$J91,'SALES Raw'!$K$6:$K$1634,"Y")*$H$4 -> 4628.7032 | H91: 207 - Salus HUNGARY | I91: 202 - Super-Pharm POLAND | J91: 4413092
A92: =IF(ISNUMBER($J92),$J92,"") -> 4408047 | B92: =IFERROR(INDEX('SALES Raw'!$B$6:$B$1634,MATCH($J92,'SALES Raw'!$J$6:$J$1634,0)),$J92) -> 20 M | C92: =IF(ISNUMBER($J92),IFERROR(INDEX('TRANS'!$C:$C,MATCH($J92,'TRANS'!$B:$B,0)),IFERROR(INDEX('Catalog'!$B:$B,MATCH($J92,'Catalog'!$A:$A,0)),$B92)),$B92) -> 20 M חבק יד מתכוון עם צמדן | D92: =SUMIFS('SALES Raw'!$C$6:$C$1634,'SALES Raw'!$J$6:$J$1634,$J92,'SALES Raw'!$K$6:$K$1634,"Y") -> 377 | E92: =SUMIFS('SALES Raw'!$D$6:$D$1634,'SALES Raw'!$J$6:$J$1634,$J92,'SALES Raw'!$K$6:$K$1634,"Y") -> 7121.37 | F92: =SUMIFS('SALES Raw'!$E$6:$E$1634,'SALES Raw'!$J$6:$J$1634,$J92,'SALES Raw'!$K$6:$K$1634,"Y")*$H$4 -> 421.89474 | G92: =SUMIFS('SALES Raw'!$F$6:$F$1634,'SALES Raw'!$J$6:$J$1634,$J92,'SALES Raw'!$K$6:$K$1634,"Y")*$H$4 -> 6674.0968 | H92: 202 - Super-Pharm POLAND | I92: 204 - Sanaflex Anatomic GREECE | J92: 4408047
A93: =IF(ISNUMBER($J93),$J93,"") -> 4413100 | B93: =IFERROR(INDEX('SALES Raw'!$B$6:$B$1634,MATCH($J93,'SALES Raw'!$J$6:$J$1634,0)),$J93) -> 45C XL | C93: =IF(ISNUMBER($J93),IFERROR(INDEX('TRANS'!$C:$C,MATCH($J93,'TRANS'!$B:$B,0)),IFERROR(INDEX('Catalog'!$B:$B,MATCH($J93,'Catalog'!$A:$A,0)),$B93)),$B93) -> 45C XL מגן ברך חום | D93: =SUMIFS('SALES Raw'!$C$6:$C$1634,'SALES Raw'!$J$6:$J$1634,$J93,'SALES Raw'!$K$6:$K$1634,"Y") -> 505 | E93: =SUMIFS('SALES Raw'!$D$6:$D$1634,'SALES Raw'!$J$6:$J$1634,$J93,'SALES Raw'!$K$6:$K$1634,"Y") -> 6262.74 | F93: =SUMIFS('SALES Raw'!$E$6:$E$1634,'SALES Raw'!$J$6:$J$1634,$J93,'SALES Raw'!$K$6:$K$1634,"Y")*$H$4 -> 413.05263 | G93: =SUMIFS('SALES Raw'!$F$6:$F$1634,'SALES Raw'!$J$6:$J$1634,$J93,'SALES Raw'!$K$6:$K$1634,"Y")*$H$4 -> 4709.6211 | H93: 202 - Super-Pharm POLAND | I93: 204 - Sanaflex Anatomic GREECE | J93: 4413100
A94: =IF(ISNUMBER($J94),$J94,"") -> 4415298 | B94: =IFERROR(INDEX('SALES Raw'!$B$6:$B$1634,MATCH($J94,'SALES Raw'!$J$6:$J$1634,0)),$J94) -> 388BL 0 | C94: =IF(ISNUMBER($J94),IFERROR(INDEX('TRANS'!$C:$C,MATCH($J94,'TRANS'!$B:$B,0)),IFERROR(INDEX('Catalog'!$B:$B,MATCH($J94,'Catalog'!$A:$A,0)),$B94)),$B94) -> 388B L סד לילה שחור לבוהן שמאל | D94: =SUMIFS('SALES Raw'!$C$6:$C$1634,'SALES Raw'!$J$6:$J$1634,$J94,'SALES Raw'!$K$6:$K$1634,"Y") -> 454 | E94: =SUMIFS('SALES Raw'!$D$6:$D$1634,'SALES Raw'!$J$6:$J$1634,$J94,'SALES Raw'!$K$6:$K$1634,"Y") -> 15946.59 | F94: =SUMIFS('SALES Raw'!$E$6:$E$1634,'SALES Raw'!$J$6:$J$1634,$J94,'SALES Raw'!$K$6:$K$1634,"Y")*$H$4 -> 405.47368 | G94: =SUMIFS('SALES Raw'!$F$6:$F$1634,'SALES Raw'!$J$6:$J$1634,$J94,'SALES Raw'!$K$6:$K$1634,"Y")*$H$4 -> 12774.859 | H94: 209 - Ortoprofil Prod ROMANIA | I94: 204 - Sanaflex Anatomic GREECE | J94: 4415298
A95: =IF(ISNUMBER($J95),$J95,"") | B95: =IFERROR(INDEX('SALES Raw'!$B$6:$B$1634,MATCH($J95,'SALES Raw'!$J$6:$J$1634,0)),$J95) -> ST27L 0 | C95: =IF(ISNUMBER($J95),IFERROR(INDEX('TRANS'!$C:$C,MATCH($J95,'TRANS'!$B:$B,0)),IFERROR(INDEX('Catalog'!$B:$B,MATCH($J95,'Catalog'!$A:$A,0)),$B95)),$B95) -> ST27L 0 | D95: =SUMIFS('SALES Raw'!$C$6:$C$1634,'SALES Raw'!$J$6:$J$1634,$J95,'SALES Raw'!$K$6:$K$1634,"Y") -> 459 | E95: =SUMIFS('SALES Raw'!$D$6:$D$1634,'SALES Raw'!$J$6:$J$1634,$J95,'SALES Raw'!$K$6:$K$1634,"Y") -> 11382.24 | F95: =SUMIFS('SALES Raw'!$E$6:$E$1634,'SALES Raw'!$J$6:$J$1634,$J95,'SALES Raw'!$K$6:$K$1634,"Y")*$H$4 -> 404.21053 | G95: =SUMIFS('SALES Raw'!$F$6:$F$1634,'SALES Raw'!$J$6:$J$1634,$J95,'SALES Raw'!$K$6:$K$1634,"Y")*$H$4 -> 7923.6 | H95: 207 - Salus HUNGARY | I95: 202 - Super-Pharm POLAND | J95: ST27L 0
A96: =IF(ISNUMBER($J96),$J96,"") -> 4413372 | B96: =IFERROR(INDEX('SALES Raw'!$B$6:$B$1634,MATCH($J96,'SALES Raw'!$J$6:$J$1634,0)),$J96) -> 302W 0 | C96: =IF(ISNUMBER($J96),IFERROR(INDEX('TRANS'!$C:$C,MATCH($J96,'TRANS'!$B:$B,0)),IFERROR(INDEX('Catalog'!$B:$B,MATCH($J96,'Catalog'!$A:$A,0)),$B96)),$B96) -> 302 W מדרס לאישה | D96: =SUMIFS('SALES Raw'!$C$6:$C$1634,'SALES Raw'!$J$6:$J$1634,$J96,'SALES Raw'!$K$6:$K$1634,"Y") -> 515 | E96: =SUMIFS('SALES Raw'!$D$6:$D$1634,'SALES Raw'!$J$6:$J$1634,$J96,'SALES Raw'!$K$6:$K$1634,"Y") -> 16108.23 | F96: =SUMIFS('SALES Raw'!$E$6:$E$1634,'SALES Raw'!$J$6:$J$1634,$J96,'SALES Raw'!$K$6:$K$1634,"Y")*$H$4 -> 402.94737 | G96: =SUMIFS('SALES Raw'!$F$6:$F$1634,'SALES Raw'!$J$6:$J$1634,$J96,'SALES Raw'!$K$6:$K$1634,"Y")*$H$4 -> 11259.739 | H96: 202 - Super-Pharm POLAND | I96: 204 - Sanaflex Anatomic GREECE | J96: 4413372
A97: =IF(ISNUMBER($J97),$J97,"") -> 4408051 | B97: =IFERROR(INDEX('SALES Raw'!$B$6:$B$1634,MATCH($J97,'SALES Raw'!$J$6:$J$1634,0)),$J97) -> 21 S | C97: =IF(ISNUMBER($J97),IFERROR(INDEX('TRANS'!$C:$C,MATCH($J97,'TRANS'!$B:$B,0)),IFERROR(INDEX('Catalog'!$B:$B,MATCH($J97,'Catalog'!$A:$A,0)),$B97)),$B97) -> 21 S חבק יד ארוך | D97: =SUMIFS('SALES Raw'!$C$6:$C$1634,'SALES Raw'!$J$6:$J$1634,$J97,'SALES Raw'!$K$6:$K$1634,"Y") -> 464 | E97: =SUMIFS('SALES Raw'!$D$6:$D$1634,'SALES Raw'!$J$6:$J$1634,$J97,'SALES Raw'!$K$6:$K$1634,"Y") -> 9036.02 | F97: =SUMIFS('SALES Raw'!$E$6:$E$1634,'SALES Raw'!$J$6:$J$1634,$J97,'SALES Raw'!$K$6:$K$1634,"Y")*$H$4 -> 384 | G97: =SUMIFS('SALES Raw'!$F$6:$F$1634,'SALES Raw'!$J$6:$J$1634,$J97,'SALES Raw'!$K$6:$K$1634,"Y")*$H$4 -> 6670.7874 | H97: 202 - Super-Pharm POLAND | I97: 204 - Sanaflex Anatomic GREECE | J97: 4408051
A98: =IF(ISNUMBER($J98),$J98,"") -> 4415159 | B98: =IFERROR(INDEX('SALES Raw'!$B$6:$B$1634,MATCH($J98,'SALES Raw'!$J$6:$J$1634,0)),$J98) -> 268 0 | C98: =IF(ISNUMBER($J98),IFERROR(INDEX('TRANS'!$C:$C,MATCH($J98,'TRANS'!$B:$B,0)),IFERROR(INDEX('Catalog'!$B:$B,MATCH($J98,'Catalog'!$A:$A,0)),$B98)),$B98) -> 268 סד לאגודל | D98: =SUMIFS('SALES Raw'!$C$6:$C$1634,'SALES Raw'!$J$6:$J$1634,$J98,'SALES Raw'!$K$6:$K$1634,"Y") -> 420 | E98: =SUMIFS('SALES Raw'!$D$6:$D$1634,'SALES Raw'!$J$6:$J$1634,$J98,'SALES Raw'!$K$6:$K$1634,"Y") -> 14361.11 | F98: =SUMIFS('SALES Raw'!$E$6:$E$1634,'SALES Raw'!$J$6:$J$1634,$J98,'SALES Raw'!$K$6:$K$1634,"Y")*$H$4 -> 378.94737 | G98: =SUMIFS('SALES Raw'!$F$6:$F$1634,'SALES Raw'!$J$6:$J$1634,$J98,'SALES Raw'!$K$6:$K$1634,"Y")*$H$4 -> 11705.318 | H98: 204 - Sanaflex Anatomic GREECE | I98: 216 - Max Konnaris CYPRUS | J98: 4415159
A99: =IF(ISNUMBER($J99),$J99,"") -> 4413500 | B99: =IFERROR(INDEX('SALES Raw'!$B$6:$B$1634,MATCH($J99,'SALES Raw'!$J$6:$J$1634,0)),$J99) -> 95B L | C99: =IF(ISNUMBER($J99),IFERROR(INDEX('TRANS'!$C:$C,MATCH($J99,'TRANS'!$B:$B,0)),IFERROR(INDEX('Catalog'!$B:$B,MATCH($J99,'Catalog'!$A:$A,0)),$B99)),$B99) -> 95B L מגן מרפק שחור | D99: =SUMIFS('SALES Raw'!$C$6:$C$1634,'SALES Raw'!$J$6:$J$1634,$J99,'SALES Raw'!$K$6:$K$1634,"Y") -> 430 | E99: =SUMIFS('SALES Raw'!$D$6:$D$1634,'SALES Raw'!$J$6:$J$1634,$J99,'SALES Raw'!$K$6:$K$1634,"Y") -> 5743.21 | F99: =SUMIFS('SALES Raw'!$E$6:$E$1634,'SALES Raw'!$J$6:$J$1634,$J99,'SALES Raw'!$K$6:$K$1634,"Y")*$H$4 -> 372.63158 | G99: =SUMIFS('SALES Raw'!$F$6:$F$1634,'SALES Raw'!$J$6:$J$1634,$J99,'SALES Raw'!$K$6:$K$1634,"Y")*$H$4 -> 4440.8716 | H99: 202 - Super-Pharm POLAND | I99: 204 - Sanaflex Anatomic GREECE | J99: 4413500
A100: =IF(ISNUMBER($J100),$J100,"") -> 4408206 | B100: =IFERROR(INDEX('SALES Raw'!$B$6:$B$1634,MATCH($J100,'SALES Raw'!$J$6:$J$1634,0)),$J100) -> AC11 0 | C100: =IF(ISNUMBER($J100),IFERROR(INDEX('TRANS'!$C:$C,MATCH($J100,'TRANS'!$B:$B,0)),IFERROR(INDEX('Catalog'!$B:$B,MATCH($J100,'Catalog'!$A:$A,0)),$B100)),$B100) -> AC-11 חגורת בטן קלה | D100: =SUMIFS('SALES Raw'!$C$6:$C$1634,'SALES Raw'!$J$6:$J$1634,$J100,'SALES Raw'!$K$6:$K$1634,"Y") -> 446 | E100: =SUMIFS('SALES Raw'!$D$6:$D$1634,'SALES Raw'!$J$6:$J$1634,$J100,'SALES Raw'!$K$6:$K$1634,"Y") -> 15212.01 | F100: =SUMIFS('SALES Raw'!$E$6:$E$1634,'SALES Raw'!$J$6:$J$1634,$J100,'SALES Raw'!$K$6:$K$1634,"Y")*$H$4 -> 372.63158 | G100: =SUMIFS('SALES Raw'!$F$6:$F$1634,'SALES Raw'!$J$6:$J$1634,$J100,'SALES Raw'!$K$6:$K$1634,"Y")*$H$4 -> 11818.509 | H100: 204 - Sanaflex Anatomic GREECE | I100: 216 - Max Konnaris CYPRUS | J100: 4408206
A101: =IF(ISNUMBER($J101),$J101,"") -> 4413054 | B101: =IFERROR(INDEX('SALES Raw'!$B$6:$B$1634,MATCH($J101,'SALES Raw'!$J$6:$J$1634,0)),$J101) -> 35C M | C101: =IF(ISNUMBER($J101),IFERROR(INDEX('TRANS'!$C:$C,MATCH($J101,'TRANS'!$B:$B,0)),IFERROR(INDEX('Catalog'!$B:$B,MATCH($J101,'Catalog'!$A:$A,0)),$B101)),$B101) -> 35C M מגן קרסול חום | D101: =SUMIFS('SALES Raw'!$C$6:$C$1634,'SALES Raw'!$J$6:$J$1634,$J101,'SALES Raw'!$K$6:$K$1634,"Y") -> 454 | E101: =SUMIFS('SALES Raw'!$D$6:$D$1634,'SALES Raw'!$J$6:$J$1634,$J101,'SALES Raw'!$K$6:$K$1634,"Y") -> 5764.87 | F101: =SUMIFS('SALES Raw'!$E$6:$E$1634,'SALES Raw'!$J$6:$J$1634,$J101,'SALES Raw'!$K$6:$K$1634,"Y")*$H$4 -> 366.31579 | G101: =SUMIFS('SALES Raw'!$F$6:$F$1634,'SALES Raw'!$J$6:$J$1634,$J101,'SALES Raw'!$K$6:$K$1634,"Y")*$H$4 -> 3994.6358 | H101: 204 - Sanaflex Anatomic GREECE | I101: 202 - Super-Pharm POLAND | J101: 4413054
...

Sheet 301 - Amazon
A1: 301 - Amazon
A2: Calculation date: | B2: 46290
A3: 301 - Amazon - Source: kirill/outputs/2026-09-20-salestype-2025-vs-2026.xlsx, "Source" sheet, Sale Type = "301 - Amazon". Kept as its OWN separate sheet per explicit instruction - NOT included in "Main List" or any consolidated total (mirrors the 111/112 pattern in the ITEMISR file). No 0.91 factor (NetSuite-sourced). 2026 normalized to a full year (×12/9.5). Same columns/sort/coloring convention as Main List (DROP/NEW uses the same near-zero tolerance, ROUND(...,2)=0). Cross-validated against this same source file's own native "301 - Amazon" sheet DROP/NEW totals - exact match.
A4: Normalization factor (2026, full year): | G4: Factor (12/9.5): | H4: =12/9.5 -> 1.2631579
A6: CHEMIPAL Code | B6: ITEM NAME | C6: שם מוצר | D6: כמות 2025 | E6: כסף 2025 (₪) | F6: כמות 2026 (מנורמל) | G6: כסף 2026 (מנורמל, ₪) | H6: Source Category
A7: ='SALES Raw'!G551 -> 4414000 | B7: ='SALES Raw'!B551 -> FC342 0 | C7: ='SALES Raw'!H551 -> FC342-נוזל לציפורן חודרנית | D7: ='SALES Raw'!C551 -> 16341 | E7: ='SALES Raw'!D551 -> 1097384.5 | F7: ='SALES Raw'!E551*$H$4 -> 14886.316 | G7: ='SALES Raw'!F551*$H$4 -> 891741.8 | H7: ='SALES Raw'!A551 -> 301 - Amazon
A8: ='SALES Raw'!G543 | B8: ='SALES Raw'!B543 -> EC-59RB M | C8: ='SALES Raw'!H543 -> EC-59RB M | D8: ='SALES Raw'!C543 -> 769 | E8: ='SALES Raw'!D543 -> 135894.77 | F8: ='SALES Raw'!E543*$H$4 -> 1447.5789 | G8: ='SALES Raw'!F543*$H$4 -> 232249 | H8: ='SALES Raw'!A543 -> 301 - Amazon
A9: ='SALES Raw'!G552 | B9: ='SALES Raw'!B552 -> FC3422 0 | C9: ='SALES Raw'!H552 -> FC3422 0 | D9: ='SALES Raw'!C552 -> 1355 | E9: ='SALES Raw'!D552 -> 109768.29 | F9: ='SALES Raw'!E552*$H$4 -> 947.36842 | G9: ='SALES Raw'!F552*$H$4 -> 71485.301 | H9: ='SALES Raw'!A552 -> 301 - Amazon
A10: ='SALES Raw'!G553 | B10: ='SALES Raw'!B553 -> FC342K 0 | C10: ='SALES Raw'!H553 -> FC342K 0 | D10: ='SALES Raw'!C553 -> 1189 | E10: ='SALES Raw'!D553 -> 85731.85 | F10: ='SALES Raw'!E553*$H$4 -> 600 | G10: ='SALES Raw'!F553*$H$4 -> 41214.493 | H10: ='SALES Raw'!A553 -> 301 - Amazon
A11: ='SALES Raw'!G538 | B11: ='SALES Raw'!B538 -> EC-59LB M | C11: ='SALES Raw'!H538 -> EC-59LB M | D11: ='SALES Raw'!C538 -> 324 | E11: ='SALES Raw'!D538 -> 58442.65 | F11: ='SALES Raw'!E538*$H$4 -> 442.10526 | G11: ='SALES Raw'!F538*$H$4 -> 70977.714 | H11: ='SALES Raw'!A538 -> 301 - Amazon
A12: ='SALES Raw'!G528 | B12: ='SALES Raw'!B528 -> EC-59R M | C12: ='SALES Raw'!H528 -> EC-59R M | D12: ='SALES Raw'!C528 -> 1141 | E12: ='SALES Raw'!D528 -> 191075.16 | F12: ='SALES Raw'!E528*$H$4 -> 433.26316 | G12: ='SALES Raw'!F528*$H$4 -> 69735.537 | H12: ='SALES Raw'!A528 -> 301 - Amazon
A13: ='SALES Raw'!G544 | B13: ='SALES Raw'!B544 -> EC-59RB S | C13: ='SALES Raw'!H544 -> EC-59RB S | D13: ='SALES Raw'!C544 -> 384 | E13: ='SALES Raw'!D544 -> 68602.16 | F13: ='SALES Raw'!E544*$H$4 -> 411.78947 | G13: ='SALES Raw'!F544*$H$4 -> 65201.469 | H13: ='SALES Raw'!A544 -> 301 - Amazon
A14: ='SALES Raw'!G524 | B14: ='SALES Raw'!B524 -> EC-59L M | C14: ='SALES Raw'!H524 -> EC-59L M | D14: ='SALES Raw'!C524 -> 670 | E14: ='SALES Raw'!D524 -> 119782.01 | F14: ='SALES Raw'!E524*$H$4 -> 395.36842 | G14: ='SALES Raw'!F524*$H$4 -> 63066.328 | H14: ='SALES Raw'!A524 -> 301 - Amazon
A15: ='SALES Raw'!G542 | B15: ='SALES Raw'!B542 -> EC-59RB L | C15: ='SALES Raw'!H542 -> EC-59RB L | D15: ='SALES Raw'!C542 -> 268 | E15: ='SALES Raw'!D542 -> 47354.81 | F15: ='SALES Raw'!E542*$H$4 -> 256.42105 | G15: ='SALES Raw'!F542*$H$4 -> 41671.099 | H15: ='SALES Raw'!A542 -> 301 - Amazon
A16: ='SALES Raw'!G499 -> 4415029 | B16: ='SALES Raw'!B499 -> 237 0 | C16: ='SALES Raw'!H499 -> סד קיבוע לאצבע הדק | D16: ='SALES Raw'!C499 -> 12 | E16: ='SALES Raw'!D499 -> 705.87 | F16: ='SALES Raw'!E499*$H$4 -> 246.31579 | G16: ='SALES Raw'!F499*$H$4 -> 11803.263 | H16: ='SALES Raw'!A499 -> 301 - Amazon
A17: ='SALES Raw'!G529 | B17: ='SALES Raw'!B529 -> EC-59R S | C17: ='SALES Raw'!H529 -> EC-59R S | D17: ='SALES Raw'!C529 -> 502 | E17: ='SALES Raw'!D529 -> 92438.48 | F17: ='SALES Raw'!E529*$H$4 -> 238.73684 | G17: ='SALES Raw'!F529*$H$4 -> 38432.451 | H17: ='SALES Raw'!A529 -> 301 - Amazon
A18: ='SALES Raw'!G539 | B18: ='SALES Raw'!B539 -> EC-59LB S | C18: ='SALES Raw'!H539 -> EC-59LB S | D18: ='SALES Raw'!C539 -> 243 | E18: ='SALES Raw'!D539 -> 43557.14 | F18: ='SALES Raw'!E539*$H$4 -> 233.68421 | G18: ='SALES Raw'!F539*$H$4 -> 37462.762 | H18: ='SALES Raw'!A539 -> 301 - Amazon
A19: ='SALES Raw'!G494 | B19: ='SALES Raw'!B494 -> EC-11STOB XXL | C19: ='SALES Raw'!H494 -> EC-11STOB XXL | D19: ='SALES Raw'!C494 -> 86 | E19: ='SALES Raw'!D494 -> 10105.03 | F19: ='SALES Raw'!E494*$H$4 -> 190.73684 | G19: ='SALES Raw'!F494*$H$4 -> 23874.24 | H19: ='SALES Raw'!A494 -> 301 - Amazon
A20: ='SALES Raw'!G533 | B20: ='SALES Raw'!B533 -> EC-59DB M | C20: ='SALES Raw'!H533 -> EC-59DB M | D20: ='SALES Raw'!C533 -> 125 | E20: ='SALES Raw'!D533 -> 23137.22 | F20: ='SALES Raw'!E533*$H$4 -> 190.73684 | G20: ='SALES Raw'!F533*$H$4 -> 31900.446 | H20: ='SALES Raw'!A533 -> 301 - Amazon
A21: ='SALES Raw'!G519 | B21: ='SALES Raw'!B519 -> EC-59D M | C21: ='SALES Raw'!H519 -> EC-59D M | D21: ='SALES Raw'!C519 -> 346 | E21: ='SALES Raw'!D519 -> 66008.37 | F21: ='SALES Raw'!E519*$H$4 -> 185.68421 | G21: ='SALES Raw'!F519*$H$4 -> 31333.592 | H21: ='SALES Raw'!A519 -> 301 - Amazon
A22: ='SALES Raw'!G493 | B22: ='SALES Raw'!B493 -> EC-11STOB XL | C22: ='SALES Raw'!H493 -> EC-11STOB XL | D22: ='SALES Raw'!C493 -> 86 | E22: ='SALES Raw'!D493 -> 11577.1 | F22: ='SALES Raw'!E493*$H$4 -> 178.10526 | G22: ='SALES Raw'!F493*$H$4 -> 23441.381 | H22: ='SALES Raw'!A493 -> 301 - Amazon
A23: ='SALES Raw'!G527 | B23: ='SALES Raw'!B527 -> EC-59R L | C23: ='SALES Raw'!H527 -> EC-59R L | D23: ='SALES Raw'!C527 -> 403 | E23: ='SALES Raw'!D527 -> 73333.84 | F23: ='SALES Raw'!E527*$H$4 -> 178.10526 | G23: ='SALES Raw'!F527*$H$4 -> 28441.389 | H23: ='SALES Raw'!A527 -> 301 - Amazon
A24: ='SALES Raw'!G510 -> 4421000 | B24: ='SALES Raw'!B510 -> 3655 0 | C24: ='SALES Raw'!H510 -> 3655 שרוול מסיליקון לאצבע | D24: ='SALES Raw'!C510 -> 28 | E24: ='SALES Raw'!D510 -> 1182.08 | F24: ='SALES Raw'!E510*$H$4 -> 170.52632 | G24: ='SALES Raw'!F510*$H$4 -> 6808.6611 | H24: ='SALES Raw'!A510 -> 301 - Amazon
A25: ='SALES Raw'!G490 | B25: ='SALES Raw'!B490 -> EC-11STOB L | C25: ='SALES Raw'!H490 -> EC-11STOB L | D25: ='SALES Raw'!C490 -> 91 | E25: ='SALES Raw'!D490 -> 12484.46 | F25: ='SALES Raw'!E490*$H$4 -> 159.15789 | G25: ='SALES Raw'!F490*$H$4 -> 20754.922 | H25: ='SALES Raw'!A490 -> 301 - Amazon
A26: ='SALES Raw'!G525 | B26: ='SALES Raw'!B525 -> EC-59L S | C26: ='SALES Raw'!H525 -> EC-59L S | D26: ='SALES Raw'!C525 -> 222 | E26: ='SALES Raw'!D525 -> 40212.55 | F26: ='SALES Raw'!E525*$H$4 -> 151.57895 | G26: ='SALES Raw'!F525*$H$4 -> 24526.787 | H26: ='SALES Raw'!A525 -> 301 - Amazon
A27: ='SALES Raw'!G537 | B27: ='SALES Raw'!B537 -> EC-59LB L | C27: ='SALES Raw'!H537 -> EC-59LB L | D27: ='SALES Raw'!C537 -> 128 | E27: ='SALES Raw'!D537 -> 22838.32 | F27: ='SALES Raw'!E537*$H$4 -> 145.26316 | G27: ='SALES Raw'!F537*$H$4 -> 23300.981 | H27: ='SALES Raw'!A537 -> 301 - Amazon
A28: ='SALES Raw'!G523 | B28: ='SALES Raw'!B523 -> EC-59L L | C28: ='SALES Raw'!H523 -> EC-59L L | D28: ='SALES Raw'!C523 -> 225 | E28: ='SALES Raw'!D523 -> 41045.21 | F28: ='SALES Raw'!E523*$H$4 -> 144 | G28: ='SALES Raw'!F523*$H$4 -> 23521.238 | H28: ='SALES Raw'!A523 -> 301 - Amazon
A29: ='SALES Raw'!G485 | B29: ='SALES Raw'!B485 -> EC-11STO L | C29: ='SALES Raw'!H485 -> EC-11STO L | D29: ='SALES Raw'!C485 -> 177 | E29: ='SALES Raw'!D485 -> 24684.59 | F29: ='SALES Raw'!E485*$H$4 -> 137.68421 | G29: ='SALES Raw'!F485*$H$4 -> 18322.825 | H29: ='SALES Raw'!A485 -> 301 - Amazon
A30: ='SALES Raw'!G520 | B30: ='SALES Raw'!B520 -> EC-59D S | C30: ='SALES Raw'!H520 -> EC-59D S | D30: ='SALES Raw'!C520 -> 175 | E30: ='SALES Raw'!D520 -> 33651.11 | F30: ='SALES Raw'!E520*$H$4 -> 113.68421 | G30: ='SALES Raw'!F520*$H$4 -> 20181.461 | H30: ='SALES Raw'!A520 -> 301 - Amazon
A31: ='SALES Raw'!G534 | B31: ='SALES Raw'!B534 -> EC-59DB S | C31: ='SALES Raw'!H534 -> EC-59DB S | D31: ='SALES Raw'!C534 -> 49 | E31: ='SALES Raw'!D534 -> 9171.45 | F31: ='SALES Raw'!E534*$H$4 -> 106.10526 | G31: ='SALES Raw'!F534*$H$4 -> 17979.158 | H31: ='SALES Raw'!A534 -> 301 - Amazon
A32: ='SALES Raw'!G486 | B32: ='SALES Raw'!B486 -> EC-11STO M | C32: ='SALES Raw'!H486 -> EC-11STO M | D32: ='SALES Raw'!C486 -> 125 | E32: ='SALES Raw'!D486 -> 16991.76 | F32: ='SALES Raw'!E486*$H$4 -> 97.263158 | G32: ='SALES Raw'!F486*$H$4 -> 12988.219 | H32: ='SALES Raw'!A486 -> 301 - Amazon
A33: ='SALES Raw'!G491 | B33: ='SALES Raw'!B491 -> EC-11STOB M | C33: ='SALES Raw'!H491 -> EC-11STOB M | D33: ='SALES Raw'!C491 -> 16 | E33: ='SALES Raw'!D491 -> 2183.52 | F33: ='SALES Raw'!E491*$H$4 -> 97.263158 | G33: ='SALES Raw'!F491*$H$4 -> 11556.379 | H33: ='SALES Raw'!A491 -> 301 - Amazon
A34: ='SALES Raw'!G518 | B34: ='SALES Raw'!B518 -> EC-59D L | C34: ='SALES Raw'!H518 -> EC-59D L | D34: ='SALES Raw'!C518 -> 125 | E34: ='SALES Raw'!D518 -> 23867.72 | F34: ='SALES Raw'!E518*$H$4 -> 96 | G34: ='SALES Raw'!F518*$H$4 -> 16136.135 | H34: ='SALES Raw'!A518 -> 301 - Amazon
A35: ='SALES Raw'!G508 -> 4413059 | B35: ='SALES Raw'!B508 -> 364-S-L | C35: ='SALES Raw'!H508 -> 364S Lמפר.אצבע סיליק. ליבל.זוג | D35: ='SALES Raw'!C508 -> 33 | E35: ='SALES Raw'!D508 -> 1082.62 | F35: ='SALES Raw'!E508*$H$4 -> 92.210526 | G35: ='SALES Raw'!F508*$H$4 -> 2789.0653 | H35: ='SALES Raw'!A508 -> 301 - Amazon
A36: ='SALES Raw'!G483 | B36: ='SALES Raw'!B483 -> EC-11NOR XL | C36: ='SALES Raw'!H483 -> EC-11NOR XL | D36: ='SALES Raw'!C483 -> 191 | E36: ='SALES Raw'!D483 -> 26070.58 | F36: ='SALES Raw'!E483*$H$4 -> 82.105263 | G36: ='SALES Raw'!F483*$H$4 -> 10279.516 | H36: ='SALES Raw'!A483 -> 301 - Amazon
A37: ='SALES Raw'!G489 | B37: ='SALES Raw'!B489 -> EC-11STO XXL | C37: ='SALES Raw'!H489 -> EC-11STO XXL | D37: ='SALES Raw'!C489 -> 224 | E37: ='SALES Raw'!D489 -> 30949.19 | F37: ='SALES Raw'!E489*$H$4 -> 77.052632 | G37: ='SALES Raw'!F489*$H$4 -> 10383.335 | H37: ='SALES Raw'!A489 -> 301 - Amazon
A38: ='SALES Raw'!G532 | B38: ='SALES Raw'!B532 -> EC-59DB L | C38: ='SALES Raw'!H532 -> EC-59DB L | D38: ='SALES Raw'!C532 -> 60 | E38: ='SALES Raw'!D532 -> 11413.11 | F38: ='SALES Raw'!E532*$H$4 -> 73.263158 | G38: ='SALES Raw'!F532*$H$4 -> 12205.023 | H38: ='SALES Raw'!A532 -> 301 - Amazon
A39: ='SALES Raw'!G488 | B39: ='SALES Raw'!B488 -> EC-11STO XL | C39: ='SALES Raw'!H488 -> EC-11STO XL | D39: ='SALES Raw'!C488 -> 195 | E39: ='SALES Raw'!D488 -> 27208.51 | F39: ='SALES Raw'!E488*$H$4 -> 66.947368 | G39: ='SALES Raw'!F488*$H$4 -> 9125.76 | H39: ='SALES Raw'!A488 -> 301 - Amazon
A40: ='SALES Raw'!G514 -> 4413452 | B40: ='SALES Raw'!B514 -> 386 0 | C40: ='SALES Raw'!H514 -> 386 מיישר בוניון-האלוקס ולגוס | D40: ='SALES Raw'!C514 -> 51 | E40: ='SALES Raw'!D514 -> 4500.68 | F40: ='SALES Raw'!E514*$H$4 -> 61.894737 | G40: ='SALES Raw'!F514*$H$4 -> 4031.0021 | H40: ='SALES Raw'!A514 -> 301 - Amazon
A41: ='SALES Raw'!G507 -> 4421007 | B41: ='SALES Raw'!B507 -> 350 0 | C41: ='SALES Raw'!H507 -> שרוול לגבס קצר רגל | D41: ='SALES Raw'!C507 -> 12 | E41: ='SALES Raw'!D507 -> 859.76 | F41: ='SALES Raw'!E507*$H$4 -> 36.631579 | G41: ='SALES Raw'!F507*$H$4 -> 2828.16 | H41: ='SALES Raw'!A507 -> 301 - Amazon
A42: ='SALES Raw'!G554 | B42: ='SALES Raw'!B554 -> TC342 0 | C42: ='SALES Raw'!H554 -> TC342 0 | D42: ='SALES Raw'!C554 -> 0 | E42: ='SALES Raw'!D554 -> 0 | F42: ='SALES Raw'!E554*$H$4 -> 32.842105 | G42: ='SALES Raw'!F554*$H$4 -> 2744.7537 | H42: ='SALES Raw'!A554 -> 301 - Amazon
A43: ='SALES Raw'!G487 | B43: ='SALES Raw'!B487 -> EC-11STO S | C43: ='SALES Raw'!H487 -> EC-11STO S | D43: ='SALES Raw'!C487 -> 27 | E43: ='SALES Raw'!D487 -> 3576.51 | F43: ='SALES Raw'!E487*$H$4 -> 30.315789 | G43: ='SALES Raw'!F487*$H$4 -> 3947.7095 | H43: ='SALES Raw'!A487 -> 301 - Amazon
A44: ='SALES Raw'!G535 | B44: ='SALES Raw'!B535 -> EC-59DB XL | C44: ='SALES Raw'!H535 -> EC-59DB XL | D44: ='SALES Raw'!C535 -> 7 | E44: ='SALES Raw'!D535 -> 1289.35 | F44: ='SALES Raw'!E535*$H$4 -> 27.789474 | G44: ='SALES Raw'!F535*$H$4 -> 4704.3032 | H44: ='SALES Raw'!A535 -> 301 - Amazon
A45: ='SALES Raw'!G548 -> 4408208 | B45: ='SALES Raw'!B548 -> AC91 0 | C45: ='SALES Raw'!H548 -> AC91 חבק טניס | D45: ='SALES Raw'!C548 -> 3 | E45: ='SALES Raw'!D548 -> 219.63 | F45: ='SALES Raw'!E548*$H$4 -> 27.789474 | G45: ='SALES Raw'!F548*$H$4 -> 1712.7663 | H45: ='SALES Raw'!A548 -> 301 - Amazon
A46: ='SALES Raw'!G492 | B46: ='SALES Raw'!B492 -> EC-11STOB S | C46: ='SALES Raw'!H492 -> EC-11STOB S | D46: ='SALES Raw'!C492 -> 1 | E46: ='SALES Raw'!D492 -> 137.01 | F46: ='SALES Raw'!E492*$H$4 -> 25.263158 | G46: ='SALES Raw'!F492*$H$4 -> 3227.52 | H46: ='SALES Raw'!A492 -> 301 - Amazon
A47: ='SALES Raw'!G506 -> 4415297 | B47: ='SALES Raw'!B506 -> 313 0 | C47: ='SALES Raw'!H506 -> 313 סט פלסטרים נגד שפשופים | D47: ='SALES Raw'!C506 -> 6 | E47: ='SALES Raw'!D506 -> 339.07 | F47: ='SALES Raw'!E506*$H$4 -> 24 | G47: ='SALES Raw'!F506*$H$4 -> 724.82526 | H47: ='SALES Raw'!A506 -> 301 - Amazon
A48: ='SALES Raw'!G509 -> 4413060 | B48: ='SALES Raw'!B509 -> 364 XL | C48: ='SALES Raw'!H509 -> 364 XLמפריד אצבע סיליקון ליבלת | D48: ='SALES Raw'!C509 -> 10 | E48: ='SALES Raw'!D509 -> 447.58 | F48: ='SALES Raw'!E509*$H$4 -> 24 | G48: ='SALES Raw'!F509*$H$4 -> 1058.8547 | H48: ='SALES Raw'!A509 -> 301 - Amazon
A49: ='SALES Raw'!G536 | B49: ='SALES Raw'!B536 -> EC-59DB XXL | C49: ='SALES Raw'!H536 -> EC-59DB XXL | D49: ='SALES Raw'!C536 -> 11 | E49: ='SALES Raw'!D536 -> 1984.08 | F49: ='SALES Raw'!E536*$H$4 -> 21.473684 | G49: ='SALES Raw'!F536*$H$4 -> 3600.9726 | H49: ='SALES Raw'!A536 -> 301 - Amazon
A50: ='SALES Raw'!G546 | B50: ='SALES Raw'!B546 -> EC-59RB XXL | C50: ='SALES Raw'!H546 -> EC-59RB XXL | D50: ='SALES Raw'!C546 -> 15 | E50: ='SALES Raw'!D546 -> 2644.47 | F50: ='SALES Raw'!E546*$H$4 -> 18.947368 | G50: ='SALES Raw'!F546*$H$4 -> 2861.9621 | H50: ='SALES Raw'!A546 -> 301 - Amazon
A51: ='SALES Raw'!G540 | B51: ='SALES Raw'!B540 -> EC-59LB XL | C51: ='SALES Raw'!H540 -> EC-59LB XL | D51: ='SALES Raw'!C540 -> 21 | E51: ='SALES Raw'!D540 -> 3503.89 | F51: ='SALES Raw'!E540*$H$4 -> 17.684211 | G51: ='SALES Raw'!F540*$H$4 -> 2975.6337 | H51: ='SALES Raw'!A540 -> 301 - Amazon
A52: ='SALES Raw'!G541 | B52: ='SALES Raw'!B541 -> EC-59LB XXL | C52: ='SALES Raw'!H541 -> EC-59LB XXL | D52: ='SALES Raw'!C541 -> 7 | E52: ='SALES Raw'!D541 -> 1230.79 | F52: ='SALES Raw'!E541*$H$4 -> 16.421053 | G52: ='SALES Raw'!F541*$H$4 -> 2694.0126 | H52: ='SALES Raw'!A541 -> 301 - Amazon
A53: ='SALES Raw'!G503 -> 4416003 | B53: ='SALES Raw'!B503 -> 308 L | C53: ='SALES Raw'!H503 -> 308 Lעקבים סיליקון כחול לדורבן | D53: ='SALES Raw'!C503 -> 7 | E53: ='SALES Raw'!D503 -> 783.88 | F53: ='SALES Raw'!E503*$H$4 -> 15.157895 | G53: ='SALES Raw'!F503*$H$4 -> 1601.1663 | H53: ='SALES Raw'!A503 -> 301 - Amazon
A54: ='SALES Raw'!G526 | B54: ='SALES Raw'!B526 -> EC-59L XL | C54: ='SALES Raw'!H526 -> EC-59L XL | D54: ='SALES Raw'!C526 -> 37 | E54: ='SALES Raw'!D526 -> 6684.46 | F54: ='SALES Raw'!E526*$H$4 -> 13.894737 | G54: ='SALES Raw'!F526*$H$4 -> 2190.2274 | H54: ='SALES Raw'!A526 -> 301 - Amazon
A55: ='SALES Raw'!G511 -> 4413370 | B55: ='SALES Raw'!B511 -> 3674 0 | C55: ='SALES Raw'!H511 -> 3674 0 מ.בוניון+מפריד אצבע | D55: ='SALES Raw'!C511 -> 16 | E55: ='SALES Raw'!D511 -> 1067.96 | F55: ='SALES Raw'!E511*$H$4 -> 12.631579 | G55: ='SALES Raw'!F511*$H$4 -> 654.17684 | H55: ='SALES Raw'!A511 -> 301 - Amazon
A56: ='SALES Raw'!G505 -> 4413033 | B56: ='SALES Raw'!B505 -> 311 0 | C56: ='SALES Raw'!H505 -> 311'מדב.ג'ל למניעת שפשוף 5 יח | D56: ='SALES Raw'!C505 -> 1 | E56: ='SALES Raw'!D505 -> 32.6 | F56: ='SALES Raw'!E505*$H$4 -> 10.105263 | G56: ='SALES Raw'!F505*$H$4 -> 240.66947 | H56: ='SALES Raw'!A505 -> 301 - Amazon
A57: ='SALES Raw'!G512 -> 4413371 | B57: ='SALES Raw'!B512 -> 3675 0 | C57: ='SALES Raw'!H512 -> 3675 מגן זרת מסיליקון | D57: ='SALES Raw'!C512 -> 46 | E57: ='SALES Raw'!D512 -> 2442.27 | F57: ='SALES Raw'!E512*$H$4 -> 10.105263 | G57: ='SALES Raw'!F512*$H$4 -> 456.68211 | H57: ='SALES Raw'!A512 -> 301 - Amazon
A58: ='SALES Raw'!G502 -> 4413372 | B58: ='SALES Raw'!B502 -> 302W 0 | C58: ='SALES Raw'!H502 -> 302 W מדרס לאישה | D58: ='SALES Raw'!C502 -> 2 | E58: ='SALES Raw'!D502 -> 191.34 | F58: ='SALES Raw'!E502*$H$4 -> 8.8421053 | G58: ='SALES Raw'!F502*$H$4 -> 816.13895 | H58: ='SALES Raw'!A502 -> 301 - Amazon
A59: ='SALES Raw'!G530 | B59: ='SALES Raw'!B530 -> EC-59R XL | C59: ='SALES Raw'!H530 -> EC-59R XL | D59: ='SALES Raw'!C530 -> 54 | E59: ='SALES Raw'!D530 -> 8550.82 | F59: ='SALES Raw'!E530*$H$4 -> 8.8421053 | G59: ='SALES Raw'!F530*$H$4 -> 1395.9663 | H59: ='SALES Raw'!A530 -> 301 - Amazon
A60: ='SALES Raw'!G549 | B60: ='SALES Raw'!B549 -> AC95 | C60: ='SALES Raw'!H549 -> AC95 | D60: ='SALES Raw'!C549 -> 0 | E60: ='SALES Raw'!D549 -> 0 | F60: ='SALES Raw'!E549*$H$4 -> 8.8421053 | G60: ='SALES Raw'!F549*$H$4 -> 397.37684 | H60: ='SALES Raw'!A549 -> 301 - Amazon
A61: ='SALES Raw'!G517 -> 4403043 | B61: ='SALES Raw'!B517 -> 397A-43-46 | C61: ='SALES Raw'!H517 -> 397A-גרבי טיסה אנטי בקטרי43-46 | D61: ='SALES Raw'!C517 -> 0 | E61: ='SALES Raw'!D517 -> 0 | F61: ='SALES Raw'!E517*$H$4 -> 6.3157895 | G61: ='SALES Raw'!F517*$H$4 -> 360.84632 | H61: ='SALES Raw'!A517 -> 301 - Amazon
A62: ='SALES Raw'!G522 | B62: ='SALES Raw'!B522 -> EC-59D XXL | C62: ='SALES Raw'!H522 -> EC-59D XXL | D62: ='SALES Raw'!C522 -> 12 | E62: ='SALES Raw'!D522 -> 2334.78 | F62: ='SALES Raw'!E522*$H$4 -> 6.3157895 | G62: ='SALES Raw'!F522*$H$4 -> 1031.5958 | H62: ='SALES Raw'!A522 -> 301 - Amazon
A63: ='SALES Raw'!G515 -> 4403041 | B63: ='SALES Raw'!B515 -> 397A-35-38 | C63: ='SALES Raw'!H515 -> 397A-גרבי טיסה אנטי בקטרי35-38 | D63: ='SALES Raw'!C515 -> 0 | E63: ='SALES Raw'!D515 -> 0 | F63: ='SALES Raw'!E515*$H$4 -> 5.0526316 | G63: ='SALES Raw'!F515*$H$4 -> 297.51158 | H63: ='SALES Raw'!A515 -> 301 - Amazon
A64: ='SALES Raw'!G516 -> 4403042 | B64: ='SALES Raw'!B516 -> 397A-39-42 | C64: ='SALES Raw'!H516 -> 397A-גרבי טיסה אנטי בקטרי39-42 | D64: ='SALES Raw'!C516 -> 0 | E64: ='SALES Raw'!D516 -> 0 | F64: ='SALES Raw'!E516*$H$4 -> 5.0526316 | G64: ='SALES Raw'!F516*$H$4 -> 260.04632 | H64: ='SALES Raw'!A516 -> 301 - Amazon
A65: ='SALES Raw'!G495 | B65: ='SALES Raw'!B495 -> 13B L | C65: ='SALES Raw'!H495 -> 13B L | D65: ='SALES Raw'!C495 -> 15 | E65: ='SALES Raw'!D495 -> 636.25 | F65: ='SALES Raw'!E495*$H$4 -> 2.5263158 | G65: ='SALES Raw'!F495*$H$4 -> 103.14947 | H65: ='SALES Raw'!A495 -> 301 - Amazon
A66: ='SALES Raw'!G504 -> 4416005 | B66: ='SALES Raw'!B504 -> 308 M | C66: ='SALES Raw'!H504 -> 308 Mעקבים סיליק.כחול לדורבן | D66: ='SALES Raw'!C504 -> 7 | E66: ='SALES Raw'!D504 -> 786.43 | F66: ='SALES Raw'!E504*$H$4 -> 2.5263158 | G66: ='SALES Raw'!F504*$H$4 -> 262.49684 | H66: ='SALES Raw'!A504 -> 301 - Amazon
A67: ='SALES Raw'!G521 | B67: ='SALES Raw'!B521 -> EC-59D XL | C67: ='SALES Raw'!H521 -> EC-59D XL | D67: ='SALES Raw'!C521 -> 34 | E67: ='SALES Raw'!D521 -> 6355.2 | F67: ='SALES Raw'!E521*$H$4 -> 2.5263158 | G67: ='SALES Raw'!F521*$H$4 -> 451.55368 | H67: ='SALES Raw'!A521 -> 301 - Amazon
A68: ='SALES Raw'!G513 | B68: ='SALES Raw'!B513 -> 386 | C68: ='SALES Raw'!H513 -> 386 | D68: ='SALES Raw'!C513 -> 0 | E68: ='SALES Raw'!D513 -> 0 | F68: ='SALES Raw'!E513*$H$4 -> 1.2631579 | G68: ='SALES Raw'!F513*$H$4 -> 75.12 | H68: ='SALES Raw'!A513 -> 301 - Amazon
A69: ='SALES Raw'!G476 | B69: ='SALES Raw'!B476 -> EC-078 L | C69: ='SALES Raw'!H476 -> EC-078 L | D69: ='SALES Raw'!C476 -> 12 | E69: ='SALES Raw'!D476 -> 1081.78 | F69: ='SALES Raw'!E476*$H$4 -> 0 | G69: ='SALES Raw'!F476*$H$4 -> 0 | H69: ='SALES Raw'!A476 -> 301 - Amazon
A70: ='SALES Raw'!G477 | B70: ='SALES Raw'!B477 -> EC-078 M | C70: ='SALES Raw'!H477 -> EC-078 M | D70: ='SALES Raw'!C477 -> 15 | E70: ='SALES Raw'!D477 -> 1249.35 | F70: ='SALES Raw'!E477*$H$4 -> 0 | G70: ='SALES Raw'!F477*$H$4 -> 0 | H70: ='SALES Raw'!A477 -> 301 - Amazon
A71: ='SALES Raw'!G478 | B71: ='SALES Raw'!B478 -> EC-078 XL | C71: ='SALES Raw'!H478 -> EC-078 XL | D71: ='SALES Raw'!C478 -> 2 | E71: ='SALES Raw'!D478 -> 174.75 | F71: ='SALES Raw'!E478*$H$4 -> 0 | G71: ='SALES Raw'!F478*$H$4 -> 0 | H71: ='SALES Raw'!A478 -> 301 - Amazon
A72: ='SALES Raw'!G479 | B72: ='SALES Raw'!B479 -> EC-078 XXL | C72: ='SALES Raw'!H479 -> EC-078 XXL | D72: ='SALES Raw'!C479 -> 6 | E72: ='SALES Raw'!D479 -> 496.79 | F72: ='SALES Raw'!E479*$H$4 -> 0 | G72: ='SALES Raw'!F479*$H$4 -> 0 | H72: ='SALES Raw'!A479 -> 301 - Amazon
A73: ='SALES Raw'!G480 | B73: ='SALES Raw'!B480 -> EC-11NOR L | C73: ='SALES Raw'!H480 -> EC-11NOR L | D73: ='SALES Raw'!C480 -> 71 | E73: ='SALES Raw'!D480 -> 9834.5 | F73: ='SALES Raw'!E480*$H$4 -> 0 | G73: ='SALES Raw'!F480*$H$4 -> 0 | H73: ='SALES Raw'!A480 -> 301 - Amazon
A74: ='SALES Raw'!G481 | B74: ='SALES Raw'!B481 -> EC-11NOR M | C74: ='SALES Raw'!H481 -> EC-11NOR M | D74: ='SALES Raw'!C481 -> 21 | E74: ='SALES Raw'!D481 -> 2976.17 | F74: ='SALES Raw'!E481*$H$4 -> 0 | G74: ='SALES Raw'!F481*$H$4 -> 0 | H74: ='SALES Raw'!A481 -> 301 - Amazon
A75: ='SALES Raw'!G482 | B75: ='SALES Raw'!B482 -> EC-11NOR S | C75: ='SALES Raw'!H482 -> EC-11NOR S | D75: ='SALES Raw'!C482 -> 11 | E75: ='SALES Raw'!D482 -> 1276.45 | F75: ='SALES Raw'!E482*$H$4 -> 0 | G75: ='SALES Raw'!F482*$H$4 -> 0 | H75: ='SALES Raw'!A482 -> 301 - Amazon
A76: ='SALES Raw'!G484 | B76: ='SALES Raw'!B484 -> EC-11NOR XXL | C76: ='SALES Raw'!H484 -> EC-11NOR XXL | D76: ='SALES Raw'!C484 -> 133 | E76: ='SALES Raw'!D484 -> 19212.52 | F76: ='SALES Raw'!E484*$H$4 -> 0 | G76: ='SALES Raw'!F484*$H$4 -> 0 | H76: ='SALES Raw'!A484 -> 301 - Amazon
A77: ='SALES Raw'!G496 | B77: ='SALES Raw'!B496 -> 13B S | C77: ='SALES Raw'!H496 -> 13B S | D77: ='SALES Raw'!C496 -> 28 | E77: ='SALES Raw'!D496 -> 1139.9 | F77: ='SALES Raw'!E496*$H$4 -> 0 | G77: ='SALES Raw'!F496*$H$4 -> 0 | H77: ='SALES Raw'!A496 -> 301 - Amazon
A78: ='SALES Raw'!G497 -> 4408230 | B78: ='SALES Raw'!B497 -> 16-L-XL | C78: ='SALES Raw'!H497 -> 16 L-XL חגורת הריון | D78: ='SALES Raw'!C497 -> 31 | E78: ='SALES Raw'!D497 -> 1060.47 | F78: ='SALES Raw'!E497*$H$4 -> 0 | G78: ='SALES Raw'!F497*$H$4 -> 0 | H78: ='SALES Raw'!A497 -> 301 - Amazon
A79: ='SALES Raw'!G498 -> 4408231 | B79: ='SALES Raw'!B498 -> 16-S-M | C79: ='SALES Raw'!H498 -> 16 S-M חגורת הריון | D79: ='SALES Raw'!C498 -> 45 | E79: ='SALES Raw'!D498 -> 2109.16 | F79: ='SALES Raw'!E498*$H$4 -> 0 | G79: ='SALES Raw'!F498*$H$4 -> 0 | H79: ='SALES Raw'!A498 -> 301 - Amazon
A80: ='SALES Raw'!G500 -> 4415159 | B80: ='SALES Raw'!B500 -> 268 0 | C80: ='SALES Raw'!H500 -> 268 סד לאגודל | D80: ='SALES Raw'!C500 -> 2 | E80: ='SALES Raw'!D500 -> 218.71 | F80: ='SALES Raw'!E500*$H$4 -> 0 | G80: ='SALES Raw'!F500*$H$4 -> 0 | H80: ='SALES Raw'!A500 -> 301 - Amazon
A81: ='SALES Raw'!G501 -> 4413348 | B81: ='SALES Raw'!B501 -> 302M 0 | C81: ='SALES Raw'!H501 -> 302 מדרס ג'ל לגבר | D81: ='SALES Raw'!C501 -> 10 | E81: ='SALES Raw'!D501 -> 969.81 | F81: ='SALES Raw'!E501*$H$4 -> 0 | G81: ='SALES Raw'!F501*$H$4 -> 0 | H81: ='SALES Raw'!A501 -> 301 - Amazon
A82: ='SALES Raw'!G531 | B82: ='SALES Raw'!B531 -> EC-59R XXL | C82: ='SALES Raw'!H531 -> EC-59R XXL | D82: ='SALES Raw'!C531 -> 23 | E82: ='SALES Raw'!D531 -> 4233.37 | F82: ='SALES Raw'!E531*$H$4 -> 0 | G82: ='SALES Raw'!F531*$H$4 -> 0 | H82: ='SALES Raw'!A531 -> 301 - Amazon
A83: ='SALES Raw'!G545 | B83: ='SALES Raw'!B545 -> EC-59RB XL | C83: ='SALES Raw'!H545 -> EC-59RB XL | D83: ='SALES Raw'!C545 -> 37 | E83: ='SALES Raw'!D545 -> 6510.26 | F83: ='SALES Raw'!E545*$H$4 -> 0 | G83: ='SALES Raw'!F545*$H$4 -> 0 | H83: ='SALES Raw'!A545 -> 301 - Amazon
A84: ='SALES Raw'!G547 | B84: ='SALES Raw'!B547 -> EC-DIFF | C84: ='SALES Raw'!H547 -> EC-DIFF | D84: ='SALES Raw'!C547 -> 0 | E84: ='SALES Raw'!D547 -> 42266.02 | F84: ='SALES Raw'!E547*$H$4 -> 0 | G84: ='SALES Raw'!F547*$H$4 -> 0 | H84: ='SALES Raw'!A547 -> 301 - Amazon
A85: ='SALES Raw'!G550 | B85: ='SALES Raw'!B550 -> FC3162 0 | C85: ='SALES Raw'!H550 -> FC3162 0 | D85: ='SALES Raw'!C550 -> 1 | E85: ='SALES Raw'!D550 -> 46.39 | F85: ='SALES Raw'!E550*$H$4 -> 0 | G85: ='SALES Raw'!F550*$H$4 -> 0 | H85: ='SALES Raw'!A550 -> 301 - Amazon

Sheet SALES Raw
A1: SALES Raw — item-level data (pre-aggregated per category+item) for all 16 distributor categories | O1: (scope ref list for Main List, col O - the 15 DIRECT categories, excludes 301-Amazon)
A2: Calculation date: | B2: 46290 | O2: 202 - Super-Pharm POLAND
A3: Source: kirill/outputs/2026-09-20-salestype-2025-vs-2026.xlsx, "Source" sheet, filtered per Sale Type (15 categories that feed the Main List + "301 - Amazon" which gets its own separate sheet). No 0.91 factor (NetSuite-sourced). Quantity/Amount 2026 here are RAW ACTUAL (pre-normalization) - normalization happens in the Main List / 301-Amazon sheets' formulas. CHEMIPAL Code matched live: TRANS (primary) then Catalog (fallback), each exact then normalized. | O3: 201- Seven Gear FINLAND oy
O4: 216 - Max Konnaris CYPRUS
A5: Category | B5: Item Name (raw) | C5: Quantity 2025 | D5: Amount 2025 (₪) | E5: Quantity 2026 (raw actual) | F5: Amount 2026 (raw actual, ₪) | G5: CHEMIPAL Code | H5: Product Name | I5: Match Type | J5: Product Key | K5: Main List Scope (15, excl. Amazon) | O5: 200 - ROW : 217 - N3W FOODS USA
A6: 202 - Super-Pharm POLAND | B6: 078 L | C6: 0 | D6: 0 | E6: 40 | F6: 2484.42 | G6: =IFERROR(INDEX('TRANS'!$B:$B,MATCH($B6,'TRANS'!$A:$A,0)),IFERROR(INDEX('TRANS'!$B:$B,MATCH(TRIM(SUBSTITUTE($B6,CHAR(160)," ")),'TRANS'!$D:$D,0)),IFERROR(INDEX('Catalog'!$A:$A,MATCH($B6,'Catalog'!$B:$B,0)),IFERROR(INDEX('Catalog'!$A:$A,MATCH(TRIM(SUBSTITUTE($B6,CHAR(160)," ")),'Catalog'!$C:$C,0)),"")))) -> 4408192 | H6: =IFERROR(INDEX('TRANS'!$C:$C,MATCH($B6,'TRANS'!$A:$A,0)),IFERROR(INDEX('Catalog'!$B:$B,MATCH($G6,'Catalog'!$A:$A,0)),$B6)) -> 078 L חגורת גב +סגירה | I6: =IF($G6="","Unmatched","Matched") -> Matched | J6: =IF($G6<>"",$G6,$B6) -> 4408192 | K6: =IF(COUNTIF($O$2:$O$16,$A6)>0,"Y","N") -> Y | O6: 205 - Health Care Prod. Gmbh GERMANY
A7: 202 - Super-Pharm POLAND | B7: 078 M | C7: 0 | D7: 0 | E7: 50 | F7: 3105.52 | G7: =IFERROR(INDEX('TRANS'!$B:$B,MATCH($B7,'TRANS'!$A:$A,0)),IFERROR(INDEX('TRANS'!$B:$B,MATCH(TRIM(SUBSTITUTE($B7,CHAR(160)," ")),'TRANS'!$D:$D,0)),IFERROR(INDEX('Catalog'!$A:$A,MATCH($B7,'Catalog'!$B:$B,0)),IFERROR(INDEX('Catalog'!$A:$A,MATCH(TRIM(SUBSTITUTE($B7,CHAR(160)," ")),'Catalog'!$C:$C,0)),"")))) -> 4408190 | H7: =IFERROR(INDEX('TRANS'!$C:$C,MATCH($B7,'TRANS'!$A:$A,0)),IFERROR(INDEX('Catalog'!$B:$B,MATCH($G7,'Catalog'!$A:$A,0)),$B7)) -> M078 חגורת גב +סגירה כפולה | I7: =IF($G7="","Unmatched","Matched") -> Matched | J7: =IF($G7<>"",$G7,$B7) -> 4408190 | K7: =IF(COUNTIF($O$2:$O$16,$A7)>0,"Y","N") -> Y | O7: 206 - Orthomed Ltd BULGARIA
A8: 202 - Super-Pharm POLAND | B8: 078 S | C8: 0 | D8: 0 | E8: 30 | F8: 1882.66 | G8: =IFERROR(INDEX('TRANS'!$B:$B,MATCH($B8,'TRANS'!$A:$A,0)),IFERROR(INDEX('TRANS'!$B:$B,MATCH(TRIM(SUBSTITUTE($B8,CHAR(160)," ")),'TRANS'!$D:$D,0)),IFERROR(INDEX('Catalog'!$A:$A,MATCH($B8,'Catalog'!$B:$B,0)),IFERROR(INDEX('Catalog'!$A:$A,MATCH(TRIM(SUBSTITUTE($B8,CHAR(160)," ")),'Catalog'!$C:$C,0)),"")))) -> 4408217 | H8: =IFERROR(INDEX('TRANS'!$C:$C,MATCH($B8,'TRANS'!$A:$A,0)),IFERROR(INDEX('Catalog'!$B:$B,MATCH($G8,'Catalog'!$A:$A,0)),$B8)) -> S078 חגורת גב +סגירה כפולה | I8: =IF($G8="","Unmatched","Matched") -> Matched | J8: =IF($G8<>"",$G8,$B8) -> 4408217 | K8: =IF(COUNTIF($O$2:$O$16,$A8)>0,"Y","N") -> Y | O8: 203 - Ortho- Partner ag SWITZERLAND
A9: 202 - Super-Pharm POLAND | B9: 078 XL | C9: 0 | D9: 0 | E9: 40 | F9: 2484.42 | G9: =IFERROR(INDEX('TRANS'!$B:$B,MATCH($B9,'TRANS'!$A:$A,0)),IFERROR(INDEX('TRANS'!$B:$B,MATCH(TRIM(SUBSTITUTE($B9,CHAR(160)," ")),'TRANS'!$D:$D,0)),IFERROR(INDEX('Catalog'!$A:$A,MATCH($B9,'Catalog'!$B:$B,0)),IFERROR(INDEX('Catalog'!$A:$A,MATCH(TRIM(SUBSTITUTE($B9,CHAR(160)," ")),'Catalog'!$C:$C,0)),"")))) -> 4408218 | H9: =IFERROR(INDEX('TRANS'!$C:$C,MATCH($B9,'TRANS'!$A:$A,0)),IFERROR(INDEX('Catalog'!$B:$B,MATCH($G9,'Catalog'!$A:$A,0)),$B9)) -> 078XL חגורת גב +סגירה כפולה | I9: =IF($G9="","Unmatched","Matched") -> Matched | J9: =IF($G9<>"",$G9,$B9) -> 4408218 | K9: =IF(COUNTIF($O$2:$O$16,$A9)>0,"Y","N") -> Y | O9: 210 - Oy. Ea. Ab. FINLAND
A10: 202 - Super-Pharm POLAND | B10: 078G L | C10: 190 | D10: 13475.39 | E10: 80 | F10: 4998.35 | G10: =IFERROR(INDEX('TRANS'!$B:$B,MATCH($B10,'TRANS'!$A:$A,0)),IFERROR(INDEX('TRANS'!$B:$B,MATCH(TRIM(SUBSTITUTE($B10,CHAR(160)," ")),'TRANS'!$D:$D,0)),IFERROR(INDEX('Catalog'!$A:$A,MATCH($B10,'Catalog'!$B:$B,0)),IFERROR(INDEX('Catalog'!$A:$A,MATCH(TRIM(SUBSTITUTE($B10,CHAR(160)," ")),'Catalog'!$C:$C,0)),"")))) -> 4408221 | H10: =IFERROR(INDEX('TRANS'!$C:$C,MATCH($B10,'TRANS'!$A:$A,0)),IFERROR(INDEX('Catalog'!$B:$B,MATCH($G10,'Catalog'!$A:$A,0)),$B10)) -> 078G-L חגורת גב אפורה | I10: =IF($G10="","Unmatched","Matched") -> Matched | J10: =IF($G10<>"",$G10,$B10) -> 4408221 | K10: =IF(COUNTIF($O$2:$O$16,$A10)>0,"Y","N") -> Y | O10: 204 - Sanaflex Anatomic GREECE
A11: 202 - Super-Pharm POLAND | B11: 078G M | C11: 140 | D11: 9909.22 | E11: 50 | F11: 3127.11 | G11: =IFERROR(INDEX('TRANS'!$B:$B,MATCH($B11,'TRANS'!$A:$A,0)),IFERROR(INDEX('TRANS'!$B:$B,MATCH(TRIM(SUBSTITUTE($B11,CHAR(160)," ")),'TRANS'!$D:$D,0)),IFERROR(INDEX('Catalog'!$A:$A,MATCH($B11,'Catalog'!$B:$B,0)),IFERROR(INDEX('Catalog'!$A:$A,MATCH(TRIM(SUBSTITUTE($B11,CHAR(160)," ")),'Catalog'!$C:$C,0)),"")))) -> 4408220 | H11: =IFERROR(INDEX('TRANS'!$C:$C,MATCH($B11,'TRANS'!$A:$A,0)),IFERROR(INDEX('Catalog'!$B:$B,MATCH($G11,'Catalog'!$A:$A,0)),$B11)) -> 078G-M חגורת גב אפורה | I11: =IF($G11="","Unmatched","Matched") -> Matched | J11: =IF($G11<>"",$G11,$B11) -> 4408220 | K11: =IF(COUNTIF($O$2:$O$16,$A11)>0,"Y","N") -> Y | O11: 214 - Alfred Gera& Sons Ltd. MALTA
A12: 202 - Super-Pharm POLAND | B12: 078G S | C12: 70 | D12: 5033.1 | E12: 12 | F12: 738.48 | G12: =IFERROR(INDEX('TRANS'!$B:$B,MATCH($B12,'TRANS'!$A:$A,0)),IFERROR(INDEX('TRANS'!$B:$B,MATCH(TRIM(SUBSTITUTE($B12,CHAR(160)," ")),'TRANS'!$D:$D,0)),IFERROR(INDEX('Catalog'!$A:$A,MATCH($B12,'Catalog'!$B:$B,0)),IFERROR(INDEX('Catalog'!$A:$A,MATCH(TRIM(SUBSTITUTE($B12,CHAR(160)," ")),'Catalog'!$C:$C,0)),"")))) -> 4408219 | H12: =IFERROR(INDEX('TRANS'!$C:$C,MATCH($B12,'TRANS'!$A:$A,0)),IFERROR(INDEX('Catalog'!$B:$B,MATCH($G12,'Catalog'!$A:$A,0)),$B12)) -> 078G-S חגורת גב אפורה | I12: =IF($G12="","Unmatched","Matched") -> Matched | J12: =IF($G12<>"",$G12,$B12) -> 4408219 | K12: =IF(COUNTIF($O$2:$O$16,$A12)>0,"Y","N") -> Y | O12: 211 - Pharmag Lachmair Ges. Mbh AUSTRIA
A13: 202 - Super-Pharm POLAND | B13: 078G XL | C13: 160 | D13: 11350 | E13: 70 | F13: 4455.67 | G13: =IFERROR(INDEX('TRANS'!$B:$B,MATCH($B13,'TRANS'!$A:$A,0)),IFERROR(INDEX('TRANS'!$B:$B,MATCH(TRIM(SUBSTITUTE($B13,CHAR(160)," ")),'TRANS'!$D:$D,0)),IFERROR(INDEX('Catalog'!$A:$A,MATCH($B13,'Catalog'!$B:$B,0)),IFERROR(INDEX('Catalog'!$A:$A,MATCH(TRIM(SUBSTITUTE($B13,CHAR(160)," ")),'Catalog'!$C:$C,0)),"")))) -> 4408222 | H13: =IFERROR(INDEX('TRANS'!$C:$C,MATCH($B13,'TRANS'!$A:$A,0)),IFERROR(INDEX('Catalog'!$B:$B,MATCH($G13,'Catalog'!$A:$A,0)),$B13)) -> 078G-XLחגורת גב אפורה | I13: =IF($G13="","Unmatched","Matched") -> Matched | J13: =IF($G13<>"",$G13,$B13) -> 4408222 | K13: =IF(COUNTIF($O$2:$O$16,$A13)>0,"Y","N") -> Y | O13: 213 - E.f.m.o. SPAIN
A14: 202 - Super-Pharm POLAND | B14: 078G XXL | C14: 106 | D14: 7580.06 | E14: 30 | F14: 1920.14 | G14: =IFERROR(INDEX('TRANS'!$B:$B,MATCH($B14,'TRANS'!$A:$A,0)),IFERROR(INDEX('TRANS'!$B:$B,MATCH(TRIM(SUBSTITUTE($B14,CHAR(160)," ")),'TRANS'!$D:$D,0)),IFERROR(INDEX('Catalog'!$A:$A,MATCH($B14,'Catalog'!$B:$B,0)),IFERROR(INDEX('Catalog'!$A:$A,MATCH(TRIM(SUBSTITUTE($B14,CHAR(160)," ")),'Catalog'!$C:$C,0)),"")))) -> 4408223 | H14: =IFERROR(INDEX('TRANS'!$C:$C,MATCH($B14,'TRANS'!$A:$A,0)),IFERROR(INDEX('Catalog'!$B:$B,MATCH($G14,'Catalog'!$A:$A,0)),$B14)) -> 078G-XXLחגורת גב אפורה | I14: =IF($G14="","Unmatched","Matched") -> Matched | J14: =IF($G14<>"",$G14,$B14) -> 4408223 | K14: =IF(COUNTIF($O$2:$O$16,$A14)>0,"Y","N") -> Y | O14: 207 - Salus HUNGARY
A15: 202 - Super-Pharm POLAND | B15: 11 L | C15: 86 | D15: 6914.07 | E15: 20 | F15: 1489.16 | G15: =IFERROR(INDEX('TRANS'!$B:$B,MATCH($B15,'TRANS'!$A:$A,0)),IFERROR(INDEX('TRANS'!$B:$B,MATCH(TRIM(SUBSTITUTE($B15,CHAR(160)," ")),'TRANS'!$D:$D,0)),IFERROR(INDEX('Catalog'!$A:$A,MATCH($B15,'Catalog'!$B:$B,0)),IFERROR(INDEX('Catalog'!$A:$A,MATCH(TRIM(SUBSTITUTE($B15,CHAR(160)," ")),'Catalog'!$C:$C,0)),"")))) -> 4408032 | H15: =IFERROR(INDEX('TRANS'!$C:$C,MATCH($B15,'TRANS'!$A:$A,0)),IFERROR(INDEX('Catalog'!$B:$B,MATCH($G15,'Catalog'!$A:$A,0)),$B15)) -> 11 L""""חגורת בטן""""אורירית | I15: =IF($G15="","Unmatched","Matched") -> Matched | J15: =IF($G15<>"",$G15,$B15) -> 4408032 | K15: =IF(COUNTIF($O$2:$O$16,$A15)>0,"Y","N") -> Y | O15: 208 - Medipal Company NABLUS
A16: 202 - Super-Pharm POLAND | B16: 11 M | C16: 92 | D16: 7427.56 | E16: 30 | F16: 2069.36 | G16: =IFERROR(INDEX('TRANS'!$B:$B,MATCH($B16,'TRANS'!$A:$A,0)),IFERROR(INDEX('TRANS'!$B:$B,MATCH(TRIM(SUBSTITUTE($B16,CHAR(160)," ")),'TRANS'!$D:$D,0)),IFERROR(INDEX('Catalog'!$A:$A,MATCH($B16,'Catalog'!$B:$B,0)),IFERROR(INDEX('Catalog'!$A:$A,MATCH(TRIM(SUBSTITUTE($B16,CHAR(160)," ")),'Catalog'!$C:$C,0)),"")))) -> 4408033 | H16: =IFERROR(INDEX('TRANS'!$C:$C,MATCH($B16,'TRANS'!$A:$A,0)),IFERROR(INDEX('Catalog'!$B:$B,MATCH($G16,'Catalog'!$A:$A,0)),$B16)) -> 11 M""""חגורת בטן""""אורירית | I16: =IF($G16="","Unmatched","Matched") -> Matched | J16: =IF($G16<>"",$G16,$B16) -> 4408033 | K16: =IF(COUNTIF($O$2:$O$16,$A16)>0,"Y","N") -> Y | O16: 209 - Ortoprofil Prod ROMANIA
A17: 202 - Super-Pharm POLAND | B17: 11 S | C17: 44 | D17: 3544.17 | E17: 30 | F17: 2125.54 | G17: =IFERROR(INDEX('TRANS'!$B:$B,MATCH($B17,'TRANS'!$A:$A,0)),IFERROR(INDEX('TRANS'!$B:$B,MATCH(TRIM(SUBSTITUTE($B17,CHAR(160)," ")),'TRANS'!$D:$D,0)),IFERROR(INDEX('Catalog'!$A:$A,MATCH($B17,'Catalog'!$B:$B,0)),IFERROR(INDEX('Catalog'!$A:$A,MATCH(TRIM(SUBSTITUTE($B17,CHAR(160)," ")),'Catalog'!$C:$C,0)),"")))) -> 4408031 | H17: =IFERROR(INDEX('TRANS'!$C:$C,MATCH($B17,'TRANS'!$A:$A,0)),IFERROR(INDEX('Catalog'!$B:$B,MATCH($G17,'Catalog'!$A:$A,0)),$B17)) -> 11 S""""חגורת בטן""""אורירית | I17: =IF($G17="","Unmatched","Matched") -> Matched | J17: =IF($G17<>"",$G17,$B17) -> 4408031 | K17: =IF(COUNTIF($O$2:$O$16,$A17)>0,"Y","N") -> Y
A18: 202 - Super-Pharm POLAND | B18: 11 XL | C18: 74 | D18: 5973.41 | E18: 40 | F18: 2815.32 | G18: =IFERROR(INDEX('TRANS'!$B:$B,MATCH($B18,'TRANS'!$A:$A,0)),IFERROR(INDEX('TRANS'!$B:$B,MATCH(TRIM(SUBSTITUTE($B18,CHAR(160)," ")),'TRANS'!$D:$D,0)),IFERROR(INDEX('Catalog'!$A:$A,MATCH($B18,'Catalog'!$B:$B,0)),IFERROR(INDEX('Catalog'!$A:$A,MATCH(TRIM(SUBSTITUTE($B18,CHAR(160)," ")),'Catalog'!$C:$C,0)),"")))) -> 4408034 | H18: =IFERROR(INDEX('TRANS'!$C:$C,MATCH($B18,'TRANS'!$A:$A,0)),IFERROR(INDEX('Catalog'!$B:$B,MATCH($G18,'Catalog'!$A:$A,0)),$B18)) -> 11 XL""""חגורת בטן""""אורירית | I18: =IF($G18="","Unmatched","Matched") -> Matched | J18: =IF($G18<>"",$G18,$B18) -> 4408034 | K18: =IF(COUNTIF($O$2:$O$16,$A18)>0,"Y","N") -> Y
A19: 202 - Super-Pharm POLAND | B19: 16-L-XL | C19: 48 | D19: 3774.69 | E19: 0 | F19: 0 | G19: =IFERROR(INDEX('TRANS'!$B:$B,MATCH($B19,'TRANS'!$A:$A,0)),IFERROR(INDEX('TRANS'!$B:$B,MATCH(TRIM(SUBSTITUTE($B19,CHAR(160)," ")),'TRANS'!$D:$D,0)),IFERROR(INDEX('Catalog'!$A:$A,MATCH($B19,'Catalog'!$B:$B,0)),IFERROR(INDEX('Catalog'!$A:$A,MATCH(TRIM(SUBSTITUTE($B19,CHAR(160)," ")),'Catalog'!$C:$C,0)),"")))) -> 4408230 | H19: =IFERROR(INDEX('TRANS'!$C:$C,MATCH($B19,'TRANS'!$A:$A,0)),IFERROR(INDEX('Catalog'!$B:$B,MATCH($G19,'Catalog'!$A:$A,0)),$B19)) -> 16 L-XL חגורת הריון | I19: =IF($G19="","Unmatched","Matched") -> Matched | J19: =IF($G19<>"",$G19,$B19) -> 4408230 | K19: =IF(COUNTIF($O$2:$O$16,$A19)>0,"Y","N") -> Y
A20: 202 - Super-Pharm POLAND | B20: 16-S-M | C20: 36 | D20: 2831.44 | E20: 6 | F20: 405.76 | G20: =IFERROR(INDEX('TRANS'!$B:$B,MATCH($B20,'TRANS'!$A:$A,0)),IFERROR(INDEX('TRANS'!$B:$B,MATCH(TRIM(SUBSTITUTE($B20,CHAR(160)," ")),'TRANS'!$D:$D,0)),IFERROR(INDEX('Catalog'!$A:$A,MATCH($B20,'Catalog'!$B:$B,0)),IFERROR(INDEX('Catalog'!$A:$A,MATCH(TRIM(SUBSTITUTE($B20,CHAR(160)," ")),'Catalog'!$C:$C,0)),"")))) -> 4408231 | H20: =IFERROR(INDEX('TRANS'!$C:$C,MATCH($B20,'TRANS'!$A:$A,0)),IFERROR(INDEX('Catalog'!$B:$B,MATCH($G20,'Catalog'!$A:$A,0)),$B20)) -> 16 S-M חגורת הריון | I20: =IF($G20="","Unmatched","Matched") -> Matched | J20: =IF($G20<>"",$G20,$B20) -> 4408231 | K20: =IF(COUNTIF($O$2:$O$16,$A20)>0,"Y","N") -> Y
A21: 202 - Super-Pharm POLAND | B21: 20 L | C21: 130 | D21: 2673.97 | E21: 40 | F21: 731.76 | G21: =IFERROR(INDEX('TRANS'!$B:$B,MATCH($B21,'TRANS'!$A:$A,0)),IFERROR(INDEX('TRANS'!$B:$B,MATCH(TRIM(SUBSTITUTE($B21,CHAR(160)," ")),'TRANS'!$D:$D,0)),IFERROR(INDEX('Catalog'!$A:$A,MATCH($B21,'Catalog'!$B:$B,0)),IFERROR(INDEX('Catalog'!$A:$A,MATCH(TRIM(SUBSTITUTE($B21,CHAR(160)," ")),'Catalog'!$C:$C,0)),"")))) -> 4408046 | H21: =IFERROR(INDEX('TRANS'!$C:$C,MATCH($B21,'TRANS'!$A:$A,0)),IFERROR(INDEX('Catalog'!$B:$B,MATCH($G21,'Catalog'!$A:$A,0)),$B21)) -> 20 L חבק יד מתכוון עם צמדן | I21: =IF($G21="","Unmatched","Matched") -> Matched | J21: =IF($G21<>"",$G21,$B21) -> 4408046 | K21: =IF(COUNTIF($O$2:$O$16,$A21)>0,"Y","N") -> Y
A22: 202 - Super-Pharm POLAND | B22: 20 M | C22: 270 | D22: 5482.9 | E22: 160 | F22: 2883.67 | G22: =IFERROR(INDEX('TRANS'!$B:$B,MATCH($B22,'TRANS'!$A:$A,0)),IFERROR(INDEX('TRANS'!$B:$B,MATCH(TRIM(SUBSTITUTE($B22,CHAR(160)," ")),'TRANS'!$D:$D,0)),IFERROR(INDEX('Catalog'!$A:$A,MATCH($B22,'Catalog'!$B:$B,0)),IFERROR(INDEX('Catalog'!$A:$A,MATCH(TRIM(SUBSTITUTE($B22,CHAR(160)," ")),'Catalog'!$C:$C,0)),"")))) -> 4408047 | H22: =IFERROR(INDEX('TRANS'!$C:$C,MATCH($B22,'TRANS'!$A:$A,0)),IFERROR(INDEX('Catalog'!$B:$B,MATCH($G22,'Catalog'!$A:$A,0)),$B22)) -> 20 M חבק יד מתכוון עם צמדן | I22: =IF($G22="","Unmatched","Matched") -> Matched | J22: =IF($G22<>"",$G22,$B22) -> 4408047 | K22: =IF(COUNTIF($O$2:$O$16,$A22)>0,"Y","N") -> Y
A23: 202 - Super-Pharm POLAND | B23: 20 S | C23: 150 | D23: 3032.25 | E23: 60 | F23: 1086.79 | G23: =IFERROR(INDEX('TRANS'!$B:$B,MATCH($B23,'TRANS'!$A:$A,0)),IFERROR(INDEX('TRANS'!$B:$B,MATCH(TRIM(SUBSTITUTE($B23,CHAR(160)," ")),'TRANS'!$D:$D,0)),IFERROR(INDEX('Catalog'!$A:$A,MATCH($B23,'Catalog'!$B:$B,0)),IFERROR(INDEX('Catalog'!$A:$A,MATCH(TRIM(SUBSTITUTE($B23,CHAR(160)," ")),'Catalog'!$C:$C,0)),"")))) -> 4408048 | H23: =IFERROR(INDEX('TRANS'!$C:$C,MATCH($B23,'TRANS'!$A:$A,0)),IFERROR(INDEX('Catalog'!$B:$B,MATCH($G23,'Catalog'!$A:$A,0)),$B23)) -> 20 S חבק יד מתכוון עם צמדן | I23: =IF($G23="","Unmatched","Matched") -> Matched | J23: =IF($G23<>"",$G23,$B23) -> 4408048 | K23: =IF(COUNTIF($O$2:$O$16,$A23)>0,"Y","N") -> Y
A24: 202 - Super-Pharm POLAND | B24: 20 XL | C24: 90 | D24: 1847.12 | E24: 0 | F24: 0 | G24: =IFERROR(INDEX('TRANS'!$B:$B,MATCH($B24,'TRANS'!$A:$A,0)),IFERROR(INDEX('TRANS'!$B:$B,MATCH(TRIM(SUBSTITUTE($B24,CHAR(160)," ")),'TRANS'!$D:$D,0)),IFERROR(INDEX('Catalog'!$A:$A,MATCH($B24,'Catalog'!$B:$B,0)),IFERROR(INDEX('Catalog'!$A:$A,MATCH(TRIM(SUBSTITUTE($B24,CHAR(160)," ")),'Catalog'!$C:$C,0)),"")))) -> 4408049 | H24: =IFERROR(INDEX('TRANS'!$C:$C,MATCH($B24,'TRANS'!$A:$A,0)),IFERROR(INDEX('Catalog'!$B:$B,MATCH($G24,'Catalog'!$A:$A,0)),$B24)) -> 20 XL חבק יד מתכוון עם צמדן | I24: =IF($G24="","Unmatched","Matched") -> Matched | J24: =IF($G24<>"",$G24,$B24) -> 4408049 | K24: =IF(COUNTIF($O$2:$O$16,$A24)>0,"Y","N") -> Y
A25: 202 - Super-Pharm POLAND | B25: 21 L | C25: 160 | D25: 3452.22 | E25: 90 | F25: 1749.35 | G25: =IFERROR(INDEX('TRANS'!$B:$B,MATCH($B25,'TRANS'!$A:$A,0)),IFERROR(INDEX('TRANS'!$B:$B,MATCH(TRIM(SUBSTITUTE($B25,CHAR(160)," ")),'TRANS'!$D:$D,0)),IFERROR(INDEX('Catalog'!$A:$A,MATCH($B25,'Catalog'!$B:$B,0)),IFERROR(INDEX('Catalog'!$A:$A,MATCH(TRIM(SUBSTITUTE($B25,CHAR(160)," ")),'Catalog'!$C:$C,0)),"")))) -> 4408052 | H25: =IFERROR(INDEX('TRANS'!$C:$C,MATCH($B25,'TRANS'!$A:$A,0)),IFERROR(INDEX('Catalog'!$B:$B,MATCH($G25,'Catalog'!$A:$A,0)),$B25)) -> 21 L חבק יד ארוך | I25: =IF($G25="","Unmatched","Matched") -> Matched | J25: =IF($G25<>"",$G25,$B25) -> 4408052 | K25: =IF(COUNTIF($O$2:$O$16,$A25)>0,"Y","N") -> Y
A26: 202 - Super-Pharm POLAND | B26: 21 M | C26: 370 | D26: 7952.17 | E26: 220 | F26: 4219.15 | G26: =IFERROR(INDEX('TRANS'!$B:$B,MATCH($B26,'TRANS'!$A:$A,0)),IFERROR(INDEX('TRANS'!$B:$B,MATCH(TRIM(SUBSTITUTE($B26,CHAR(160)," ")),'TRANS'!$D:$D,0)),IFERROR(INDEX('Catalog'!$A:$A,MATCH($B26,'Catalog'!$B:$B,0)),IFERROR(INDEX('Catalog'!$A:$A,MATCH(TRIM(SUBSTITUTE($B26,CHAR(160)," ")),'Catalog'!$C:$C,0)),"")))) -> 4408053 | H26: =IFERROR(INDEX('TRANS'!$C:$C,MATCH($B26,'TRANS'!$A:$A,0)),IFERROR(INDEX('Catalog'!$B:$B,MATCH($G26,'Catalog'!$A:$A,0)),$B26)) -> 21 M חבק יד ארוך | I26: =IF($G26="","Unmatched","Matched") -> Matched | J26: =IF($G26<>"",$G26,$B26) -> 4408053 | K26: =IF(COUNTIF($O$2:$O$16,$A26)>0,"Y","N") -> Y
A27: 202 - Super-Pharm POLAND | B27: 21 S | C27: 280 | D27: 6063.38 | E27: 170 | F27: 3296.5 | G27: =IFERROR(INDEX('TRANS'!$B:$B,MATCH($B27,'TRANS'!$A:$A,0)),IFERROR(INDEX('TRANS'!$B:$B,MATCH(TRIM(SUBSTITUTE($B27,CHAR(160)," ")),'TRANS'!$D:$D,0)),IFERROR(INDEX('Catalog'!$A:$A,MATCH($B27,'Catalog'!$B:$B,0)),IFERROR(INDEX('Catalog'!$A:$A,MATCH(TRIM(SUBSTITUTE($B27,CHAR(160)," ")),'Catalog'!$C:$C,0)),"")))) -> 4408051 | H27: =IFERROR(INDEX('TRANS'!$C:$C,MATCH($B27,'TRANS'!$A:$A,0)),IFERROR(INDEX('Catalog'!$B:$B,MATCH($G27,'Catalog'!$A:$A,0)),$B27)) -> 21 S חבק יד ארוך | I27: =IF($G27="","Unmatched","Matched") -> Matched | J27: =IF($G27<>"",$G27,$B27) -> 4408051 | K27: =IF(COUNTIF($O$2:$O$16,$A27)>0,"Y","N") -> Y
A28: 202 - Super-Pharm POLAND | B28: 302M 0 | C28: 320 | D28: 11612.6 | E28: 320 | F28: 10705 | G28: =IFERROR(INDEX('TRANS'!$B:$B,MATCH($B28,'TRANS'!$A:$A,0)),IFERROR(INDEX('TRANS'!$B:$B,MATCH(TRIM(SUBSTITUTE($B28,CHAR(160)," ")),'TRANS'!$D:$D,0)),IFERROR(INDEX('Catalog'!$A:$A,MATCH($B28,'Catalog'!$B:$B,0)),IFERROR(INDEX('Catalog'!$A:$A,MATCH(TRIM(SUBSTITUTE($B28,CHAR(160)," ")),'Catalog'!$C:$C,0)),"")))) -> 4413348 | H28: =IFERROR(INDEX('TRANS'!$C:$C,MATCH($B28,'TRANS'!$A:$A,0)),IFERROR(INDEX('Catalog'!$B:$B,MATCH($G28,'Catalog'!$A:$A,0)),$B28)) -> 302 מדרס ג'ל לגבר | I28: =IF($G28="","Unmatched","Matched") -> Matched | J28: =IF($G28<>"",$G28,$B28) -> 4413348 | K28: =IF(COUNTIF($O$2:$O$16,$A28)>0,"Y","N") -> Y
... A1634: 209 - Ortoprofil Prod ROMANIA | B1634: ST37 0 | C1634: 10 | D1634: 162.83 | E1634: 0 | F1634: 0 | G1634: =IFERROR(INDEX('TRANS'!$B:$B,MATCH($B1634,'TRANS'!$A:$A,0)),IFERROR(INDEX('TRANS'!$B:$B,MATCH(TRIM(SUBSTITUTE($B1634,CHAR(160)," ")),'TRANS'!$D:$D,0)),IFERROR(INDEX('Catalog'!$A:$A,MATCH($B1634,'Catalog'!$B:$B,0)),IFERROR(INDEX('Catalog'!$A:$A,MATCH(TRIM(SUBSTITUTE($B1634,CHAR(160)," ")),'Catalog'!$C:$C,0)),"")))) -> 4408269 | H1634: =IFERROR(INDEX('TRANS'!$C:$C,MATCH($B1634,'TRANS'!$A:$A,0)),IFERROR(INDEX('Catalog'!$B:$B,MATCH($G1634,'Catalog'!$A:$A,0)),$B1634)) -> ST37 חבק לקרסול | I1634: =IF($G1634="","Unmatched","Matched") -> Matched | J1634: =IF($G1634<>"",$G1634,$B1634) -> 4408269 | K1634: =IF(COUNTIF($O$2:$O$16,$A1634)>0,"Y","N") -> Y

Sheet TRANS
A1: TRANS Crosswalk — ITEM NAME (NetSuite/SALES short codes) <-> CHEMIPAL CODE <-> CHEMIPAL NAME (PPLAY1 long text)
A2: Calculation date: | B2: 46290
A3: Source: kirill/reference/TRANS - item name to CHEMIPAL code.xlsx. PRIMARY match source (short NetSuite-style item codes, same format as SALES). Column D is a whitespace-normalized helper.
A5: ITEM NAME | B5: CHEMIPAL CODE | C5: CHEMIPAL NAME | D5: ITEM NAME (normalized)
A6: 40 0 | B6: 4420016 | C6: 40-רצועת פיקה לברך | D6: =TRIM(SUBSTITUTE($A6,CHAR(160)," ")) -> 40 0
A7: 4022 0 | B7: 4420017 | C7: 4022 רצועת """"פיקה""""+כרית | D7: =TRIM(SUBSTITUTE($A7,CHAR(160)," ")) -> 4022 0
A8: 41 XL | B8: 4413074 | C8: 41 XL.מ.ברך מוצלב+ספירלות בצד | D8: =TRIM(SUBSTITUTE($A8,CHAR(160)," ")) -> 41 XL
A9: 41 L | B9: 4413072 | C9: 41 Lמ.ברך מוצלב+ספירלות בצדדים | D9: =TRIM(SUBSTITUTE($A9,CHAR(160)," ")) -> 41 L
A10: 41 M | B10: 4413073 | C10: 41 Mמ.ברך מוצלב+ספירלות בצדדים | D10: =TRIM(SUBSTITUTE($A10,CHAR(160)," ")) -> 41 M
A11: 41 S | B11: 4413071 | C11: 41 Sמ.ברך מוצלב+ספירלות בצדדים | D11: =TRIM(SUBSTITUTE($A11,CHAR(160)," ")) -> 41 S
A12: 41X L | B12: 4413076 | C12: 41X L מגן ברך מוצלב+מוט | D12: =TRIM(SUBSTITUTE($A12,CHAR(160)," ")) -> 41X L
A13: 41X XL | B13: 4413079 | C13: 41X XL מגן ברך מוצלב+מוט | D13: =TRIM(SUBSTITUTE($A13,CHAR(160)," ")) -> 41X XL
A14: 422 S | B14: 4413089 | C14: 422 Sמ.ברך+כרית סיל.סביב לפיקה | D14: =TRIM(SUBSTITUTE($A14,CHAR(160)," ")) -> 422 S
A15: 422E XXXL | B15: 4413284 | C15: 422E XXXL מגן ברך ארוך עם כרית | D15: =TRIM(SUBSTITUTE($A15,CHAR(160)," ")) -> 422E XXXL
A16: 45 XS | B16: 4413332 | C16: 45 XS מגן ברך רגיל לבן | D16: =TRIM(SUBSTITUTE($A16,CHAR(160)," ")) -> 45 XS
A17: 45 L | B17: 4413092 | C17: 45 L מגן ברך לבן | D17: =TRIM(SUBSTITUTE($A17,CHAR(160)," ")) -> 45 L
... A471: 807CB-P | B471: 4422034 | C471: 807CB-P תחבושת נצמדת ורוד 20ממ | D471: =TRIM(SUBSTITUTE($A471,CHAR(160)," ")) -> 807CB-P

Sheet Catalog
A1: Catalog — global מק"ט (CHEMIPAL Code) <-> Item Name (PPLAY1 long text), from "חנה_1" export
A2: Calculation date: | B2: 46290
A3: Source: kirill/reference/catalog-item-codes-חנה_1.xlsx. FALLBACK match source (mostly long PPLAY1-format text, rarely matches SALES short codes directly - kept for completeness/verification per instruction).
A5: CHEMIPAL Code | B5: Item Name | C5: Item Name (normalized)
A6: 4402014 | B6: BE CARE תחבושת אלסטית 10ס""מ | C6: =TRIM(SUBSTITUTE($B6,CHAR(160)," ")) -> BE CARE תחבושת אלסטית 10ס""מ
A7: 4402012 | B7: BE CARE תחבושת אלסטית 5 ס""מ | C7: =TRIM(SUBSTITUTE($B7,CHAR(160)," ")) -> BE CARE תחבושת אלסטית 5 ס""מ
A8: 4402013 | B8: BE CARE תחבושת אלסטית 7.5סמ | C8: =TRIM(SUBSTITUTE($B8,CHAR(160)," ")) -> BE CARE תחבושת אלסטית 7.5סמ
A9: 4402015 | B9: BE CARE CB BEIGE | C9: =TRIM(SUBSTITUTE($B9,CHAR(160)," ")) -> BE CARE CB BEIGE
A10: 4402016 | B10: BE CARE CB BLACK | C10: =TRIM(SUBSTITUTE($B10,CHAR(160)," ")) -> BE CARE CB BLACK
A11: 4402017 | B11: BE CARE CB GREEN | C11: =TRIM(SUBSTITUTE($B11,CHAR(160)," ")) -> BE CARE CB GREEN
A12: 4402018 | B12: BE CARE CB PINK | C12: =TRIM(SUBSTITUTE($B12,CHAR(160)," ")) -> BE CARE CB PINK
A13: 4402019 | B13: BE CARE KT BEIGE | C13: =TRIM(SUBSTITUTE($B13,CHAR(160)," ")) -> BE CARE KT BEIGE
A14: 4402020 | B14: BE CARE KT BLACK | C14: =TRIM(SUBSTITUTE($B14,CHAR(160)," ")) -> BE CARE KT BLACK
A15: 4402021 | B15: BE CARE KT BLUE | C15: =TRIM(SUBSTITUTE($B15,CHAR(160)," ")) -> BE CARE KT BLUE
A16: 4402022 | B16: BE CARE KT PINK | C16: =TRIM(SUBSTITUTE($B16,CHAR(160)," ")) -> BE CARE KT PINK
A17: 4420016 | B17: 40-רצועת פיקה לברך | C17: =TRIM(SUBSTITUTE($B17,CHAR(160)," ")) -> 40-רצועת פיקה לברך
... A782: 4422029 | B782: B75 תחבושת אלסטית 7.5ס""מ | C782: =TRIM(SUBSTITUTE($B782,CHAR(160)," ")) -> B75 תחבושת אלסטית 7.5ס""מ
