Workbook

Sheet Index
A1: ITEMISR — Consolidated Product List (12 categories), 2025 vs 2026 (Normalized) — v2: merged by product
A2: Calculation date: | B2: 46290
A3: UPDATED 25/09/2026 (v2): "Main List" scope narrowed to 12 categories - 101/102/103/104/105/106/108/109/114/115 pulled directly from SALES (matched to CHEMIPAL Code via TRANS then Catalog) + 107/113 pulled from kirill/outputs/2026-09-25-CEMIUP0.9-grouped-2025-vs-2026.xlsx ("בתי מרקחת"/"מאוחדת", already CEMI+SALES combined + 0.91-adjusted there - NOT re-pulled from SALES, to avoid double-counting). BE / סופר פארם / מכבי are NOT included this time (not requested). "110-Chemipal" excluded (not relevant). "111-Superpharm Life" and "112-Kupat Holim Clalit" remain in their OWN separate sheets - NOT in Main List or any consolidated total (unaffected by this update, still per-row not merged). KEY CHANGE: each CHEMIPAL Code (or raw item name, if unmatched) now appears ONLY ONCE in Main List - Quantity/Amount are SUMMED across every included category where it was sold. DROP/NEW (red/green) are determined on this summed total (a product sold in 2025 via one category and 2026 via a different one is NOT DROP). "Source Category" lists ALL contributing categories per row (comma-separated). 0.91: already baked into 107/113's CEMI-sourced portions upstream, not re-applied; never applied to the 10 direct-SALES categories. 2026 = normalized to a full year (×12/9.5 for direct-SALES rows; 107/113 already annualized upstream). Sorted by Quantity 2026 (normalized), descending. RED = DROP (sold 2025, exactly 0 in 2026, summed). GREEN = NEW (0 in 2025, sold in 2026, summed).
A5: Sheet map
A6: Sheet | B6: Contents
A7: Main List | B7: Merged by product across 12 categories (101/102/103/104/105/106/108/109/114/115 direct + 107/113 from CEMIUP0.9), sorted by Quantity 2026 desc, DROP/NEW colored. Each product appears once (summed across categories). CHEMIPAL Code blank when unmatched (ITEM NAME/שם מוצר still shown). "Top Source"/"2nd Source" columns (by Qty 2026) replace the old full category list.
A8: 111 - Superpharm Life | B8: Standalone - not in Main List/totals. Sale Type "111 - Superpharm Life" from SALES, matched via TRANS/Catalog (0% matched - private-label SKUs).
A9: 112 - Kupat Holim Clalit | B9: Standalone - not in Main List/totals. Sale Type "112 - Kupat Holim Clalit" from SALES, matched via TRANS/Catalog (0% matched - private-label SKUs).
A10: SALES Raw | B10: Pre-aggregated item-level data (per category+item) for all 28 SALES-sourced categories (26 direct + 111 + 112), with live CHEMIPAL Code match.
A11: CEMIUP0.9 Raw | B11: Already-resolved product rows imported from CEMIUP0.9 (107/113/BE/סופר פארם/מכבי) - literal values, that file is the audit trail.
A12: TRANS | B12: Crosswalk table (short NetSuite-style codes -> CHEMIPAL Code) - primary match source for SALES Raw.
A13: Catalog | B13: Global מק"ט<->item-name catalog (PPLAY1-format) - fallback match source for SALES Raw.
A15: Summary
A16: Sheet | B16: # Rows | C16: Qty 2025 | D16: Amt 2025 (₪) | E16: Qty 2026 (norm) | F16: Amt 2026 (norm, ₪) | G16: # DROP | H16: # NEW
A17: Main List | B17: 1085 | C17: 126608 | D17: 5750554.5 | E17: 117536 | F17: 7456362.1 | G17: 209 | H17: 157
A18: 111 - Superpharm Life | B18: 21 | C18: 118392 | D18: 1708656.9 | E18: 78891 | F18: 1406948 | G18: 1 | H18: 0
A19: 112 - Kupat Holim Clalit | B19: 33 | C19: 152395 | D19: 3809616.4 | E19: 139120 | F19: 3245877.5 | G19: 1 | H19: 1

Sheet Main List
A1: Main List — merged by product (CHEMIPAL Code / raw name), 10 direct-SALES categories + 107/113 (from CEMIUP0.9)
A2: Calculation date: | B2: 46290
A3: UPDATED 25/09/2026 (v3, per explicit instruction): CHEMIPAL Code (col A) is now BLANK for unmatched items (previously showed the raw item name as a stand-in - fixed for consistency with how BETI/מאוחדת always leave the code blank when unmatched). ITEM NAME (col B) and שם מוצר (col C) still show the raw/descriptive identifier regardless of match status. The internal Product Key used by all formulas here (CHEMIPAL Code when matched, else the raw item name) is kept visible in column J for full transparency/audit, since it is what actually drives every SUMIFS below. Source Category (single comma-separated list) REPLACED by two columns per instruction: "Top Source" = the single category that contributed the most Quantity 2026 (normalized) to this product, "2nd Source" = the second-most (blank if only one category contributed). Chosen criterion: Quantity 2026 (normalized), for consistency with the list's own sort order. Everything else unchanged from the previous version: merged by product across 12 categories - 101/102/103/104/105/106/108/109/114/115 direct from SALES (matched via TRANS then Catalog) + 107/113 from kirill/outputs/2026-09-25-CEMIUP0.9-grouped-2025-vs-2026.xlsx (already CEMI+SALES combined + 0.91-adjusted there, NOT re-pulled from SALES). BE/סופר פארם/מכבי NOT included. 111/112 remain in their own separate sheets, unaffected. 0.91 not re-applied here; not applied to the 10 direct-SALES categories. 2026 = normalized to a full year (×12/9.5 for direct-SALES; 107/113 already annualized upstream). Sorted by Quantity 2026 (normalized), descending.
A4: Normalization factor (2026, direct-SALES categories only - 107/113 already annualized upstream): | G4: Factor (12/9.5): | H4: =12/9.5 -> 1.2631579
A6: CHEMIPAL Code | B6: ITEM NAME | C6: שם מוצר | D6: כמות 2025 | E6: כסף 2025 (₪) | F6: כמות 2026 (מנורמל) | G6: כסף 2026 (מנורמל, ₪) | H6: Top Source | I6: 2nd Source | J6: Internal Product Key (audit)
A7: =IF(ISNUMBER($J7),$J7,"") -> 4413453 | B7: =IFERROR(INDEX('SALES Raw'!$B$6:$B$4467,MATCH($J7,'SALES Raw'!$J$6:$J$4467,0)),IFERROR(INDEX('CEMIUP0.9 Raw'!$B$6:$B$1712,MATCH($J7,'CEMIUP0.9 Raw'!$B$6:$B$1712,0)),$J7)) -> AC75-S-XL | C7: =IF(ISNUMBER($J7),IFERROR(INDEX('TRANS'!$C:$C,MATCH($J7,'TRANS'!$B:$B,0)),IFERROR(INDEX('Catalog'!$B:$B,MATCH($J7,'Catalog'!$A:$A,0)),$B7)),$B7) -> AC75 מישר כתפיים אקטיב | D7: =SUMIFS('SALES Raw'!$C$6:$C$4467,'SALES Raw'!$J$6:$J$4467,$J7,'SALES Raw'!$K$6:$K$4467,"Y")+SUMIFS('CEMIUP0.9 Raw'!$D$6:$D$1712,'CEMIUP0.9 Raw'!$B$6:$B$1712,$J7,'CEMIUP0.9 Raw'!$H$6:$H$1712,"Y") -> 1781 | E7: =SUMIFS('SALES Raw'!$D$6:$D$4467,'SALES Raw'!$J$6:$J$4467,$J7,'SALES Raw'!$K$6:$K$4467,"Y")+SUMIFS('CEMIUP0.9 Raw'!$E$6:$E$1712,'CEMIUP0.9 Raw'!$B$6:$B$1712,$J7,'CEMIUP0.9 Raw'!$H$6:$H$1712,"Y") -> 144784.45 | F7: =SUMIFS('SALES Raw'!$E$6:$E$4467,'SALES Raw'!$J$6:$J$4467,$J7,'SALES Raw'!$K$6:$K$4467,"Y")*$H$4+SUMIFS('CEMIUP0.9 Raw'!$F$6:$F$1712,'CEMIUP0.9 Raw'!$B$6:$B$1712,$J7,'CEMIUP0.9 Raw'!$H$6:$H$1712,"Y") -> 7918.7368 | G7: =SUMIFS('SALES Raw'!$F$6:$F$4467,'SALES Raw'!$J$6:$J$4467,$J7,'SALES Raw'!$K$6:$K$4467,"Y")*$H$4+SUMIFS('CEMIUP0.9 Raw'!$G$6:$G$1712,'CEMIUP0.9 Raw'!$B$6:$B$1712,$J7,'CEMIUP0.9 Raw'!$H$6:$H$1712,"Y") -> 993545.67 | H7: 114 - IL online | I7: 107 - Pharmacies | J7: 4413453
A8: =IF(ISNUMBER($J8),$J8,"") | B8: =IFERROR(INDEX('SALES Raw'!$B$6:$B$4467,MATCH($J8,'SALES Raw'!$J$6:$J$4467,0)),IFERROR(INDEX('CEMIUP0.9 Raw'!$B$6:$B$1712,MATCH($J8,'CEMIUP0.9 Raw'!$B$6:$B$1712,0)),$J8)) -> 67 0 | C8: =IF(ISNUMBER($J8),IFERROR(INDEX('TRANS'!$C:$C,MATCH($J8,'TRANS'!$B:$B,0)),IFERROR(INDEX('Catalog'!$B:$B,MATCH($J8,'Catalog'!$A:$A,0)),$B8)),$B8) -> 67 0 | D8: =SUMIFS('SALES Raw'!$C$6:$C$4467,'SALES Raw'!$J$6:$J$4467,$J8,'SALES Raw'!$K$6:$K$4467,"Y")+SUMIFS('CEMIUP0.9 Raw'!$D$6:$D$1712,'CEMIUP0.9 Raw'!$B$6:$B$1712,$J8,'CEMIUP0.9 Raw'!$H$6:$H$1712,"Y") -> 1074 | E8: =SUMIFS('SALES Raw'!$D$6:$D$4467,'SALES Raw'!$J$6:$J$4467,$J8,'SALES Raw'!$K$6:$K$4467,"Y")+SUMIFS('CEMIUP0.9 Raw'!$E$6:$E$1712,'CEMIUP0.9 Raw'!$B$6:$B$1712,$J8,'CEMIUP0.9 Raw'!$H$6:$H$1712,"Y") -> 169815.61 | F8: =SUMIFS('SALES Raw'!$E$6:$E$4467,'SALES Raw'!$J$6:$J$4467,$J8,'SALES Raw'!$K$6:$K$4467,"Y")*$H$4+SUMIFS('CEMIUP0.9 Raw'!$F$6:$F$1712,'CEMIUP0.9 Raw'!$B$6:$B$1712,$J8,'CEMIUP0.9 Raw'!$H$6:$H$1712,"Y") -> 5014.7368 | G8: =SUMIFS('SALES Raw'!$F$6:$F$4467,'SALES Raw'!$J$6:$J$4467,$J8,'SALES Raw'!$K$6:$K$4467,"Y")*$H$4+SUMIFS('CEMIUP0.9 Raw'!$G$6:$G$1712,'CEMIUP0.9 Raw'!$B$6:$B$1712,$J8,'CEMIUP0.9 Raw'!$H$6:$H$1712,"Y") -> 1298169.8 | H8: 114 - IL online | I8: 102 - Orthopedic institutes | J8: 67 0
A9: =IF(ISNUMBER($J9),$J9,"") | B9: =IFERROR(INDEX('SALES Raw'!$B$6:$B$4467,MATCH($J9,'SALES Raw'!$J$6:$J$4467,0)),IFERROR(INDEX('CEMIUP0.9 Raw'!$B$6:$B$1712,MATCH($J9,'CEMIUP0.9 Raw'!$B$6:$B$1712,0)),$J9)) -> M95 | C9: =IF(ISNUMBER($J9),IFERROR(INDEX('TRANS'!$C:$C,MATCH($J9,'TRANS'!$B:$B,0)),IFERROR(INDEX('Catalog'!$B:$B,MATCH($J9,'Catalog'!$A:$A,0)),$B9)),$B9) -> M95 | D9: =SUMIFS('SALES Raw'!$C$6:$C$4467,'SALES Raw'!$J$6:$J$4467,$J9,'SALES Raw'!$K$6:$K$4467,"Y")+SUMIFS('CEMIUP0.9 Raw'!$D$6:$D$1712,'CEMIUP0.9 Raw'!$B$6:$B$1712,$J9,'CEMIUP0.9 Raw'!$H$6:$H$1712,"Y") -> 4982 | E9: =SUMIFS('SALES Raw'!$D$6:$D$4467,'SALES Raw'!$J$6:$J$4467,$J9,'SALES Raw'!$K$6:$K$4467,"Y")+SUMIFS('CEMIUP0.9 Raw'!$E$6:$E$1712,'CEMIUP0.9 Raw'!$B$6:$B$1712,$J9,'CEMIUP0.9 Raw'!$H$6:$H$1712,"Y") -> 84006.41 | F9: =SUMIFS('SALES Raw'!$E$6:$E$4467,'SALES Raw'!$J$6:$J$4467,$J9,'SALES Raw'!$K$6:$K$4467,"Y")*$H$4+SUMIFS('CEMIUP0.9 Raw'!$F$6:$F$1712,'CEMIUP0.9 Raw'!$B$6:$B$1712,$J9,'CEMIUP0.9 Raw'!$H$6:$H$1712,"Y") -> 4221.4737 | G9: =SUMIFS('SALES Raw'!$F$6:$F$4467,'SALES Raw'!$J$6:$J$4467,$J9,'SALES Raw'!$K$6:$K$4467,"Y")*$H$4+SUMIFS('CEMIUP0.9 Raw'!$G$6:$G$1712,'CEMIUP0.9 Raw'!$B$6:$B$1712,$J9,'CEMIUP0.9 Raw'!$H$6:$H$1712,"Y") -> 64715.065 | H9: 114 - IL online | I9: 101 - Factory customers | J9: M95
A10: =IF(ISNUMBER($J10),$J10,"") -> 4421000 | B10: =IFERROR(INDEX('SALES Raw'!$B$6:$B$4467,MATCH($J10,'SALES Raw'!$J$6:$J$4467,0)),IFERROR(INDEX('CEMIUP0.9 Raw'!$B$6:$B$1712,MATCH($J10,'CEMIUP0.9 Raw'!$B$6:$B$1712,0)),$J10)) -> 3655 0 | C10: =IF(ISNUMBER($J10),IFERROR(INDEX('TRANS'!$C:$C,MATCH($J10,'TRANS'!$B:$B,0)),IFERROR(INDEX('Catalog'!$B:$B,MATCH($J10,'Catalog'!$A:$A,0)),$B10)),$B10) -> 3655 שרוול מסיליקון לאצבע | D10: =SUMIFS('SALES Raw'!$C$6:$C$4467,'SALES Raw'!$J$6:$J$4467,$J10,'SALES Raw'!$K$6:$K$4467,"Y")+SUMIFS('CEMIUP0.9 Raw'!$D$6:$D$1712,'CEMIUP0.9 Raw'!$B$6:$B$1712,$J10,'CEMIUP0.9 Raw'!$H$6:$H$1712,"Y") -> 3237 | E10: =SUMIFS('SALES Raw'!$D$6:$D$4467,'SALES Raw'!$J$6:$J$4467,$J10,'SALES Raw'!$K$6:$K$4467,"Y")+SUMIFS('CEMIUP0.9 Raw'!$E$6:$E$1712,'CEMIUP0.9 Raw'!$B$6:$B$1712,$J10,'CEMIUP0.9 Raw'!$H$6:$H$1712,"Y") -> 49596.691 | F10: =SUMIFS('SALES Raw'!$E$6:$E$4467,'SALES Raw'!$J$6:$J$4467,$J10,'SALES Raw'!$K$6:$K$4467,"Y")*$H$4+SUMIFS('CEMIUP0.9 Raw'!$F$6:$F$1712,'CEMIUP0.9 Raw'!$B$6:$B$1712,$J10,'CEMIUP0.9 Raw'!$H$6:$H$1712,"Y") -> 2573.0526 | G10: =SUMIFS('SALES Raw'!$F$6:$F$4467,'SALES Raw'!$J$6:$J$4467,$J10,'SALES Raw'!$K$6:$K$4467,"Y")*$H$4+SUMIFS('CEMIUP0.9 Raw'!$G$6:$G$1712,'CEMIUP0.9 Raw'!$B$6:$B$1712,$J10,'CEMIUP0.9 Raw'!$H$6:$H$1712,"Y") -> 41177.859 | H10: 107 - Pharmacies | I10: 113 - Kupat Holim Meuhedet | J10: 4421000
A11: =IF(ISNUMBER($J11),$J11,"") | B11: =IFERROR(INDEX('SALES Raw'!$B$6:$B$4467,MATCH($J11,'SALES Raw'!$J$6:$J$4467,0)),IFERROR(INDEX('CEMIUP0.9 Raw'!$B$6:$B$1712,MATCH($J11,'CEMIUP0.9 Raw'!$B$6:$B$1712,0)),$J11)) -> M92 | C11: =IF(ISNUMBER($J11),IFERROR(INDEX('TRANS'!$C:$C,MATCH($J11,'TRANS'!$B:$B,0)),IFERROR(INDEX('Catalog'!$B:$B,MATCH($J11,'Catalog'!$A:$A,0)),$B11)),$B11) -> M92 | D11: =SUMIFS('SALES Raw'!$C$6:$C$4467,'SALES Raw'!$J$6:$J$4467,$J11,'SALES Raw'!$K$6:$K$4467,"Y")+SUMIFS('CEMIUP0.9 Raw'!$D$6:$D$1712,'CEMIUP0.9 Raw'!$B$6:$B$1712,$J11,'CEMIUP0.9 Raw'!$H$6:$H$1712,"Y") -> 1349 | E11: =SUMIFS('SALES Raw'!$D$6:$D$4467,'SALES Raw'!$J$6:$J$4467,$J11,'SALES Raw'!$K$6:$K$4467,"Y")+SUMIFS('CEMIUP0.9 Raw'!$E$6:$E$1712,'CEMIUP0.9 Raw'!$B$6:$B$1712,$J11,'CEMIUP0.9 Raw'!$H$6:$H$1712,"Y") -> 13.45 | F11: =SUMIFS('SALES Raw'!$E$6:$E$4467,'SALES Raw'!$J$6:$J$4467,$J11,'SALES Raw'!$K$6:$K$4467,"Y")*$H$4+SUMIFS('CEMIUP0.9 Raw'!$F$6:$F$1712,'CEMIUP0.9 Raw'!$B$6:$B$1712,$J11,'CEMIUP0.9 Raw'!$H$6:$H$1712,"Y") -> 2232 | G11: =SUMIFS('SALES Raw'!$F$6:$F$4467,'SALES Raw'!$J$6:$J$4467,$J11,'SALES Raw'!$K$6:$K$4467,"Y")*$H$4+SUMIFS('CEMIUP0.9 Raw'!$G$6:$G$1712,'CEMIUP0.9 Raw'!$B$6:$B$1712,$J11,'CEMIUP0.9 Raw'!$H$6:$H$1712,"Y") -> -5947.5411 | H11: 114 - IL online | I11: 115-SuperPharm Online | J11: M92
A12: =IF(ISNUMBER($J12),$J12,"") -> 4415158 | B12: =IFERROR(INDEX('SALES Raw'!$B$6:$B$4467,MATCH($J12,'SALES Raw'!$J$6:$J$4467,0)),IFERROR(INDEX('CEMIUP0.9 Raw'!$B$6:$B$1712,MATCH($J12,'CEMIUP0.9 Raw'!$B$6:$B$1712,0)),$J12)) -> 266 0 | C12: =IF(ISNUMBER($J12),IFERROR(INDEX('TRANS'!$C:$C,MATCH($J12,'TRANS'!$B:$B,0)),IFERROR(INDEX('Catalog'!$B:$B,MATCH($J12,'Catalog'!$A:$A,0)),$B12)),$B12) -> 266 סד ליד דו צדדי | D12: =SUMIFS('SALES Raw'!$C$6:$C$4467,'SALES Raw'!$J$6:$J$4467,$J12,'SALES Raw'!$K$6:$K$4467,"Y")+SUMIFS('CEMIUP0.9 Raw'!$D$6:$D$1712,'CEMIUP0.9 Raw'!$B$6:$B$1712,$J12,'CEMIUP0.9 Raw'!$H$6:$H$1712,"Y") -> 2464 | E12: =SUMIFS('SALES Raw'!$D$6:$D$4467,'SALES Raw'!$J$6:$J$4467,$J12,'SALES Raw'!$K$6:$K$4467,"Y")+SUMIFS('CEMIUP0.9 Raw'!$E$6:$E$1712,'CEMIUP0.9 Raw'!$B$6:$B$1712,$J12,'CEMIUP0.9 Raw'!$H$6:$H$1712,"Y") -> 136520.11 | F12: =SUMIFS('SALES Raw'!$E$6:$E$4467,'SALES Raw'!$J$6:$J$4467,$J12,'SALES Raw'!$K$6:$K$4467,"Y")*$H$4+SUMIFS('CEMIUP0.9 Raw'!$F$6:$F$1712,'CEMIUP0.9 Raw'!$B$6:$B$1712,$J12,'CEMIUP0.9 Raw'!$H$6:$H$1712,"Y") -> 2047.5789 | G12: =SUMIFS('SALES Raw'!$F$6:$F$4467,'SALES Raw'!$J$6:$J$4467,$J12,'SALES Raw'!$K$6:$K$4467,"Y")*$H$4+SUMIFS('CEMIUP0.9 Raw'!$G$6:$G$1712,'CEMIUP0.9 Raw'!$B$6:$B$1712,$J12,'CEMIUP0.9 Raw'!$H$6:$H$1712,"Y") -> 111723.78 | H12: 113 - Kupat Holim Meuhedet | I12: 107 - Pharmacies | J12: 4415158
A13: =IF(ISNUMBER($J13),$J13,"") | B13: =IFERROR(INDEX('SALES Raw'!$B$6:$B$4467,MATCH($J13,'SALES Raw'!$J$6:$J$4467,0)),IFERROR(INDEX('CEMIUP0.9 Raw'!$B$6:$B$1712,MATCH($J13,'CEMIUP0.9 Raw'!$B$6:$B$1712,0)),$J13)) -> M94 | C13: =IF(ISNUMBER($J13),IFERROR(INDEX('TRANS'!$C:$C,MATCH($J13,'TRANS'!$B:$B,0)),IFERROR(INDEX('Catalog'!$B:$B,MATCH($J13,'Catalog'!$A:$A,0)),$B13)),$B13) -> M94 | D13: =SUMIFS('SALES Raw'!$C$6:$C$4467,'SALES Raw'!$J$6:$J$4467,$J13,'SALES Raw'!$K$6:$K$4467,"Y")+SUMIFS('CEMIUP0.9 Raw'!$D$6:$D$1712,'CEMIUP0.9 Raw'!$B$6:$B$1712,$J13,'CEMIUP0.9 Raw'!$H$6:$H$1712,"Y") -> 1944 | E13: =SUMIFS('SALES Raw'!$D$6:$D$4467,'SALES Raw'!$J$6:$J$4467,$J13,'SALES Raw'!$K$6:$K$4467,"Y")+SUMIFS('CEMIUP0.9 Raw'!$E$6:$E$1712,'CEMIUP0.9 Raw'!$B$6:$B$1712,$J13,'CEMIUP0.9 Raw'!$H$6:$H$1712,"Y") -> 82198.51 | F13: =SUMIFS('SALES Raw'!$E$6:$E$4467,'SALES Raw'!$J$6:$J$4467,$J13,'SALES Raw'!$K$6:$K$4467,"Y")*$H$4+SUMIFS('CEMIUP0.9 Raw'!$F$6:$F$1712,'CEMIUP0.9 Raw'!$B$6:$B$1712,$J13,'CEMIUP0.9 Raw'!$H$6:$H$1712,"Y") -> 1678.7368 | G13: =SUMIFS('SALES Raw'!$F$6:$F$4467,'SALES Raw'!$J$6:$J$4467,$J13,'SALES Raw'!$K$6:$K$4467,"Y")*$H$4+SUMIFS('CEMIUP0.9 Raw'!$G$6:$G$1712,'CEMIUP0.9 Raw'!$B$6:$B$1712,$J13,'CEMIUP0.9 Raw'!$H$6:$H$1712,"Y") -> 68626.017 | H13: 114 - IL online | I13: 101 - Factory customers | J13: M94
A14: =IF(ISNUMBER($J14),$J14,"") | B14: =IFERROR(INDEX('SALES Raw'!$B$6:$B$4467,MATCH($J14,'SALES Raw'!$J$6:$J$4467,0)),IFERROR(INDEX('CEMIUP0.9 Raw'!$B$6:$B$1712,MATCH($J14,'CEMIUP0.9 Raw'!$B$6:$B$1712,0)),$J14)) -> 30 Nights Trial | C14: =IF(ISNUMBER($J14),IFERROR(INDEX('TRANS'!$C:$C,MATCH($J14,'TRANS'!$B:$B,0)),IFERROR(INDEX('Catalog'!$B:$B,MATCH($J14,'Catalog'!$A:$A,0)),$B14)),$B14) -> 30 Nights Trial | D14: =SUMIFS('SALES Raw'!$C$6:$C$4467,'SALES Raw'!$J$6:$J$4467,$J14,'SALES Raw'!$K$6:$K$4467,"Y")+SUMIFS('CEMIUP0.9 Raw'!$D$6:$D$1712,'CEMIUP0.9 Raw'!$B$6:$B$1712,$J14,'CEMIUP0.9 Raw'!$H$6:$H$1712,"Y") -> 0 | E14: =SUMIFS('SALES Raw'!$D$6:$D$4467,'SALES Raw'!$J$6:$J$4467,$J14,'SALES Raw'!$K$6:$K$4467,"Y")+SUMIFS('CEMIUP0.9 Raw'!$E$6:$E$1712,'CEMIUP0.9 Raw'!$B$6:$B$1712,$J14,'CEMIUP0.9 Raw'!$H$6:$H$1712,"Y") -> 0 | F14: =SUMIFS('SALES Raw'!$E$6:$E$4467,'SALES Raw'!$J$6:$J$4467,$J14,'SALES Raw'!$K$6:$K$4467,"Y")*$H$4+SUMIFS('CEMIUP0.9 Raw'!$F$6:$F$1712,'CEMIUP0.9 Raw'!$B$6:$B$1712,$J14,'CEMIUP0.9 Raw'!$H$6:$H$1712,"Y") -> 1626.9474 | G14: =SUMIFS('SALES Raw'!$F$6:$F$4467,'SALES Raw'!$J$6:$J$4467,$J14,'SALES Raw'!$K$6:$K$4467,"Y")*$H$4+SUMIFS('CEMIUP0.9 Raw'!$G$6:$G$1712,'CEMIUP0.9 Raw'!$B$6:$B$1712,$J14,'CEMIUP0.9 Raw'!$H$6:$H$1712,"Y") -> 0 | H14: 114 - IL online | J14: 30 Nights Trial
A15: =IF(ISNUMBER($J15),$J15,"") -> 4413059 | B15: =IFERROR(INDEX('SALES Raw'!$B$6:$B$4467,MATCH($J15,'SALES Raw'!$J$6:$J$4467,0)),IFERROR(INDEX('CEMIUP0.9 Raw'!$B$6:$B$1712,MATCH($J15,'CEMIUP0.9 Raw'!$B$6:$B$1712,0)),$J15)) -> 364-S-L | C15: =IF(ISNUMBER($J15),IFERROR(INDEX('TRANS'!$C:$C,MATCH($J15,'TRANS'!$B:$B,0)),IFERROR(INDEX('Catalog'!$B:$B,MATCH($J15,'Catalog'!$A:$A,0)),$B15)),$B15) -> 364S Lמפר.אצבע סיליק. ליבל.זוג | D15: =SUMIFS('SALES Raw'!$C$6:$C$4467,'SALES Raw'!$J$6:$J$4467,$J15,'SALES Raw'!$K$6:$K$4467,"Y")+SUMIFS('CEMIUP0.9 Raw'!$D$6:$D$1712,'CEMIUP0.9 Raw'!$B$6:$B$1712,$J15,'CEMIUP0.9 Raw'!$H$6:$H$1712,"Y") -> 1940 | E15: =SUMIFS('SALES Raw'!$D$6:$D$4467,'SALES Raw'!$J$6:$J$4467,$J15,'SALES Raw'!$K$6:$K$4467,"Y")+SUMIFS('CEMIUP0.9 Raw'!$E$6:$E$1712,'CEMIUP0.9 Raw'!$B$6:$B$1712,$J15,'CEMIUP0.9 Raw'!$H$6:$H$1712,"Y") -> 23014.194 | F15: =SUMIFS('SALES Raw'!$E$6:$E$4467,'SALES Raw'!$J$6:$J$4467,$J15,'SALES Raw'!$K$6:$K$4467,"Y")*$H$4+SUMIFS('CEMIUP0.9 Raw'!$F$6:$F$1712,'CEMIUP0.9 Raw'!$B$6:$B$1712,$J15,'CEMIUP0.9 Raw'!$H$6:$H$1712,"Y") -> 1408.4211 | G15: =SUMIFS('SALES Raw'!$F$6:$F$4467,'SALES Raw'!$J$6:$J$4467,$J15,'SALES Raw'!$K$6:$K$4467,"Y")*$H$4+SUMIFS('CEMIUP0.9 Raw'!$G$6:$G$1712,'CEMIUP0.9 Raw'!$B$6:$B$1712,$J15,'CEMIUP0.9 Raw'!$H$6:$H$1712,"Y") -> 16699.368 | H15: 107 - Pharmacies | I15: 113 - Kupat Holim Meuhedet | J15: 4413059
A16: =IF(ISNUMBER($J16),$J16,"") -> 4409004 | B16: =IFERROR(INDEX('SALES Raw'!$B$6:$B$4467,MATCH($J16,'SALES Raw'!$J$6:$J$4467,0)),IFERROR(INDEX('CEMIUP0.9 Raw'!$B$6:$B$1712,MATCH($J16,'CEMIUP0.9 Raw'!$B$6:$B$1712,0)),$J16)) -> FC335 0 | C16: =IF(ISNUMBER($J16),IFERROR(INDEX('TRANS'!$C:$C,MATCH($J16,'TRANS'!$B:$B,0)),IFERROR(INDEX('Catalog'!$B:$B,MATCH($J16,'Catalog'!$A:$A,0)),$B16)),$B16) -> FC335 טלק מעושר באלוורה | D16: =SUMIFS('SALES Raw'!$C$6:$C$4467,'SALES Raw'!$J$6:$J$4467,$J16,'SALES Raw'!$K$6:$K$4467,"Y")+SUMIFS('CEMIUP0.9 Raw'!$D$6:$D$1712,'CEMIUP0.9 Raw'!$B$6:$B$1712,$J16,'CEMIUP0.9 Raw'!$H$6:$H$1712,"Y") -> 2372 | E16: =SUMIFS('SALES Raw'!$D$6:$D$4467,'SALES Raw'!$J$6:$J$4467,$J16,'SALES Raw'!$K$6:$K$4467,"Y")+SUMIFS('CEMIUP0.9 Raw'!$E$6:$E$1712,'CEMIUP0.9 Raw'!$B$6:$B$1712,$J16,'CEMIUP0.9 Raw'!$H$6:$H$1712,"Y") -> 40174.281 | F16: =SUMIFS('SALES Raw'!$E$6:$E$4467,'SALES Raw'!$J$6:$J$4467,$J16,'SALES Raw'!$K$6:$K$4467,"Y")*$H$4+SUMIFS('CEMIUP0.9 Raw'!$F$6:$F$1712,'CEMIUP0.9 Raw'!$B$6:$B$1712,$J16,'CEMIUP0.9 Raw'!$H$6:$H$1712,"Y") -> 1374.3158 | G16: =SUMIFS('SALES Raw'!$F$6:$F$4467,'SALES Raw'!$J$6:$J$4467,$J16,'SALES Raw'!$K$6:$K$4467,"Y")*$H$4+SUMIFS('CEMIUP0.9 Raw'!$G$6:$G$1712,'CEMIUP0.9 Raw'!$B$6:$B$1712,$J16,'CEMIUP0.9 Raw'!$H$6:$H$1712,"Y") -> 23143.013 | H16: 113 - Kupat Holim Meuhedet | I16: 102 - Orthopedic institutes | J16: 4409004
A17: =IF(ISNUMBER($J17),$J17,"") -> 4419006 | B17: =IFERROR(INDEX('SALES Raw'!$B$6:$B$4467,MATCH($J17,'SALES Raw'!$J$6:$J$4467,0)),IFERROR(INDEX('CEMIUP0.9 Raw'!$B$6:$B$1712,MATCH($J17,'CEMIUP0.9 Raw'!$B$6:$B$1712,0)),$J17)) -> PD340 0 | C17: =IF(ISNUMBER($J17),IFERROR(INDEX('TRANS'!$C:$C,MATCH($J17,'TRANS'!$B:$B,0)),IFERROR(INDEX('Catalog'!$B:$B,MATCH($J17,'Catalog'!$A:$A,0)),$B17)),$B17) -> PD340-קוצץ ציפורניים | D17: =SUMIFS('SALES Raw'!$C$6:$C$4467,'SALES Raw'!$J$6:$J$4467,$J17,'SALES Raw'!$K$6:$K$4467,"Y")+SUMIFS('CEMIUP0.9 Raw'!$D$6:$D$1712,'CEMIUP0.9 Raw'!$B$6:$B$1712,$J17,'CEMIUP0.9 Raw'!$H$6:$H$1712,"Y") -> 1618 | E17: =SUMIFS('SALES Raw'!$D$6:$D$4467,'SALES Raw'!$J$6:$J$4467,$J17,'SALES Raw'!$K$6:$K$4467,"Y")+SUMIFS('CEMIUP0.9 Raw'!$E$6:$E$1712,'CEMIUP0.9 Raw'!$B$6:$B$1712,$J17,'CEMIUP0.9 Raw'!$H$6:$H$1712,"Y") -> 19584.525 | F17: =SUMIFS('SALES Raw'!$E$6:$E$4467,'SALES Raw'!$J$6:$J$4467,$J17,'SALES Raw'!$K$6:$K$4467,"Y")*$H$4+SUMIFS('CEMIUP0.9 Raw'!$F$6:$F$1712,'CEMIUP0.9 Raw'!$B$6:$B$1712,$J17,'CEMIUP0.9 Raw'!$H$6:$H$1712,"Y") -> 1269.4737 | G17: =SUMIFS('SALES Raw'!$F$6:$F$4467,'SALES Raw'!$J$6:$J$4467,$J17,'SALES Raw'!$K$6:$K$4467,"Y")*$H$4+SUMIFS('CEMIUP0.9 Raw'!$G$6:$G$1712,'CEMIUP0.9 Raw'!$B$6:$B$1712,$J17,'CEMIUP0.9 Raw'!$H$6:$H$1712,"Y") -> 14761.074 | H17: 107 - Pharmacies | I17: 113 - Kupat Holim Meuhedet | J17: 4419006
A18: =IF(ISNUMBER($J18),$J18,"") -> 4413456 | B18: =IFERROR(INDEX('SALES Raw'!$B$6:$B$4467,MATCH($J18,'SALES Raw'!$J$6:$J$4467,0)),IFERROR(INDEX('CEMIUP0.9 Raw'!$B$6:$B$1712,MATCH($J18,'CEMIUP0.9 Raw'!$B$6:$B$1712,0)),$J18)) -> AC75 XXL | C18: =IF(ISNUMBER($J18),IFERROR(INDEX('TRANS'!$C:$C,MATCH($J18,'TRANS'!$B:$B,0)),IFERROR(INDEX('Catalog'!$B:$B,MATCH($J18,'Catalog'!$A:$A,0)),$B18)),$B18) -> AC75 XXL מיישר כתפיים אקטיב | D18: =SUMIFS('SALES Raw'!$C$6:$C$4467,'SALES Raw'!$J$6:$J$4467,$J18,'SALES Raw'!$K$6:$K$4467,"Y")+SUMIFS('CEMIUP0.9 Raw'!$D$6:$D$1712,'CEMIUP0.9 Raw'!$B$6:$B$1712,$J18,'CEMIUP0.9 Raw'!$H$6:$H$1712,"Y") -> 269 | E18: =SUMIFS('SALES Raw'!$D$6:$D$4467,'SALES Raw'!$J$6:$J$4467,$J18,'SALES Raw'!$K$6:$K$4467,"Y")+SUMIFS('CEMIUP0.9 Raw'!$E$6:$E$1712,'CEMIUP0.9 Raw'!$B$6:$B$1712,$J18,'CEMIUP0.9 Raw'!$H$6:$H$1712,"Y") -> 24481.645 | F18: =SUMIFS('SALES Raw'!$E$6:$E$4467,'SALES Raw'!$J$6:$J$4467,$J18,'SALES Raw'!$K$6:$K$4467,"Y")*$H$4+SUMIFS('CEMIUP0.9 Raw'!$F$6:$F$1712,'CEMIUP0.9 Raw'!$B$6:$B$1712,$J18,'CEMIUP0.9 Raw'!$H$6:$H$1712,"Y") -> 1260.6316 | G18: =SUMIFS('SALES Raw'!$F$6:$F$4467,'SALES Raw'!$J$6:$J$4467,$J18,'SALES Raw'!$K$6:$K$4467,"Y")*$H$4+SUMIFS('CEMIUP0.9 Raw'!$G$6:$G$1712,'CEMIUP0.9 Raw'!$B$6:$B$1712,$J18,'CEMIUP0.9 Raw'!$H$6:$H$1712,"Y") -> 161946.38 | H18: 114 - IL online | I18: 107 - Pharmacies | J18: 4413456
A19: =IF(ISNUMBER($J19),$J19,"") -> 4422035 | B19: =IFERROR(INDEX('SALES Raw'!$B$6:$B$4467,MATCH($J19,'SALES Raw'!$J$6:$J$4467,0)),IFERROR(INDEX('CEMIUP0.9 Raw'!$B$6:$B$1712,MATCH($J19,'CEMIUP0.9 Raw'!$B$6:$B$1712,0)),$J19)) -> FC333 0 | C19: =IF(ISNUMBER($J19),IFERROR(INDEX('TRANS'!$C:$C,MATCH($J19,'TRANS'!$B:$B,0)),IFERROR(INDEX('Catalog'!$B:$B,MATCH($J19,'Catalog'!$A:$A,0)),$B19)),$B19) -> FCתרסיס דאודורנט אנטיבק.נעל333 | D19: =SUMIFS('SALES Raw'!$C$6:$C$4467,'SALES Raw'!$J$6:$J$4467,$J19,'SALES Raw'!$K$6:$K$4467,"Y")+SUMIFS('CEMIUP0.9 Raw'!$D$6:$D$1712,'CEMIUP0.9 Raw'!$B$6:$B$1712,$J19,'CEMIUP0.9 Raw'!$H$6:$H$1712,"Y") -> 2548 | E19: =SUMIFS('SALES Raw'!$D$6:$D$4467,'SALES Raw'!$J$6:$J$4467,$J19,'SALES Raw'!$K$6:$K$4467,"Y")+SUMIFS('CEMIUP0.9 Raw'!$E$6:$E$1712,'CEMIUP0.9 Raw'!$B$6:$B$1712,$J19,'CEMIUP0.9 Raw'!$H$6:$H$1712,"Y") -> 46740.527 | F19: =SUMIFS('SALES Raw'!$E$6:$E$4467,'SALES Raw'!$J$6:$J$4467,$J19,'SALES Raw'!$K$6:$K$4467,"Y")*$H$4+SUMIFS('CEMIUP0.9 Raw'!$F$6:$F$1712,'CEMIUP0.9 Raw'!$B$6:$B$1712,$J19,'CEMIUP0.9 Raw'!$H$6:$H$1712,"Y") -> 1205.0526 | G19: =SUMIFS('SALES Raw'!$F$6:$F$4467,'SALES Raw'!$J$6:$J$4467,$J19,'SALES Raw'!$K$6:$K$4467,"Y")*$H$4+SUMIFS('CEMIUP0.9 Raw'!$G$6:$G$1712,'CEMIUP0.9 Raw'!$B$6:$B$1712,$J19,'CEMIUP0.9 Raw'!$H$6:$H$1712,"Y") -> 23150.212 | H19: 107 - Pharmacies | I19: 113 - Kupat Holim Meuhedet | J19: 4422035
A20: =IF(ISNUMBER($J20),$J20,"") -> 4403042 | B20: =IFERROR(INDEX('SALES Raw'!$B$6:$B$4467,MATCH($J20,'SALES Raw'!$J$6:$J$4467,0)),IFERROR(INDEX('CEMIUP0.9 Raw'!$B$6:$B$1712,MATCH($J20,'CEMIUP0.9 Raw'!$B$6:$B$1712,0)),$J20)) -> 397A-39-42 | C20: =IF(ISNUMBER($J20),IFERROR(INDEX('TRANS'!$C:$C,MATCH($J20,'TRANS'!$B:$B,0)),IFERROR(INDEX('Catalog'!$B:$B,MATCH($J20,'Catalog'!$A:$A,0)),$B20)),$B20) -> 397A-גרבי טיסה אנטי בקטרי39-42 | D20: =SUMIFS('SALES Raw'!$C$6:$C$4467,'SALES Raw'!$J$6:$J$4467,$J20,'SALES Raw'!$K$6:$K$4467,"Y")+SUMIFS('CEMIUP0.9 Raw'!$D$6:$D$1712,'CEMIUP0.9 Raw'!$B$6:$B$1712,$J20,'CEMIUP0.9 Raw'!$H$6:$H$1712,"Y") -> 23 | E20: =SUMIFS('SALES Raw'!$D$6:$D$4467,'SALES Raw'!$J$6:$J$4467,$J20,'SALES Raw'!$K$6:$K$4467,"Y")+SUMIFS('CEMIUP0.9 Raw'!$E$6:$E$1712,'CEMIUP0.9 Raw'!$B$6:$B$1712,$J20,'CEMIUP0.9 Raw'!$H$6:$H$1712,"Y") -> 2321.4 | F20: =SUMIFS('SALES Raw'!$E$6:$E$4467,'SALES Raw'!$J$6:$J$4467,$J20,'SALES Raw'!$K$6:$K$4467,"Y")*$H$4+SUMIFS('CEMIUP0.9 Raw'!$F$6:$F$1712,'CEMIUP0.9 Raw'!$B$6:$B$1712,$J20,'CEMIUP0.9 Raw'!$H$6:$H$1712,"Y") -> 1202.5263 | G20: =SUMIFS('SALES Raw'!$F$6:$F$4467,'SALES Raw'!$J$6:$J$4467,$J20,'SALES Raw'!$K$6:$K$4467,"Y")*$H$4+SUMIFS('CEMIUP0.9 Raw'!$G$6:$G$1712,'CEMIUP0.9 Raw'!$B$6:$B$1712,$J20,'CEMIUP0.9 Raw'!$H$6:$H$1712,"Y") -> 94302.186 | H20: 114 - IL online | I20: 107 - Pharmacies | J20: 4403042
A21: =IF(ISNUMBER($J21),$J21,"") -> 4422023 | B21: =IFERROR(INDEX('SALES Raw'!$B$6:$B$4467,MATCH($J21,'SALES Raw'!$J$6:$J$4467,0)),IFERROR(INDEX('CEMIUP0.9 Raw'!$B$6:$B$1712,MATCH($J21,'CEMIUP0.9 Raw'!$B$6:$B$1712,0)),$J21)) -> 806CB-C | C21: =IF(ISNUMBER($J21),IFERROR(INDEX('TRANS'!$C:$C,MATCH($J21,'TRANS'!$B:$B,0)),IFERROR(INDEX('Catalog'!$B:$B,MATCH($J21,'Catalog'!$A:$A,0)),$B21)),$B21) -> 806CB-BEIGE תחבושת א.נצמ | D21: =SUMIFS('SALES Raw'!$C$6:$C$4467,'SALES Raw'!$J$6:$J$4467,$J21,'SALES Raw'!$K$6:$K$4467,"Y")+SUMIFS('CEMIUP0.9 Raw'!$D$6:$D$1712,'CEMIUP0.9 Raw'!$B$6:$B$1712,$J21,'CEMIUP0.9 Raw'!$H$6:$H$1712,"Y") -> 1625 | E21: =SUMIFS('SALES Raw'!$D$6:$D$4467,'SALES Raw'!$J$6:$J$4467,$J21,'SALES Raw'!$K$6:$K$4467,"Y")+SUMIFS('CEMIUP0.9 Raw'!$E$6:$E$1712,'CEMIUP0.9 Raw'!$B$6:$B$1712,$J21,'CEMIUP0.9 Raw'!$H$6:$H$1712,"Y") -> 15143.588 | F21: =SUMIFS('SALES Raw'!$E$6:$E$4467,'SALES Raw'!$J$6:$J$4467,$J21,'SALES Raw'!$K$6:$K$4467,"Y")*$H$4+SUMIFS('CEMIUP0.9 Raw'!$F$6:$F$1712,'CEMIUP0.9 Raw'!$B$6:$B$1712,$J21,'CEMIUP0.9 Raw'!$H$6:$H$1712,"Y") -> 1191.1579 | G21: =SUMIFS('SALES Raw'!$F$6:$F$4467,'SALES Raw'!$J$6:$J$4467,$J21,'SALES Raw'!$K$6:$K$4467,"Y")*$H$4+SUMIFS('CEMIUP0.9 Raw'!$G$6:$G$1712,'CEMIUP0.9 Raw'!$B$6:$B$1712,$J21,'CEMIUP0.9 Raw'!$H$6:$H$1712,"Y") -> 12670.258 | H21: 107 - Pharmacies | I21: 114 - IL online | J21: 4422023
A22: =IF(ISNUMBER($J22),$J22,"") -> 4415028 | B22: =IFERROR(INDEX('SALES Raw'!$B$6:$B$4467,MATCH($J22,'SALES Raw'!$J$6:$J$4467,0)),IFERROR(INDEX('CEMIUP0.9 Raw'!$B$6:$B$1712,MATCH($J22,'CEMIUP0.9 Raw'!$B$6:$B$1712,0)),$J22)) -> AC28 0 | C22: =IF(ISNUMBER($J22),IFERROR(INDEX('TRANS'!$C:$C,MATCH($J22,'TRANS'!$B:$B,0)),IFERROR(INDEX('Catalog'!$B:$B,MATCH($J22,'Catalog'!$A:$A,0)),$B22)),$B22) -> AC-28 סד לאגודל | D22: =SUMIFS('SALES Raw'!$C$6:$C$4467,'SALES Raw'!$J$6:$J$4467,$J22,'SALES Raw'!$K$6:$K$4467,"Y")+SUMIFS('CEMIUP0.9 Raw'!$D$6:$D$1712,'CEMIUP0.9 Raw'!$B$6:$B$1712,$J22,'CEMIUP0.9 Raw'!$H$6:$H$1712,"Y") -> 1429 | E22: =SUMIFS('SALES Raw'!$D$6:$D$4467,'SALES Raw'!$J$6:$J$4467,$J22,'SALES Raw'!$K$6:$K$4467,"Y")+SUMIFS('CEMIUP0.9 Raw'!$E$6:$E$1712,'CEMIUP0.9 Raw'!$B$6:$B$1712,$J22,'CEMIUP0.9 Raw'!$H$6:$H$1712,"Y") -> 43853.164 | F22: =SUMIFS('SALES Raw'!$E$6:$E$4467,'SALES Raw'!$J$6:$J$4467,$J22,'SALES Raw'!$K$6:$K$4467,"Y")*$H$4+SUMIFS('CEMIUP0.9 Raw'!$F$6:$F$1712,'CEMIUP0.9 Raw'!$B$6:$B$1712,$J22,'CEMIUP0.9 Raw'!$H$6:$H$1712,"Y") -> 1169.6842 | G22: =SUMIFS('SALES Raw'!$F$6:$F$4467,'SALES Raw'!$J$6:$J$4467,$J22,'SALES Raw'!$K$6:$K$4467,"Y")*$H$4+SUMIFS('CEMIUP0.9 Raw'!$G$6:$G$1712,'CEMIUP0.9 Raw'!$B$6:$B$1712,$J22,'CEMIUP0.9 Raw'!$H$6:$H$1712,"Y") -> 40381.109 | H22: 107 - Pharmacies | I22: 113 - Kupat Holim Meuhedet | J22: 4415028
A23: =IF(ISNUMBER($J23),$J23,"") -> 4408207 | B23: =IFERROR(INDEX('SALES Raw'!$B$6:$B$4467,MATCH($J23,'SALES Raw'!$J$6:$J$4467,0)),IFERROR(INDEX('CEMIUP0.9 Raw'!$B$6:$B$1712,MATCH($J23,'CEMIUP0.9 Raw'!$B$6:$B$1712,0)),$J23)) -> AC25 0 | C23: =IF(ISNUMBER($J23),IFERROR(INDEX('TRANS'!$C:$C,MATCH($J23,'TRANS'!$B:$B,0)),IFERROR(INDEX('Catalog'!$B:$B,MATCH($J23,'Catalog'!$A:$A,0)),$B23)),$B23) -> AC-25 חבק לשורש כף היד | D23: =SUMIFS('SALES Raw'!$C$6:$C$4467,'SALES Raw'!$J$6:$J$4467,$J23,'SALES Raw'!$K$6:$K$4467,"Y")+SUMIFS('CEMIUP0.9 Raw'!$D$6:$D$1712,'CEMIUP0.9 Raw'!$B$6:$B$1712,$J23,'CEMIUP0.9 Raw'!$H$6:$H$1712,"Y") -> 1279 | E23: =SUMIFS('SALES Raw'!$D$6:$D$4467,'SALES Raw'!$J$6:$J$4467,$J23,'SALES Raw'!$K$6:$K$4467,"Y")+SUMIFS('CEMIUP0.9 Raw'!$E$6:$E$1712,'CEMIUP0.9 Raw'!$B$6:$B$1712,$J23,'CEMIUP0.9 Raw'!$H$6:$H$1712,"Y") -> 39713.686 | F23: =SUMIFS('SALES Raw'!$E$6:$E$4467,'SALES Raw'!$J$6:$J$4467,$J23,'SALES Raw'!$K$6:$K$4467,"Y")*$H$4+SUMIFS('CEMIUP0.9 Raw'!$F$6:$F$1712,'CEMIUP0.9 Raw'!$B$6:$B$1712,$J23,'CEMIUP0.9 Raw'!$H$6:$H$1712,"Y") -> 1152 | G23: =SUMIFS('SALES Raw'!$F$6:$F$4467,'SALES Raw'!$J$6:$J$4467,$J23,'SALES Raw'!$K$6:$K$4467,"Y")*$H$4+SUMIFS('CEMIUP0.9 Raw'!$G$6:$G$1712,'CEMIUP0.9 Raw'!$B$6:$B$1712,$J23,'CEMIUP0.9 Raw'!$H$6:$H$1712,"Y") -> 37435.275 | H23: 107 - Pharmacies | I23: 102 - Orthopedic institutes | J23: 4408207
A24: =IF(ISNUMBER($J24),$J24,"") -> 4408205 | B24: =IFERROR(INDEX('SALES Raw'!$B$6:$B$4467,MATCH($J24,'SALES Raw'!$J$6:$J$4467,0)),IFERROR(INDEX('CEMIUP0.9 Raw'!$B$6:$B$1712,MATCH($J24,'CEMIUP0.9 Raw'!$B$6:$B$1712,0)),$J24)) -> AC07 0 | C24: =IF(ISNUMBER($J24),IFERROR(INDEX('TRANS'!$C:$C,MATCH($J24,'TRANS'!$B:$B,0)),IFERROR(INDEX('Catalog'!$B:$B,MATCH($J24,'Catalog'!$A:$A,0)),$B24)),$B24) -> AC-07 חגורת גב עם תמיכות | D24: =SUMIFS('SALES Raw'!$C$6:$C$4467,'SALES Raw'!$J$6:$J$4467,$J24,'SALES Raw'!$K$6:$K$4467,"Y")+SUMIFS('CEMIUP0.9 Raw'!$D$6:$D$1712,'CEMIUP0.9 Raw'!$B$6:$B$1712,$J24,'CEMIUP0.9 Raw'!$H$6:$H$1712,"Y") -> 1281 | E24: =SUMIFS('SALES Raw'!$D$6:$D$4467,'SALES Raw'!$J$6:$J$4467,$J24,'SALES Raw'!$K$6:$K$4467,"Y")+SUMIFS('CEMIUP0.9 Raw'!$E$6:$E$1712,'CEMIUP0.9 Raw'!$B$6:$B$1712,$J24,'CEMIUP0.9 Raw'!$H$6:$H$1712,"Y") -> 101632.32 | F24: =SUMIFS('SALES Raw'!$E$6:$E$4467,'SALES Raw'!$J$6:$J$4467,$J24,'SALES Raw'!$K$6:$K$4467,"Y")*$H$4+SUMIFS('CEMIUP0.9 Raw'!$F$6:$F$1712,'CEMIUP0.9 Raw'!$B$6:$B$1712,$J24,'CEMIUP0.9 Raw'!$H$6:$H$1712,"Y") -> 1106.5263 | G24: =SUMIFS('SALES Raw'!$F$6:$F$4467,'SALES Raw'!$J$6:$J$4467,$J24,'SALES Raw'!$K$6:$K$4467,"Y")*$H$4+SUMIFS('CEMIUP0.9 Raw'!$G$6:$G$1712,'CEMIUP0.9 Raw'!$B$6:$B$1712,$J24,'CEMIUP0.9 Raw'!$H$6:$H$1712,"Y") -> 89404.142 | H24: 107 - Pharmacies | I24: 114 - IL online | J24: 4408205
A25: =IF(ISNUMBER($J25),$J25,"") -> 4422031 | B25: =IFERROR(INDEX('SALES Raw'!$B$6:$B$4467,MATCH($J25,'SALES Raw'!$J$6:$J$4467,0)),IFERROR(INDEX('CEMIUP0.9 Raw'!$B$6:$B$1712,MATCH($J25,'CEMIUP0.9 Raw'!$B$6:$B$1712,0)),$J25)) -> 807CB-C | C25: =IF(ISNUMBER($J25),IFERROR(INDEX('TRANS'!$C:$C,MATCH($J25,'TRANS'!$B:$B,0)),IFERROR(INDEX('Catalog'!$B:$B,MATCH($J25,'Catalog'!$A:$A,0)),$B25)),$B25) -> 807CB-Cתחבושת נצמדת בז' 20 מ""""מ | D25: =SUMIFS('SALES Raw'!$C$6:$C$4467,'SALES Raw'!$J$6:$J$4467,$J25,'SALES Raw'!$K$6:$K$4467,"Y")+SUMIFS('CEMIUP0.9 Raw'!$D$6:$D$1712,'CEMIUP0.9 Raw'!$B$6:$B$1712,$J25,'CEMIUP0.9 Raw'!$H$6:$H$1712,"Y") -> 736 | E25: =SUMIFS('SALES Raw'!$D$6:$D$4467,'SALES Raw'!$J$6:$J$4467,$J25,'SALES Raw'!$K$6:$K$4467,"Y")+SUMIFS('CEMIUP0.9 Raw'!$E$6:$E$1712,'CEMIUP0.9 Raw'!$B$6:$B$1712,$J25,'CEMIUP0.9 Raw'!$H$6:$H$1712,"Y") -> 7031.191 | F25: =SUMIFS('SALES Raw'!$E$6:$E$4467,'SALES Raw'!$J$6:$J$4467,$J25,'SALES Raw'!$K$6:$K$4467,"Y")*$H$4+SUMIFS('CEMIUP0.9 Raw'!$F$6:$F$1712,'CEMIUP0.9 Raw'!$B$6:$B$1712,$J25,'CEMIUP0.9 Raw'!$H$6:$H$1712,"Y") -> 1021.8947 | G25: =SUMIFS('SALES Raw'!$F$6:$F$4467,'SALES Raw'!$J$6:$J$4467,$J25,'SALES Raw'!$K$6:$K$4467,"Y")*$H$4+SUMIFS('CEMIUP0.9 Raw'!$G$6:$G$1712,'CEMIUP0.9 Raw'!$B$6:$B$1712,$J25,'CEMIUP0.9 Raw'!$H$6:$H$1712,"Y") -> 10935.032 | H25: 107 - Pharmacies | I25: 114 - IL online | J25: 4422031
A26: =IF(ISNUMBER($J26),$J26,"") -> 4420002 | B26: =IFERROR(INDEX('SALES Raw'!$B$6:$B$4467,MATCH($J26,'SALES Raw'!$J$6:$J$4467,0)),IFERROR(INDEX('CEMIUP0.9 Raw'!$B$6:$B$1712,MATCH($J26,'CEMIUP0.9 Raw'!$B$6:$B$1712,0)),$J26)) -> 372 0 | C26: =IF(ISNUMBER($J26),IFERROR(INDEX('TRANS'!$C:$C,MATCH($J26,'TRANS'!$B:$B,0)),IFERROR(INDEX('Catalog'!$B:$B,MATCH($J26,'Catalog'!$A:$A,0)),$B26)),$B26) -> 372 רפידת אנטי ריח -זוג | D26: =SUMIFS('SALES Raw'!$C$6:$C$4467,'SALES Raw'!$J$6:$J$4467,$J26,'SALES Raw'!$K$6:$K$4467,"Y")+SUMIFS('CEMIUP0.9 Raw'!$D$6:$D$1712,'CEMIUP0.9 Raw'!$B$6:$B$1712,$J26,'CEMIUP0.9 Raw'!$H$6:$H$1712,"Y") -> 1496 | E26: =SUMIFS('SALES Raw'!$D$6:$D$4467,'SALES Raw'!$J$6:$J$4467,$J26,'SALES Raw'!$K$6:$K$4467,"Y")+SUMIFS('CEMIUP0.9 Raw'!$E$6:$E$1712,'CEMIUP0.9 Raw'!$B$6:$B$1712,$J26,'CEMIUP0.9 Raw'!$H$6:$H$1712,"Y") -> 17769.837 | F26: =SUMIFS('SALES Raw'!$E$6:$E$4467,'SALES Raw'!$J$6:$J$4467,$J26,'SALES Raw'!$K$6:$K$4467,"Y")*$H$4+SUMIFS('CEMIUP0.9 Raw'!$F$6:$F$1712,'CEMIUP0.9 Raw'!$B$6:$B$1712,$J26,'CEMIUP0.9 Raw'!$H$6:$H$1712,"Y") -> 986.52632 | G26: =SUMIFS('SALES Raw'!$F$6:$F$4467,'SALES Raw'!$J$6:$J$4467,$J26,'SALES Raw'!$K$6:$K$4467,"Y")*$H$4+SUMIFS('CEMIUP0.9 Raw'!$G$6:$G$1712,'CEMIUP0.9 Raw'!$B$6:$B$1712,$J26,'CEMIUP0.9 Raw'!$H$6:$H$1712,"Y") -> 12019.901 | H26: 107 - Pharmacies | I26: 113 - Kupat Holim Meuhedet | J26: 4420002
... A62: =IF(ISNUMBER($J62),$J62,"") -> 4415027 | B62: =IFERROR(INDEX('SALES Raw'!$B$6:$B$4467,MATCH($J62,'SALES Raw'!$J$6:$J$4467,0)),IFERROR(INDEX('CEMIUP0.9 Raw'!$B$6:$B$1712,MATCH($J62,'CEMIUP0.9 Raw'!$B$6:$B$1712,0)),$J62)) -> AC27R 0 | C62: =IF(ISNUMBER($J62),IFERROR(INDEX('TRANS'!$C:$C,MATCH($J62,'TRANS'!$B:$B,0)),IFERROR(INDEX('Catalog'!$B:$B,MATCH($J62,'Catalog'!$A:$A,0)),$B62)),$B62) -> AC-27R סד לש.כף יד ימין | D62: =SUMIFS('SALES Raw'!$C$6:$C$4467,'SALES Raw'!$J$6:$J$4467,$J62,'SALES Raw'!$K$6:$K$4467,"Y")+SUMIFS('CEMIUP0.9 Raw'!$D$6:$D$1712,'CEMIUP0.9 Raw'!$B$6:$B$1712,$J62,'CEMIUP0.9 Raw'!$H$6:$H$1712,"Y") -> 471 | E62: =SUMIFS('SALES Raw'!$D$6:$D$4467,'SALES Raw'!$J$6:$J$4467,$J62,'SALES Raw'!$K$6:$K$4467,"Y")+SUMIFS('CEMIUP0.9 Raw'!$E$6:$E$1712,'CEMIUP0.9 Raw'!$B$6:$B$1712,$J62,'CEMIUP0.9 Raw'!$H$6:$H$1712,"Y") -> 18535.297 | F62: =SUMIFS('SALES Raw'!$E$6:$E$4467,'SALES Raw'!$J$6:$J$4467,$J62,'SALES Raw'!$K$6:$K$4467,"Y")*$H$4+SUMIFS('CEMIUP0.9 Raw'!$F$6:$F$1712,'CEMIUP0.9 Raw'!$B$6:$B$1712,$J62,'CEMIUP0.9 Raw'!$H$6:$H$1712,"Y") -> 462.31579 | G62: =SUMIFS('SALES Raw'!$F$6:$F$4467,'SALES Raw'!$J$6:$J$4467,$J62,'SALES Raw'!$K$6:$K$4467,"Y")*$H$4+SUMIFS('CEMIUP0.9 Raw'!$G$6:$G$1712,'CEMIUP0.9 Raw'!$B$6:$B$1712,$J62,'CEMIUP0.9 Raw'!$H$6:$H$1712,"Y") -> 21773.502 | H62: 107 - Pharmacies | I62: 114 - IL online | J62: 4415027
A63: =IF(ISNUMBER($J63),$J63,"") | B63: =IFERROR(INDEX('SALES Raw'!$B$6:$B$4467,MATCH($J63,'SALES Raw'!$J$6:$J$4467,0)),IFERROR(INDEX('CEMIUP0.9 Raw'!$B$6:$B$1712,MATCH($J63,'CEMIUP0.9 Raw'!$B$6:$B$1712,0)),$J63)) -> 8011 0 | C63: =IF(ISNUMBER($J63),IFERROR(INDEX('TRANS'!$C:$C,MATCH($J63,'TRANS'!$B:$B,0)),IFERROR(INDEX('Catalog'!$B:$B,MATCH($J63,'Catalog'!$A:$A,0)),$B63)),$B63) -> 8011 0 | D63: =SUMIFS('SALES Raw'!$C$6:$C$4467,'SALES Raw'!$J$6:$J$4467,$J63,'SALES Raw'!$K$6:$K$4467,"Y")+SUMIFS('CEMIUP0.9 Raw'!$D$6:$D$1712,'CEMIUP0.9 Raw'!$B$6:$B$1712,$J63,'CEMIUP0.9 Raw'!$H$6:$H$1712,"Y") -> 34 | E63: =SUMIFS('SALES Raw'!$D$6:$D$4467,'SALES Raw'!$J$6:$J$4467,$J63,'SALES Raw'!$K$6:$K$4467,"Y")+SUMIFS('CEMIUP0.9 Raw'!$E$6:$E$1712,'CEMIUP0.9 Raw'!$B$6:$B$1712,$J63,'CEMIUP0.9 Raw'!$H$6:$H$1712,"Y") -> 176.64 | F63: =SUMIFS('SALES Raw'!$E$6:$E$4467,'SALES Raw'!$J$6:$J$4467,$J63,'SALES Raw'!$K$6:$K$4467,"Y")*$H$4+SUMIFS('CEMIUP0.9 Raw'!$F$6:$F$1712,'CEMIUP0.9 Raw'!$B$6:$B$1712,$J63,'CEMIUP0.9 Raw'!$H$6:$H$1712,"Y") -> 458.52632 | G63: =SUMIFS('SALES Raw'!$F$6:$F$4467,'SALES Raw'!$J$6:$J$4467,$J63,'SALES Raw'!$K$6:$K$4467,"Y")*$H$4+SUMIFS('CEMIUP0.9 Raw'!$G$6:$G$1712,'CEMIUP0.9 Raw'!$B$6:$B$1712,$J63,'CEMIUP0.9 Raw'!$H$6:$H$1712,"Y") -> 2559.6379 | H63: 114 - IL online | I63: 109 - Private Shops | J63: 8011 0
A64: =IF(ISNUMBER($J64),$J64,"") -> 4408098 | B64: =IFERROR(INDEX('SALES Raw'!$B$6:$B$4467,MATCH($J64,'SALES Raw'!$J$6:$J$4467,0)),IFERROR(INDEX('CEMIUP0.9 Raw'!$B$6:$B$1712,MATCH($J64,'CEMIUP0.9 Raw'!$B$6:$B$1712,0)),$J64)) -> T25 0 | C64: =IF(ISNUMBER($J64),IFERROR(INDEX('TRANS'!$C:$C,MATCH($J64,'TRANS'!$B:$B,0)),IFERROR(INDEX('Catalog'!$B:$B,MATCH($J64,'Catalog'!$A:$A,0)),$B64)),$B64) -> T25-חבק יד אגודלי | D64: =SUMIFS('SALES Raw'!$C$6:$C$4467,'SALES Raw'!$J$6:$J$4467,$J64,'SALES Raw'!$K$6:$K$4467,"Y")+SUMIFS('CEMIUP0.9 Raw'!$D$6:$D$1712,'CEMIUP0.9 Raw'!$B$6:$B$1712,$J64,'CEMIUP0.9 Raw'!$H$6:$H$1712,"Y") -> 643 | E64: =SUMIFS('SALES Raw'!$D$6:$D$4467,'SALES Raw'!$J$6:$J$4467,$J64,'SALES Raw'!$K$6:$K$4467,"Y")+SUMIFS('CEMIUP0.9 Raw'!$E$6:$E$1712,'CEMIUP0.9 Raw'!$B$6:$B$1712,$J64,'CEMIUP0.9 Raw'!$H$6:$H$1712,"Y") -> 27082.205 | F64: =SUMIFS('SALES Raw'!$E$6:$E$4467,'SALES Raw'!$J$6:$J$4467,$J64,'SALES Raw'!$K$6:$K$4467,"Y")*$H$4+SUMIFS('CEMIUP0.9 Raw'!$F$6:$F$1712,'CEMIUP0.9 Raw'!$B$6:$B$1712,$J64,'CEMIUP0.9 Raw'!$H$6:$H$1712,"Y") -> 450.94737 | G64: =SUMIFS('SALES Raw'!$F$6:$F$4467,'SALES Raw'!$J$6:$J$4467,$J64,'SALES Raw'!$K$6:$K$4467,"Y")*$H$4+SUMIFS('CEMIUP0.9 Raw'!$G$6:$G$1712,'CEMIUP0.9 Raw'!$B$6:$B$1712,$J64,'CEMIUP0.9 Raw'!$H$6:$H$1712,"Y") -> 19571.315 | H64: 107 - Pharmacies | I64: 102 - Orthopedic institutes | J64: 4408098
A65: =IF(ISNUMBER($J65),$J65,"") -> 4413043 | B65: =IFERROR(INDEX('SALES Raw'!$B$6:$B$4467,MATCH($J65,'SALES Raw'!$J$6:$J$4467,0)),IFERROR(INDEX('CEMIUP0.9 Raw'!$B$6:$B$1712,MATCH($J65,'CEMIUP0.9 Raw'!$B$6:$B$1712,0)),$J65)) -> 34 L | C65: =IF(ISNUMBER($J65),IFERROR(INDEX('TRANS'!$C:$C,MATCH($J65,'TRANS'!$B:$B,0)),IFERROR(INDEX('Catalog'!$B:$B,MATCH($J65,'Catalog'!$A:$A,0)),$B65)),$B65) -> 34 L מגן קרסול עקב סגור | D65: =SUMIFS('SALES Raw'!$C$6:$C$4467,'SALES Raw'!$J$6:$J$4467,$J65,'SALES Raw'!$K$6:$K$4467,"Y")+SUMIFS('CEMIUP0.9 Raw'!$D$6:$D$1712,'CEMIUP0.9 Raw'!$B$6:$B$1712,$J65,'CEMIUP0.9 Raw'!$H$6:$H$1712,"Y") -> 550 | E65: =SUMIFS('SALES Raw'!$D$6:$D$4467,'SALES Raw'!$J$6:$J$4467,$J65,'SALES Raw'!$K$6:$K$4467,"Y")+SUMIFS('CEMIUP0.9 Raw'!$E$6:$E$1712,'CEMIUP0.9 Raw'!$B$6:$B$1712,$J65,'CEMIUP0.9 Raw'!$H$6:$H$1712,"Y") -> 19398.849 | F65: =SUMIFS('SALES Raw'!$E$6:$E$4467,'SALES Raw'!$J$6:$J$4467,$J65,'SALES Raw'!$K$6:$K$4467,"Y")*$H$4+SUMIFS('CEMIUP0.9 Raw'!$F$6:$F$1712,'CEMIUP0.9 Raw'!$B$6:$B$1712,$J65,'CEMIUP0.9 Raw'!$H$6:$H$1712,"Y") -> 450.94737 | G65: =SUMIFS('SALES Raw'!$F$6:$F$4467,'SALES Raw'!$J$6:$J$4467,$J65,'SALES Raw'!$K$6:$K$4467,"Y")*$H$4+SUMIFS('CEMIUP0.9 Raw'!$G$6:$G$1712,'CEMIUP0.9 Raw'!$B$6:$B$1712,$J65,'CEMIUP0.9 Raw'!$H$6:$H$1712,"Y") -> 15640.571 | H65: 113 - Kupat Holim Meuhedet | I65: 107 - Pharmacies | J65: 4413043
A66: =IF(ISNUMBER($J66),$J66,"") -> 4420003 | B66: =IFERROR(INDEX('SALES Raw'!$B$6:$B$4467,MATCH($J66,'SALES Raw'!$J$6:$J$4467,0)),IFERROR(INDEX('CEMIUP0.9 Raw'!$B$6:$B$1712,MATCH($J66,'CEMIUP0.9 Raw'!$B$6:$B$1712,0)),$J66)) -> 374 0 | C66: =IF(ISNUMBER($J66),IFERROR(INDEX('TRANS'!$C:$C,MATCH($J66,'TRANS'!$B:$B,0)),IFERROR(INDEX('Catalog'!$B:$B,MATCH($J66,'Catalog'!$A:$A,0)),$B66)),$B66) -> 374 רפידת בולמת זעזועים -זוג | D66: =SUMIFS('SALES Raw'!$C$6:$C$4467,'SALES Raw'!$J$6:$J$4467,$J66,'SALES Raw'!$K$6:$K$4467,"Y")+SUMIFS('CEMIUP0.9 Raw'!$D$6:$D$1712,'CEMIUP0.9 Raw'!$B$6:$B$1712,$J66,'CEMIUP0.9 Raw'!$H$6:$H$1712,"Y") -> 615 | E66: =SUMIFS('SALES Raw'!$D$6:$D$4467,'SALES Raw'!$J$6:$J$4467,$J66,'SALES Raw'!$K$6:$K$4467,"Y")+SUMIFS('CEMIUP0.9 Raw'!$E$6:$E$1712,'CEMIUP0.9 Raw'!$B$6:$B$1712,$J66,'CEMIUP0.9 Raw'!$H$6:$H$1712,"Y") -> 7630.552 | F66: =SUMIFS('SALES Raw'!$E$6:$E$4467,'SALES Raw'!$J$6:$J$4467,$J66,'SALES Raw'!$K$6:$K$4467,"Y")*$H$4+SUMIFS('CEMIUP0.9 Raw'!$F$6:$F$1712,'CEMIUP0.9 Raw'!$B$6:$B$1712,$J66,'CEMIUP0.9 Raw'!$H$6:$H$1712,"Y") -> 432 | G66: =SUMIFS('SALES Raw'!$F$6:$F$4467,'SALES Raw'!$J$6:$J$4467,$J66,'SALES Raw'!$K$6:$K$4467,"Y")*$H$4+SUMIFS('CEMIUP0.9 Raw'!$G$6:$G$1712,'CEMIUP0.9 Raw'!$B$6:$B$1712,$J66,'CEMIUP0.9 Raw'!$H$6:$H$1712,"Y") -> 5516.6716 | H66: 107 - Pharmacies | I66: 113 - Kupat Holim Meuhedet | J66: 4420003
A67: =IF(ISNUMBER($J67),$J67,"") -> 4413102 | B67: =IFERROR(INDEX('SALES Raw'!$B$6:$B$4467,MATCH($J67,'SALES Raw'!$J$6:$J$4467,0)),IFERROR(INDEX('CEMIUP0.9 Raw'!$B$6:$B$1712,MATCH($J67,'CEMIUP0.9 Raw'!$B$6:$B$1712,0)),$J67)) -> 45E L | C67: =IF(ISNUMBER($J67),IFERROR(INDEX('TRANS'!$C:$C,MATCH($J67,'TRANS'!$B:$B,0)),IFERROR(INDEX('Catalog'!$B:$B,MATCH($J67,'Catalog'!$A:$A,0)),$B67)),$B67) -> 45E L מגן ברך ארוך לבן | D67: =SUMIFS('SALES Raw'!$C$6:$C$4467,'SALES Raw'!$J$6:$J$4467,$J67,'SALES Raw'!$K$6:$K$4467,"Y")+SUMIFS('CEMIUP0.9 Raw'!$D$6:$D$1712,'CEMIUP0.9 Raw'!$B$6:$B$1712,$J67,'CEMIUP0.9 Raw'!$H$6:$H$1712,"Y") -> 547 | E67: =SUMIFS('SALES Raw'!$D$6:$D$4467,'SALES Raw'!$J$6:$J$4467,$J67,'SALES Raw'!$K$6:$K$4467,"Y")+SUMIFS('CEMIUP0.9 Raw'!$E$6:$E$1712,'CEMIUP0.9 Raw'!$B$6:$B$1712,$J67,'CEMIUP0.9 Raw'!$H$6:$H$1712,"Y") -> 13691.029 | F67: =SUMIFS('SALES Raw'!$E$6:$E$4467,'SALES Raw'!$J$6:$J$4467,$J67,'SALES Raw'!$K$6:$K$4467,"Y")*$H$4+SUMIFS('CEMIUP0.9 Raw'!$F$6:$F$1712,'CEMIUP0.9 Raw'!$B$6:$B$1712,$J67,'CEMIUP0.9 Raw'!$H$6:$H$1712,"Y") -> 430.73684 | G67: =SUMIFS('SALES Raw'!$F$6:$F$4467,'SALES Raw'!$J$6:$J$4467,$J67,'SALES Raw'!$K$6:$K$4467,"Y")*$H$4+SUMIFS('CEMIUP0.9 Raw'!$G$6:$G$1712,'CEMIUP0.9 Raw'!$B$6:$B$1712,$J67,'CEMIUP0.9 Raw'!$H$6:$H$1712,"Y") -> 10404.75 | H67: 113 - Kupat Holim Meuhedet | I67: 107 - Pharmacies | J67: 4413102
A68: =IF(ISNUMBER($J68),$J68,"") -> 4409017 | B68: =IFERROR(INDEX('SALES Raw'!$B$6:$B$4467,MATCH($J68,'SALES Raw'!$J$6:$J$4467,0)),IFERROR(INDEX('CEMIUP0.9 Raw'!$B$6:$B$1712,MATCH($J68,'CEMIUP0.9 Raw'!$B$6:$B$1712,0)),$J68)) -> 808KT-B | C68: =IF(ISNUMBER($J68),IFERROR(INDEX('TRANS'!$C:$C,MATCH($J68,'TRANS'!$B:$B,0)),IFERROR(INDEX('Catalog'!$B:$B,MATCH($J68,'Catalog'!$A:$A,0)),$B68)),$B68) -> 808KT-B טייפ קינזיולוגי | D68: =SUMIFS('SALES Raw'!$C$6:$C$4467,'SALES Raw'!$J$6:$J$4467,$J68,'SALES Raw'!$K$6:$K$4467,"Y")+SUMIFS('CEMIUP0.9 Raw'!$D$6:$D$1712,'CEMIUP0.9 Raw'!$B$6:$B$1712,$J68,'CEMIUP0.9 Raw'!$H$6:$H$1712,"Y") -> 605 | E68: =SUMIFS('SALES Raw'!$D$6:$D$4467,'SALES Raw'!$J$6:$J$4467,$J68,'SALES Raw'!$K$6:$K$4467,"Y")+SUMIFS('CEMIUP0.9 Raw'!$E$6:$E$1712,'CEMIUP0.9 Raw'!$B$6:$B$1712,$J68,'CEMIUP0.9 Raw'!$H$6:$H$1712,"Y") -> 17733.278 | F68: =SUMIFS('SALES Raw'!$E$6:$E$4467,'SALES Raw'!$J$6:$J$4467,$J68,'SALES Raw'!$K$6:$K$4467,"Y")*$H$4+SUMIFS('CEMIUP0.9 Raw'!$F$6:$F$1712,'CEMIUP0.9 Raw'!$B$6:$B$1712,$J68,'CEMIUP0.9 Raw'!$H$6:$H$1712,"Y") -> 428.21053 | G68: =SUMIFS('SALES Raw'!$F$6:$F$4467,'SALES Raw'!$J$6:$J$4467,$J68,'SALES Raw'!$K$6:$K$4467,"Y")*$H$4+SUMIFS('CEMIUP0.9 Raw'!$G$6:$G$1712,'CEMIUP0.9 Raw'!$B$6:$B$1712,$J68,'CEMIUP0.9 Raw'!$H$6:$H$1712,"Y") -> 14138.368 | H68: 107 - Pharmacies | I68: 113 - Kupat Holim Meuhedet | J68: 4409017
A69: =IF(ISNUMBER($J69),$J69,"") -> 4413048 | B69: =IFERROR(INDEX('SALES Raw'!$B$6:$B$4467,MATCH($J69,'SALES Raw'!$J$6:$J$4467,0)),IFERROR(INDEX('CEMIUP0.9 Raw'!$B$6:$B$1712,MATCH($J69,'CEMIUP0.9 Raw'!$B$6:$B$1712,0)),$J69)) -> 35 L | C69: =IF(ISNUMBER($J69),IFERROR(INDEX('TRANS'!$C:$C,MATCH($J69,'TRANS'!$B:$B,0)),IFERROR(INDEX('Catalog'!$B:$B,MATCH($J69,'Catalog'!$A:$A,0)),$B69)),$B69) -> 35 L מגן קרסול לבן | D69: =SUMIFS('SALES Raw'!$C$6:$C$4467,'SALES Raw'!$J$6:$J$4467,$J69,'SALES Raw'!$K$6:$K$4467,"Y")+SUMIFS('CEMIUP0.9 Raw'!$D$6:$D$1712,'CEMIUP0.9 Raw'!$B$6:$B$1712,$J69,'CEMIUP0.9 Raw'!$H$6:$H$1712,"Y") -> 474 | E69: =SUMIFS('SALES Raw'!$D$6:$D$4467,'SALES Raw'!$J$6:$J$4467,$J69,'SALES Raw'!$K$6:$K$4467,"Y")+SUMIFS('CEMIUP0.9 Raw'!$E$6:$E$1712,'CEMIUP0.9 Raw'!$B$6:$B$1712,$J69,'CEMIUP0.9 Raw'!$H$6:$H$1712,"Y") -> 10731.752 | F69: =SUMIFS('SALES Raw'!$E$6:$E$4467,'SALES Raw'!$J$6:$J$4467,$J69,'SALES Raw'!$K$6:$K$4467,"Y")*$H$4+SUMIFS('CEMIUP0.9 Raw'!$F$6:$F$1712,'CEMIUP0.9 Raw'!$B$6:$B$1712,$J69,'CEMIUP0.9 Raw'!$H$6:$H$1712,"Y") -> 424.42105 | G69: =SUMIFS('SALES Raw'!$F$6:$F$4467,'SALES Raw'!$J$6:$J$4467,$J69,'SALES Raw'!$K$6:$K$4467,"Y")*$H$4+SUMIFS('CEMIUP0.9 Raw'!$G$6:$G$1712,'CEMIUP0.9 Raw'!$B$6:$B$1712,$J69,'CEMIUP0.9 Raw'!$H$6:$H$1712,"Y") -> 9389.3861 | H69: 113 - Kupat Holim Meuhedet | I69: 107 - Pharmacies | J69: 4413048
A70: =IF(ISNUMBER($J70),$J70,"") -> 4413063 | B70: =IFERROR(INDEX('SALES Raw'!$B$6:$B$4467,MATCH($J70,'SALES Raw'!$J$6:$J$4467,0)),IFERROR(INDEX('CEMIUP0.9 Raw'!$B$6:$B$1712,MATCH($J70,'CEMIUP0.9 Raw'!$B$6:$B$1712,0)),$J70)) -> 366S 0 | C70: =IF(ISNUMBER($J70),IFERROR(INDEX('TRANS'!$C:$C,MATCH($J70,'TRANS'!$B:$B,0)),IFERROR(INDEX('Catalog'!$B:$B,MATCH($J70,'Catalog'!$A:$A,0)),$B70)),$B70) -> 366S-'מדבק.לשחרור לחץ מיבלת2יח | D70: =SUMIFS('SALES Raw'!$C$6:$C$4467,'SALES Raw'!$J$6:$J$4467,$J70,'SALES Raw'!$K$6:$K$4467,"Y")+SUMIFS('CEMIUP0.9 Raw'!$D$6:$D$1712,'CEMIUP0.9 Raw'!$B$6:$B$1712,$J70,'CEMIUP0.9 Raw'!$H$6:$H$1712,"Y") -> 487 | E70: =SUMIFS('SALES Raw'!$D$6:$D$4467,'SALES Raw'!$J$6:$J$4467,$J70,'SALES Raw'!$K$6:$K$4467,"Y")+SUMIFS('CEMIUP0.9 Raw'!$E$6:$E$1712,'CEMIUP0.9 Raw'!$B$6:$B$1712,$J70,'CEMIUP0.9 Raw'!$H$6:$H$1712,"Y") -> 6724.339 | F70: =SUMIFS('SALES Raw'!$E$6:$E$4467,'SALES Raw'!$J$6:$J$4467,$J70,'SALES Raw'!$K$6:$K$4467,"Y")*$H$4+SUMIFS('CEMIUP0.9 Raw'!$F$6:$F$1712,'CEMIUP0.9 Raw'!$B$6:$B$1712,$J70,'CEMIUP0.9 Raw'!$H$6:$H$1712,"Y") -> 414.31579 | G70: =SUMIFS('SALES Raw'!$F$6:$F$4467,'SALES Raw'!$J$6:$J$4467,$J70,'SALES Raw'!$K$6:$K$4467,"Y")*$H$4+SUMIFS('CEMIUP0.9 Raw'!$G$6:$G$1712,'CEMIUP0.9 Raw'!$B$6:$B$1712,$J70,'CEMIUP0.9 Raw'!$H$6:$H$1712,"Y") -> 5692.6648 | H70: 107 - Pharmacies | I70: 113 - Kupat Holim Meuhedet | J70: 4413063
A71: =IF(ISNUMBER($J71),$J71,"") -> 4413136 | B71: =IFERROR(INDEX('SALES Raw'!$B$6:$B$4467,MATCH($J71,'SALES Raw'!$J$6:$J$4467,0)),IFERROR(INDEX('CEMIUP0.9 Raw'!$B$6:$B$1712,MATCH($J71,'CEMIUP0.9 Raw'!$B$6:$B$1712,0)),$J71)) -> 85 M | C71: =IF(ISNUMBER($J71),IFERROR(INDEX('TRANS'!$C:$C,MATCH($J71,'TRANS'!$B:$B,0)),IFERROR(INDEX('Catalog'!$B:$B,MATCH($J71,'Catalog'!$A:$A,0)),$B71)),$B71) -> 85 M (מתלה ליד )כיס | D71: =SUMIFS('SALES Raw'!$C$6:$C$4467,'SALES Raw'!$J$6:$J$4467,$J71,'SALES Raw'!$K$6:$K$4467,"Y")+SUMIFS('CEMIUP0.9 Raw'!$D$6:$D$1712,'CEMIUP0.9 Raw'!$B$6:$B$1712,$J71,'CEMIUP0.9 Raw'!$H$6:$H$1712,"Y") -> 588 | E71: =SUMIFS('SALES Raw'!$D$6:$D$4467,'SALES Raw'!$J$6:$J$4467,$J71,'SALES Raw'!$K$6:$K$4467,"Y")+SUMIFS('CEMIUP0.9 Raw'!$E$6:$E$1712,'CEMIUP0.9 Raw'!$B$6:$B$1712,$J71,'CEMIUP0.9 Raw'!$H$6:$H$1712,"Y") -> 24971.805 | F71: =SUMIFS('SALES Raw'!$E$6:$E$4467,'SALES Raw'!$J$6:$J$4467,$J71,'SALES Raw'!$K$6:$K$4467,"Y")*$H$4+SUMIFS('CEMIUP0.9 Raw'!$F$6:$F$1712,'CEMIUP0.9 Raw'!$B$6:$B$1712,$J71,'CEMIUP0.9 Raw'!$H$6:$H$1712,"Y") -> 414.31579 | G71: =SUMIFS('SALES Raw'!$F$6:$F$4467,'SALES Raw'!$J$6:$J$4467,$J71,'SALES Raw'!$K$6:$K$4467,"Y")*$H$4+SUMIFS('CEMIUP0.9 Raw'!$G$6:$G$1712,'CEMIUP0.9 Raw'!$B$6:$B$1712,$J71,'CEMIUP0.9 Raw'!$H$6:$H$1712,"Y") -> 17726.893 | H71: 113 - Kupat Holim Meuhedet | I71: 107 - Pharmacies | J71: 4413136
A72: =IF(ISNUMBER($J72),$J72,"") -> 4413053 | B72: =IFERROR(INDEX('SALES Raw'!$B$6:$B$4467,MATCH($J72,'SALES Raw'!$J$6:$J$4467,0)),IFERROR(INDEX('CEMIUP0.9 Raw'!$B$6:$B$1712,MATCH($J72,'CEMIUP0.9 Raw'!$B$6:$B$1712,0)),$J72)) -> 35C L | C72: =IF(ISNUMBER($J72),IFERROR(INDEX('TRANS'!$C:$C,MATCH($J72,'TRANS'!$B:$B,0)),IFERROR(INDEX('Catalog'!$B:$B,MATCH($J72,'Catalog'!$A:$A,0)),$B72)),$B72) -> 35C L מגן קרסול חום | D72: =SUMIFS('SALES Raw'!$C$6:$C$4467,'SALES Raw'!$J$6:$J$4467,$J72,'SALES Raw'!$K$6:$K$4467,"Y")+SUMIFS('CEMIUP0.9 Raw'!$D$6:$D$1712,'CEMIUP0.9 Raw'!$B$6:$B$1712,$J72,'CEMIUP0.9 Raw'!$H$6:$H$1712,"Y") -> 443 | E72: =SUMIFS('SALES Raw'!$D$6:$D$4467,'SALES Raw'!$J$6:$J$4467,$J72,'SALES Raw'!$K$6:$K$4467,"Y")+SUMIFS('CEMIUP0.9 Raw'!$E$6:$E$1712,'CEMIUP0.9 Raw'!$B$6:$B$1712,$J72,'CEMIUP0.9 Raw'!$H$6:$H$1712,"Y") -> 12438.356 | F72: =SUMIFS('SALES Raw'!$E$6:$E$4467,'SALES Raw'!$J$6:$J$4467,$J72,'SALES Raw'!$K$6:$K$4467,"Y")*$H$4+SUMIFS('CEMIUP0.9 Raw'!$F$6:$F$1712,'CEMIUP0.9 Raw'!$B$6:$B$1712,$J72,'CEMIUP0.9 Raw'!$H$6:$H$1712,"Y") -> 414.31579 | G72: =SUMIFS('SALES Raw'!$F$6:$F$4467,'SALES Raw'!$J$6:$J$4467,$J72,'SALES Raw'!$K$6:$K$4467,"Y")*$H$4+SUMIFS('CEMIUP0.9 Raw'!$G$6:$G$1712,'CEMIUP0.9 Raw'!$B$6:$B$1712,$J72,'CEMIUP0.9 Raw'!$H$6:$H$1712,"Y") -> 11659.645 | H72: 107 - Pharmacies | I72: 102 - Orthopedic institutes | J72: 4413053
A73: =IF(ISNUMBER($J73),$J73,"") -> 4413098 | B73: =IFERROR(INDEX('SALES Raw'!$B$6:$B$4467,MATCH($J73,'SALES Raw'!$J$6:$J$4467,0)),IFERROR(INDEX('CEMIUP0.9 Raw'!$B$6:$B$1712,MATCH($J73,'CEMIUP0.9 Raw'!$B$6:$B$1712,0)),$J73)) -> 45C L | C73: =IF(ISNUMBER($J73),IFERROR(INDEX('TRANS'!$C:$C,MATCH($J73,'TRANS'!$B:$B,0)),IFERROR(INDEX('Catalog'!$B:$B,MATCH($J73,'Catalog'!$A:$A,0)),$B73)),$B73) -> 45C L מגן ברך חום | D73: =SUMIFS('SALES Raw'!$C$6:$C$4467,'SALES Raw'!$J$6:$J$4467,$J73,'SALES Raw'!$K$6:$K$4467,"Y")+SUMIFS('CEMIUP0.9 Raw'!$D$6:$D$1712,'CEMIUP0.9 Raw'!$B$6:$B$1712,$J73,'CEMIUP0.9 Raw'!$H$6:$H$1712,"Y") -> 545 | E73: =SUMIFS('SALES Raw'!$D$6:$D$4467,'SALES Raw'!$J$6:$J$4467,$J73,'SALES Raw'!$K$6:$K$4467,"Y")+SUMIFS('CEMIUP0.9 Raw'!$E$6:$E$1712,'CEMIUP0.9 Raw'!$B$6:$B$1712,$J73,'CEMIUP0.9 Raw'!$H$6:$H$1712,"Y") -> 15359.907 | F73: =SUMIFS('SALES Raw'!$E$6:$E$4467,'SALES Raw'!$J$6:$J$4467,$J73,'SALES Raw'!$K$6:$K$4467,"Y")*$H$4+SUMIFS('CEMIUP0.9 Raw'!$F$6:$F$1712,'CEMIUP0.9 Raw'!$B$6:$B$1712,$J73,'CEMIUP0.9 Raw'!$H$6:$H$1712,"Y") -> 411.78947 | G73: =SUMIFS('SALES Raw'!$F$6:$F$4467,'SALES Raw'!$J$6:$J$4467,$J73,'SALES Raw'!$K$6:$K$4467,"Y")*$H$4+SUMIFS('CEMIUP0.9 Raw'!$G$6:$G$1712,'CEMIUP0.9 Raw'!$B$6:$B$1712,$J73,'CEMIUP0.9 Raw'!$H$6:$H$1712,"Y") -> 11623.986 | H73: 107 - Pharmacies | I73: 102 - Orthopedic institutes | J73: 4413098
A74: =IF(ISNUMBER($J74),$J74,"") -> 4413049 | B74: =IFERROR(INDEX('SALES Raw'!$B$6:$B$4467,MATCH($J74,'SALES Raw'!$J$6:$J$4467,0)),IFERROR(INDEX('CEMIUP0.9 Raw'!$B$6:$B$1712,MATCH($J74,'CEMIUP0.9 Raw'!$B$6:$B$1712,0)),$J74)) -> 35 M | C74: =IF(ISNUMBER($J74),IFERROR(INDEX('TRANS'!$C:$C,MATCH($J74,'TRANS'!$B:$B,0)),IFERROR(INDEX('Catalog'!$B:$B,MATCH($J74,'Catalog'!$A:$A,0)),$B74)),$B74) -> 35 M מגן קרסול לבן | D74: =SUMIFS('SALES Raw'!$C$6:$C$4467,'SALES Raw'!$J$6:$J$4467,$J74,'SALES Raw'!$K$6:$K$4467,"Y")+SUMIFS('CEMIUP0.9 Raw'!$D$6:$D$1712,'CEMIUP0.9 Raw'!$B$6:$B$1712,$J74,'CEMIUP0.9 Raw'!$H$6:$H$1712,"Y") -> 524 | E74: =SUMIFS('SALES Raw'!$D$6:$D$4467,'SALES Raw'!$J$6:$J$4467,$J74,'SALES Raw'!$K$6:$K$4467,"Y")+SUMIFS('CEMIUP0.9 Raw'!$E$6:$E$1712,'CEMIUP0.9 Raw'!$B$6:$B$1712,$J74,'CEMIUP0.9 Raw'!$H$6:$H$1712,"Y") -> 11565.168 | F74: =SUMIFS('SALES Raw'!$E$6:$E$4467,'SALES Raw'!$J$6:$J$4467,$J74,'SALES Raw'!$K$6:$K$4467,"Y")*$H$4+SUMIFS('CEMIUP0.9 Raw'!$F$6:$F$1712,'CEMIUP0.9 Raw'!$B$6:$B$1712,$J74,'CEMIUP0.9 Raw'!$H$6:$H$1712,"Y") -> 406.73684 | G74: =SUMIFS('SALES Raw'!$F$6:$F$4467,'SALES Raw'!$J$6:$J$4467,$J74,'SALES Raw'!$K$6:$K$4467,"Y")*$H$4+SUMIFS('CEMIUP0.9 Raw'!$G$6:$G$1712,'CEMIUP0.9 Raw'!$B$6:$B$1712,$J74,'CEMIUP0.9 Raw'!$H$6:$H$1712,"Y") -> 8992.3251 | H74: 113 - Kupat Holim Meuhedet | I74: 107 - Pharmacies | J74: 4413049
A75: =IF(ISNUMBER($J75),$J75,"") -> 4413041 | B75: =IFERROR(INDEX('SALES Raw'!$B$6:$B$4467,MATCH($J75,'SALES Raw'!$J$6:$J$4467,0)),IFERROR(INDEX('CEMIUP0.9 Raw'!$B$6:$B$1712,MATCH($J75,'CEMIUP0.9 Raw'!$B$6:$B$1712,0)),$J75)) -> 34 M | C75: =IF(ISNUMBER($J75),IFERROR(INDEX('TRANS'!$C:$C,MATCH($J75,'TRANS'!$B:$B,0)),IFERROR(INDEX('Catalog'!$B:$B,MATCH($J75,'Catalog'!$A:$A,0)),$B75)),$B75) -> 34 M מגן קרסול עקב סגור | D75: =SUMIFS('SALES Raw'!$C$6:$C$4467,'SALES Raw'!$J$6:$J$4467,$J75,'SALES Raw'!$K$6:$K$4467,"Y")+SUMIFS('CEMIUP0.9 Raw'!$D$6:$D$1712,'CEMIUP0.9 Raw'!$B$6:$B$1712,$J75,'CEMIUP0.9 Raw'!$H$6:$H$1712,"Y") -> 524 | E75: =SUMIFS('SALES Raw'!$D$6:$D$4467,'SALES Raw'!$J$6:$J$4467,$J75,'SALES Raw'!$K$6:$K$4467,"Y")+SUMIFS('CEMIUP0.9 Raw'!$E$6:$E$1712,'CEMIUP0.9 Raw'!$B$6:$B$1712,$J75,'CEMIUP0.9 Raw'!$H$6:$H$1712,"Y") -> 18177.959 | F75: =SUMIFS('SALES Raw'!$E$6:$E$4467,'SALES Raw'!$J$6:$J$4467,$J75,'SALES Raw'!$K$6:$K$4467,"Y")*$H$4+SUMIFS('CEMIUP0.9 Raw'!$F$6:$F$1712,'CEMIUP0.9 Raw'!$B$6:$B$1712,$J75,'CEMIUP0.9 Raw'!$H$6:$H$1712,"Y") -> 396.63158 | G75: =SUMIFS('SALES Raw'!$F$6:$F$4467,'SALES Raw'!$J$6:$J$4467,$J75,'SALES Raw'!$K$6:$K$4467,"Y")*$H$4+SUMIFS('CEMIUP0.9 Raw'!$G$6:$G$1712,'CEMIUP0.9 Raw'!$B$6:$B$1712,$J75,'CEMIUP0.9 Raw'!$H$6:$H$1712,"Y") -> 13144.293 | H75: 113 - Kupat Holim Meuhedet | I75: 107 - Pharmacies | J75: 4413041
... A165: =IF(ISNUMBER($J165),$J165,"") -> 4413047 | B165: =IFERROR(INDEX('SALES Raw'!$B$6:$B$4467,MATCH($J165,'SALES Raw'!$J$6:$J$4467,0)),IFERROR(INDEX('CEMIUP0.9 Raw'!$B$6:$B$1712,MATCH($J165,'CEMIUP0.9 Raw'!$B$6:$B$1712,0)),$J165)) -> 35 S | C165: =IF(ISNUMBER($J165),IFERROR(INDEX('TRANS'!$C:$C,MATCH($J165,'TRANS'!$B:$B,0)),IFERROR(INDEX('Catalog'!$B:$B,MATCH($J165,'Catalog'!$A:$A,0)),$B165)),$B165) -> 35 S מגן קרסול לבן | D165: =SUMIFS('SALES Raw'!$C$6:$C$4467,'SALES Raw'!$J$6:$J$4467,$J165,'SALES Raw'!$K$6:$K$4467,"Y")+SUMIFS('CEMIUP0.9 Raw'!$D$6:$D$1712,'CEMIUP0.9 Raw'!$B$6:$B$1712,$J165,'CEMIUP0.9 Raw'!$H$6:$H$1712,"Y") -> 218 | E165: =SUMIFS('SALES Raw'!$D$6:$D$4467,'SALES Raw'!$J$6:$J$4467,$J165,'SALES Raw'!$K$6:$K$4467,"Y")+SUMIFS('CEMIUP0.9 Raw'!$E$6:$E$1712,'CEMIUP0.9 Raw'!$B$6:$B$1712,$J165,'CEMIUP0.9 Raw'!$H$6:$H$1712,"Y") -> 5041.787 | F165: =SUMIFS('SALES Raw'!$E$6:$E$4467,'SALES Raw'!$J$6:$J$4467,$J165,'SALES Raw'!$K$6:$K$4467,"Y")*$H$4+SUMIFS('CEMIUP0.9 Raw'!$F$6:$F$1712,'CEMIUP0.9 Raw'!$B$6:$B$1712,$J165,'CEMIUP0.9 Raw'!$H$6:$H$1712,"Y") -> 170.52632 | G165: =SUMIFS('SALES Raw'!$F$6:$F$4467,'SALES Raw'!$J$6:$J$4467,$J165,'SALES Raw'!$K$6:$K$4467,"Y")*$H$4+SUMIFS('CEMIUP0.9 Raw'!$G$6:$G$1712,'CEMIUP0.9 Raw'!$B$6:$B$1712,$J165,'CEMIUP0.9 Raw'!$H$6:$H$1712,"Y") -> 3871.7457 | H165: 113 - Kupat Holim Meuhedet | I165: 107 - Pharmacies | J165: 4413047
A166: =IF(ISNUMBER($J166),$J166,"") | B166: =IFERROR(INDEX('SALES Raw'!$B$6:$B$4467,MATCH($J166,'SALES Raw'!$J$6:$J$4467,0)),IFERROR(INDEX('CEMIUP0.9 Raw'!$B$6:$B$1712,MATCH($J166,'CEMIUP0.9 Raw'!$B$6:$B$1712,0)),$J166)) -> M93 | C166: =IF(ISNUMBER($J166),IFERROR(INDEX('TRANS'!$C:$C,MATCH($J166,'TRANS'!$B:$B,0)),IFERROR(INDEX('Catalog'!$B:$B,MATCH($J166,'Catalog'!$A:$A,0)),$B166)),$B166) -> M93 | D166: =SUMIFS('SALES Raw'!$C$6:$C$4467,'SALES Raw'!$J$6:$J$4467,$J166,'SALES Raw'!$K$6:$K$4467,"Y")+SUMIFS('CEMIUP0.9 Raw'!$D$6:$D$1712,'CEMIUP0.9 Raw'!$B$6:$B$1712,$J166,'CEMIUP0.9 Raw'!$H$6:$H$1712,"Y") -> 286 | E166: =SUMIFS('SALES Raw'!$D$6:$D$4467,'SALES Raw'!$J$6:$J$4467,$J166,'SALES Raw'!$K$6:$K$4467,"Y")+SUMIFS('CEMIUP0.9 Raw'!$E$6:$E$1712,'CEMIUP0.9 Raw'!$B$6:$B$1712,$J166,'CEMIUP0.9 Raw'!$H$6:$H$1712,"Y") -> 7778.31 | F166: =SUMIFS('SALES Raw'!$E$6:$E$4467,'SALES Raw'!$J$6:$J$4467,$J166,'SALES Raw'!$K$6:$K$4467,"Y")*$H$4+SUMIFS('CEMIUP0.9 Raw'!$F$6:$F$1712,'CEMIUP0.9 Raw'!$B$6:$B$1712,$J166,'CEMIUP0.9 Raw'!$H$6:$H$1712,"Y") -> 168 | G166: =SUMIFS('SALES Raw'!$F$6:$F$4467,'SALES Raw'!$J$6:$J$4467,$J166,'SALES Raw'!$K$6:$K$4467,"Y")*$H$4+SUMIFS('CEMIUP0.9 Raw'!$G$6:$G$1712,'CEMIUP0.9 Raw'!$B$6:$B$1712,$J166,'CEMIUP0.9 Raw'!$H$6:$H$1712,"Y") -> 4549.8316 | H166: 115-SuperPharm Online | I166: 102 - Orthopedic institutes | J166: M93
A167: =IF(ISNUMBER($J167),$J167,"") | B167: =IFERROR(INDEX('SALES Raw'!$B$6:$B$4467,MATCH($J167,'SALES Raw'!$J$6:$J$4467,0)),IFERROR(INDEX('CEMIUP0.9 Raw'!$B$6:$B$1712,MATCH($J167,'CEMIUP0.9 Raw'!$B$6:$B$1712,0)),$J167)) -> 395W-43-46 | C167: =IF(ISNUMBER($J167),IFERROR(INDEX('TRANS'!$C:$C,MATCH($J167,'TRANS'!$B:$B,0)),IFERROR(INDEX('Catalog'!$B:$B,MATCH($J167,'Catalog'!$A:$A,0)),$B167)),$B167) -> 395W-43-46 | D167: =SUMIFS('SALES Raw'!$C$6:$C$4467,'SALES Raw'!$J$6:$J$4467,$J167,'SALES Raw'!$K$6:$K$4467,"Y")+SUMIFS('CEMIUP0.9 Raw'!$D$6:$D$1712,'CEMIUP0.9 Raw'!$B$6:$B$1712,$J167,'CEMIUP0.9 Raw'!$H$6:$H$1712,"Y") -> 0 | E167: =SUMIFS('SALES Raw'!$D$6:$D$4467,'SALES Raw'!$J$6:$J$4467,$J167,'SALES Raw'!$K$6:$K$4467,"Y")+SUMIFS('CEMIUP0.9 Raw'!$E$6:$E$1712,'CEMIUP0.9 Raw'!$B$6:$B$1712,$J167,'CEMIUP0.9 Raw'!$H$6:$H$1712,"Y") -> 0 | F167: =SUMIFS('SALES Raw'!$E$6:$E$4467,'SALES Raw'!$J$6:$J$4467,$J167,'SALES Raw'!$K$6:$K$4467,"Y")*$H$4+SUMIFS('CEMIUP0.9 Raw'!$F$6:$F$1712,'CEMIUP0.9 Raw'!$B$6:$B$1712,$J167,'CEMIUP0.9 Raw'!$H$6:$H$1712,"Y") -> 168 | G167: =SUMIFS('SALES Raw'!$F$6:$F$4467,'SALES Raw'!$J$6:$J$4467,$J167,'SALES Raw'!$K$6:$K$4467,"Y")*$H$4+SUMIFS('CEMIUP0.9 Raw'!$G$6:$G$1712,'CEMIUP0.9 Raw'!$B$6:$B$1712,$J167,'CEMIUP0.9 Raw'!$H$6:$H$1712,"Y") -> 7706.6779 | H167: 114 - IL online | I167: 102 - Orthopedic institutes | J167: 395W-43-46
A168: =IF(ISNUMBER($J168),$J168,"") -> 4413440 | B168: =IFERROR(INDEX('SALES Raw'!$B$6:$B$4467,MATCH($J168,'SALES Raw'!$J$6:$J$4467,0)),IFERROR(INDEX('CEMIUP0.9 Raw'!$B$6:$B$1712,MATCH($J168,'CEMIUP0.9 Raw'!$B$6:$B$1712,0)),$J168)) -> SC422 L | C168: =IF(ISNUMBER($J168),IFERROR(INDEX('TRANS'!$C:$C,MATCH($J168,'TRANS'!$B:$B,0)),IFERROR(INDEX('Catalog'!$B:$B,MATCH($J168,'Catalog'!$A:$A,0)),$B168)),$B168) -> SC422 L מגן ברך | D168: =SUMIFS('SALES Raw'!$C$6:$C$4467,'SALES Raw'!$J$6:$J$4467,$J168,'SALES Raw'!$K$6:$K$4467,"Y")+SUMIFS('CEMIUP0.9 Raw'!$D$6:$D$1712,'CEMIUP0.9 Raw'!$B$6:$B$1712,$J168,'CEMIUP0.9 Raw'!$H$6:$H$1712,"Y") -> 144 | E168: =SUMIFS('SALES Raw'!$D$6:$D$4467,'SALES Raw'!$J$6:$J$4467,$J168,'SALES Raw'!$K$6:$K$4467,"Y")+SUMIFS('CEMIUP0.9 Raw'!$E$6:$E$1712,'CEMIUP0.9 Raw'!$B$6:$B$1712,$J168,'CEMIUP0.9 Raw'!$H$6:$H$1712,"Y") -> 27820.785 | F168: =SUMIFS('SALES Raw'!$E$6:$E$4467,'SALES Raw'!$J$6:$J$4467,$J168,'SALES Raw'!$K$6:$K$4467,"Y")*$H$4+SUMIFS('CEMIUP0.9 Raw'!$F$6:$F$1712,'CEMIUP0.9 Raw'!$B$6:$B$1712,$J168,'CEMIUP0.9 Raw'!$H$6:$H$1712,"Y") -> 168 | G168: =SUMIFS('SALES Raw'!$F$6:$F$4467,'SALES Raw'!$J$6:$J$4467,$J168,'SALES Raw'!$K$6:$K$4467,"Y")*$H$4+SUMIFS('CEMIUP0.9 Raw'!$G$6:$G$1712,'CEMIUP0.9 Raw'!$B$6:$B$1712,$J168,'CEMIUP0.9 Raw'!$H$6:$H$1712,"Y") -> 33002.595 | H168: 114 - IL online | I168: 107 - Pharmacies | J168: 4413440
A169: =IF(ISNUMBER($J169),$J169,"") -> 4413439 | B169: =IFERROR(INDEX('SALES Raw'!$B$6:$B$4467,MATCH($J169,'SALES Raw'!$J$6:$J$4467,0)),IFERROR(INDEX('CEMIUP0.9 Raw'!$B$6:$B$1712,MATCH($J169,'CEMIUP0.9 Raw'!$B$6:$B$1712,0)),$J169)) -> SC422 M | C169: =IF(ISNUMBER($J169),IFERROR(INDEX('TRANS'!$C:$C,MATCH($J169,'TRANS'!$B:$B,0)),IFERROR(INDEX('Catalog'!$B:$B,MATCH($J169,'Catalog'!$A:$A,0)),$B169)),$B169) -> SC422 M מגן ברך | D169: =SUMIFS('SALES Raw'!$C$6:$C$4467,'SALES Raw'!$J$6:$J$4467,$J169,'SALES Raw'!$K$6:$K$4467,"Y")+SUMIFS('CEMIUP0.9 Raw'!$D$6:$D$1712,'CEMIUP0.9 Raw'!$B$6:$B$1712,$J169,'CEMIUP0.9 Raw'!$H$6:$H$1712,"Y") -> 148 | E169: =SUMIFS('SALES Raw'!$D$6:$D$4467,'SALES Raw'!$J$6:$J$4467,$J169,'SALES Raw'!$K$6:$K$4467,"Y")+SUMIFS('CEMIUP0.9 Raw'!$E$6:$E$1712,'CEMIUP0.9 Raw'!$B$6:$B$1712,$J169,'CEMIUP0.9 Raw'!$H$6:$H$1712,"Y") -> 28636.851 | F169: =SUMIFS('SALES Raw'!$E$6:$E$4467,'SALES Raw'!$J$6:$J$4467,$J169,'SALES Raw'!$K$6:$K$4467,"Y")*$H$4+SUMIFS('CEMIUP0.9 Raw'!$F$6:$F$1712,'CEMIUP0.9 Raw'!$B$6:$B$1712,$J169,'CEMIUP0.9 Raw'!$H$6:$H$1712,"Y") -> 168 | G169: =SUMIFS('SALES Raw'!$F$6:$F$4467,'SALES Raw'!$J$6:$J$4467,$J169,'SALES Raw'!$K$6:$K$4467,"Y")*$H$4+SUMIFS('CEMIUP0.9 Raw'!$G$6:$G$1712,'CEMIUP0.9 Raw'!$B$6:$B$1712,$J169,'CEMIUP0.9 Raw'!$H$6:$H$1712,"Y") -> 32477.275 | H169: 114 - IL online | I169: 107 - Pharmacies | J169: 4413439
A170: =IF(ISNUMBER($J170),$J170,"") -> 4420001 | B170: =IFERROR(INDEX('SALES Raw'!$B$6:$B$4467,MATCH($J170,'SALES Raw'!$J$6:$J$4467,0)),IFERROR(INDEX('CEMIUP0.9 Raw'!$B$6:$B$1712,MATCH($J170,'CEMIUP0.9 Raw'!$B$6:$B$1712,0)),$J170)) -> 371 0 | C170: =IF(ISNUMBER($J170),IFERROR(INDEX('TRANS'!$C:$C,MATCH($J170,'TRANS'!$B:$B,0)),IFERROR(INDEX('Catalog'!$B:$B,MATCH($J170,'Catalog'!$A:$A,0)),$B170)),$B170) -> 371 רפידת מגבת כותנה-זוג | D170: =SUMIFS('SALES Raw'!$C$6:$C$4467,'SALES Raw'!$J$6:$J$4467,$J170,'SALES Raw'!$K$6:$K$4467,"Y")+SUMIFS('CEMIUP0.9 Raw'!$D$6:$D$1712,'CEMIUP0.9 Raw'!$B$6:$B$1712,$J170,'CEMIUP0.9 Raw'!$H$6:$H$1712,"Y") -> 213 | E170: =SUMIFS('SALES Raw'!$D$6:$D$4467,'SALES Raw'!$J$6:$J$4467,$J170,'SALES Raw'!$K$6:$K$4467,"Y")+SUMIFS('CEMIUP0.9 Raw'!$E$6:$E$1712,'CEMIUP0.9 Raw'!$B$6:$B$1712,$J170,'CEMIUP0.9 Raw'!$H$6:$H$1712,"Y") -> 2535.031 | F170: =SUMIFS('SALES Raw'!$E$6:$E$4467,'SALES Raw'!$J$6:$J$4467,$J170,'SALES Raw'!$K$6:$K$4467,"Y")*$H$4+SUMIFS('CEMIUP0.9 Raw'!$F$6:$F$1712,'CEMIUP0.9 Raw'!$B$6:$B$1712,$J170,'CEMIUP0.9 Raw'!$H$6:$H$1712,"Y") -> 165.47368 | G170: =SUMIFS('SALES Raw'!$F$6:$F$4467,'SALES Raw'!$J$6:$J$4467,$J170,'SALES Raw'!$K$6:$K$4467,"Y")*$H$4+SUMIFS('CEMIUP0.9 Raw'!$G$6:$G$1712,'CEMIUP0.9 Raw'!$B$6:$B$1712,$J170,'CEMIUP0.9 Raw'!$H$6:$H$1712,"Y") -> 1813.2164 | H170: 107 - Pharmacies | I170: 114 - IL online | J170: 4420001
A171: =IF(ISNUMBER($J171),$J171,"") -> 4415029 | B171: =IFERROR(INDEX('SALES Raw'!$B$6:$B$4467,MATCH($J171,'SALES Raw'!$J$6:$J$4467,0)),IFERROR(INDEX('CEMIUP0.9 Raw'!$B$6:$B$1712,MATCH($J171,'CEMIUP0.9 Raw'!$B$6:$B$1712,0)),$J171)) -> 237 0 | C171: =IF(ISNUMBER($J171),IFERROR(INDEX('TRANS'!$C:$C,MATCH($J171,'TRANS'!$B:$B,0)),IFERROR(INDEX('Catalog'!$B:$B,MATCH($J171,'Catalog'!$A:$A,0)),$B171)),$B171) -> סד קיבוע לאצבע הדק | D171: =SUMIFS('SALES Raw'!$C$6:$C$4467,'SALES Raw'!$J$6:$J$4467,$J171,'SALES Raw'!$K$6:$K$4467,"Y")+SUMIFS('CEMIUP0.9 Raw'!$D$6:$D$1712,'CEMIUP0.9 Raw'!$B$6:$B$1712,$J171,'CEMIUP0.9 Raw'!$H$6:$H$1712,"Y") -> 127 | E171: =SUMIFS('SALES Raw'!$D$6:$D$4467,'SALES Raw'!$J$6:$J$4467,$J171,'SALES Raw'!$K$6:$K$4467,"Y")+SUMIFS('CEMIUP0.9 Raw'!$E$6:$E$1712,'CEMIUP0.9 Raw'!$B$6:$B$1712,$J171,'CEMIUP0.9 Raw'!$H$6:$H$1712,"Y") -> 4508.409 | F171: =SUMIFS('SALES Raw'!$E$6:$E$4467,'SALES Raw'!$J$6:$J$4467,$J171,'SALES Raw'!$K$6:$K$4467,"Y")*$H$4+SUMIFS('CEMIUP0.9 Raw'!$F$6:$F$1712,'CEMIUP0.9 Raw'!$B$6:$B$1712,$J171,'CEMIUP0.9 Raw'!$H$6:$H$1712,"Y") -> 165.47368 | G171: =SUMIFS('SALES Raw'!$F$6:$F$4467,'SALES Raw'!$J$6:$J$4467,$J171,'SALES Raw'!$K$6:$K$4467,"Y")*$H$4+SUMIFS('CEMIUP0.9 Raw'!$G$6:$G$1712,'CEMIUP0.9 Raw'!$B$6:$B$1712,$J171,'CEMIUP0.9 Raw'!$H$6:$H$1712,"Y") -> 6033.7869 | H171: 107 - Pharmacies | I171: 114 - IL online | J171: 4415029
A172: =IF(ISNUMBER($J172),$J172,"") -> 4413396 | B172: =IFERROR(INDEX('SALES Raw'!$B$6:$B$4467,MATCH($J172,'SALES Raw'!$J$6:$J$4467,0)),IFERROR(INDEX('CEMIUP0.9 Raw'!$B$6:$B$1712,MATCH($J172,'CEMIUP0.9 Raw'!$B$6:$B$1712,0)),$J172)) -> 45EC L | C172: =IF(ISNUMBER($J172),IFERROR(INDEX('TRANS'!$C:$C,MATCH($J172,'TRANS'!$B:$B,0)),IFERROR(INDEX('Catalog'!$B:$B,MATCH($J172,'Catalog'!$A:$A,0)),$B172)),$B172) -> 45EC L 'מגן ברך ארוך בז | D172: =SUMIFS('SALES Raw'!$C$6:$C$4467,'SALES Raw'!$J$6:$J$4467,$J172,'SALES Raw'!$K$6:$K$4467,"Y")+SUMIFS('CEMIUP0.9 Raw'!$D$6:$D$1712,'CEMIUP0.9 Raw'!$B$6:$B$1712,$J172,'CEMIUP0.9 Raw'!$H$6:$H$1712,"Y") -> 115 | E172: =SUMIFS('SALES Raw'!$D$6:$D$4467,'SALES Raw'!$J$6:$J$4467,$J172,'SALES Raw'!$K$6:$K$4467,"Y")+SUMIFS('CEMIUP0.9 Raw'!$E$6:$E$1712,'CEMIUP0.9 Raw'!$B$6:$B$1712,$J172,'CEMIUP0.9 Raw'!$H$6:$H$1712,"Y") -> 3858.582 | F172: =SUMIFS('SALES Raw'!$E$6:$E$4467,'SALES Raw'!$J$6:$J$4467,$J172,'SALES Raw'!$K$6:$K$4467,"Y")*$H$4+SUMIFS('CEMIUP0.9 Raw'!$F$6:$F$1712,'CEMIUP0.9 Raw'!$B$6:$B$1712,$J172,'CEMIUP0.9 Raw'!$H$6:$H$1712,"Y") -> 165.47368 | G172: =SUMIFS('SALES Raw'!$F$6:$F$4467,'SALES Raw'!$J$6:$J$4467,$J172,'SALES Raw'!$K$6:$K$4467,"Y")*$H$4+SUMIFS('CEMIUP0.9 Raw'!$G$6:$G$1712,'CEMIUP0.9 Raw'!$B$6:$B$1712,$J172,'CEMIUP0.9 Raw'!$H$6:$H$1712,"Y") -> 5826.6872 | H172: 107 - Pharmacies | I172: 114 - IL online | J172: 4413396
A173: =IF(ISNUMBER($J173),$J173,"") -> 4402011 | B173: =IFERROR(INDEX('SALES Raw'!$B$6:$B$4467,MATCH($J173,'SALES Raw'!$J$6:$J$4467,0)),IFERROR(INDEX('CEMIUP0.9 Raw'!$B$6:$B$1712,MATCH($J173,'CEMIUP0.9 Raw'!$B$6:$B$1712,0)),$J173)) -> ST422 0 | C173: =IF(ISNUMBER($J173),IFERROR(INDEX('TRANS'!$C:$C,MATCH($J173,'TRANS'!$B:$B,0)),IFERROR(INDEX('Catalog'!$B:$B,MATCH($J173,'Catalog'!$A:$A,0)),$B173)),$B173) -> S-XLST422 מגן ברך+כרית ג'ל | D173: =SUMIFS('SALES Raw'!$C$6:$C$4467,'SALES Raw'!$J$6:$J$4467,$J173,'SALES Raw'!$K$6:$K$4467,"Y")+SUMIFS('CEMIUP0.9 Raw'!$D$6:$D$1712,'CEMIUP0.9 Raw'!$B$6:$B$1712,$J173,'CEMIUP0.9 Raw'!$H$6:$H$1712,"Y") -> 173 | E173: =SUMIFS('SALES Raw'!$D$6:$D$4467,'SALES Raw'!$J$6:$J$4467,$J173,'SALES Raw'!$K$6:$K$4467,"Y")+SUMIFS('CEMIUP0.9 Raw'!$E$6:$E$1712,'CEMIUP0.9 Raw'!$B$6:$B$1712,$J173,'CEMIUP0.9 Raw'!$H$6:$H$1712,"Y") -> 11693.22 | F173: =SUMIFS('SALES Raw'!$E$6:$E$4467,'SALES Raw'!$J$6:$J$4467,$J173,'SALES Raw'!$K$6:$K$4467,"Y")*$H$4+SUMIFS('CEMIUP0.9 Raw'!$F$6:$F$1712,'CEMIUP0.9 Raw'!$B$6:$B$1712,$J173,'CEMIUP0.9 Raw'!$H$6:$H$1712,"Y") -> 164.21053 | G173: =SUMIFS('SALES Raw'!$F$6:$F$4467,'SALES Raw'!$J$6:$J$4467,$J173,'SALES Raw'!$K$6:$K$4467,"Y")*$H$4+SUMIFS('CEMIUP0.9 Raw'!$G$6:$G$1712,'CEMIUP0.9 Raw'!$B$6:$B$1712,$J173,'CEMIUP0.9 Raw'!$H$6:$H$1712,"Y") -> 11503.763 | H173: 113 - Kupat Holim Meuhedet | I173: 114 - IL online | J173: 4402011
A174: =IF(ISNUMBER($J174),$J174,"") -> 4413042 | B174: =IFERROR(INDEX('SALES Raw'!$B$6:$B$4467,MATCH($J174,'SALES Raw'!$J$6:$J$4467,0)),IFERROR(INDEX('CEMIUP0.9 Raw'!$B$6:$B$1712,MATCH($J174,'CEMIUP0.9 Raw'!$B$6:$B$1712,0)),$J174)) -> 34 S | C174: =IF(ISNUMBER($J174),IFERROR(INDEX('TRANS'!$C:$C,MATCH($J174,'TRANS'!$B:$B,0)),IFERROR(INDEX('Catalog'!$B:$B,MATCH($J174,'Catalog'!$A:$A,0)),$B174)),$B174) -> 34 S מגן קרסול עקב סגור | D174: =SUMIFS('SALES Raw'!$C$6:$C$4467,'SALES Raw'!$J$6:$J$4467,$J174,'SALES Raw'!$K$6:$K$4467,"Y")+SUMIFS('CEMIUP0.9 Raw'!$D$6:$D$1712,'CEMIUP0.9 Raw'!$B$6:$B$1712,$J174,'CEMIUP0.9 Raw'!$H$6:$H$1712,"Y") -> 215 | E174: =SUMIFS('SALES Raw'!$D$6:$D$4467,'SALES Raw'!$J$6:$J$4467,$J174,'SALES Raw'!$K$6:$K$4467,"Y")+SUMIFS('CEMIUP0.9 Raw'!$E$6:$E$1712,'CEMIUP0.9 Raw'!$B$6:$B$1712,$J174,'CEMIUP0.9 Raw'!$H$6:$H$1712,"Y") -> 7503.232 | F174: =SUMIFS('SALES Raw'!$E$6:$E$4467,'SALES Raw'!$J$6:$J$4467,$J174,'SALES Raw'!$K$6:$K$4467,"Y")*$H$4+SUMIFS('CEMIUP0.9 Raw'!$F$6:$F$1712,'CEMIUP0.9 Raw'!$B$6:$B$1712,$J174,'CEMIUP0.9 Raw'!$H$6:$H$1712,"Y") -> 162.94737 | G174: =SUMIFS('SALES Raw'!$F$6:$F$4467,'SALES Raw'!$J$6:$J$4467,$J174,'SALES Raw'!$K$6:$K$4467,"Y")*$H$4+SUMIFS('CEMIUP0.9 Raw'!$G$6:$G$1712,'CEMIUP0.9 Raw'!$B$6:$B$1712,$J174,'CEMIUP0.9 Raw'!$H$6:$H$1712,"Y") -> 5454.072 | H174: 113 - Kupat Holim Meuhedet | I174: 107 - Pharmacies | J174: 4413042
A175: =IF(ISNUMBER($J175),$J175,"") -> 4415298 | B175: =IFERROR(INDEX('SALES Raw'!$B$6:$B$4467,MATCH($J175,'SALES Raw'!$J$6:$J$4467,0)),IFERROR(INDEX('CEMIUP0.9 Raw'!$B$6:$B$1712,MATCH($J175,'CEMIUP0.9 Raw'!$B$6:$B$1712,0)),$J175)) -> 388BL 0 | C175: =IF(ISNUMBER($J175),IFERROR(INDEX('TRANS'!$C:$C,MATCH($J175,'TRANS'!$B:$B,0)),IFERROR(INDEX('Catalog'!$B:$B,MATCH($J175,'Catalog'!$A:$A,0)),$B175)),$B175) -> 388B L סד לילה שחור לבוהן שמאל | D175: =SUMIFS('SALES Raw'!$C$6:$C$4467,'SALES Raw'!$J$6:$J$4467,$J175,'SALES Raw'!$K$6:$K$4467,"Y")+SUMIFS('CEMIUP0.9 Raw'!$D$6:$D$1712,'CEMIUP0.9 Raw'!$B$6:$B$1712,$J175,'CEMIUP0.9 Raw'!$H$6:$H$1712,"Y") -> 185 | E175: =SUMIFS('SALES Raw'!$D$6:$D$4467,'SALES Raw'!$J$6:$J$4467,$J175,'SALES Raw'!$K$6:$K$4467,"Y")+SUMIFS('CEMIUP0.9 Raw'!$E$6:$E$1712,'CEMIUP0.9 Raw'!$B$6:$B$1712,$J175,'CEMIUP0.9 Raw'!$H$6:$H$1712,"Y") -> 12385.868 | F175: =SUMIFS('SALES Raw'!$E$6:$E$4467,'SALES Raw'!$J$6:$J$4467,$J175,'SALES Raw'!$K$6:$K$4467,"Y")*$H$4+SUMIFS('CEMIUP0.9 Raw'!$F$6:$F$1712,'CEMIUP0.9 Raw'!$B$6:$B$1712,$J175,'CEMIUP0.9 Raw'!$H$6:$H$1712,"Y") -> 159.15789 | G175: =SUMIFS('SALES Raw'!$F$6:$F$4467,'SALES Raw'!$J$6:$J$4467,$J175,'SALES Raw'!$K$6:$K$4467,"Y")*$H$4+SUMIFS('CEMIUP0.9 Raw'!$G$6:$G$1712,'CEMIUP0.9 Raw'!$B$6:$B$1712,$J175,'CEMIUP0.9 Raw'!$H$6:$H$1712,"Y") -> 11084.116 | H175: 102 - Orthopedic institutes | I175: 114 - IL online | J175: 4415298
A176: =IF(ISNUMBER($J176),$J176,"") -> 4420022 | B176: =IFERROR(INDEX('SALES Raw'!$B$6:$B$4467,MATCH($J176,'SALES Raw'!$J$6:$J$4467,0)),IFERROR(INDEX('CEMIUP0.9 Raw'!$B$6:$B$1712,MATCH($J176,'CEMIUP0.9 Raw'!$B$6:$B$1712,0)),$J176)) -> LF370 0 | C176: =IF(ISNUMBER($J176),IFERROR(INDEX('TRANS'!$C:$C,MATCH($J176,'TRANS'!$B:$B,0)),IFERROR(INDEX('Catalog'!$B:$B,MATCH($J176,'Catalog'!$A:$A,0)),$B176)),$B176) -> LF370 ריפוד סיליקון לעקב אחורי | D176: =SUMIFS('SALES Raw'!$C$6:$C$4467,'SALES Raw'!$J$6:$J$4467,$J176,'SALES Raw'!$K$6:$K$4467,"Y")+SUMIFS('CEMIUP0.9 Raw'!$D$6:$D$1712,'CEMIUP0.9 Raw'!$B$6:$B$1712,$J176,'CEMIUP0.9 Raw'!$H$6:$H$1712,"Y") -> 184 | E176: =SUMIFS('SALES Raw'!$D$6:$D$4467,'SALES Raw'!$J$6:$J$4467,$J176,'SALES Raw'!$K$6:$K$4467,"Y")+SUMIFS('CEMIUP0.9 Raw'!$E$6:$E$1712,'CEMIUP0.9 Raw'!$B$6:$B$1712,$J176,'CEMIUP0.9 Raw'!$H$6:$H$1712,"Y") -> 3582.318 | F176: =SUMIFS('SALES Raw'!$E$6:$E$4467,'SALES Raw'!$J$6:$J$4467,$J176,'SALES Raw'!$K$6:$K$4467,"Y")*$H$4+SUMIFS('CEMIUP0.9 Raw'!$F$6:$F$1712,'CEMIUP0.9 Raw'!$B$6:$B$1712,$J176,'CEMIUP0.9 Raw'!$H$6:$H$1712,"Y") -> 159.15789 | G176: =SUMIFS('SALES Raw'!$F$6:$F$4467,'SALES Raw'!$J$6:$J$4467,$J176,'SALES Raw'!$K$6:$K$4467,"Y")*$H$4+SUMIFS('CEMIUP0.9 Raw'!$G$6:$G$1712,'CEMIUP0.9 Raw'!$B$6:$B$1712,$J176,'CEMIUP0.9 Raw'!$H$6:$H$1712,"Y") -> 3185.9002 | H176: 107 - Pharmacies | I176: 113 - Kupat Holim Meuhedet | J176: 4420022
A177: =IF(ISNUMBER($J177),$J177,"") -> 4413105 | B177: =IFERROR(INDEX('SALES Raw'!$B$6:$B$4467,MATCH($J177,'SALES Raw'!$J$6:$J$4467,0)),IFERROR(INDEX('CEMIUP0.9 Raw'!$B$6:$B$1712,MATCH($J177,'CEMIUP0.9 Raw'!$B$6:$B$1712,0)),$J177)) -> 45E XXL | C177: =IF(ISNUMBER($J177),IFERROR(INDEX('TRANS'!$C:$C,MATCH($J177,'TRANS'!$B:$B,0)),IFERROR(INDEX('Catalog'!$B:$B,MATCH($J177,'Catalog'!$A:$A,0)),$B177)),$B177) -> 45E XXLמגן ברך ארוך לבן | D177: =SUMIFS('SALES Raw'!$C$6:$C$4467,'SALES Raw'!$J$6:$J$4467,$J177,'SALES Raw'!$K$6:$K$4467,"Y")+SUMIFS('CEMIUP0.9 Raw'!$D$6:$D$1712,'CEMIUP0.9 Raw'!$B$6:$B$1712,$J177,'CEMIUP0.9 Raw'!$H$6:$H$1712,"Y") -> 204 | E177: =SUMIFS('SALES Raw'!$D$6:$D$4467,'SALES Raw'!$J$6:$J$4467,$J177,'SALES Raw'!$K$6:$K$4467,"Y")+SUMIFS('CEMIUP0.9 Raw'!$E$6:$E$1712,'CEMIUP0.9 Raw'!$B$6:$B$1712,$J177,'CEMIUP0.9 Raw'!$H$6:$H$1712,"Y") -> 5419.481 | F177: =SUMIFS('SALES Raw'!$E$6:$E$4467,'SALES Raw'!$J$6:$J$4467,$J177,'SALES Raw'!$K$6:$K$4467,"Y")*$H$4+SUMIFS('CEMIUP0.9 Raw'!$F$6:$F$1712,'CEMIUP0.9 Raw'!$B$6:$B$1712,$J177,'CEMIUP0.9 Raw'!$H$6:$H$1712,"Y") -> 159.15789 | G177: =SUMIFS('SALES Raw'!$F$6:$F$4467,'SALES Raw'!$J$6:$J$4467,$J177,'SALES Raw'!$K$6:$K$4467,"Y")*$H$4+SUMIFS('CEMIUP0.9 Raw'!$G$6:$G$1712,'CEMIUP0.9 Raw'!$B$6:$B$1712,$J177,'CEMIUP0.9 Raw'!$H$6:$H$1712,"Y") -> 4392.2425 | H177: 113 - Kupat Holim Meuhedet | I177: 107 - Pharmacies | J177: 4413105
A178: =IF(ISNUMBER($J178),$J178,"") -> 4420016 | B178: =IFERROR(INDEX('SALES Raw'!$B$6:$B$4467,MATCH($J178,'SALES Raw'!$J$6:$J$4467,0)),IFERROR(INDEX('CEMIUP0.9 Raw'!$B$6:$B$1712,MATCH($J178,'CEMIUP0.9 Raw'!$B$6:$B$1712,0)),$J178)) -> 40 0 | C178: =IF(ISNUMBER($J178),IFERROR(INDEX('TRANS'!$C:$C,MATCH($J178,'TRANS'!$B:$B,0)),IFERROR(INDEX('Catalog'!$B:$B,MATCH($J178,'Catalog'!$A:$A,0)),$B178)),$B178) -> 40-רצועת פיקה לברך | D178: =SUMIFS('SALES Raw'!$C$6:$C$4467,'SALES Raw'!$J$6:$J$4467,$J178,'SALES Raw'!$K$6:$K$4467,"Y")+SUMIFS('CEMIUP0.9 Raw'!$D$6:$D$1712,'CEMIUP0.9 Raw'!$B$6:$B$1712,$J178,'CEMIUP0.9 Raw'!$H$6:$H$1712,"Y") -> 147 | E178: =SUMIFS('SALES Raw'!$D$6:$D$4467,'SALES Raw'!$J$6:$J$4467,$J178,'SALES Raw'!$K$6:$K$4467,"Y")+SUMIFS('CEMIUP0.9 Raw'!$E$6:$E$1712,'CEMIUP0.9 Raw'!$B$6:$B$1712,$J178,'CEMIUP0.9 Raw'!$H$6:$H$1712,"Y") -> 7317.163 | F178: =SUMIFS('SALES Raw'!$E$6:$E$4467,'SALES Raw'!$J$6:$J$4467,$J178,'SALES Raw'!$K$6:$K$4467,"Y")*$H$4+SUMIFS('CEMIUP0.9 Raw'!$F$6:$F$1712,'CEMIUP0.9 Raw'!$B$6:$B$1712,$J178,'CEMIUP0.9 Raw'!$H$6:$H$1712,"Y") -> 159.15789 | G178: =SUMIFS('SALES Raw'!$F$6:$F$4467,'SALES Raw'!$J$6:$J$4467,$J178,'SALES Raw'!$K$6:$K$4467,"Y")*$H$4+SUMIFS('CEMIUP0.9 Raw'!$G$6:$G$1712,'CEMIUP0.9 Raw'!$B$6:$B$1712,$J178,'CEMIUP0.9 Raw'!$H$6:$H$1712,"Y") -> 8965.4728 | H178: 107 - Pharmacies | I178: 114 - IL online | J178: 4420016
A179: =IF(ISNUMBER($J179),$J179,"") -> 4411023 | B179: =IFERROR(INDEX('SALES Raw'!$B$6:$B$4467,MATCH($J179,'SALES Raw'!$J$6:$J$4467,0)),IFERROR(INDEX('CEMIUP0.9 Raw'!$B$6:$B$1712,MATCH($J179,'CEMIUP0.9 Raw'!$B$6:$B$1712,0)),$J179)) -> 212 S | C179: =IF(ISNUMBER($J179),IFERROR(INDEX('TRANS'!$C:$C,MATCH($J179,'TRANS'!$B:$B,0)),IFERROR(INDEX('Catalog'!$B:$B,MATCH($J179,'Catalog'!$A:$A,0)),$B179)),$B179) -> 212S כפפות אגודל לחץ | D179: =SUMIFS('SALES Raw'!$C$6:$C$4467,'SALES Raw'!$J$6:$J$4467,$J179,'SALES Raw'!$K$6:$K$4467,"Y")+SUMIFS('CEMIUP0.9 Raw'!$D$6:$D$1712,'CEMIUP0.9 Raw'!$B$6:$B$1712,$J179,'CEMIUP0.9 Raw'!$H$6:$H$1712,"Y") -> 115 | E179: =SUMIFS('SALES Raw'!$D$6:$D$4467,'SALES Raw'!$J$6:$J$4467,$J179,'SALES Raw'!$K$6:$K$4467,"Y")+SUMIFS('CEMIUP0.9 Raw'!$E$6:$E$1712,'CEMIUP0.9 Raw'!$B$6:$B$1712,$J179,'CEMIUP0.9 Raw'!$H$6:$H$1712,"Y") -> 5777.066 | F179: =SUMIFS('SALES Raw'!$E$6:$E$4467,'SALES Raw'!$J$6:$J$4467,$J179,'SALES Raw'!$K$6:$K$4467,"Y")*$H$4+SUMIFS('CEMIUP0.9 Raw'!$F$6:$F$1712,'CEMIUP0.9 Raw'!$B$6:$B$1712,$J179,'CEMIUP0.9 Raw'!$H$6:$H$1712,"Y") -> 157.89474 | G179: =SUMIFS('SALES Raw'!$F$6:$F$4467,'SALES Raw'!$J$6:$J$4467,$J179,'SALES Raw'!$K$6:$K$4467,"Y")*$H$4+SUMIFS('CEMIUP0.9 Raw'!$G$6:$G$1712,'CEMIUP0.9 Raw'!$B$6:$B$1712,$J179,'CEMIUP0.9 Raw'!$H$6:$H$1712,"Y") -> 9129.0821 | H179: 114 - IL online | I179: 107 - Pharmacies | J179: 4411023
... A185: =IF(ISNUMBER($J185),$J185,"") -> 4408047 | B185: =IFERROR(INDEX('SALES Raw'!$B$6:$B$4467,MATCH($J185,'SALES Raw'!$J$6:$J$4467,0)),IFERROR(INDEX('CEMIUP0.9 Raw'!$B$6:$B$1712,MATCH($J185,'CEMIUP0.9 Raw'!$B$6:$B$1712,0)),$J185)) -> 20 M | C185: =IF(ISNUMBER($J185),IFERROR(INDEX('TRANS'!$C:$C,MATCH($J185,'TRANS'!$B:$B,0)),IFERROR(INDEX('Catalog'!$B:$B,MATCH($J185,'Catalog'!$A:$A,0)),$B185)),$B185) -> 20 M חבק יד מתכוון עם צמדן | D185: =SUMIFS('SALES Raw'!$C$6:$C$4467,'SALES Raw'!$J$6:$J$4467,$J185,'SALES Raw'!$K$6:$K$4467,"Y")+SUMIFS('CEMIUP0.9 Raw'!$D$6:$D$1712,'CEMIUP0.9 Raw'!$B$6:$B$1712,$J185,'CEMIUP0.9 Raw'!$H$6:$H$1712,"Y") -> 220 | E185: =SUMIFS('SALES Raw'!$D$6:$D$4467,'SALES Raw'!$J$6:$J$4467,$J185,'SALES Raw'!$K$6:$K$4467,"Y")+SUMIFS('CEMIUP0.9 Raw'!$E$6:$E$1712,'CEMIUP0.9 Raw'!$B$6:$B$1712,$J185,'CEMIUP0.9 Raw'!$H$6:$H$1712,"Y") -> 6668.96 | F185: =SUMIFS('SALES Raw'!$E$6:$E$4467,'SALES Raw'!$J$6:$J$4467,$J185,'SALES Raw'!$K$6:$K$4467,"Y")*$H$4+SUMIFS('CEMIUP0.9 Raw'!$F$6:$F$1712,'CEMIUP0.9 Raw'!$B$6:$B$1712,$J185,'CEMIUP0.9 Raw'!$H$6:$H$1712,"Y") -> 151.57895 | G185: =SUMIFS('SALES Raw'!$F$6:$F$4467,'SALES Raw'!$J$6:$J$4467,$J185,'SALES Raw'!$K$6:$K$4467,"Y")*$H$4+SUMIFS('CEMIUP0.9 Raw'!$G$6:$G$1712,'CEMIUP0.9 Raw'!$B$6:$B$1712,$J185,'CEMIUP0.9 Raw'!$H$6:$H$1712,"Y") -> 4595.3343 | H185: 107 - Pharmacies | I185: 102 - Orthopedic institutes | J185: 4408047
A186: =IF(ISNUMBER($J186),$J186,"") | B186: =IFERROR(INDEX('SALES Raw'!$B$6:$B$4467,MATCH($J186,'SALES Raw'!$J$6:$J$4467,0)),IFERROR(INDEX('CEMIUP0.9 Raw'!$B$6:$B$1712,MATCH($J186,'CEMIUP0.9 Raw'!$B$6:$B$1712,0)),$J186)) -> 363 L/R | C186: =IF(ISNUMBER($J186),IFERROR(INDEX('TRANS'!$C:$C,MATCH($J186,'TRANS'!$B:$B,0)),IFERROR(INDEX('Catalog'!$B:$B,MATCH($J186,'Catalog'!$A:$A,0)),$B186)),$B186) -> 363 L/R | D186: =SUMIFS('SALES Raw'!$C$6:$C$4467,'SALES Raw'!$J$6:$J$4467,$J186,'SALES Raw'!$K$6:$K$4467,"Y")+SUMIFS('CEMIUP0.9 Raw'!$D$6:$D$1712,'CEMIUP0.9 Raw'!$B$6:$B$1712,$J186,'CEMIUP0.9 Raw'!$H$6:$H$1712,"Y") -> 70 | E186: =SUMIFS('SALES Raw'!$D$6:$D$4467,'SALES Raw'!$J$6:$J$4467,$J186,'SALES Raw'!$K$6:$K$4467,"Y")+SUMIFS('CEMIUP0.9 Raw'!$E$6:$E$1712,'CEMIUP0.9 Raw'!$B$6:$B$1712,$J186,'CEMIUP0.9 Raw'!$H$6:$H$1712,"Y") -> 2496.68 | F186: =SUMIFS('SALES Raw'!$E$6:$E$4467,'SALES Raw'!$J$6:$J$4467,$J186,'SALES Raw'!$K$6:$K$4467,"Y")*$H$4+SUMIFS('CEMIUP0.9 Raw'!$F$6:$F$1712,'CEMIUP0.9 Raw'!$B$6:$B$1712,$J186,'CEMIUP0.9 Raw'!$H$6:$H$1712,"Y") -> 149.05263 | G186: =SUMIFS('SALES Raw'!$F$6:$F$4467,'SALES Raw'!$J$6:$J$4467,$J186,'SALES Raw'!$K$6:$K$4467,"Y")*$H$4+SUMIFS('CEMIUP0.9 Raw'!$G$6:$G$1712,'CEMIUP0.9 Raw'!$B$6:$B$1712,$J186,'CEMIUP0.9 Raw'!$H$6:$H$1712,"Y") -> 5143.9074 | H186: 102 - Orthopedic institutes | I186: 114 - IL online | J186: 363 L/R
A187: =IF(ISNUMBER($J187),$J187,"") -> 4409011 | B187: =IFERROR(INDEX('SALES Raw'!$B$6:$B$4467,MATCH($J187,'SALES Raw'!$J$6:$J$4467,0)),IFERROR(INDEX('CEMIUP0.9 Raw'!$B$6:$B$1712,MATCH($J187,'CEMIUP0.9 Raw'!$B$6:$B$1712,0)),$J187)) -> 804AT-B | C187: =IF(ISNUMBER($J187),IFERROR(INDEX('TRANS'!$C:$C,MATCH($J187,'TRANS'!$B:$B,0)),IFERROR(INDEX('Catalog'!$B:$B,MATCH($J187,'Catalog'!$A:$A,0)),$B187)),$B187) -> 804AT-B טייפ חבישה לספורט | D187: =SUMIFS('SALES Raw'!$C$6:$C$4467,'SALES Raw'!$J$6:$J$4467,$J187,'SALES Raw'!$K$6:$K$4467,"Y")+SUMIFS('CEMIUP0.9 Raw'!$D$6:$D$1712,'CEMIUP0.9 Raw'!$B$6:$B$1712,$J187,'CEMIUP0.9 Raw'!$H$6:$H$1712,"Y") -> 65 | E187: =SUMIFS('SALES Raw'!$D$6:$D$4467,'SALES Raw'!$J$6:$J$4467,$J187,'SALES Raw'!$K$6:$K$4467,"Y")+SUMIFS('CEMIUP0.9 Raw'!$E$6:$E$1712,'CEMIUP0.9 Raw'!$B$6:$B$1712,$J187,'CEMIUP0.9 Raw'!$H$6:$H$1712,"Y") -> 1439.322 | F187: =SUMIFS('SALES Raw'!$E$6:$E$4467,'SALES Raw'!$J$6:$J$4467,$J187,'SALES Raw'!$K$6:$K$4467,"Y")*$H$4+SUMIFS('CEMIUP0.9 Raw'!$F$6:$F$1712,'CEMIUP0.9 Raw'!$B$6:$B$1712,$J187,'CEMIUP0.9 Raw'!$H$6:$H$1712,"Y") -> 147.78947 | G187: =SUMIFS('SALES Raw'!$F$6:$F$4467,'SALES Raw'!$J$6:$J$4467,$J187,'SALES Raw'!$K$6:$K$4467,"Y")*$H$4+SUMIFS('CEMIUP0.9 Raw'!$G$6:$G$1712,'CEMIUP0.9 Raw'!$B$6:$B$1712,$J187,'CEMIUP0.9 Raw'!$H$6:$H$1712,"Y") -> 2928.6594 | H187: 107 - Pharmacies | I187: 114 - IL online | J187: 4409011
A188: =IF(ISNUMBER($J188),$J188,"") -> 4413395 | B188: =IFERROR(INDEX('SALES Raw'!$B$6:$B$4467,MATCH($J188,'SALES Raw'!$J$6:$J$4467,0)),IFERROR(INDEX('CEMIUP0.9 Raw'!$B$6:$B$1712,MATCH($J188,'CEMIUP0.9 Raw'!$B$6:$B$1712,0)),$J188)) -> 45EC M | C188: =IF(ISNUMBER($J188),IFERROR(INDEX('TRANS'!$C:$C,MATCH($J188,'TRANS'!$B:$B,0)),IFERROR(INDEX('Catalog'!$B:$B,MATCH($J188,'Catalog'!$A:$A,0)),$B188)),$B188) -> 45EC M 'מגן ברך ארוך בז | D188: =SUMIFS('SALES Raw'!$C$6:$C$4467,'SALES Raw'!$J$6:$J$4467,$J188,'SALES Raw'!$K$6:$K$4467,"Y")+SUMIFS('CEMIUP0.9 Raw'!$D$6:$D$1712,'CEMIUP0.9 Raw'!$B$6:$B$1712,$J188,'CEMIUP0.9 Raw'!$H$6:$H$1712,"Y") -> 112 | E188: =SUMIFS('SALES Raw'!$D$6:$D$4467,'SALES Raw'!$J$6:$J$4467,$J188,'SALES Raw'!$K$6:$K$4467,"Y")+SUMIFS('CEMIUP0.9 Raw'!$E$6:$E$1712,'CEMIUP0.9 Raw'!$B$6:$B$1712,$J188,'CEMIUP0.9 Raw'!$H$6:$H$1712,"Y") -> 3994.089 | F188: =SUMIFS('SALES Raw'!$E$6:$E$4467,'SALES Raw'!$J$6:$J$4467,$J188,'SALES Raw'!$K$6:$K$4467,"Y")*$H$4+SUMIFS('CEMIUP0.9 Raw'!$F$6:$F$1712,'CEMIUP0.9 Raw'!$B$6:$B$1712,$J188,'CEMIUP0.9 Raw'!$H$6:$H$1712,"Y") -> 147.78947 | G188: =SUMIFS('SALES Raw'!$F$6:$F$4467,'SALES Raw'!$J$6:$J$4467,$J188,'SALES Raw'!$K$6:$K$4467,"Y")*$H$4+SUMIFS('CEMIUP0.9 Raw'!$G$6:$G$1712,'CEMIUP0.9 Raw'!$B$6:$B$1712,$J188,'CEMIUP0.9 Raw'!$H$6:$H$1712,"Y") -> 5452.1798 | H188: 107 - Pharmacies | I188: 114 - IL online | J188: 4413395
A189: =IF(ISNUMBER($J189),$J189,"") -> 4413491 | B189: =IFERROR(INDEX('SALES Raw'!$B$6:$B$4467,MATCH($J189,'SALES Raw'!$J$6:$J$4467,0)),IFERROR(INDEX('CEMIUP0.9 Raw'!$B$6:$B$1712,MATCH($J189,'CEMIUP0.9 Raw'!$B$6:$B$1712,0)),$J189)) -> 35B XL | C189: =IF(ISNUMBER($J189),IFERROR(INDEX('TRANS'!$C:$C,MATCH($J189,'TRANS'!$B:$B,0)),IFERROR(INDEX('Catalog'!$B:$B,MATCH($J189,'Catalog'!$A:$A,0)),$B189)),$B189) -> 35B XL מגן קרסול שחור | D189: =SUMIFS('SALES Raw'!$C$6:$C$4467,'SALES Raw'!$J$6:$J$4467,$J189,'SALES Raw'!$K$6:$K$4467,"Y")+SUMIFS('CEMIUP0.9 Raw'!$D$6:$D$1712,'CEMIUP0.9 Raw'!$B$6:$B$1712,$J189,'CEMIUP0.9 Raw'!$H$6:$H$1712,"Y") -> 214 | E189: =SUMIFS('SALES Raw'!$D$6:$D$4467,'SALES Raw'!$J$6:$J$4467,$J189,'SALES Raw'!$K$6:$K$4467,"Y")+SUMIFS('CEMIUP0.9 Raw'!$E$6:$E$1712,'CEMIUP0.9 Raw'!$B$6:$B$1712,$J189,'CEMIUP0.9 Raw'!$H$6:$H$1712,"Y") -> 6043.151 | F189: =SUMIFS('SALES Raw'!$E$6:$E$4467,'SALES Raw'!$J$6:$J$4467,$J189,'SALES Raw'!$K$6:$K$4467,"Y")*$H$4+SUMIFS('CEMIUP0.9 Raw'!$F$6:$F$1712,'CEMIUP0.9 Raw'!$B$6:$B$1712,$J189,'CEMIUP0.9 Raw'!$H$6:$H$1712,"Y") -> 145.26316 | G189: =SUMIFS('SALES Raw'!$F$6:$F$4467,'SALES Raw'!$J$6:$J$4467,$J189,'SALES Raw'!$K$6:$K$4467,"Y")*$H$4+SUMIFS('CEMIUP0.9 Raw'!$G$6:$G$1712,'CEMIUP0.9 Raw'!$B$6:$B$1712,$J189,'CEMIUP0.9 Raw'!$H$6:$H$1712,"Y") -> 4271.9621 | H189: 107 - Pharmacies | I189: 114 - IL online | J189: 4413491
A190: =IF(ISNUMBER($J190),$J190,"") -> 4413101 | B190: =IFERROR(INDEX('SALES Raw'!$B$6:$B$4467,MATCH($J190,'SALES Raw'!$J$6:$J$4467,0)),IFERROR(INDEX('CEMIUP0.9 Raw'!$B$6:$B$1712,MATCH($J190,'CEMIUP0.9 Raw'!$B$6:$B$1712,0)),$J190)) -> 45E S | C190: =IF(ISNUMBER($J190),IFERROR(INDEX('TRANS'!$C:$C,MATCH($J190,'TRANS'!$B:$B,0)),IFERROR(INDEX('Catalog'!$B:$B,MATCH($J190,'Catalog'!$A:$A,0)),$B190)),$B190) -> 45E Sמגן ברך ארוך לבן | D190: =SUMIFS('SALES Raw'!$C$6:$C$4467,'SALES Raw'!$J$6:$J$4467,$J190,'SALES Raw'!$K$6:$K$4467,"Y")+SUMIFS('CEMIUP0.9 Raw'!$D$6:$D$1712,'CEMIUP0.9 Raw'!$B$6:$B$1712,$J190,'CEMIUP0.9 Raw'!$H$6:$H$1712,"Y") -> 122 | E190: =SUMIFS('SALES Raw'!$D$6:$D$4467,'SALES Raw'!$J$6:$J$4467,$J190,'SALES Raw'!$K$6:$K$4467,"Y")+SUMIFS('CEMIUP0.9 Raw'!$E$6:$E$1712,'CEMIUP0.9 Raw'!$B$6:$B$1712,$J190,'CEMIUP0.9 Raw'!$H$6:$H$1712,"Y") -> 3098.591 | F190: =SUMIFS('SALES Raw'!$E$6:$E$4467,'SALES Raw'!$J$6:$J$4467,$J190,'SALES Raw'!$K$6:$K$4467,"Y")*$H$4+SUMIFS('CEMIUP0.9 Raw'!$F$6:$F$1712,'CEMIUP0.9 Raw'!$B$6:$B$1712,$J190,'CEMIUP0.9 Raw'!$H$6:$H$1712,"Y") -> 144 | G190: =SUMIFS('SALES Raw'!$F$6:$F$4467,'SALES Raw'!$J$6:$J$4467,$J190,'SALES Raw'!$K$6:$K$4467,"Y")*$H$4+SUMIFS('CEMIUP0.9 Raw'!$G$6:$G$1712,'CEMIUP0.9 Raw'!$B$6:$B$1712,$J190,'CEMIUP0.9 Raw'!$H$6:$H$1712,"Y") -> 3537.6568 | H190: 113 - Kupat Holim Meuhedet | I190: 107 - Pharmacies | J190: 4413101
A191: =IF(ISNUMBER($J191),$J191,"") -> 4413034 | B191: =IFERROR(INDEX('SALES Raw'!$B$6:$B$4467,MATCH($J191,'SALES Raw'!$J$6:$J$4467,0)),IFERROR(INDEX('CEMIUP0.9 Raw'!$B$6:$B$1712,MATCH($J191,'CEMIUP0.9 Raw'!$B$6:$B$1712,0)),$J191)) -> 312 0 | C191: =IF(ISNUMBER($J191),IFERROR(INDEX('TRANS'!$C:$C,MATCH($J191,'TRANS'!$B:$B,0)),IFERROR(INDEX('Catalog'!$B:$B,MATCH($J191,'Catalog'!$A:$A,0)),$B191)),$B191) -> 312 9 מ""""ס להתאמהX5 מדבקה גדולה | D191: =SUMIFS('SALES Raw'!$C$6:$C$4467,'SALES Raw'!$J$6:$J$4467,$J191,'SALES Raw'!$K$6:$K$4467,"Y")+SUMIFS('CEMIUP0.9 Raw'!$D$6:$D$1712,'CEMIUP0.9 Raw'!$B$6:$B$1712,$J191,'CEMIUP0.9 Raw'!$H$6:$H$1712,"Y") -> 277 | E191: =SUMIFS('SALES Raw'!$D$6:$D$4467,'SALES Raw'!$J$6:$J$4467,$J191,'SALES Raw'!$K$6:$K$4467,"Y")+SUMIFS('CEMIUP0.9 Raw'!$E$6:$E$1712,'CEMIUP0.9 Raw'!$B$6:$B$1712,$J191,'CEMIUP0.9 Raw'!$H$6:$H$1712,"Y") -> 5925.67 | F191: =SUMIFS('SALES Raw'!$E$6:$E$4467,'SALES Raw'!$J$6:$J$4467,$J191,'SALES Raw'!$K$6:$K$4467,"Y")*$H$4+SUMIFS('CEMIUP0.9 Raw'!$F$6:$F$1712,'CEMIUP0.9 Raw'!$B$6:$B$1712,$J191,'CEMIUP0.9 Raw'!$H$6:$H$1712,"Y") -> 144 | G191: =SUMIFS('SALES Raw'!$F$6:$F$4467,'SALES Raw'!$J$6:$J$4467,$J191,'SALES Raw'!$K$6:$K$4467,"Y")*$H$4+SUMIFS('CEMIUP0.9 Raw'!$G$6:$G$1712,'CEMIUP0.9 Raw'!$B$6:$B$1712,$J191,'CEMIUP0.9 Raw'!$H$6:$H$1712,"Y") -> 3556.2038 | H191: 107 - Pharmacies | I191: 114 - IL online | J191: 4413034
A192: =IF(ISNUMBER($J192),$J192,"") -> 4420017 | B192: =IFERROR(INDEX('SALES Raw'!$B$6:$B$4467,MATCH($J192,'SALES Raw'!$J$6:$J$4467,0)),IFERROR(INDEX('CEMIUP0.9 Raw'!$B$6:$B$1712,MATCH($J192,'CEMIUP0.9 Raw'!$B$6:$B$1712,0)),$J192)) -> 4022 0 | C192: =IF(ISNUMBER($J192),IFERROR(INDEX('TRANS'!$C:$C,MATCH($J192,'TRANS'!$B:$B,0)),IFERROR(INDEX('Catalog'!$B:$B,MATCH($J192,'Catalog'!$A:$A,0)),$B192)),$B192) -> 4022 רצועת """"פיקה""""+כרית | D192: =SUMIFS('SALES Raw'!$C$6:$C$4467,'SALES Raw'!$J$6:$J$4467,$J192,'SALES Raw'!$K$6:$K$4467,"Y")+SUMIFS('CEMIUP0.9 Raw'!$D$6:$D$1712,'CEMIUP0.9 Raw'!$B$6:$B$1712,$J192,'CEMIUP0.9 Raw'!$H$6:$H$1712,"Y") -> 171 | E192: =SUMIFS('SALES Raw'!$D$6:$D$4467,'SALES Raw'!$J$6:$J$4467,$J192,'SALES Raw'!$K$6:$K$4467,"Y")+SUMIFS('CEMIUP0.9 Raw'!$E$6:$E$1712,'CEMIUP0.9 Raw'!$B$6:$B$1712,$J192,'CEMIUP0.9 Raw'!$H$6:$H$1712,"Y") -> 15494.201 | F192: =SUMIFS('SALES Raw'!$E$6:$E$4467,'SALES Raw'!$J$6:$J$4467,$J192,'SALES Raw'!$K$6:$K$4467,"Y")*$H$4+SUMIFS('CEMIUP0.9 Raw'!$F$6:$F$1712,'CEMIUP0.9 Raw'!$B$6:$B$1712,$J192,'CEMIUP0.9 Raw'!$H$6:$H$1712,"Y") -> 144 | G192: =SUMIFS('SALES Raw'!$F$6:$F$4467,'SALES Raw'!$J$6:$J$4467,$J192,'SALES Raw'!$K$6:$K$4467,"Y")*$H$4+SUMIFS('CEMIUP0.9 Raw'!$G$6:$G$1712,'CEMIUP0.9 Raw'!$B$6:$B$1712,$J192,'CEMIUP0.9 Raw'!$H$6:$H$1712,"Y") -> 17922.38 | H192: 114 - IL online | I192: 107 - Pharmacies | J192: 4420017
A193: =IF(ISNUMBER($J193),$J193,"") -> 4408250 | B193: =IFERROR(INDEX('SALES Raw'!$B$6:$B$4467,MATCH($J193,'SALES Raw'!$J$6:$J$4467,0)),IFERROR(INDEX('CEMIUP0.9 Raw'!$B$6:$B$1712,MATCH($J193,'CEMIUP0.9 Raw'!$B$6:$B$1712,0)),$J193)) -> SC25 XL | C193: =IF(ISNUMBER($J193),IFERROR(INDEX('TRANS'!$C:$C,MATCH($J193,'TRANS'!$B:$B,0)),IFERROR(INDEX('Catalog'!$B:$B,MATCH($J193,'Catalog'!$A:$A,0)),$B193)),$B193) -> SC25 XL חבק יד | D193: =SUMIFS('SALES Raw'!$C$6:$C$4467,'SALES Raw'!$J$6:$J$4467,$J193,'SALES Raw'!$K$6:$K$4467,"Y")+SUMIFS('CEMIUP0.9 Raw'!$D$6:$D$1712,'CEMIUP0.9 Raw'!$B$6:$B$1712,$J193,'CEMIUP0.9 Raw'!$H$6:$H$1712,"Y") -> 146 | E193: =SUMIFS('SALES Raw'!$D$6:$D$4467,'SALES Raw'!$J$6:$J$4467,$J193,'SALES Raw'!$K$6:$K$4467,"Y")+SUMIFS('CEMIUP0.9 Raw'!$E$6:$E$1712,'CEMIUP0.9 Raw'!$B$6:$B$1712,$J193,'CEMIUP0.9 Raw'!$H$6:$H$1712,"Y") -> 17131.691 | F193: =SUMIFS('SALES Raw'!$E$6:$E$4467,'SALES Raw'!$J$6:$J$4467,$J193,'SALES Raw'!$K$6:$K$4467,"Y")*$H$4+SUMIFS('CEMIUP0.9 Raw'!$F$6:$F$1712,'CEMIUP0.9 Raw'!$B$6:$B$1712,$J193,'CEMIUP0.9 Raw'!$H$6:$H$1712,"Y") -> 144 | G193: =SUMIFS('SALES Raw'!$F$6:$F$4467,'SALES Raw'!$J$6:$J$4467,$J193,'SALES Raw'!$K$6:$K$4467,"Y")*$H$4+SUMIFS('CEMIUP0.9 Raw'!$G$6:$G$1712,'CEMIUP0.9 Raw'!$B$6:$B$1712,$J193,'CEMIUP0.9 Raw'!$H$6:$H$1712,"Y") -> 18633.325 | H193: 114 - IL online | I193: 101 - Factory customers | J193: 4408250
A194: =IF(ISNUMBER($J194),$J194,"") -> 4408265 | B194: =IFERROR(INDEX('SALES Raw'!$B$6:$B$4467,MATCH($J194,'SALES Raw'!$J$6:$J$4467,0)),IFERROR(INDEX('CEMIUP0.9 Raw'!$B$6:$B$1712,MATCH($J194,'CEMIUP0.9 Raw'!$B$6:$B$1712,0)),$J194)) -> 078 XXL | C194: =IF(ISNUMBER($J194),IFERROR(INDEX('TRANS'!$C:$C,MATCH($J194,'TRANS'!$B:$B,0)),IFERROR(INDEX('Catalog'!$B:$B,MATCH($J194,'Catalog'!$A:$A,0)),$B194)),$B194) -> 078XXL חגורת גב +סגירה כפולה | D194: =SUMIFS('SALES Raw'!$C$6:$C$4467,'SALES Raw'!$J$6:$J$4467,$J194,'SALES Raw'!$K$6:$K$4467,"Y")+SUMIFS('CEMIUP0.9 Raw'!$D$6:$D$1712,'CEMIUP0.9 Raw'!$B$6:$B$1712,$J194,'CEMIUP0.9 Raw'!$H$6:$H$1712,"Y") -> 138 | E194: =SUMIFS('SALES Raw'!$D$6:$D$4467,'SALES Raw'!$J$6:$J$4467,$J194,'SALES Raw'!$K$6:$K$4467,"Y")+SUMIFS('CEMIUP0.9 Raw'!$E$6:$E$1712,'CEMIUP0.9 Raw'!$B$6:$B$1712,$J194,'CEMIUP0.9 Raw'!$H$6:$H$1712,"Y") -> 16734.226 | F194: =SUMIFS('SALES Raw'!$E$6:$E$4467,'SALES Raw'!$J$6:$J$4467,$J194,'SALES Raw'!$K$6:$K$4467,"Y")*$H$4+SUMIFS('CEMIUP0.9 Raw'!$F$6:$F$1712,'CEMIUP0.9 Raw'!$B$6:$B$1712,$J194,'CEMIUP0.9 Raw'!$H$6:$H$1712,"Y") -> 142.73684 | G194: =SUMIFS('SALES Raw'!$F$6:$F$4467,'SALES Raw'!$J$6:$J$4467,$J194,'SALES Raw'!$K$6:$K$4467,"Y")*$H$4+SUMIFS('CEMIUP0.9 Raw'!$G$6:$G$1712,'CEMIUP0.9 Raw'!$B$6:$B$1712,$J194,'CEMIUP0.9 Raw'!$H$6:$H$1712,"Y") -> 18492.741 | H194: 114 - IL online | I194: 107 - Pharmacies | J194: 4408265
A195: =IF(ISNUMBER($J195),$J195,"") -> 4411031 | B195: =IFERROR(INDEX('SALES Raw'!$B$6:$B$4467,MATCH($J195,'SALES Raw'!$J$6:$J$4467,0)),IFERROR(INDEX('CEMIUP0.9 Raw'!$B$6:$B$1712,MATCH($J195,'CEMIUP0.9 Raw'!$B$6:$B$1712,0)),$J195)) -> 213CTSR S | C195: =IF(ISNUMBER($J195),IFERROR(INDEX('TRANS'!$C:$C,MATCH($J195,'TRANS'!$B:$B,0)),IFERROR(INDEX('Catalog'!$B:$B,MATCH($J195,'Catalog'!$A:$A,0)),$B195)),$B195) -> 213CTS S ימין CTS כפפות | D195: =SUMIFS('SALES Raw'!$C$6:$C$4467,'SALES Raw'!$J$6:$J$4467,$J195,'SALES Raw'!$K$6:$K$4467,"Y")+SUMIFS('CEMIUP0.9 Raw'!$D$6:$D$1712,'CEMIUP0.9 Raw'!$B$6:$B$1712,$J195,'CEMIUP0.9 Raw'!$H$6:$H$1712,"Y") -> 46 | E195: =SUMIFS('SALES Raw'!$D$6:$D$4467,'SALES Raw'!$J$6:$J$4467,$J195,'SALES Raw'!$K$6:$K$4467,"Y")+SUMIFS('CEMIUP0.9 Raw'!$E$6:$E$1712,'CEMIUP0.9 Raw'!$B$6:$B$1712,$J195,'CEMIUP0.9 Raw'!$H$6:$H$1712,"Y") -> 6435.57 | F195: =SUMIFS('SALES Raw'!$E$6:$E$4467,'SALES Raw'!$J$6:$J$4467,$J195,'SALES Raw'!$K$6:$K$4467,"Y")*$H$4+SUMIFS('CEMIUP0.9 Raw'!$F$6:$F$1712,'CEMIUP0.9 Raw'!$B$6:$B$1712,$J195,'CEMIUP0.9 Raw'!$H$6:$H$1712,"Y") -> 142.73684 | G195: =SUMIFS('SALES Raw'!$F$6:$F$4467,'SALES Raw'!$J$6:$J$4467,$J195,'SALES Raw'!$K$6:$K$4467,"Y")*$H$4+SUMIFS('CEMIUP0.9 Raw'!$G$6:$G$1712,'CEMIUP0.9 Raw'!$B$6:$B$1712,$J195,'CEMIUP0.9 Raw'!$H$6:$H$1712,"Y") -> 24560.467 | H195: 114 - IL online | I195: 102 - Orthopedic institutes | J195: 4411031
A196: =IF(ISNUMBER($J196),$J196,"") -> 4408046 | B196: =IFERROR(INDEX('SALES Raw'!$B$6:$B$4467,MATCH($J196,'SALES Raw'!$J$6:$J$4467,0)),IFERROR(INDEX('CEMIUP0.9 Raw'!$B$6:$B$1712,MATCH($J196,'CEMIUP0.9 Raw'!$B$6:$B$1712,0)),$J196)) -> 20 L | C196: =IF(ISNUMBER($J196),IFERROR(INDEX('TRANS'!$C:$C,MATCH($J196,'TRANS'!$B:$B,0)),IFERROR(INDEX('Catalog'!$B:$B,MATCH($J196,'Catalog'!$A:$A,0)),$B196)),$B196) -> 20 L חבק יד מתכוון עם צמדן | D196: =SUMIFS('SALES Raw'!$C$6:$C$4467,'SALES Raw'!$J$6:$J$4467,$J196,'SALES Raw'!$K$6:$K$4467,"Y")+SUMIFS('CEMIUP0.9 Raw'!$D$6:$D$1712,'CEMIUP0.9 Raw'!$B$6:$B$1712,$J196,'CEMIUP0.9 Raw'!$H$6:$H$1712,"Y") -> 183 | E196: =SUMIFS('SALES Raw'!$D$6:$D$4467,'SALES Raw'!$J$6:$J$4467,$J196,'SALES Raw'!$K$6:$K$4467,"Y")+SUMIFS('CEMIUP0.9 Raw'!$E$6:$E$1712,'CEMIUP0.9 Raw'!$B$6:$B$1712,$J196,'CEMIUP0.9 Raw'!$H$6:$H$1712,"Y") -> 5548.94 | F196: =SUMIFS('SALES Raw'!$E$6:$E$4467,'SALES Raw'!$J$6:$J$4467,$J196,'SALES Raw'!$K$6:$K$4467,"Y")*$H$4+SUMIFS('CEMIUP0.9 Raw'!$F$6:$F$1712,'CEMIUP0.9 Raw'!$B$6:$B$1712,$J196,'CEMIUP0.9 Raw'!$H$6:$H$1712,"Y") -> 141.47368 | G196: =SUMIFS('SALES Raw'!$F$6:$F$4467,'SALES Raw'!$J$6:$J$4467,$J196,'SALES Raw'!$K$6:$K$4467,"Y")*$H$4+SUMIFS('CEMIUP0.9 Raw'!$G$6:$G$1712,'CEMIUP0.9 Raw'!$B$6:$B$1712,$J196,'CEMIUP0.9 Raw'!$H$6:$H$1712,"Y") -> 4229.3343 | H196: 107 - Pharmacies | I196: 102 - Orthopedic institutes | J196: 4408046
A197: =IF(ISNUMBER($J197),$J197,"") -> 4422039 | B197: =IFERROR(INDEX('SALES Raw'!$B$6:$B$4467,MATCH($J197,'SALES Raw'!$J$6:$J$4467,0)),IFERROR(INDEX('CEMIUP0.9 Raw'!$B$6:$B$1712,MATCH($J197,'CEMIUP0.9 Raw'!$B$6:$B$1712,0)),$J197)) -> SH422 3 | C197: =IF(ISNUMBER($J197),IFERROR(INDEX('TRANS'!$C:$C,MATCH($J197,'TRANS'!$B:$B,0)),IFERROR(INDEX('Catalog'!$B:$B,MATCH($J197,'Catalog'!$A:$A,0)),$B197)),$B197) -> SH422 3 תומך ברך גנושילד | D197: =SUMIFS('SALES Raw'!$C$6:$C$4467,'SALES Raw'!$J$6:$J$4467,$J197,'SALES Raw'!$K$6:$K$4467,"Y")+SUMIFS('CEMIUP0.9 Raw'!$D$6:$D$1712,'CEMIUP0.9 Raw'!$B$6:$B$1712,$J197,'CEMIUP0.9 Raw'!$H$6:$H$1712,"Y") -> 56 | E197: =SUMIFS('SALES Raw'!$D$6:$D$4467,'SALES Raw'!$J$6:$J$4467,$J197,'SALES Raw'!$K$6:$K$4467,"Y")+SUMIFS('CEMIUP0.9 Raw'!$E$6:$E$1712,'CEMIUP0.9 Raw'!$B$6:$B$1712,$J197,'CEMIUP0.9 Raw'!$H$6:$H$1712,"Y") -> 7856.481 | F197: =SUMIFS('SALES Raw'!$E$6:$E$4467,'SALES Raw'!$J$6:$J$4467,$J197,'SALES Raw'!$K$6:$K$4467,"Y")*$H$4+SUMIFS('CEMIUP0.9 Raw'!$F$6:$F$1712,'CEMIUP0.9 Raw'!$B$6:$B$1712,$J197,'CEMIUP0.9 Raw'!$H$6:$H$1712,"Y") -> 137.68421 | G197: =SUMIFS('SALES Raw'!$F$6:$F$4467,'SALES Raw'!$J$6:$J$4467,$J197,'SALES Raw'!$K$6:$K$4467,"Y")*$H$4+SUMIFS('CEMIUP0.9 Raw'!$G$6:$G$1712,'CEMIUP0.9 Raw'!$B$6:$B$1712,$J197,'CEMIUP0.9 Raw'!$H$6:$H$1712,"Y") -> 26072.193 | H197: 102 - Orthopedic institutes | I197: 107 - Pharmacies | J197: 4422039
A198: =IF(ISNUMBER($J198),$J198,"") -> 4411030 | B198: =IFERROR(INDEX('SALES Raw'!$B$6:$B$4467,MATCH($J198,'SALES Raw'!$J$6:$J$4467,0)),IFERROR(INDEX('CEMIUP0.9 Raw'!$B$6:$B$1712,MATCH($J198,'CEMIUP0.9 Raw'!$B$6:$B$1712,0)),$J198)) -> 213CTSR M | C198: =IF(ISNUMBER($J198),IFERROR(INDEX('TRANS'!$C:$C,MATCH($J198,'TRANS'!$B:$B,0)),IFERROR(INDEX('Catalog'!$B:$B,MATCH($J198,'Catalog'!$A:$A,0)),$B198)),$B198) -> 213CTSR M ימין CTS כפפות | D198: =SUMIFS('SALES Raw'!$C$6:$C$4467,'SALES Raw'!$J$6:$J$4467,$J198,'SALES Raw'!$K$6:$K$4467,"Y")+SUMIFS('CEMIUP0.9 Raw'!$D$6:$D$1712,'CEMIUP0.9 Raw'!$B$6:$B$1712,$J198,'CEMIUP0.9 Raw'!$H$6:$H$1712,"Y") -> 60 | E198: =SUMIFS('SALES Raw'!$D$6:$D$4467,'SALES Raw'!$J$6:$J$4467,$J198,'SALES Raw'!$K$6:$K$4467,"Y")+SUMIFS('CEMIUP0.9 Raw'!$E$6:$E$1712,'CEMIUP0.9 Raw'!$B$6:$B$1712,$J198,'CEMIUP0.9 Raw'!$H$6:$H$1712,"Y") -> 8590.38 | F198: =SUMIFS('SALES Raw'!$E$6:$E$4467,'SALES Raw'!$J$6:$J$4467,$J198,'SALES Raw'!$K$6:$K$4467,"Y")*$H$4+SUMIFS('CEMIUP0.9 Raw'!$F$6:$F$1712,'CEMIUP0.9 Raw'!$B$6:$B$1712,$J198,'CEMIUP0.9 Raw'!$H$6:$H$1712,"Y") -> 136.42105 | G198: =SUMIFS('SALES Raw'!$F$6:$F$4467,'SALES Raw'!$J$6:$J$4467,$J198,'SALES Raw'!$K$6:$K$4467,"Y")*$H$4+SUMIFS('CEMIUP0.9 Raw'!$G$6:$G$1712,'CEMIUP0.9 Raw'!$B$6:$B$1712,$J198,'CEMIUP0.9 Raw'!$H$6:$H$1712,"Y") -> 22585.53 | H198: 114 - IL online | I198: 113 - Kupat Holim Meuhedet | J198: 4411030
... A202: =IF(ISNUMBER($J202),$J202,"") -> 4408230 | B202: =IFERROR(INDEX('SALES Raw'!$B$6:$B$4467,MATCH($J202,'SALES Raw'!$J$6:$J$4467,0)),IFERROR(INDEX('CEMIUP0.9 Raw'!$B$6:$B$1712,MATCH($J202,'CEMIUP0.9 Raw'!$B$6:$B$1712,0)),$J202)) -> 16-L-XL | C202: =IF(ISNUMBER($J202),IFERROR(INDEX('TRANS'!$C:$C,MATCH($J202,'TRANS'!$B:$B,0)),IFERROR(INDEX('Catalog'!$B:$B,MATCH($J202,'Catalog'!$A:$A,0)),$B202)),$B202) -> 16 L-XL חגורת הריון | D202: =SUMIFS('SALES Raw'!$C$6:$C$4467,'SALES Raw'!$J$6:$J$4467,$J202,'SALES Raw'!$K$6:$K$4467,"Y")+SUMIFS('CEMIUP0.9 Raw'!$D$6:$D$1712,'CEMIUP0.9 Raw'!$B$6:$B$1712,$J202,'CEMIUP0.9 Raw'!$H$6:$H$1712,"Y") -> 123 | E202: =SUMIFS('SALES Raw'!$D$6:$D$4467,'SALES Raw'!$J$6:$J$4467,$J202,'SALES Raw'!$K$6:$K$4467,"Y")+SUMIFS('CEMIUP0.9 Raw'!$E$6:$E$1712,'CEMIUP0.9 Raw'!$B$6:$B$1712,$J202,'CEMIUP0.9 Raw'!$H$6:$H$1712,"Y") -> 12026.071 | F202: =SUMIFS('SALES Raw'!$E$6:$E$4467,'SALES Raw'!$J$6:$J$4467,$J202,'SALES Raw'!$K$6:$K$4467,"Y")*$H$4+SUMIFS('CEMIUP0.9 Raw'!$F$6:$F$1712,'CEMIUP0.9 Raw'!$B$6:$B$1712,$J202,'CEMIUP0.9 Raw'!$H$6:$H$1712,"Y") -> 133.89474 | G202: =SUMIFS('SALES Raw'!$F$6:$F$4467,'SALES Raw'!$J$6:$J$4467,$J202,'SALES Raw'!$K$6:$K$4467,"Y")*$H$4+SUMIFS('CEMIUP0.9 Raw'!$G$6:$G$1712,'CEMIUP0.9 Raw'!$B$6:$B$1712,$J202,'CEMIUP0.9 Raw'!$H$6:$H$1712,"Y") -> 13955.438 | H202: 113 - Kupat Holim Meuhedet | I202: 107 - Pharmacies | J202: 4408230
A203: =IF(ISNUMBER($J203),$J203,"") | B203: =IFERROR(INDEX('SALES Raw'!$B$6:$B$4467,MATCH($J203,'SALES Raw'!$J$6:$J$4467,0)),IFERROR(INDEX('CEMIUP0.9 Raw'!$B$6:$B$1712,MATCH($J203,'CEMIUP0.9 Raw'!$B$6:$B$1712,0)),$J203)) -> 395W-39-42 | C203: =IF(ISNUMBER($J203),IFERROR(INDEX('TRANS'!$C:$C,MATCH($J203,'TRANS'!$B:$B,0)),IFERROR(INDEX('Catalog'!$B:$B,MATCH($J203,'Catalog'!$A:$A,0)),$B203)),$B203) -> 395W-39-42 | D203: =SUMIFS('SALES Raw'!$C$6:$C$4467,'SALES Raw'!$J$6:$J$4467,$J203,'SALES Raw'!$K$6:$K$4467,"Y")+SUMIFS('CEMIUP0.9 Raw'!$D$6:$D$1712,'CEMIUP0.9 Raw'!$B$6:$B$1712,$J203,'CEMIUP0.9 Raw'!$H$6:$H$1712,"Y") -> 0 | E203: =SUMIFS('SALES Raw'!$D$6:$D$4467,'SALES Raw'!$J$6:$J$4467,$J203,'SALES Raw'!$K$6:$K$4467,"Y")+SUMIFS('CEMIUP0.9 Raw'!$E$6:$E$1712,'CEMIUP0.9 Raw'!$B$6:$B$1712,$J203,'CEMIUP0.9 Raw'!$H$6:$H$1712,"Y") -> 0 | F203: =SUMIFS('SALES Raw'!$E$6:$E$4467,'SALES Raw'!$J$6:$J$4467,$J203,'SALES Raw'!$K$6:$K$4467,"Y")*$H$4+SUMIFS('CEMIUP0.9 Raw'!$F$6:$F$1712,'CEMIUP0.9 Raw'!$B$6:$B$1712,$J203,'CEMIUP0.9 Raw'!$H$6:$H$1712,"Y") -> 133.89474 | G203: =SUMIFS('SALES Raw'!$F$6:$F$4467,'SALES Raw'!$J$6:$J$4467,$J203,'SALES Raw'!$K$6:$K$4467,"Y")*$H$4+SUMIFS('CEMIUP0.9 Raw'!$G$6:$G$1712,'CEMIUP0.9 Raw'!$B$6:$B$1712,$J203,'CEMIUP0.9 Raw'!$H$6:$H$1712,"Y") -> 5951.7726 | H203: 114 - IL online | I203: 102 - Orthopedic institutes | J203: 395W-39-42
A204: =IF(ISNUMBER($J204),$J204,"") -> 4408154 | B204: =IFERROR(INDEX('SALES Raw'!$B$6:$B$4467,MATCH($J204,'SALES Raw'!$J$6:$J$4467,0)),IFERROR(INDEX('CEMIUP0.9 Raw'!$B$6:$B$1712,MATCH($J204,'CEMIUP0.9 Raw'!$B$6:$B$1712,0)),$J204)) -> 11TO XXL | C204: =IF(ISNUMBER($J204),IFERROR(INDEX('TRANS'!$C:$C,MATCH($J204,'TRANS'!$B:$B,0)),IFERROR(INDEX('Catalog'!$B:$B,MATCH($J204,'Catalog'!$A:$A,0)),$B204)),$B204) -> 11TO XXLחגורה למנותחי בית החזה | D204: =SUMIFS('SALES Raw'!$C$6:$C$4467,'SALES Raw'!$J$6:$J$4467,$J204,'SALES Raw'!$K$6:$K$4467,"Y")+SUMIFS('CEMIUP0.9 Raw'!$D$6:$D$1712,'CEMIUP0.9 Raw'!$B$6:$B$1712,$J204,'CEMIUP0.9 Raw'!$H$6:$H$1712,"Y") -> 90 | E204: =SUMIFS('SALES Raw'!$D$6:$D$4467,'SALES Raw'!$J$6:$J$4467,$J204,'SALES Raw'!$K$6:$K$4467,"Y")+SUMIFS('CEMIUP0.9 Raw'!$E$6:$E$1712,'CEMIUP0.9 Raw'!$B$6:$B$1712,$J204,'CEMIUP0.9 Raw'!$H$6:$H$1712,"Y") -> 14448.617 | F204: =SUMIFS('SALES Raw'!$E$6:$E$4467,'SALES Raw'!$J$6:$J$4467,$J204,'SALES Raw'!$K$6:$K$4467,"Y")*$H$4+SUMIFS('CEMIUP0.9 Raw'!$F$6:$F$1712,'CEMIUP0.9 Raw'!$B$6:$B$1712,$J204,'CEMIUP0.9 Raw'!$H$6:$H$1712,"Y") -> 132.63158 | G204: =SUMIFS('SALES Raw'!$F$6:$F$4467,'SALES Raw'!$J$6:$J$4467,$J204,'SALES Raw'!$K$6:$K$4467,"Y")*$H$4+SUMIFS('CEMIUP0.9 Raw'!$G$6:$G$1712,'CEMIUP0.9 Raw'!$B$6:$B$1712,$J204,'CEMIUP0.9 Raw'!$H$6:$H$1712,"Y") -> 19804.085 | H204: 102 - Orthopedic institutes | I204: 114 - IL online | J204: 4408154
A205: =IF(ISNUMBER($J205),$J205,"") -> 4422006 | B205: =IFERROR(INDEX('SALES Raw'!$B$6:$B$4467,MATCH($J205,'SALES Raw'!$J$6:$J$4467,0)),IFERROR(INDEX('CEMIUP0.9 Raw'!$B$6:$B$1712,MATCH($J205,'CEMIUP0.9 Raw'!$B$6:$B$1712,0)),$J205)) -> T78 L | C205: =IF(ISNUMBER($J205),IFERROR(INDEX('TRANS'!$C:$C,MATCH($J205,'TRANS'!$B:$B,0)),IFERROR(INDEX('Catalog'!$B:$B,MATCH($J205,'Catalog'!$A:$A,0)),$B205)),$B205) -> T78 L תומך זרוע וכתף | D205: =SUMIFS('SALES Raw'!$C$6:$C$4467,'SALES Raw'!$J$6:$J$4467,$J205,'SALES Raw'!$K$6:$K$4467,"Y")+SUMIFS('CEMIUP0.9 Raw'!$D$6:$D$1712,'CEMIUP0.9 Raw'!$B$6:$B$1712,$J205,'CEMIUP0.9 Raw'!$H$6:$H$1712,"Y") -> 136 | E205: =SUMIFS('SALES Raw'!$D$6:$D$4467,'SALES Raw'!$J$6:$J$4467,$J205,'SALES Raw'!$K$6:$K$4467,"Y")+SUMIFS('CEMIUP0.9 Raw'!$E$6:$E$1712,'CEMIUP0.9 Raw'!$B$6:$B$1712,$J205,'CEMIUP0.9 Raw'!$H$6:$H$1712,"Y") -> 21992.392 | F205: =SUMIFS('SALES Raw'!$E$6:$E$4467,'SALES Raw'!$J$6:$J$4467,$J205,'SALES Raw'!$K$6:$K$4467,"Y")*$H$4+SUMIFS('CEMIUP0.9 Raw'!$F$6:$F$1712,'CEMIUP0.9 Raw'!$B$6:$B$1712,$J205,'CEMIUP0.9 Raw'!$H$6:$H$1712,"Y") -> 132.63158 | G205: =SUMIFS('SALES Raw'!$F$6:$F$4467,'SALES Raw'!$J$6:$J$4467,$J205,'SALES Raw'!$K$6:$K$4467,"Y")*$H$4+SUMIFS('CEMIUP0.9 Raw'!$G$6:$G$1712,'CEMIUP0.9 Raw'!$B$6:$B$1712,$J205,'CEMIUP0.9 Raw'!$H$6:$H$1712,"Y") -> 21674.123 | H205: 102 - Orthopedic institutes | I205: 107 - Pharmacies | J205: 4422006
A206: =IF(ISNUMBER($J206),$J206,"") -> 4408223 | B206: =IFERROR(INDEX('SALES Raw'!$B$6:$B$4467,MATCH($J206,'SALES Raw'!$J$6:$J$4467,0)),IFERROR(INDEX('CEMIUP0.9 Raw'!$B$6:$B$1712,MATCH($J206,'CEMIUP0.9 Raw'!$B$6:$B$1712,0)),$J206)) -> 078G XXL | C206: =IF(ISNUMBER($J206),IFERROR(INDEX('TRANS'!$C:$C,MATCH($J206,'TRANS'!$B:$B,0)),IFERROR(INDEX('Catalog'!$B:$B,MATCH($J206,'Catalog'!$A:$A,0)),$B206)),$B206) -> 078G-XXLחגורת גב אפורה | D206: =SUMIFS('SALES Raw'!$C$6:$C$4467,'SALES Raw'!$J$6:$J$4467,$J206,'SALES Raw'!$K$6:$K$4467,"Y")+SUMIFS('CEMIUP0.9 Raw'!$D$6:$D$1712,'CEMIUP0.9 Raw'!$B$6:$B$1712,$J206,'CEMIUP0.9 Raw'!$H$6:$H$1712,"Y") -> 218 | E206: =SUMIFS('SALES Raw'!$D$6:$D$4467,'SALES Raw'!$J$6:$J$4467,$J206,'SALES Raw'!$K$6:$K$4467,"Y")+SUMIFS('CEMIUP0.9 Raw'!$E$6:$E$1712,'CEMIUP0.9 Raw'!$B$6:$B$1712,$J206,'CEMIUP0.9 Raw'!$H$6:$H$1712,"Y") -> 18011.223 | F206: =SUMIFS('SALES Raw'!$E$6:$E$4467,'SALES Raw'!$J$6:$J$4467,$J206,'SALES Raw'!$K$6:$K$4467,"Y")*$H$4+SUMIFS('CEMIUP0.9 Raw'!$F$6:$F$1712,'CEMIUP0.9 Raw'!$B$6:$B$1712,$J206,'CEMIUP0.9 Raw'!$H$6:$H$1712,"Y") -> 130.10526 | G206: =SUMIFS('SALES Raw'!$F$6:$F$4467,'SALES Raw'!$J$6:$J$4467,$J206,'SALES Raw'!$K$6:$K$4467,"Y")*$H$4+SUMIFS('CEMIUP0.9 Raw'!$G$6:$G$1712,'CEMIUP0.9 Raw'!$B$6:$B$1712,$J206,'CEMIUP0.9 Raw'!$H$6:$H$1712,"Y") -> 10804.801 | H206: 113 - Kupat Holim Meuhedet | I206: 107 - Pharmacies | J206: 4408223
A207: =IF(ISNUMBER($J207),$J207,"") -> 4403017 | B207: =IFERROR(INDEX('SALES Raw'!$B$6:$B$4467,MATCH($J207,'SALES Raw'!$J$6:$J$4467,0)),IFERROR(INDEX('CEMIUP0.9 Raw'!$B$6:$B$1712,MATCH($J207,'CEMIUP0.9 Raw'!$B$6:$B$1712,0)),$J207)) -> 394B-35-38 | C207: =IF(ISNUMBER($J207),IFERROR(INDEX('TRANS'!$C:$C,MATCH($J207,'TRANS'!$B:$B,0)),IFERROR(INDEX('Catalog'!$B:$B,MATCH($J207,'Catalog'!$A:$A,0)),$B207)),$B207) -> 394B גרב.כסף לסכרתים שחור35-38 | D207: =SUMIFS('SALES Raw'!$C$6:$C$4467,'SALES Raw'!$J$6:$J$4467,$J207,'SALES Raw'!$K$6:$K$4467,"Y")+SUMIFS('CEMIUP0.9 Raw'!$D$6:$D$1712,'CEMIUP0.9 Raw'!$B$6:$B$1712,$J207,'CEMIUP0.9 Raw'!$H$6:$H$1712,"Y") -> 276 | E207: =SUMIFS('SALES Raw'!$D$6:$D$4467,'SALES Raw'!$J$6:$J$4467,$J207,'SALES Raw'!$K$6:$K$4467,"Y")+SUMIFS('CEMIUP0.9 Raw'!$E$6:$E$1712,'CEMIUP0.9 Raw'!$B$6:$B$1712,$J207,'CEMIUP0.9 Raw'!$H$6:$H$1712,"Y") -> 6451.875 | F207: =SUMIFS('SALES Raw'!$E$6:$E$4467,'SALES Raw'!$J$6:$J$4467,$J207,'SALES Raw'!$K$6:$K$4467,"Y")*$H$4+SUMIFS('CEMIUP0.9 Raw'!$F$6:$F$1712,'CEMIUP0.9 Raw'!$B$6:$B$1712,$J207,'CEMIUP0.9 Raw'!$H$6:$H$1712,"Y") -> 130.10526 | G207: =SUMIFS('SALES Raw'!$F$6:$F$4467,'SALES Raw'!$J$6:$J$4467,$J207,'SALES Raw'!$K$6:$K$4467,"Y")*$H$4+SUMIFS('CEMIUP0.9 Raw'!$G$6:$G$1712,'CEMIUP0.9 Raw'!$B$6:$B$1712,$J207,'CEMIUP0.9 Raw'!$H$6:$H$1712,"Y") -> 2862.2286 | H207: 102 - Orthopedic institutes | I207: 107 - Pharmacies | J207: 4403017
A208: =IF(ISNUMBER($J208),$J208,"") -> 4422041 | B208: =IFERROR(INDEX('SALES Raw'!$B$6:$B$4467,MATCH($J208,'SALES Raw'!$J$6:$J$4467,0)),IFERROR(INDEX('CEMIUP0.9 Raw'!$B$6:$B$1712,MATCH($J208,'CEMIUP0.9 Raw'!$B$6:$B$1712,0)),$J208)) -> SH422 5 | C208: =IF(ISNUMBER($J208),IFERROR(INDEX('TRANS'!$C:$C,MATCH($J208,'TRANS'!$B:$B,0)),IFERROR(INDEX('Catalog'!$B:$B,MATCH($J208,'Catalog'!$A:$A,0)),$B208)),$B208) -> SH422 5 תומך ברך גנושילד | D208: =SUMIFS('SALES Raw'!$C$6:$C$4467,'SALES Raw'!$J$6:$J$4467,$J208,'SALES Raw'!$K$6:$K$4467,"Y")+SUMIFS('CEMIUP0.9 Raw'!$D$6:$D$1712,'CEMIUP0.9 Raw'!$B$6:$B$1712,$J208,'CEMIUP0.9 Raw'!$H$6:$H$1712,"Y") -> 60 | E208: =SUMIFS('SALES Raw'!$D$6:$D$4467,'SALES Raw'!$J$6:$J$4467,$J208,'SALES Raw'!$K$6:$K$4467,"Y")+SUMIFS('CEMIUP0.9 Raw'!$E$6:$E$1712,'CEMIUP0.9 Raw'!$B$6:$B$1712,$J208,'CEMIUP0.9 Raw'!$H$6:$H$1712,"Y") -> 8243.715 | F208: =SUMIFS('SALES Raw'!$E$6:$E$4467,'SALES Raw'!$J$6:$J$4467,$J208,'SALES Raw'!$K$6:$K$4467,"Y")*$H$4+SUMIFS('CEMIUP0.9 Raw'!$F$6:$F$1712,'CEMIUP0.9 Raw'!$B$6:$B$1712,$J208,'CEMIUP0.9 Raw'!$H$6:$H$1712,"Y") -> 128.84211 | G208: =SUMIFS('SALES Raw'!$F$6:$F$4467,'SALES Raw'!$J$6:$J$4467,$J208,'SALES Raw'!$K$6:$K$4467,"Y")*$H$4+SUMIFS('CEMIUP0.9 Raw'!$G$6:$G$1712,'CEMIUP0.9 Raw'!$B$6:$B$1712,$J208,'CEMIUP0.9 Raw'!$H$6:$H$1712,"Y") -> 19991.505 | H208: 107 - Pharmacies | I208: 102 - Orthopedic institutes | J208: 4422041
A209: =IF(ISNUMBER($J209),$J209,"") -> 4413397 | B209: =IFERROR(INDEX('SALES Raw'!$B$6:$B$4467,MATCH($J209,'SALES Raw'!$J$6:$J$4467,0)),IFERROR(INDEX('CEMIUP0.9 Raw'!$B$6:$B$1712,MATCH($J209,'CEMIUP0.9 Raw'!$B$6:$B$1712,0)),$J209)) -> 45EC XL | C209: =IF(ISNUMBER($J209),IFERROR(INDEX('TRANS'!$C:$C,MATCH($J209,'TRANS'!$B:$B,0)),IFERROR(INDEX('Catalog'!$B:$B,MATCH($J209,'Catalog'!$A:$A,0)),$B209)),$B209) -> 45EC XL'מגן ברך ארוך בז | D209: =SUMIFS('SALES Raw'!$C$6:$C$4467,'SALES Raw'!$J$6:$J$4467,$J209,'SALES Raw'!$K$6:$K$4467,"Y")+SUMIFS('CEMIUP0.9 Raw'!$D$6:$D$1712,'CEMIUP0.9 Raw'!$B$6:$B$1712,$J209,'CEMIUP0.9 Raw'!$H$6:$H$1712,"Y") -> 110 | E209: =SUMIFS('SALES Raw'!$D$6:$D$4467,'SALES Raw'!$J$6:$J$4467,$J209,'SALES Raw'!$K$6:$K$4467,"Y")+SUMIFS('CEMIUP0.9 Raw'!$E$6:$E$1712,'CEMIUP0.9 Raw'!$B$6:$B$1712,$J209,'CEMIUP0.9 Raw'!$H$6:$H$1712,"Y") -> 3631.386 | F209: =SUMIFS('SALES Raw'!$E$6:$E$4467,'SALES Raw'!$J$6:$J$4467,$J209,'SALES Raw'!$K$6:$K$4467,"Y")*$H$4+SUMIFS('CEMIUP0.9 Raw'!$F$6:$F$1712,'CEMIUP0.9 Raw'!$B$6:$B$1712,$J209,'CEMIUP0.9 Raw'!$H$6:$H$1712,"Y") -> 125.05263 | G209: =SUMIFS('SALES Raw'!$F$6:$F$4467,'SALES Raw'!$J$6:$J$4467,$J209,'SALES Raw'!$K$6:$K$4467,"Y")*$H$4+SUMIFS('CEMIUP0.9 Raw'!$G$6:$G$1712,'CEMIUP0.9 Raw'!$B$6:$B$1712,$J209,'CEMIUP0.9 Raw'!$H$6:$H$1712,"Y") -> 4227.1276 | H209: 107 - Pharmacies | I209: 114 - IL online | J209: 4413397
A210: =IF(ISNUMBER($J210),$J210,"") -> 4413162 | B210: =IFERROR(INDEX('SALES Raw'!$B$6:$B$4467,MATCH($J210,'SALES Raw'!$J$6:$J$4467,0)),IFERROR(INDEX('CEMIUP0.9 Raw'!$B$6:$B$1712,MATCH($J210,'CEMIUP0.9 Raw'!$B$6:$B$1712,0)),$J210)) -> 34+ XL | C210: =IF(ISNUMBER($J210),IFERROR(INDEX('TRANS'!$C:$C,MATCH($J210,'TRANS'!$B:$B,0)),IFERROR(INDEX('Catalog'!$B:$B,MATCH($J210,'Catalog'!$A:$A,0)),$B210)),$B210) -> 34+XL מגן קרסול עקב סגור+רצוע | D210: =SUMIFS('SALES Raw'!$C$6:$C$4467,'SALES Raw'!$J$6:$J$4467,$J210,'SALES Raw'!$K$6:$K$4467,"Y")+SUMIFS('CEMIUP0.9 Raw'!$D$6:$D$1712,'CEMIUP0.9 Raw'!$B$6:$B$1712,$J210,'CEMIUP0.9 Raw'!$H$6:$H$1712,"Y") -> 180 | E210: =SUMIFS('SALES Raw'!$D$6:$D$4467,'SALES Raw'!$J$6:$J$4467,$J210,'SALES Raw'!$K$6:$K$4467,"Y")+SUMIFS('CEMIUP0.9 Raw'!$E$6:$E$1712,'CEMIUP0.9 Raw'!$B$6:$B$1712,$J210,'CEMIUP0.9 Raw'!$H$6:$H$1712,"Y") -> 9813.451 | F210: =SUMIFS('SALES Raw'!$E$6:$E$4467,'SALES Raw'!$J$6:$J$4467,$J210,'SALES Raw'!$K$6:$K$4467,"Y")*$H$4+SUMIFS('CEMIUP0.9 Raw'!$F$6:$F$1712,'CEMIUP0.9 Raw'!$B$6:$B$1712,$J210,'CEMIUP0.9 Raw'!$H$6:$H$1712,"Y") -> 125.05263 | G210: =SUMIFS('SALES Raw'!$F$6:$F$4467,'SALES Raw'!$J$6:$J$4467,$J210,'SALES Raw'!$K$6:$K$4467,"Y")*$H$4+SUMIFS('CEMIUP0.9 Raw'!$G$6:$G$1712,'CEMIUP0.9 Raw'!$B$6:$B$1712,$J210,'CEMIUP0.9 Raw'!$H$6:$H$1712,"Y") -> 7156.6168 | H210: 113 - Kupat Holim Meuhedet | I210: 102 - Orthopedic institutes | J210: 4413162
A211: =IF(ISNUMBER($J211),$J211,"") -> 4408034 | B211: =IFERROR(INDEX('SALES Raw'!$B$6:$B$4467,MATCH($J211,'SALES Raw'!$J$6:$J$4467,0)),IFERROR(INDEX('CEMIUP0.9 Raw'!$B$6:$B$1712,MATCH($J211,'CEMIUP0.9 Raw'!$B$6:$B$1712,0)),$J211)) -> 11 XL | C211: =IF(ISNUMBER($J211),IFERROR(INDEX('TRANS'!$C:$C,MATCH($J211,'TRANS'!$B:$B,0)),IFERROR(INDEX('Catalog'!$B:$B,MATCH($J211,'Catalog'!$A:$A,0)),$B211)),$B211) -> 11 XL""""חגורת בטן""""אורירית | D211: =SUMIFS('SALES Raw'!$C$6:$C$4467,'SALES Raw'!$J$6:$J$4467,$J211,'SALES Raw'!$K$6:$K$4467,"Y")+SUMIFS('CEMIUP0.9 Raw'!$D$6:$D$1712,'CEMIUP0.9 Raw'!$B$6:$B$1712,$J211,'CEMIUP0.9 Raw'!$H$6:$H$1712,"Y") -> 209 | E211: =SUMIFS('SALES Raw'!$D$6:$D$4467,'SALES Raw'!$J$6:$J$4467,$J211,'SALES Raw'!$K$6:$K$4467,"Y")+SUMIFS('CEMIUP0.9 Raw'!$E$6:$E$1712,'CEMIUP0.9 Raw'!$B$6:$B$1712,$J211,'CEMIUP0.9 Raw'!$H$6:$H$1712,"Y") -> 17279.235 | F211: =SUMIFS('SALES Raw'!$E$6:$E$4467,'SALES Raw'!$J$6:$J$4467,$J211,'SALES Raw'!$K$6:$K$4467,"Y")*$H$4+SUMIFS('CEMIUP0.9 Raw'!$F$6:$F$1712,'CEMIUP0.9 Raw'!$B$6:$B$1712,$J211,'CEMIUP0.9 Raw'!$H$6:$H$1712,"Y") -> 123.78947 | G211: =SUMIFS('SALES Raw'!$F$6:$F$4467,'SALES Raw'!$J$6:$J$4467,$J211,'SALES Raw'!$K$6:$K$4467,"Y")*$H$4+SUMIFS('CEMIUP0.9 Raw'!$G$6:$G$1712,'CEMIUP0.9 Raw'!$B$6:$B$1712,$J211,'CEMIUP0.9 Raw'!$H$6:$H$1712,"Y") -> 10844.5 | H211: 113 - Kupat Holim Meuhedet | I211: 107 - Pharmacies | J211: 4408034
A212: =IF(ISNUMBER($J212),$J212,"") -> 4422034 | B212: =IFERROR(INDEX('SALES Raw'!$B$6:$B$4467,MATCH($J212,'SALES Raw'!$J$6:$J$4467,0)),IFERROR(INDEX('CEMIUP0.9 Raw'!$B$6:$B$1712,MATCH($J212,'CEMIUP0.9 Raw'!$B$6:$B$1712,0)),$J212)) -> 807CB-P | C212: =IF(ISNUMBER($J212),IFERROR(INDEX('TRANS'!$C:$C,MATCH($J212,'TRANS'!$B:$B,0)),IFERROR(INDEX('Catalog'!$B:$B,MATCH($J212,'Catalog'!$A:$A,0)),$B212)),$B212) -> 807CB-P תחבושת נצמדת ורוד 20ממ | D212: =SUMIFS('SALES Raw'!$C$6:$C$4467,'SALES Raw'!$J$6:$J$4467,$J212,'SALES Raw'!$K$6:$K$4467,"Y")+SUMIFS('CEMIUP0.9 Raw'!$D$6:$D$1712,'CEMIUP0.9 Raw'!$B$6:$B$1712,$J212,'CEMIUP0.9 Raw'!$H$6:$H$1712,"Y") -> 237 | E212: =SUMIFS('SALES Raw'!$D$6:$D$4467,'SALES Raw'!$J$6:$J$4467,$J212,'SALES Raw'!$K$6:$K$4467,"Y")+SUMIFS('CEMIUP0.9 Raw'!$E$6:$E$1712,'CEMIUP0.9 Raw'!$B$6:$B$1712,$J212,'CEMIUP0.9 Raw'!$H$6:$H$1712,"Y") -> 2196.275 | F212: =SUMIFS('SALES Raw'!$E$6:$E$4467,'SALES Raw'!$J$6:$J$4467,$J212,'SALES Raw'!$K$6:$K$4467,"Y")*$H$4+SUMIFS('CEMIUP0.9 Raw'!$F$6:$F$1712,'CEMIUP0.9 Raw'!$B$6:$B$1712,$J212,'CEMIUP0.9 Raw'!$H$6:$H$1712,"Y") -> 123.78947 | G212: =SUMIFS('SALES Raw'!$F$6:$F$4467,'SALES Raw'!$J$6:$J$4467,$J212,'SALES Raw'!$K$6:$K$4467,"Y")*$H$4+SUMIFS('CEMIUP0.9 Raw'!$G$6:$G$1712,'CEMIUP0.9 Raw'!$B$6:$B$1712,$J212,'CEMIUP0.9 Raw'!$H$6:$H$1712,"Y") -> 1726.1899 | H212: 107 - Pharmacies | I212: 114 - IL online | J212: 4422034
A213: =IF(ISNUMBER($J213),$J213,"") -> 4413498 | B213: =IFERROR(INDEX('SALES Raw'!$B$6:$B$4467,MATCH($J213,'SALES Raw'!$J$6:$J$4467,0)),IFERROR(INDEX('CEMIUP0.9 Raw'!$B$6:$B$1712,MATCH($J213,'CEMIUP0.9 Raw'!$B$6:$B$1712,0)),$J213)) -> 45B S | C213: =IF(ISNUMBER($J213),IFERROR(INDEX('TRANS'!$C:$C,MATCH($J213,'TRANS'!$B:$B,0)),IFERROR(INDEX('Catalog'!$B:$B,MATCH($J213,'Catalog'!$A:$A,0)),$B213)),$B213) -> 45B S מגן ברך שחור | D213: =SUMIFS('SALES Raw'!$C$6:$C$4467,'SALES Raw'!$J$6:$J$4467,$J213,'SALES Raw'!$K$6:$K$4467,"Y")+SUMIFS('CEMIUP0.9 Raw'!$D$6:$D$1712,'CEMIUP0.9 Raw'!$B$6:$B$1712,$J213,'CEMIUP0.9 Raw'!$H$6:$H$1712,"Y") -> 143 | E213: =SUMIFS('SALES Raw'!$D$6:$D$4467,'SALES Raw'!$J$6:$J$4467,$J213,'SALES Raw'!$K$6:$K$4467,"Y")+SUMIFS('CEMIUP0.9 Raw'!$E$6:$E$1712,'CEMIUP0.9 Raw'!$B$6:$B$1712,$J213,'CEMIUP0.9 Raw'!$H$6:$H$1712,"Y") -> 4225.215 | F213: =SUMIFS('SALES Raw'!$E$6:$E$4467,'SALES Raw'!$J$6:$J$4467,$J213,'SALES Raw'!$K$6:$K$4467,"Y")*$H$4+SUMIFS('CEMIUP0.9 Raw'!$F$6:$F$1712,'CEMIUP0.9 Raw'!$B$6:$B$1712,$J213,'CEMIUP0.9 Raw'!$H$6:$H$1712,"Y") -> 122.52632 | G213: =SUMIFS('SALES Raw'!$F$6:$F$4467,'SALES Raw'!$J$6:$J$4467,$J213,'SALES Raw'!$K$6:$K$4467,"Y")*$H$4+SUMIFS('CEMIUP0.9 Raw'!$G$6:$G$1712,'CEMIUP0.9 Raw'!$B$6:$B$1712,$J213,'CEMIUP0.9 Raw'!$H$6:$H$1712,"Y") -> 3541.7709 | H213: 107 - Pharmacies | I213: 101 - Factory customers | J213: 4413498
A214: =IF(ISNUMBER($J214),$J214,"") -> 4409012 | B214: =IFERROR(INDEX('SALES Raw'!$B$6:$B$4467,MATCH($J214,'SALES Raw'!$J$6:$J$4467,0)),IFERROR(INDEX('CEMIUP0.9 Raw'!$B$6:$B$1712,MATCH($J214,'CEMIUP0.9 Raw'!$B$6:$B$1712,0)),$J214)) -> 804AT-C | C214: =IF(ISNUMBER($J214),IFERROR(INDEX('TRANS'!$C:$C,MATCH($J214,'TRANS'!$B:$B,0)),IFERROR(INDEX('Catalog'!$B:$B,MATCH($J214,'Catalog'!$A:$A,0)),$B214)),$B214) -> 804AT-C טייפ חבישה לספורט | D214: =SUMIFS('SALES Raw'!$C$6:$C$4467,'SALES Raw'!$J$6:$J$4467,$J214,'SALES Raw'!$K$6:$K$4467,"Y")+SUMIFS('CEMIUP0.9 Raw'!$D$6:$D$1712,'CEMIUP0.9 Raw'!$B$6:$B$1712,$J214,'CEMIUP0.9 Raw'!$H$6:$H$1712,"Y") -> 88 | E214: =SUMIFS('SALES Raw'!$D$6:$D$4467,'SALES Raw'!$J$6:$J$4467,$J214,'SALES Raw'!$K$6:$K$4467,"Y")+SUMIFS('CEMIUP0.9 Raw'!$E$6:$E$1712,'CEMIUP0.9 Raw'!$B$6:$B$1712,$J214,'CEMIUP0.9 Raw'!$H$6:$H$1712,"Y") -> 1695.266 | F214: =SUMIFS('SALES Raw'!$E$6:$E$4467,'SALES Raw'!$J$6:$J$4467,$J214,'SALES Raw'!$K$6:$K$4467,"Y")*$H$4+SUMIFS('CEMIUP0.9 Raw'!$F$6:$F$1712,'CEMIUP0.9 Raw'!$B$6:$B$1712,$J214,'CEMIUP0.9 Raw'!$H$6:$H$1712,"Y") -> 122.52632 | G214: =SUMIFS('SALES Raw'!$F$6:$F$4467,'SALES Raw'!$J$6:$J$4467,$J214,'SALES Raw'!$K$6:$K$4467,"Y")*$H$4+SUMIFS('CEMIUP0.9 Raw'!$G$6:$G$1712,'CEMIUP0.9 Raw'!$B$6:$B$1712,$J214,'CEMIUP0.9 Raw'!$H$6:$H$1712,"Y") -> 2742.9309 | H214: 114 - IL online | I214: 107 - Pharmacies | J214: 4409012
A215: =IF(ISNUMBER($J215),$J215,"") -> 4413502 | B215: =IFERROR(INDEX('SALES Raw'!$B$6:$B$4467,MATCH($J215,'SALES Raw'!$J$6:$J$4467,0)),IFERROR(INDEX('CEMIUP0.9 Raw'!$B$6:$B$1712,MATCH($J215,'CEMIUP0.9 Raw'!$B$6:$B$1712,0)),$J215)) -> 95B S | C215: =IF(ISNUMBER($J215),IFERROR(INDEX('TRANS'!$C:$C,MATCH($J215,'TRANS'!$B:$B,0)),IFERROR(INDEX('Catalog'!$B:$B,MATCH($J215,'Catalog'!$A:$A,0)),$B215)),$B215) -> 95B S מגן מרפק שחור | D215: =SUMIFS('SALES Raw'!$C$6:$C$4467,'SALES Raw'!$J$6:$J$4467,$J215,'SALES Raw'!$K$6:$K$4467,"Y")+SUMIFS('CEMIUP0.9 Raw'!$D$6:$D$1712,'CEMIUP0.9 Raw'!$B$6:$B$1712,$J215,'CEMIUP0.9 Raw'!$H$6:$H$1712,"Y") -> 135 | E215: =SUMIFS('SALES Raw'!$D$6:$D$4467,'SALES Raw'!$J$6:$J$4467,$J215,'SALES Raw'!$K$6:$K$4467,"Y")+SUMIFS('CEMIUP0.9 Raw'!$E$6:$E$1712,'CEMIUP0.9 Raw'!$B$6:$B$1712,$J215,'CEMIUP0.9 Raw'!$H$6:$H$1712,"Y") -> 3756.982 | F215: =SUMIFS('SALES Raw'!$E$6:$E$4467,'SALES Raw'!$J$6:$J$4467,$J215,'SALES Raw'!$K$6:$K$4467,"Y")*$H$4+SUMIFS('CEMIUP0.9 Raw'!$F$6:$F$1712,'CEMIUP0.9 Raw'!$B$6:$B$1712,$J215,'CEMIUP0.9 Raw'!$H$6:$H$1712,"Y") -> 120 | G215: =SUMIFS('SALES Raw'!$F$6:$F$4467,'SALES Raw'!$J$6:$J$4467,$J215,'SALES Raw'!$K$6:$K$4467,"Y")*$H$4+SUMIFS('CEMIUP0.9 Raw'!$G$6:$G$1712,'CEMIUP0.9 Raw'!$B$6:$B$1712,$J215,'CEMIUP0.9 Raw'!$H$6:$H$1712,"Y") -> 3489.4168 | H215: 107 - Pharmacies | I215: 102 - Orthopedic institutes | J215: 4413502
... A221: =IF(ISNUMBER($J221),$J221,"") -> 4403001 | B221: =IFERROR(INDEX('SALES Raw'!$B$6:$B$4467,MATCH($J221,'SALES Raw'!$J$6:$J$4467,0)),IFERROR(INDEX('CEMIUP0.9 Raw'!$B$6:$B$1712,MATCH($J221,'CEMIUP0.9 Raw'!$B$6:$B$1712,0)),$J221)) -> 390B-39-42 | C221: =IF(ISNUMBER($J221),IFERROR(INDEX('TRANS'!$C:$C,MATCH($J221,'TRANS'!$B:$B,0)),IFERROR(INDEX('Catalog'!$B:$B,MATCH($J221,'Catalog'!$A:$A,0)),$B221)),$B221) -> 390B 39-42.גרב.כסף לסכרתיים שח | D221: =SUMIFS('SALES Raw'!$C$6:$C$4467,'SALES Raw'!$J$6:$J$4467,$J221,'SALES Raw'!$K$6:$K$4467,"Y")+SUMIFS('CEMIUP0.9 Raw'!$D$6:$D$1712,'CEMIUP0.9 Raw'!$B$6:$B$1712,$J221,'CEMIUP0.9 Raw'!$H$6:$H$1712,"Y") -> 148 | E221: =SUMIFS('SALES Raw'!$D$6:$D$4467,'SALES Raw'!$J$6:$J$4467,$J221,'SALES Raw'!$K$6:$K$4467,"Y")+SUMIFS('CEMIUP0.9 Raw'!$E$6:$E$1712,'CEMIUP0.9 Raw'!$B$6:$B$1712,$J221,'CEMIUP0.9 Raw'!$H$6:$H$1712,"Y") -> 4197.424 | F221: =SUMIFS('SALES Raw'!$E$6:$E$4467,'SALES Raw'!$J$6:$J$4467,$J221,'SALES Raw'!$K$6:$K$4467,"Y")*$H$4+SUMIFS('CEMIUP0.9 Raw'!$F$6:$F$1712,'CEMIUP0.9 Raw'!$B$6:$B$1712,$J221,'CEMIUP0.9 Raw'!$H$6:$H$1712,"Y") -> 112.42105 | G221: =SUMIFS('SALES Raw'!$F$6:$F$4467,'SALES Raw'!$J$6:$J$4467,$J221,'SALES Raw'!$K$6:$K$4467,"Y")*$H$4+SUMIFS('CEMIUP0.9 Raw'!$G$6:$G$1712,'CEMIUP0.9 Raw'!$B$6:$B$1712,$J221,'CEMIUP0.9 Raw'!$H$6:$H$1712,"Y") -> 3601.8695 | H221: 113 - Kupat Holim Meuhedet | I221: 102 - Orthopedic institutes | J221: 4403001
A222: =IF(ISNUMBER($J222),$J222,"") | B222: =IFERROR(INDEX('SALES Raw'!$B$6:$B$4467,MATCH($J222,'SALES Raw'!$J$6:$J$4467,0)),IFERROR(INDEX('CEMIUP0.9 Raw'!$B$6:$B$1712,MATCH($J222,'CEMIUP0.9 Raw'!$B$6:$B$1712,0)),$J222)) -> 84-S-M | C222: =IF(ISNUMBER($J222),IFERROR(INDEX('TRANS'!$C:$C,MATCH($J222,'TRANS'!$B:$B,0)),IFERROR(INDEX('Catalog'!$B:$B,MATCH($J222,'Catalog'!$A:$A,0)),$B222)),$B222) -> 84-S-M | D222: =SUMIFS('SALES Raw'!$C$6:$C$4467,'SALES Raw'!$J$6:$J$4467,$J222,'SALES Raw'!$K$6:$K$4467,"Y")+SUMIFS('CEMIUP0.9 Raw'!$D$6:$D$1712,'CEMIUP0.9 Raw'!$B$6:$B$1712,$J222,'CEMIUP0.9 Raw'!$H$6:$H$1712,"Y") -> 108 | E222: =SUMIFS('SALES Raw'!$D$6:$D$4467,'SALES Raw'!$J$6:$J$4467,$J222,'SALES Raw'!$K$6:$K$4467,"Y")+SUMIFS('CEMIUP0.9 Raw'!$E$6:$E$1712,'CEMIUP0.9 Raw'!$B$6:$B$1712,$J222,'CEMIUP0.9 Raw'!$H$6:$H$1712,"Y") -> 22327.87 | F222: =SUMIFS('SALES Raw'!$E$6:$E$4467,'SALES Raw'!$J$6:$J$4467,$J222,'SALES Raw'!$K$6:$K$4467,"Y")*$H$4+SUMIFS('CEMIUP0.9 Raw'!$F$6:$F$1712,'CEMIUP0.9 Raw'!$B$6:$B$1712,$J222,'CEMIUP0.9 Raw'!$H$6:$H$1712,"Y") -> 112.42105 | G222: =SUMIFS('SALES Raw'!$F$6:$F$4467,'SALES Raw'!$J$6:$J$4467,$J222,'SALES Raw'!$K$6:$K$4467,"Y")*$H$4+SUMIFS('CEMIUP0.9 Raw'!$G$6:$G$1712,'CEMIUP0.9 Raw'!$B$6:$B$1712,$J222,'CEMIUP0.9 Raw'!$H$6:$H$1712,"Y") -> 23424.164 | H222: 114 - IL online | I222: 102 - Orthopedic institutes | J222: 84-S-M
A223: =IF(ISNUMBER($J223),$J223,"") -> 4415000 | B223: =IFERROR(INDEX('SALES Raw'!$B$6:$B$4467,MATCH($J223,'SALES Raw'!$J$6:$J$4467,0)),IFERROR(INDEX('CEMIUP0.9 Raw'!$B$6:$B$1712,MATCH($J223,'CEMIUP0.9 Raw'!$B$6:$B$1712,0)),$J223)) -> 26 L | C223: =IF(ISNUMBER($J223),IFERROR(INDEX('TRANS'!$C:$C,MATCH($J223,'TRANS'!$B:$B,0)),IFERROR(INDEX('Catalog'!$B:$B,MATCH($J223,'Catalog'!$A:$A,0)),$B223)),$B223) -> 26 L סד ליד דו צדדי לאחר שבר | D223: =SUMIFS('SALES Raw'!$C$6:$C$4467,'SALES Raw'!$J$6:$J$4467,$J223,'SALES Raw'!$K$6:$K$4467,"Y")+SUMIFS('CEMIUP0.9 Raw'!$D$6:$D$1712,'CEMIUP0.9 Raw'!$B$6:$B$1712,$J223,'CEMIUP0.9 Raw'!$H$6:$H$1712,"Y") -> 139 | E223: =SUMIFS('SALES Raw'!$D$6:$D$4467,'SALES Raw'!$J$6:$J$4467,$J223,'SALES Raw'!$K$6:$K$4467,"Y")+SUMIFS('CEMIUP0.9 Raw'!$E$6:$E$1712,'CEMIUP0.9 Raw'!$B$6:$B$1712,$J223,'CEMIUP0.9 Raw'!$H$6:$H$1712,"Y") -> 13410.784 | F223: =SUMIFS('SALES Raw'!$E$6:$E$4467,'SALES Raw'!$J$6:$J$4467,$J223,'SALES Raw'!$K$6:$K$4467,"Y")*$H$4+SUMIFS('CEMIUP0.9 Raw'!$F$6:$F$1712,'CEMIUP0.9 Raw'!$B$6:$B$1712,$J223,'CEMIUP0.9 Raw'!$H$6:$H$1712,"Y") -> 112.42105 | G223: =SUMIFS('SALES Raw'!$F$6:$F$4467,'SALES Raw'!$J$6:$J$4467,$J223,'SALES Raw'!$K$6:$K$4467,"Y")*$H$4+SUMIFS('CEMIUP0.9 Raw'!$G$6:$G$1712,'CEMIUP0.9 Raw'!$B$6:$B$1712,$J223,'CEMIUP0.9 Raw'!$H$6:$H$1712,"Y") -> 10862.13 | H223: 107 - Pharmacies | I223: 102 - Orthopedic institutes | J223: 4415000
A224: =IF(ISNUMBER($J224),$J224,"") -> 4403018 | B224: =IFERROR(INDEX('SALES Raw'!$B$6:$B$4467,MATCH($J224,'SALES Raw'!$J$6:$J$4467,0)),IFERROR(INDEX('CEMIUP0.9 Raw'!$B$6:$B$1712,MATCH($J224,'CEMIUP0.9 Raw'!$B$6:$B$1712,0)),$J224)) -> 394B-39-42 | C224: =IF(ISNUMBER($J224),IFERROR(INDEX('TRANS'!$C:$C,MATCH($J224,'TRANS'!$B:$B,0)),IFERROR(INDEX('Catalog'!$B:$B,MATCH($J224,'Catalog'!$A:$A,0)),$B224)),$B224) -> 394B גרב.כסף לסכרתים שחור39-42 | D224: =SUMIFS('SALES Raw'!$C$6:$C$4467,'SALES Raw'!$J$6:$J$4467,$J224,'SALES Raw'!$K$6:$K$4467,"Y")+SUMIFS('CEMIUP0.9 Raw'!$D$6:$D$1712,'CEMIUP0.9 Raw'!$B$6:$B$1712,$J224,'CEMIUP0.9 Raw'!$H$6:$H$1712,"Y") -> 757 | E224: =SUMIFS('SALES Raw'!$D$6:$D$4467,'SALES Raw'!$J$6:$J$4467,$J224,'SALES Raw'!$K$6:$K$4467,"Y")+SUMIFS('CEMIUP0.9 Raw'!$E$6:$E$1712,'CEMIUP0.9 Raw'!$B$6:$B$1712,$J224,'CEMIUP0.9 Raw'!$H$6:$H$1712,"Y") -> 17711.461 | F224: =SUMIFS('SALES Raw'!$E$6:$E$4467,'SALES Raw'!$J$6:$J$4467,$J224,'SALES Raw'!$K$6:$K$4467,"Y")*$H$4+SUMIFS('CEMIUP0.9 Raw'!$F$6:$F$1712,'CEMIUP0.9 Raw'!$B$6:$B$1712,$J224,'CEMIUP0.9 Raw'!$H$6:$H$1712,"Y") -> 112.42105 | G224: =SUMIFS('SALES Raw'!$F$6:$F$4467,'SALES Raw'!$J$6:$J$4467,$J224,'SALES Raw'!$K$6:$K$4467,"Y")*$H$4+SUMIFS('CEMIUP0.9 Raw'!$G$6:$G$1712,'CEMIUP0.9 Raw'!$B$6:$B$1712,$J224,'CEMIUP0.9 Raw'!$H$6:$H$1712,"Y") -> 2535.3234 | H224: 107 - Pharmacies | I224: 113 - Kupat Holim Meuhedet | J224: 4403018
A225: =IF(ISNUMBER($J225),$J225,"") -> 4408247 | B225: =IFERROR(INDEX('SALES Raw'!$B$6:$B$4467,MATCH($J225,'SALES Raw'!$J$6:$J$4467,0)),IFERROR(INDEX('CEMIUP0.9 Raw'!$B$6:$B$1712,MATCH($J225,'CEMIUP0.9 Raw'!$B$6:$B$1712,0)),$J225)) -> SC25 S | C225: =IF(ISNUMBER($J225),IFERROR(INDEX('TRANS'!$C:$C,MATCH($J225,'TRANS'!$B:$B,0)),IFERROR(INDEX('Catalog'!$B:$B,MATCH($J225,'Catalog'!$A:$A,0)),$B225)),$B225) -> SC25 S חבק יד | D225: =SUMIFS('SALES Raw'!$C$6:$C$4467,'SALES Raw'!$J$6:$J$4467,$J225,'SALES Raw'!$K$6:$K$4467,"Y")+SUMIFS('CEMIUP0.9 Raw'!$D$6:$D$1712,'CEMIUP0.9 Raw'!$B$6:$B$1712,$J225,'CEMIUP0.9 Raw'!$H$6:$H$1712,"Y") -> 95 | E225: =SUMIFS('SALES Raw'!$D$6:$D$4467,'SALES Raw'!$J$6:$J$4467,$J225,'SALES Raw'!$K$6:$K$4467,"Y")+SUMIFS('CEMIUP0.9 Raw'!$E$6:$E$1712,'CEMIUP0.9 Raw'!$B$6:$B$1712,$J225,'CEMIUP0.9 Raw'!$H$6:$H$1712,"Y") -> 11999.553 | F225: =SUMIFS('SALES Raw'!$E$6:$E$4467,'SALES Raw'!$J$6:$J$4467,$J225,'SALES Raw'!$K$6:$K$4467,"Y")*$H$4+SUMIFS('CEMIUP0.9 Raw'!$F$6:$F$1712,'CEMIUP0.9 Raw'!$B$6:$B$1712,$J225,'CEMIUP0.9 Raw'!$H$6:$H$1712,"Y") -> 111.15789 | G225: =SUMIFS('SALES Raw'!$F$6:$F$4467,'SALES Raw'!$J$6:$J$4467,$J225,'SALES Raw'!$K$6:$K$4467,"Y")*$H$4+SUMIFS('CEMIUP0.9 Raw'!$G$6:$G$1712,'CEMIUP0.9 Raw'!$B$6:$B$1712,$J225,'CEMIUP0.9 Raw'!$H$6:$H$1712,"Y") -> 14889.193 | H225: 114 - IL online | I225: 107 - Pharmacies | J225: 4408247
A226: =IF(ISNUMBER($J226),$J226,"") -> 4408273 | B226: =IFERROR(INDEX('SALES Raw'!$B$6:$B$4467,MATCH($J226,'SALES Raw'!$J$6:$J$4467,0)),IFERROR(INDEX('CEMIUP0.9 Raw'!$B$6:$B$1712,MATCH($J226,'CEMIUP0.9 Raw'!$B$6:$B$1712,0)),$J226)) -> 70N M | C226: =IF(ISNUMBER($J226),IFERROR(INDEX('TRANS'!$C:$C,MATCH($J226,'TRANS'!$B:$B,0)),IFERROR(INDEX('Catalog'!$B:$B,MATCH($J226,'Catalog'!$A:$A,0)),$B226)),$B226) -> 70N M חגורת פאבליק | D226: =SUMIFS('SALES Raw'!$C$6:$C$4467,'SALES Raw'!$J$6:$J$4467,$J226,'SALES Raw'!$K$6:$K$4467,"Y")+SUMIFS('CEMIUP0.9 Raw'!$D$6:$D$1712,'CEMIUP0.9 Raw'!$B$6:$B$1712,$J226,'CEMIUP0.9 Raw'!$H$6:$H$1712,"Y") -> 90 | E226: =SUMIFS('SALES Raw'!$D$6:$D$4467,'SALES Raw'!$J$6:$J$4467,$J226,'SALES Raw'!$K$6:$K$4467,"Y")+SUMIFS('CEMIUP0.9 Raw'!$E$6:$E$1712,'CEMIUP0.9 Raw'!$B$6:$B$1712,$J226,'CEMIUP0.9 Raw'!$H$6:$H$1712,"Y") -> 22824 | F226: =SUMIFS('SALES Raw'!$E$6:$E$4467,'SALES Raw'!$J$6:$J$4467,$J226,'SALES Raw'!$K$6:$K$4467,"Y")*$H$4+SUMIFS('CEMIUP0.9 Raw'!$F$6:$F$1712,'CEMIUP0.9 Raw'!$B$6:$B$1712,$J226,'CEMIUP0.9 Raw'!$H$6:$H$1712,"Y") -> 109.89474 | G226: =SUMIFS('SALES Raw'!$F$6:$F$4467,'SALES Raw'!$J$6:$J$4467,$J226,'SALES Raw'!$K$6:$K$4467,"Y")*$H$4+SUMIFS('CEMIUP0.9 Raw'!$G$6:$G$1712,'CEMIUP0.9 Raw'!$B$6:$B$1712,$J226,'CEMIUP0.9 Raw'!$H$6:$H$1712,"Y") -> 28270.338 | H226: 102 - Orthopedic institutes | I226: 114 - IL online | J226: 4408273
A227: =IF(ISNUMBER($J227),$J227,"") -> 4416005 | B227: =IFERROR(INDEX('SALES Raw'!$B$6:$B$4467,MATCH($J227,'SALES Raw'!$J$6:$J$4467,0)),IFERROR(INDEX('CEMIUP0.9 Raw'!$B$6:$B$1712,MATCH($J227,'CEMIUP0.9 Raw'!$B$6:$B$1712,0)),$J227)) -> 308 M | C227: =IF(ISNUMBER($J227),IFERROR(INDEX('TRANS'!$C:$C,MATCH($J227,'TRANS'!$B:$B,0)),IFERROR(INDEX('Catalog'!$B:$B,MATCH($J227,'Catalog'!$A:$A,0)),$B227)),$B227) -> 308 Mעקבים סיליק.כחול לדורבן | D227: =SUMIFS('SALES Raw'!$C$6:$C$4467,'SALES Raw'!$J$6:$J$4467,$J227,'SALES Raw'!$K$6:$K$4467,"Y")+SUMIFS('CEMIUP0.9 Raw'!$D$6:$D$1712,'CEMIUP0.9 Raw'!$B$6:$B$1712,$J227,'CEMIUP0.9 Raw'!$H$6:$H$1712,"Y") -> 147 | E227: =SUMIFS('SALES Raw'!$D$6:$D$4467,'SALES Raw'!$J$6:$J$4467,$J227,'SALES Raw'!$K$6:$K$4467,"Y")+SUMIFS('CEMIUP0.9 Raw'!$E$6:$E$1712,'CEMIUP0.9 Raw'!$B$6:$B$1712,$J227,'CEMIUP0.9 Raw'!$H$6:$H$1712,"Y") -> 7879.999 | F227: =SUMIFS('SALES Raw'!$E$6:$E$4467,'SALES Raw'!$J$6:$J$4467,$J227,'SALES Raw'!$K$6:$K$4467,"Y")*$H$4+SUMIFS('CEMIUP0.9 Raw'!$F$6:$F$1712,'CEMIUP0.9 Raw'!$B$6:$B$1712,$J227,'CEMIUP0.9 Raw'!$H$6:$H$1712,"Y") -> 108.63158 | G227: =SUMIFS('SALES Raw'!$F$6:$F$4467,'SALES Raw'!$J$6:$J$4467,$J227,'SALES Raw'!$K$6:$K$4467,"Y")*$H$4+SUMIFS('CEMIUP0.9 Raw'!$G$6:$G$1712,'CEMIUP0.9 Raw'!$B$6:$B$1712,$J227,'CEMIUP0.9 Raw'!$H$6:$H$1712,"Y") -> 6247.992 | H227: 107 - Pharmacies | I227: 114 - IL online | J227: 4416005
A228: =IF(ISNUMBER($J228),$J228,"") -> 4422005 | B228: =IFERROR(INDEX('SALES Raw'!$B$6:$B$4467,MATCH($J228,'SALES Raw'!$J$6:$J$4467,0)),IFERROR(INDEX('CEMIUP0.9 Raw'!$B$6:$B$1712,MATCH($J228,'CEMIUP0.9 Raw'!$B$6:$B$1712,0)),$J228)) -> T78 M | C228: =IF(ISNUMBER($J228),IFERROR(INDEX('TRANS'!$C:$C,MATCH($J228,'TRANS'!$B:$B,0)),IFERROR(INDEX('Catalog'!$B:$B,MATCH($J228,'Catalog'!$A:$A,0)),$B228)),$B228) -> T78 M תומך זרוע וכתף | D228: =SUMIFS('SALES Raw'!$C$6:$C$4467,'SALES Raw'!$J$6:$J$4467,$J228,'SALES Raw'!$K$6:$K$4467,"Y")+SUMIFS('CEMIUP0.9 Raw'!$D$6:$D$1712,'CEMIUP0.9 Raw'!$B$6:$B$1712,$J228,'CEMIUP0.9 Raw'!$H$6:$H$1712,"Y") -> 142 | E228: =SUMIFS('SALES Raw'!$D$6:$D$4467,'SALES Raw'!$J$6:$J$4467,$J228,'SALES Raw'!$K$6:$K$4467,"Y")+SUMIFS('CEMIUP0.9 Raw'!$E$6:$E$1712,'CEMIUP0.9 Raw'!$B$6:$B$1712,$J228,'CEMIUP0.9 Raw'!$H$6:$H$1712,"Y") -> 22217.62 | F228: =SUMIFS('SALES Raw'!$E$6:$E$4467,'SALES Raw'!$J$6:$J$4467,$J228,'SALES Raw'!$K$6:$K$4467,"Y")*$H$4+SUMIFS('CEMIUP0.9 Raw'!$F$6:$F$1712,'CEMIUP0.9 Raw'!$B$6:$B$1712,$J228,'CEMIUP0.9 Raw'!$H$6:$H$1712,"Y") -> 107.36842 | G228: =SUMIFS('SALES Raw'!$F$6:$F$4467,'SALES Raw'!$J$6:$J$4467,$J228,'SALES Raw'!$K$6:$K$4467,"Y")*$H$4+SUMIFS('CEMIUP0.9 Raw'!$G$6:$G$1712,'CEMIUP0.9 Raw'!$B$6:$B$1712,$J228,'CEMIUP0.9 Raw'!$H$6:$H$1712,"Y") -> 18721.421 | H228: 102 - Orthopedic institutes | I228: 114 - IL online | J228: 4422005
A229: =IF(ISNUMBER($J229),$J229,"") -> 4415074 | B229: =IFERROR(INDEX('SALES Raw'!$B$6:$B$4467,MATCH($J229,'SALES Raw'!$J$6:$J$4467,0)),IFERROR(INDEX('CEMIUP0.9 Raw'!$B$6:$B$1712,MATCH($J229,'CEMIUP0.9 Raw'!$B$6:$B$1712,0)),$J229)) -> T28AC-S-M | C229: =IF(ISNUMBER($J229),IFERROR(INDEX('TRANS'!$C:$C,MATCH($J229,'TRANS'!$B:$B,0)),IFERROR(INDEX('Catalog'!$B:$B,MATCH($J229,'Catalog'!$A:$A,0)),$B229)),$B229) -> T28AC S-M סד לאגודל | D229: =SUMIFS('SALES Raw'!$C$6:$C$4467,'SALES Raw'!$J$6:$J$4467,$J229,'SALES Raw'!$K$6:$K$4467,"Y")+SUMIFS('CEMIUP0.9 Raw'!$D$6:$D$1712,'CEMIUP0.9 Raw'!$B$6:$B$1712,$J229,'CEMIUP0.9 Raw'!$H$6:$H$1712,"Y") -> 107 | E229: =SUMIFS('SALES Raw'!$D$6:$D$4467,'SALES Raw'!$J$6:$J$4467,$J229,'SALES Raw'!$K$6:$K$4467,"Y")+SUMIFS('CEMIUP0.9 Raw'!$E$6:$E$1712,'CEMIUP0.9 Raw'!$B$6:$B$1712,$J229,'CEMIUP0.9 Raw'!$H$6:$H$1712,"Y") -> 7069.788 | F229: =SUMIFS('SALES Raw'!$E$6:$E$4467,'SALES Raw'!$J$6:$J$4467,$J229,'SALES Raw'!$K$6:$K$4467,"Y")*$H$4+SUMIFS('CEMIUP0.9 Raw'!$F$6:$F$1712,'CEMIUP0.9 Raw'!$B$6:$B$1712,$J229,'CEMIUP0.9 Raw'!$H$6:$H$1712,"Y") -> 106.10526 | G229: =SUMIFS('SALES Raw'!$F$6:$F$4467,'SALES Raw'!$J$6:$J$4467,$J229,'SALES Raw'!$K$6:$K$4467,"Y")*$H$4+SUMIFS('CEMIUP0.9 Raw'!$G$6:$G$1712,'CEMIUP0.9 Raw'!$B$6:$B$1712,$J229,'CEMIUP0.9 Raw'!$H$6:$H$1712,"Y") -> 7692.4813 | H229: 107 - Pharmacies | I229: 114 - IL online | J229: 4415074
A230: =IF(ISNUMBER($J230),$J230,"") -> 4403040 | B230: =IFERROR(INDEX('SALES Raw'!$B$6:$B$4467,MATCH($J230,'SALES Raw'!$J$6:$J$4467,0)),IFERROR(INDEX('CEMIUP0.9 Raw'!$B$6:$B$1712,MATCH($J230,'CEMIUP0.9 Raw'!$B$6:$B$1712,0)),$J230)) -> 3444B 0 | C230: =IF(ISNUMBER($J230),IFERROR(INDEX('TRANS'!$C:$C,MATCH($J230,'TRANS'!$B:$B,0)),IFERROR(INDEX('Catalog'!$B:$B,MATCH($J230,'Catalog'!$A:$A,0)),$B230)),$B230) -> 3444B גרבי ג'ל לריכוך עור העקב | D230: =SUMIFS('SALES Raw'!$C$6:$C$4467,'SALES Raw'!$J$6:$J$4467,$J230,'SALES Raw'!$K$6:$K$4467,"Y")+SUMIFS('CEMIUP0.9 Raw'!$D$6:$D$1712,'CEMIUP0.9 Raw'!$B$6:$B$1712,$J230,'CEMIUP0.9 Raw'!$H$6:$H$1712,"Y") -> 181 | E230: =SUMIFS('SALES Raw'!$D$6:$D$4467,'SALES Raw'!$J$6:$J$4467,$J230,'SALES Raw'!$K$6:$K$4467,"Y")+SUMIFS('CEMIUP0.9 Raw'!$E$6:$E$1712,'CEMIUP0.9 Raw'!$B$6:$B$1712,$J230,'CEMIUP0.9 Raw'!$H$6:$H$1712,"Y") -> 6732.294 | F230: =SUMIFS('SALES Raw'!$E$6:$E$4467,'SALES Raw'!$J$6:$J$4467,$J230,'SALES Raw'!$K$6:$K$4467,"Y")*$H$4+SUMIFS('CEMIUP0.9 Raw'!$F$6:$F$1712,'CEMIUP0.9 Raw'!$B$6:$B$1712,$J230,'CEMIUP0.9 Raw'!$H$6:$H$1712,"Y") -> 106.10526 | G230: =SUMIFS('SALES Raw'!$F$6:$F$4467,'SALES Raw'!$J$6:$J$4467,$J230,'SALES Raw'!$K$6:$K$4467,"Y")*$H$4+SUMIFS('CEMIUP0.9 Raw'!$G$6:$G$1712,'CEMIUP0.9 Raw'!$B$6:$B$1712,$J230,'CEMIUP0.9 Raw'!$H$6:$H$1712,"Y") -> 5049.9107 | H230: 114 - IL online | I230: 107 - Pharmacies | J230: 4403040
A231: =IF(ISNUMBER($J231),$J231,"") -> 4413061 | B231: =IFERROR(INDEX('SALES Raw'!$B$6:$B$4467,MATCH($J231,'SALES Raw'!$J$6:$J$4467,0)),IFERROR(INDEX('CEMIUP0.9 Raw'!$B$6:$B$1712,MATCH($J231,'CEMIUP0.9 Raw'!$B$6:$B$1712,0)),$J231)) -> 3641 0 | C231: =IF(ISNUMBER($J231),IFERROR(INDEX('TRANS'!$C:$C,MATCH($J231,'TRANS'!$B:$B,0)),IFERROR(INDEX('Catalog'!$B:$B,MATCH($J231,'Catalog'!$A:$A,0)),$B231)),$B231) -> 3641-מיישר בוהן סיליקון קשיח | D231: =SUMIFS('SALES Raw'!$C$6:$C$4467,'SALES Raw'!$J$6:$J$4467,$J231,'SALES Raw'!$K$6:$K$4467,"Y")+SUMIFS('CEMIUP0.9 Raw'!$D$6:$D$1712,'CEMIUP0.9 Raw'!$B$6:$B$1712,$J231,'CEMIUP0.9 Raw'!$H$6:$H$1712,"Y") -> 421 | E231: =SUMIFS('SALES Raw'!$D$6:$D$4467,'SALES Raw'!$J$6:$J$4467,$J231,'SALES Raw'!$K$6:$K$4467,"Y")+SUMIFS('CEMIUP0.9 Raw'!$E$6:$E$1712,'CEMIUP0.9 Raw'!$B$6:$B$1712,$J231,'CEMIUP0.9 Raw'!$H$6:$H$1712,"Y") -> 6865.506 | F231: =SUMIFS('SALES Raw'!$E$6:$E$4467,'SALES Raw'!$J$6:$J$4467,$J231,'SALES Raw'!$K$6:$K$4467,"Y")*$H$4+SUMIFS('CEMIUP0.9 Raw'!$F$6:$F$1712,'CEMIUP0.9 Raw'!$B$6:$B$1712,$J231,'CEMIUP0.9 Raw'!$H$6:$H$1712,"Y") -> 104.84211 | G231: =SUMIFS('SALES Raw'!$F$6:$F$4467,'SALES Raw'!$J$6:$J$4467,$J231,'SALES Raw'!$K$6:$K$4467,"Y")*$H$4+SUMIFS('CEMIUP0.9 Raw'!$G$6:$G$1712,'CEMIUP0.9 Raw'!$B$6:$B$1712,$J231,'CEMIUP0.9 Raw'!$H$6:$H$1712,"Y") -> 1798.1975 | H231: 107 - Pharmacies | I231: 113 - Kupat Holim Meuhedet | J231: 4413061
A232: =IF(ISNUMBER($J232),$J232,"") -> 4413056 | B232: =IFERROR(INDEX('SALES Raw'!$B$6:$B$4467,MATCH($J232,'SALES Raw'!$J$6:$J$4467,0)),IFERROR(INDEX('CEMIUP0.9 Raw'!$B$6:$B$1712,MATCH($J232,'CEMIUP0.9 Raw'!$B$6:$B$1712,0)),$J232)) -> LF360 0 | C232: =IF(ISNUMBER($J232),IFERROR(INDEX('TRANS'!$C:$C,MATCH($J232,'TRANS'!$B:$B,0)),IFERROR(INDEX('Catalog'!$B:$B,MATCH($J232,'Catalog'!$A:$A,0)),$B232)),$B232) -> LF360 מדרס מטטרזלי לנעלי עקב | D232: =SUMIFS('SALES Raw'!$C$6:$C$4467,'SALES Raw'!$J$6:$J$4467,$J232,'SALES Raw'!$K$6:$K$4467,"Y")+SUMIFS('CEMIUP0.9 Raw'!$D$6:$D$1712,'CEMIUP0.9 Raw'!$B$6:$B$1712,$J232,'CEMIUP0.9 Raw'!$H$6:$H$1712,"Y") -> 238 | E232: =SUMIFS('SALES Raw'!$D$6:$D$4467,'SALES Raw'!$J$6:$J$4467,$J232,'SALES Raw'!$K$6:$K$4467,"Y")+SUMIFS('CEMIUP0.9 Raw'!$E$6:$E$1712,'CEMIUP0.9 Raw'!$B$6:$B$1712,$J232,'CEMIUP0.9 Raw'!$H$6:$H$1712,"Y") -> 5030.901 | F232: =SUMIFS('SALES Raw'!$E$6:$E$4467,'SALES Raw'!$J$6:$J$4467,$J232,'SALES Raw'!$K$6:$K$4467,"Y")*$H$4+SUMIFS('CEMIUP0.9 Raw'!$F$6:$F$1712,'CEMIUP0.9 Raw'!$B$6:$B$1712,$J232,'CEMIUP0.9 Raw'!$H$6:$H$1712,"Y") -> 104.84211 | G232: =SUMIFS('SALES Raw'!$F$6:$F$4467,'SALES Raw'!$J$6:$J$4467,$J232,'SALES Raw'!$K$6:$K$4467,"Y")*$H$4+SUMIFS('CEMIUP0.9 Raw'!$G$6:$G$1712,'CEMIUP0.9 Raw'!$B$6:$B$1712,$J232,'CEMIUP0.9 Raw'!$H$6:$H$1712,"Y") -> 2060.7688 | H232: 107 - Pharmacies | I232: 113 - Kupat Holim Meuhedet | J232: 4413056
A233: =IF(ISNUMBER($J233),$J233,"") -> 4413366 | B233: =IFERROR(INDEX('SALES Raw'!$B$6:$B$4467,MATCH($J233,'SALES Raw'!$J$6:$J$4467,0)),IFERROR(INDEX('CEMIUP0.9 Raw'!$B$6:$B$1712,MATCH($J233,'CEMIUP0.9 Raw'!$B$6:$B$1712,0)),$J233)) -> 95C S | C233: =IF(ISNUMBER($J233),IFERROR(INDEX('TRANS'!$C:$C,MATCH($J233,'TRANS'!$B:$B,0)),IFERROR(INDEX('Catalog'!$B:$B,MATCH($J233,'Catalog'!$A:$A,0)),$B233)),$B233) -> 95C S 'מגן מרפק בז | D233: =SUMIFS('SALES Raw'!$C$6:$C$4467,'SALES Raw'!$J$6:$J$4467,$J233,'SALES Raw'!$K$6:$K$4467,"Y")+SUMIFS('CEMIUP0.9 Raw'!$D$6:$D$1712,'CEMIUP0.9 Raw'!$B$6:$B$1712,$J233,'CEMIUP0.9 Raw'!$H$6:$H$1712,"Y") -> 163 | E233: =SUMIFS('SALES Raw'!$D$6:$D$4467,'SALES Raw'!$J$6:$J$4467,$J233,'SALES Raw'!$K$6:$K$4467,"Y")+SUMIFS('CEMIUP0.9 Raw'!$E$6:$E$1712,'CEMIUP0.9 Raw'!$B$6:$B$1712,$J233,'CEMIUP0.9 Raw'!$H$6:$H$1712,"Y") -> 4461.396 | F233: =SUMIFS('SALES Raw'!$E$6:$E$4467,'SALES Raw'!$J$6:$J$4467,$J233,'SALES Raw'!$K$6:$K$4467,"Y")*$H$4+SUMIFS('CEMIUP0.9 Raw'!$F$6:$F$1712,'CEMIUP0.9 Raw'!$B$6:$B$1712,$J233,'CEMIUP0.9 Raw'!$H$6:$H$1712,"Y") -> 104.84211 | G233: =SUMIFS('SALES Raw'!$F$6:$F$4467,'SALES Raw'!$J$6:$J$4467,$J233,'SALES Raw'!$K$6:$K$4467,"Y")*$H$4+SUMIFS('CEMIUP0.9 Raw'!$G$6:$G$1712,'CEMIUP0.9 Raw'!$B$6:$B$1712,$J233,'CEMIUP0.9 Raw'!$H$6:$H$1712,"Y") -> 2858.04 | H233: 107 - Pharmacies | I233: 102 - Orthopedic institutes | J233: 4413366
A234: =IF(ISNUMBER($J234),$J234,"") -> 4413493 | B234: =IFERROR(INDEX('SALES Raw'!$B$6:$B$4467,MATCH($J234,'SALES Raw'!$J$6:$J$4467,0)),IFERROR(INDEX('CEMIUP0.9 Raw'!$B$6:$B$1712,MATCH($J234,'CEMIUP0.9 Raw'!$B$6:$B$1712,0)),$J234)) -> 35B S | C234: =IF(ISNUMBER($J234),IFERROR(INDEX('TRANS'!$C:$C,MATCH($J234,'TRANS'!$B:$B,0)),IFERROR(INDEX('Catalog'!$B:$B,MATCH($J234,'Catalog'!$A:$A,0)),$B234)),$B234) -> 35B S מגן קרסול שחור | D234: =SUMIFS('SALES Raw'!$C$6:$C$4467,'SALES Raw'!$J$6:$J$4467,$J234,'SALES Raw'!$K$6:$K$4467,"Y")+SUMIFS('CEMIUP0.9 Raw'!$D$6:$D$1712,'CEMIUP0.9 Raw'!$B$6:$B$1712,$J234,'CEMIUP0.9 Raw'!$H$6:$H$1712,"Y") -> 159 | E234: =SUMIFS('SALES Raw'!$D$6:$D$4467,'SALES Raw'!$J$6:$J$4467,$J234,'SALES Raw'!$K$6:$K$4467,"Y")+SUMIFS('CEMIUP0.9 Raw'!$E$6:$E$1712,'CEMIUP0.9 Raw'!$B$6:$B$1712,$J234,'CEMIUP0.9 Raw'!$H$6:$H$1712,"Y") -> 4566.422 | F234: =SUMIFS('SALES Raw'!$E$6:$E$4467,'SALES Raw'!$J$6:$J$4467,$J234,'SALES Raw'!$K$6:$K$4467,"Y")*$H$4+SUMIFS('CEMIUP0.9 Raw'!$F$6:$F$1712,'CEMIUP0.9 Raw'!$B$6:$B$1712,$J234,'CEMIUP0.9 Raw'!$H$6:$H$1712,"Y") -> 102.31579 | G234: =SUMIFS('SALES Raw'!$F$6:$F$4467,'SALES Raw'!$J$6:$J$4467,$J234,'SALES Raw'!$K$6:$K$4467,"Y")*$H$4+SUMIFS('CEMIUP0.9 Raw'!$G$6:$G$1712,'CEMIUP0.9 Raw'!$B$6:$B$1712,$J234,'CEMIUP0.9 Raw'!$H$6:$H$1712,"Y") -> 2994.9474 | H234: 107 - Pharmacies | I234: 114 - IL online | J234: 4413493
... A239: =IF(ISNUMBER($J239),$J239,"") -> 4413204 | B239: =IFERROR(INDEX('SALES Raw'!$B$6:$B$4467,MATCH($J239,'SALES Raw'!$J$6:$J$4467,0)),IFERROR(INDEX('CEMIUP0.9 Raw'!$B$6:$B$1712,MATCH($J239,'CEMIUP0.9 Raw'!$B$6:$B$1712,0)),$J239)) -> 87 XXL | C239: =IF(ISNUMBER($J239),IFERROR(INDEX('TRANS'!$C:$C,MATCH($J239,'TRANS'!$B:$B,0)),IFERROR(INDEX('Catalog'!$B:$B,MATCH($J239,'Catalog'!$A:$A,0)),$B239)),$B239) -> 87 XXL מקבע כתף ויד | D239: =SUMIFS('SALES Raw'!$C$6:$C$4467,'SALES Raw'!$J$6:$J$4467,$J239,'SALES Raw'!$K$6:$K$4467,"Y")+SUMIFS('CEMIUP0.9 Raw'!$D$6:$D$1712,'CEMIUP0.9 Raw'!$B$6:$B$1712,$J239,'CEMIUP0.9 Raw'!$H$6:$H$1712,"Y") -> 95 | E239: =SUMIFS('SALES Raw'!$D$6:$D$4467,'SALES Raw'!$J$6:$J$4467,$J239,'SALES Raw'!$K$6:$K$4467,"Y")+SUMIFS('CEMIUP0.9 Raw'!$E$6:$E$1712,'CEMIUP0.9 Raw'!$B$6:$B$1712,$J239,'CEMIUP0.9 Raw'!$H$6:$H$1712,"Y") -> 15546.46 | F239: =SUMIFS('SALES Raw'!$E$6:$E$4467,'SALES Raw'!$J$6:$J$4467,$J239,'SALES Raw'!$K$6:$K$4467,"Y")*$H$4+SUMIFS('CEMIUP0.9 Raw'!$F$6:$F$1712,'CEMIUP0.9 Raw'!$B$6:$B$1712,$J239,'CEMIUP0.9 Raw'!$H$6:$H$1712,"Y") -> 96 | G239: =SUMIFS('SALES Raw'!$F$6:$F$4467,'SALES Raw'!$J$6:$J$4467,$J239,'SALES Raw'!$K$6:$K$4467,"Y")*$H$4+SUMIFS('CEMIUP0.9 Raw'!$G$6:$G$1712,'CEMIUP0.9 Raw'!$B$6:$B$1712,$J239,'CEMIUP0.9 Raw'!$H$6:$H$1712,"Y") -> 16724.678 | H239: 102 - Orthopedic institutes | I239: 107 - Pharmacies | J239: 4413204
A240: =IF(ISNUMBER($J240),$J240,"") | B240: =IFERROR(INDEX('SALES Raw'!$B$6:$B$4467,MATCH($J240,'SALES Raw'!$J$6:$J$4467,0)),IFERROR(INDEX('CEMIUP0.9 Raw'!$B$6:$B$1712,MATCH($J240,'CEMIUP0.9 Raw'!$B$6:$B$1712,0)),$J240)) -> 391B-43-46 | C240: =IF(ISNUMBER($J240),IFERROR(INDEX('TRANS'!$C:$C,MATCH($J240,'TRANS'!$B:$B,0)),IFERROR(INDEX('Catalog'!$B:$B,MATCH($J240,'Catalog'!$A:$A,0)),$B240)),$B240) -> 391B-43-46 | D240: =SUMIFS('SALES Raw'!$C$6:$C$4467,'SALES Raw'!$J$6:$J$4467,$J240,'SALES Raw'!$K$6:$K$4467,"Y")+SUMIFS('CEMIUP0.9 Raw'!$D$6:$D$1712,'CEMIUP0.9 Raw'!$B$6:$B$1712,$J240,'CEMIUP0.9 Raw'!$H$6:$H$1712,"Y") -> 0 | E240: =SUMIFS('SALES Raw'!$D$6:$D$4467,'SALES Raw'!$J$6:$J$4467,$J240,'SALES Raw'!$K$6:$K$4467,"Y")+SUMIFS('CEMIUP0.9 Raw'!$E$6:$E$1712,'CEMIUP0.9 Raw'!$B$6:$B$1712,$J240,'CEMIUP0.9 Raw'!$H$6:$H$1712,"Y") -> 0 | F240: =SUMIFS('SALES Raw'!$E$6:$E$4467,'SALES Raw'!$J$6:$J$4467,$J240,'SALES Raw'!$K$6:$K$4467,"Y")*$H$4+SUMIFS('CEMIUP0.9 Raw'!$F$6:$F$1712,'CEMIUP0.9 Raw'!$B$6:$B$1712,$J240,'CEMIUP0.9 Raw'!$H$6:$H$1712,"Y") -> 94.736842 | G240: =SUMIFS('SALES Raw'!$F$6:$F$4467,'SALES Raw'!$J$6:$J$4467,$J240,'SALES Raw'!$K$6:$K$4467,"Y")*$H$4+SUMIFS('CEMIUP0.9 Raw'!$G$6:$G$1712,'CEMIUP0.9 Raw'!$B$6:$B$1712,$J240,'CEMIUP0.9 Raw'!$H$6:$H$1712,"Y") -> 4856.1095 | H240: 114 - IL online | J240: 391B-43-46
A241: =IF(ISNUMBER($J241),$J241,"") -> 4413499 | B241: =IFERROR(INDEX('SALES Raw'!$B$6:$B$4467,MATCH($J241,'SALES Raw'!$J$6:$J$4467,0)),IFERROR(INDEX('CEMIUP0.9 Raw'!$B$6:$B$1712,MATCH($J241,'CEMIUP0.9 Raw'!$B$6:$B$1712,0)),$J241)) -> 45B XXL | C241: =IF(ISNUMBER($J241),IFERROR(INDEX('TRANS'!$C:$C,MATCH($J241,'TRANS'!$B:$B,0)),IFERROR(INDEX('Catalog'!$B:$B,MATCH($J241,'Catalog'!$A:$A,0)),$B241)),$B241) -> 45B XXLמגן ברך שחור | D241: =SUMIFS('SALES Raw'!$C$6:$C$4467,'SALES Raw'!$J$6:$J$4467,$J241,'SALES Raw'!$K$6:$K$4467,"Y")+SUMIFS('CEMIUP0.9 Raw'!$D$6:$D$1712,'CEMIUP0.9 Raw'!$B$6:$B$1712,$J241,'CEMIUP0.9 Raw'!$H$6:$H$1712,"Y") -> 108 | E241: =SUMIFS('SALES Raw'!$D$6:$D$4467,'SALES Raw'!$J$6:$J$4467,$J241,'SALES Raw'!$K$6:$K$4467,"Y")+SUMIFS('CEMIUP0.9 Raw'!$E$6:$E$1712,'CEMIUP0.9 Raw'!$B$6:$B$1712,$J241,'CEMIUP0.9 Raw'!$H$6:$H$1712,"Y") -> 3416.111 | F241: =SUMIFS('SALES Raw'!$E$6:$E$4467,'SALES Raw'!$J$6:$J$4467,$J241,'SALES Raw'!$K$6:$K$4467,"Y")*$H$4+SUMIFS('CEMIUP0.9 Raw'!$F$6:$F$1712,'CEMIUP0.9 Raw'!$B$6:$B$1712,$J241,'CEMIUP0.9 Raw'!$H$6:$H$1712,"Y") -> 94.736842 | G241: =SUMIFS('SALES Raw'!$F$6:$F$4467,'SALES Raw'!$J$6:$J$4467,$J241,'SALES Raw'!$K$6:$K$4467,"Y")*$H$4+SUMIFS('CEMIUP0.9 Raw'!$G$6:$G$1712,'CEMIUP0.9 Raw'!$B$6:$B$1712,$J241,'CEMIUP0.9 Raw'!$H$6:$H$1712,"Y") -> 3043.8909 | H241: 107 - Pharmacies | I241: 114 - IL online | J241: 4413499
A242: =IF(ISNUMBER($J242),$J242,"") -> 4409013 | B242: =IFERROR(INDEX('SALES Raw'!$B$6:$B$4467,MATCH($J242,'SALES Raw'!$J$6:$J$4467,0)),IFERROR(INDEX('CEMIUP0.9 Raw'!$B$6:$B$1712,MATCH($J242,'CEMIUP0.9 Raw'!$B$6:$B$1712,0)),$J242)) -> 804AT-BL | C242: =IF(ISNUMBER($J242),IFERROR(INDEX('TRANS'!$C:$C,MATCH($J242,'TRANS'!$B:$B,0)),IFERROR(INDEX('Catalog'!$B:$B,MATCH($J242,'Catalog'!$A:$A,0)),$B242)),$B242) -> 804AT-BL טייפ חבישה לספורט | D242: =SUMIFS('SALES Raw'!$C$6:$C$4467,'SALES Raw'!$J$6:$J$4467,$J242,'SALES Raw'!$K$6:$K$4467,"Y")+SUMIFS('CEMIUP0.9 Raw'!$D$6:$D$1712,'CEMIUP0.9 Raw'!$B$6:$B$1712,$J242,'CEMIUP0.9 Raw'!$H$6:$H$1712,"Y") -> 59 | E242: =SUMIFS('SALES Raw'!$D$6:$D$4467,'SALES Raw'!$J$6:$J$4467,$J242,'SALES Raw'!$K$6:$K$4467,"Y")+SUMIFS('CEMIUP0.9 Raw'!$E$6:$E$1712,'CEMIUP0.9 Raw'!$B$6:$B$1712,$J242,'CEMIUP0.9 Raw'!$H$6:$H$1712,"Y") -> 1499.108 | F242: =SUMIFS('SALES Raw'!$E$6:$E$4467,'SALES Raw'!$J$6:$J$4467,$J242,'SALES Raw'!$K$6:$K$4467,"Y")*$H$4+SUMIFS('CEMIUP0.9 Raw'!$F$6:$F$1712,'CEMIUP0.9 Raw'!$B$6:$B$1712,$J242,'CEMIUP0.9 Raw'!$H$6:$H$1712,"Y") -> 93.473684 | G242: =SUMIFS('SALES Raw'!$F$6:$F$4467,'SALES Raw'!$J$6:$J$4467,$J242,'SALES Raw'!$K$6:$K$4467,"Y")*$H$4+SUMIFS('CEMIUP0.9 Raw'!$G$6:$G$1712,'CEMIUP0.9 Raw'!$B$6:$B$1712,$J242,'CEMIUP0.9 Raw'!$H$6:$H$1712,"Y") -> 2018.3709 | H242: 114 - IL online | I242: 107 - Pharmacies | J242: 4409013
...

Sheet 111 - Superpharm Life
A1: 111 - Superpharm Life
A2: Calculation date: | B2: 46290
A3: 111 - Superpharm Life - Source: kirill/outputs/2026-09-20-salestype-2025-vs-2026.xlsx, "Source" sheet, Sale Type = "111 - Superpharm Life". Kept as its OWN separate sheet per explicit instruction - NOT included in "Main List" or any consolidated total. No 0.91 factor (NetSuite-sourced). 2026 normalized to a full year (×12/9.5). Same columns/sort/coloring convention as Main List. Match rate against TRANS/Catalog was 0% for this category - all items use a private-label SKU naming convention not covered by either crosswalk (confirmed by direct inspection, not a data error) - every item is kept as its own row (raw item name as key), not guessed/dropped.
A4: Normalization factor (2026, SALES-sourced rows only - CEMIUP0.9 rows already annualized upstream): | G4: Factor (12/9.5): | H4: =12/9.5 -> 1.2631579
A6: CHEMIPAL Code | B6: ITEM NAME | C6: שם מוצר | D6: כמות 2025 | E6: כסף 2025 (₪) | F6: כמות 2026 (מנורמל) | G6: כסף 2026 (מנורמל, ₪) | H6: Source Category
A7: ='SALES Raw'!G1997 | B7: ='SALES Raw'!B1997 -> LU302M 0 | C7: ='SALES Raw'!H1997 -> LU302M 0 | D7: ='SALES Raw'!C1997 -> 6300 | E7: ='SALES Raw'!D1997 -> 297486 | F7: ='SALES Raw'!E1997*$H$4 -> 8033.6842 | G7: ='SALES Raw'!F1997*$H$4 -> 379350.57 | H7: ='SALES Raw'!A1997 -> 111 - Superpharm Life
A8: ='SALES Raw'!G2009 | B8: ='SALES Raw'!B2009 -> LU370 0 | C8: ='SALES Raw'!H2009 -> LU370 0 | D8: ='SALES Raw'!C2009 -> 14000 | E8: ='SALES Raw'!D2009 -> 105840 | F8: ='SALES Raw'!E2009*$H$4 -> 7578.9474 | G8: ='SALES Raw'!F2009*$H$4 -> 57296.842 | H8: ='SALES Raw'!A2009 -> 111 - Superpharm Life
A9: ='SALES Raw'!G2011 | B9: ='SALES Raw'!B2011 -> LU374 0 | C9: ='SALES Raw'!H2011 -> LU374 0 | D9: ='SALES Raw'!C2011 -> 9000 | E9: ='SALES Raw'!D2011 -> 88020 | F9: ='SALES Raw'!E2011*$H$4 -> 7578.9474 | G9: ='SALES Raw'!F2011*$H$4 -> 74122.105 | H9: ='SALES Raw'!A2011 -> 111 - Superpharm Life
A10: ='SALES Raw'!G2002 | B10: ='SALES Raw'!B2002 -> LU364-S-L | C10: ='SALES Raw'!H2002 -> LU364-S-L | D10: ='SALES Raw'!C2002 -> 8100 | E10: ='SALES Raw'!D2002 -> 81891 | F10: ='SALES Raw'!E2002*$H$4 -> 6821.0526 | G10: ='SALES Raw'!F2002*$H$4 -> 68960.842 | H10: ='SALES Raw'!A2002 -> 111 - Superpharm Life
A11: ='SALES Raw'!G2010 | B11: ='SALES Raw'!B2010 -> LU372 0 | C11: ='SALES Raw'!H2010 -> LU372 0 | D11: ='SALES Raw'!C2010 -> 9600 | E11: ='SALES Raw'!D2010 -> 93888 | F11: ='SALES Raw'!E2010*$H$4 -> 6063.1579 | G11: ='SALES Raw'!F2010*$H$4 -> 59297.684 | H11: ='SALES Raw'!A2010 -> 111 - Superpharm Life
A12: ='SALES Raw'!G2001 | B12: ='SALES Raw'!B2001 -> LU313 0 | C12: ='SALES Raw'!H2001 -> LU313 0 | D12: ='SALES Raw'!C2001 -> 4320 | E12: ='SALES Raw'!D2001 -> 67910.4 | F12: ='SALES Raw'!E2001*$H$4 -> 5456.8421 | G12: ='SALES Raw'!F2001*$H$4 -> 85781.558 | H12: ='SALES Raw'!A2001 -> 111 - Superpharm Life
A13: ='SALES Raw'!G2016 | B13: ='SALES Raw'!B2016 -> LUPD344 0 | C13: ='SALES Raw'!H2016 -> LUPD344 0 | D13: ='SALES Raw'!C2016 -> 7000 | E13: ='SALES Raw'!D2016 -> 39270 | F13: ='SALES Raw'!E2016*$H$4 -> 4136.8421 | G13: ='SALES Raw'!F2016*$H$4 -> 23207.684 | H13: ='SALES Raw'!A2016 -> 111 - Superpharm Life
A14: ='SALES Raw'!G2006 | B14: ='SALES Raw'!B2006 -> LU3655 0 | C14: ='SALES Raw'!H2006 -> LU3655 0 | D14: ='SALES Raw'!C2006 -> 17820 | E14: ='SALES Raw'!D2006 -> 219007.8 | F14: ='SALES Raw'!E2006*$H$4 -> 3789.4737 | G14: ='SALES Raw'!F2006*$H$4 -> 46572.632 | H14: ='SALES Raw'!A2006 -> 111 - Superpharm Life
A15: ='SALES Raw'!G2013 | B15: ='SALES Raw'!B2013 -> LULF373 0 | C15: ='SALES Raw'!H2013 -> LULF373 0 | D15: ='SALES Raw'!C2013 -> 4200 | E15: ='SALES Raw'!D2013 -> 61824 | F15: ='SALES Raw'!E2013*$H$4 -> 3536.8421 | G15: ='SALES Raw'!F2013*$H$4 -> 52062.316 | H15: ='SALES Raw'!A2013 -> 111 - Superpharm Life
A16: ='SALES Raw'!G2007 | B16: ='SALES Raw'!B2007 -> LU366S 0 | C16: ='SALES Raw'!H2007 -> LU366S 0 | D16: ='SALES Raw'!C2007 -> 4860 | E16: ='SALES Raw'!D2007 -> 47239.2 | F16: ='SALES Raw'!E2007*$H$4 -> 3069.4737 | G16: ='SALES Raw'!F2007*$H$4 -> 29835.284 | H16: ='SALES Raw'!A2007 -> 111 - Superpharm Life
A17: ='SALES Raw'!G1998 | B17: ='SALES Raw'!B1998 -> LU302W 0 | C17: ='SALES Raw'!H1998 -> LU302W 0 | D17: ='SALES Raw'!C1998 -> 2400 | E17: ='SALES Raw'!D1998 -> 113328 | F17: ='SALES Raw'!E1998*$H$4 -> 3031.5789 | G17: ='SALES Raw'!F1998*$H$4 -> 143151.16 | H17: ='SALES Raw'!A1998 -> 111 - Superpharm Life
A18: ='SALES Raw'!G2000 | B18: ='SALES Raw'!B2000 -> LU308 M | C18: ='SALES Raw'!H2000 -> LU308 M | D18: ='SALES Raw'!C2000 -> 2400 | E18: ='SALES Raw'!D2000 -> 94656 | F18: ='SALES Raw'!E2000*$H$4 -> 3031.5789 | G18: ='SALES Raw'!F2000*$H$4 -> 119565.47 | H18: ='SALES Raw'!A2000 -> 111 - Superpharm Life
A19: ='SALES Raw'!G2015 | B19: ='SALES Raw'!B2015 -> LUPD342 0 | C19: ='SALES Raw'!H2015 -> LUPD342 0 | D19: ='SALES Raw'!C2015 -> 4152 | E19: ='SALES Raw'!D2015 -> 73822.56 | F19: ='SALES Raw'!E2015*$H$4 -> 3031.5789 | G19: ='SALES Raw'!F2015*$H$4 -> 53901.474 | H19: ='SALES Raw'!A2015 -> 111 - Superpharm Life
A20: ='SALES Raw'!G2005 | B20: ='SALES Raw'!B2005 -> LU365-S-L | C20: ='SALES Raw'!H2005 -> LU365-S-L | D20: ='SALES Raw'!C2005 -> 4860 | E20: ='SALES Raw'!D2005 -> 47239.2 | F20: ='SALES Raw'!E2005*$H$4 -> 2728.4211 | G20: ='SALES Raw'!F2005*$H$4 -> 26520.253 | H20: ='SALES Raw'!A2005 -> 111 - Superpharm Life
A21: ='SALES Raw'!G2014 | B21: ='SALES Raw'!B2014 -> LUPD340 0 | C21: ='SALES Raw'!H2014 -> LUPD340 0 | D21: ='SALES Raw'!C2014 -> 5400 | E21: ='SALES Raw'!D2014 -> 47844 | F21: ='SALES Raw'!E2014*$H$4 -> 2273.6842 | G21: ='SALES Raw'!F2014*$H$4 -> 20144.842 | H21: ='SALES Raw'!A2014 -> 111 - Superpharm Life
A22: ='SALES Raw'!G1999 | B22: ='SALES Raw'!B1999 -> LU308 L | C22: ='SALES Raw'!H1999 -> LU308 L | D22: ='SALES Raw'!C1999 -> 1600 | E22: ='SALES Raw'!D1999 -> 63104 | F22: ='SALES Raw'!E1999*$H$4 -> 2021.0526 | G22: ='SALES Raw'!F1999*$H$4 -> 79710.316 | H22: ='SALES Raw'!A1999 -> 111 - Superpharm Life
A23: ='SALES Raw'!G2012 | B23: ='SALES Raw'!B2012 -> LULF370 0 | C23: ='SALES Raw'!H2012 -> LULF370 0 | D23: ='SALES Raw'!C2012 -> 3200 | E23: ='SALES Raw'!D2012 -> 45856 | F23: ='SALES Raw'!E2012*$H$4 -> 2021.0526 | G23: ='SALES Raw'!F2012*$H$4 -> 28961.684 | H23: ='SALES Raw'!A2012 -> 111 - Superpharm Life
A24: ='SALES Raw'!G2003 | B24: ='SALES Raw'!B2003 -> LU364 XL | C24: ='SALES Raw'!H2003 -> LU364 XL | D24: ='SALES Raw'!C2003 -> 4050 | E24: ='SALES Raw'!D2003 -> 40945.5 | F24: ='SALES Raw'!E2003*$H$4 -> 1705.2632 | G24: ='SALES Raw'!F2003*$H$4 -> 17240.211 | H24: ='SALES Raw'!A2003 -> 111 - Superpharm Life
A25: ='SALES Raw'!G2008 | B25: ='SALES Raw'!B2008 -> LU3677S 0 | C25: ='SALES Raw'!H2008 -> LU3677S 0 | D25: ='SALES Raw'!C2008 -> 1350 | E25: ='SALES Raw'!D2008 -> 18306 | F25: ='SALES Raw'!E2008*$H$4 -> 1705.2632 | G25: ='SALES Raw'!F2008*$H$4 -> 23123.368 | H25: ='SALES Raw'!A2008 -> 111 - Superpharm Life
A26: ='SALES Raw'!G2004 | B26: ='SALES Raw'!B2004 -> LU3641 0 | C26: ='SALES Raw'!H2004 -> LU3641 0 | D26: ='SALES Raw'!C2004 -> 3780 | E26: ='SALES Raw'!D2004 -> 53751.6 | F26: ='SALES Raw'!E2004*$H$4 -> 1275.7895 | G26: ='SALES Raw'!F2004*$H$4 -> 18141.726 | H26: ='SALES Raw'!A2004 -> 111 - Superpharm Life
A27: ='SALES Raw'!G1996 | B27: ='SALES Raw'!B1996 -> (NO ITEM CODE) | C27: ='SALES Raw'!H1996 -> (NO ITEM CODE) | D27: ='SALES Raw'!C1996 -> 0 | E27: ='SALES Raw'!D1996 -> 7427.59 | F27: ='SALES Raw'!E1996*$H$4 -> 0 | G27: ='SALES Raw'!F1996*$H$4 -> 0 | H27: ='SALES Raw'!A1996 -> 111 - Superpharm Life

Sheet 112 - Kupat Holim Clalit
A1: 112 - Kupat Holim Clalit
A2: Calculation date: | B2: 46290
A3: 112 - Kupat Holim Clalit - Source: kirill/outputs/2026-09-20-salestype-2025-vs-2026.xlsx, "Source" sheet, Sale Type = "112 - Kupat Holim Clalit". Kept as its OWN separate sheet per explicit instruction - NOT included in "Main List" or any consolidated total. No 0.91 factor (NetSuite-sourced). 2026 normalized to a full year (×12/9.5). Same columns/sort/coloring convention as Main List. Match rate against TRANS/Catalog was 0% for this category - all items use a private-label SKU naming convention not covered by either crosswalk (confirmed by direct inspection, not a data error) - every item is kept as its own row (raw item name as key), not guessed/dropped.
A4: Normalization factor (2026, SALES-sourced rows only - CEMIUP0.9 rows already annualized upstream): | G4: Factor (12/9.5): | H4: =12/9.5 -> 1.2631579
A6: CHEMIPAL Code | B6: ITEM NAME | C6: שם מוצר | D6: כמות 2025 | E6: כסף 2025 (₪) | F6: כמות 2026 (מנורמל) | G6: כסף 2026 (מנורמל, ₪) | H6: Source Category
A7: ='SALES Raw'!G2041 | B7: ='SALES Raw'!B2041 -> KST25 0 | C7: ='SALES Raw'!H2041 -> KST25 0 | D7: ='SALES Raw'!C2041 -> 21480 | E7: ='SALES Raw'!D2041 -> 344287.2 | F7: ='SALES Raw'!E2041*$H$4 -> 19086.316 | G7: ='SALES Raw'!F2041*$H$4 -> 286867.33 | H7: ='SALES Raw'!A2041 -> 112 - Kupat Holim Clalit
A8: ='SALES Raw'!G2047 | B8: ='SALES Raw'!B2047 -> KST422 0 | C8: ='SALES Raw'!H2047 -> KST422 0 | D8: ='SALES Raw'!C2047 -> 13299 | E8: ='SALES Raw'!D2047 -> 577794.6 | F8: ='SALES Raw'!E2047*$H$4 -> 12112.421 | G8: ='SALES Raw'!F2047*$H$4 -> 501454.23 | H8: ='SALES Raw'!A2047 -> 112 - Kupat Holim Clalit
A9: ='SALES Raw'!G2029 | B9: ='SALES Raw'!B2029 -> K45 L | C9: ='SALES Raw'!H2029 -> K45 L | D9: ='SALES Raw'!C2029 -> 9480 | E9: ='SALES Raw'!D2029 -> 118622.4 | F9: ='SALES Raw'!E2029*$H$4 -> 10307.368 | G9: ='SALES Raw'!F2029*$H$4 -> 123276.13 | H9: ='SALES Raw'!A2029 -> 112 - Kupat Holim Clalit
A10: ='SALES Raw'!G2032 | B10: ='SALES Raw'!B2032 -> K45 XL | C10: ='SALES Raw'!H2032 -> K45 XL | D10: ='SALES Raw'!C2032 -> 9960 | E10: ='SALES Raw'!D2032 -> 124737.6 | F10: ='SALES Raw'!E2032*$H$4 -> 8640 | G10: ='SALES Raw'!F2032*$H$4 -> 103334.4 | H10: ='SALES Raw'!A2032 -> 112 - Kupat Holim Clalit
A11: ='SALES Raw'!G2046 | B11: ='SALES Raw'!B2046 -> KST37 0 | C11: ='SALES Raw'!H2046 -> KST37 0 | D11: ='SALES Raw'!C2046 -> 7800 | E11: ='SALES Raw'!D2046 -> 145066.8 | F11: ='SALES Raw'!E2046*$H$4 -> 7730.5263 | G11: ='SALES Raw'!F2046*$H$4 -> 135516.13 | H11: ='SALES Raw'!A2046 -> 112 - Kupat Holim Clalit
A12: ='SALES Raw'!G2017 | B12: ='SALES Raw'!B2017 -> K078 L | C12: ='SALES Raw'!H2017 -> K078 L | D12: ='SALES Raw'!C2017 -> 7450 | E12: ='SALES Raw'!D2017 -> 422328 | F12: ='SALES Raw'!E2017*$H$4 -> 6315.7895 | G12: ='SALES Raw'!F2017*$H$4 -> 343642.11 | H12: ='SALES Raw'!A2017 -> 112 - Kupat Holim Clalit
A13: ='SALES Raw'!G2045 | B13: ='SALES Raw'!B2045 -> KST28 0 | C13: ='SALES Raw'!H2045 -> KST28 0 | D13: ='SALES Raw'!C2045 -> 6240 | E13: ='SALES Raw'!D2045 -> 119520 | F13: ='SALES Raw'!E2045*$H$4 -> 6260.2105 | G13: ='SALES Raw'!F2045*$H$4 -> 111431.75 | H13: ='SALES Raw'!A2045 -> 112 - Kupat Holim Clalit
A14: ='SALES Raw'!G2028 | B14: ='SALES Raw'!B2028 -> K35 XL | C14: ='SALES Raw'!H2028 -> K35 XL | D14: ='SALES Raw'!C2028 -> 5400 | E14: ='SALES Raw'!D2028 -> 68580 | F14: ='SALES Raw'!E2028*$H$4 -> 5911.5789 | G14: ='SALES Raw'!F2028*$H$4 -> 75077.053 | H14: ='SALES Raw'!A2028 -> 112 - Kupat Holim Clalit
A15: ='SALES Raw'!G2030 | B15: ='SALES Raw'!B2030 -> K45 M | C15: ='SALES Raw'!H2030 -> K45 M | D15: ='SALES Raw'!C2030 -> 6720 | E15: ='SALES Raw'!D2030 -> 87360 | F15: ='SALES Raw'!E2030*$H$4 -> 5760 | G15: ='SALES Raw'!F2030*$H$4 -> 74880 | H15: ='SALES Raw'!A2030 -> 112 - Kupat Holim Clalit
A16: ='SALES Raw'!G2025 | B16: ='SALES Raw'!B2025 -> K35 L | C16: ='SALES Raw'!H2025 -> K35 L | D16: ='SALES Raw'!C2025 -> 7320 | E16: ='SALES Raw'!D2025 -> 92964 | F16: ='SALES Raw'!E2025*$H$4 -> 5305.2632 | G16: ='SALES Raw'!F2025*$H$4 -> 67376.842 | H16: ='SALES Raw'!A2025 -> 112 - Kupat Holim Clalit
A17: ='SALES Raw'!G2040 | B17: ='SALES Raw'!B2040 -> KST20 0 | C17: ='SALES Raw'!H2040 -> KST20 0 | D17: ='SALES Raw'!C2040 -> 4920 | E17: ='SALES Raw'!D2040 -> 66912 | F17: ='SALES Raw'!E2040*$H$4 -> 5153.6842 | G17: ='SALES Raw'!F2040*$H$4 -> 70090.105 | H17: ='SALES Raw'!A2040 -> 112 - Kupat Holim Clalit
A18: ='SALES Raw'!G2043 | B18: ='SALES Raw'!B2043 -> KST27R 0 | C18: ='SALES Raw'!H2043 -> KST27R 0 | D18: ='SALES Raw'!C2043 -> 5600 | E18: ='SALES Raw'!D2043 -> 135200 | F18: ='SALES Raw'!E2043*$H$4 -> 4951.5789 | G18: ='SALES Raw'!F2043*$H$4 -> 111410.53 | H18: ='SALES Raw'!A2043 -> 112 - Kupat Holim Clalit
A19: ='SALES Raw'!G2026 | B19: ='SALES Raw'!B2026 -> K35 M | C19: ='SALES Raw'!H2026 -> K35 M | D19: ='SALES Raw'!C2026 -> 4920 | E19: ='SALES Raw'!D2026 -> 62484 | F19: ='SALES Raw'!E2026*$H$4 -> 4698.9474 | G19: ='SALES Raw'!F2026*$H$4 -> 59676.632 | H19: ='SALES Raw'!A2026 -> 112 - Kupat Holim Clalit
A20: ='SALES Raw'!G2019 | B20: ='SALES Raw'!B2019 -> K078 XL | C20: ='SALES Raw'!H2019 -> K078 XL | D20: ='SALES Raw'!C2019 -> 5850 | E20: ='SALES Raw'!D2019 -> 332000 | F20: ='SALES Raw'!E2019*$H$4 -> 4673.6842 | G20: ='SALES Raw'!F2019*$H$4 -> 254295.16 | H20: ='SALES Raw'!A2019 -> 112 - Kupat Holim Clalit
A21: ='SALES Raw'!G2049 | B21: ='SALES Raw'!B2049 -> KST95 0 | C21: ='SALES Raw'!H2049 -> KST95 0 | D21: ='SALES Raw'!C2049 -> 5040 | E21: ='SALES Raw'!D2049 -> 114775.2 | F21: ='SALES Raw'!E2049*$H$4 -> 4244.2105 | G21: ='SALES Raw'!F2049*$H$4 -> 90274.358 | H21: ='SALES Raw'!A2049 -> 112 - Kupat Holim Clalit
A22: ='SALES Raw'!G2042 | B22: ='SALES Raw'!B2042 -> KST27L 0 | C22: ='SALES Raw'!H2042 -> KST27L 0 | D22: ='SALES Raw'!C2042 -> 4157 | E22: ='SALES Raw'!D2042 -> 99932.5 | F22: ='SALES Raw'!E2042*$H$4 -> 4242.9474 | G22: ='SALES Raw'!F2042*$H$4 -> 95466.316 | H22: ='SALES Raw'!A2042 -> 112 - Kupat Holim Clalit
A23: ='SALES Raw'!G2048 | B23: ='SALES Raw'!B2048 -> KST91 0 | C23: ='SALES Raw'!H2048 -> KST91 0 | D23: ='SALES Raw'!C2048 -> 4080 | E23: ='SALES Raw'!D2048 -> 77112 | F23: ='SALES Raw'!E2048*$H$4 -> 3789.4737 | G23: ='SALES Raw'!F2048*$H$4 -> 71621.053 | H23: ='SALES Raw'!A2048 -> 112 - Kupat Holim Clalit
A24: ='SALES Raw'!G2018 | B24: ='SALES Raw'!B2018 -> K078 M | C24: ='SALES Raw'!H2018 -> K078 M | D24: ='SALES Raw'!C2018 -> 3800 | E24: ='SALES Raw'!D2018 -> 215142.5 | F24: ='SALES Raw'!E2018*$H$4 -> 2778.9474 | G24: ='SALES Raw'!F2018*$H$4 -> 151202.53 | H24: ='SALES Raw'!A2018 -> 112 - Kupat Holim Clalit
A25: ='SALES Raw'!G2027 | B25: ='SALES Raw'!B2027 -> K35 S | C25: ='SALES Raw'!H2027 -> K35 S | D25: ='SALES Raw'!C2027 -> 1920 | E25: ='SALES Raw'!D2027 -> 24384 | F25: ='SALES Raw'!E2027*$H$4 -> 1970.5263 | G25: ='SALES Raw'!F2027*$H$4 -> 25025.684 | H25: ='SALES Raw'!A2027 -> 112 - Kupat Holim Clalit
A26: ='SALES Raw'!G2031 | B26: ='SALES Raw'!B2031 -> K45 S | C26: ='SALES Raw'!H2031 -> K45 S | D26: ='SALES Raw'!C2031 -> 2040 | E26: ='SALES Raw'!D2031 -> 26520 | F26: ='SALES Raw'!E2031*$H$4 -> 1818.9474 | G26: ='SALES Raw'!F2031*$H$4 -> 23646.316 | H26: ='SALES Raw'!A2031 -> 112 - Kupat Holim Clalit
A27: ='SALES Raw'!G2035 | B27: ='SALES Raw'!B2035 -> K801 0 | C27: ='SALES Raw'!H2035 -> K801 0 | D27: ='SALES Raw'!C2035 -> 1680 | E27: ='SALES Raw'!D2035 -> 28560 | F27: ='SALES Raw'!E2035*$H$4 -> 1818.9474 | G27: ='SALES Raw'!F2035*$H$4 -> 30922.105 | H27: ='SALES Raw'!A2035 -> 112 - Kupat Holim Clalit
A28: ='SALES Raw'!G2020 | B28: ='SALES Raw'!B2020 -> K078 XXL | C28: ='SALES Raw'!H2020 -> K078 XXL | D28: ='SALES Raw'!C2020 -> 2565 | E28: ='SALES Raw'!D2020 -> 146555.55 | F28: ='SALES Raw'!E2020*$H$4 -> 1648.4211 | G28: ='SALES Raw'!F2020*$H$4 -> 89690.589 | H28: ='SALES Raw'!A2020 -> 112 - Kupat Holim Clalit
A29: ='SALES Raw'!G2039 | B29: ='SALES Raw'!B2039 -> KST11 0 | C29: ='SALES Raw'!H2039 -> KST11 0 | D29: ='SALES Raw'!C2039 -> 1700 | E29: ='SALES Raw'!D2039 -> 53890 | F29: ='SALES Raw'!E2039*$H$4 -> 1578.9474 | G29: ='SALES Raw'!F2039*$H$4 -> 50052.632 | H29: ='SALES Raw'!A2039 -> 112 - Kupat Holim Clalit
A30: ='SALES Raw'!G2036 | B30: ='SALES Raw'!B2036 -> K85 L | C30: ='SALES Raw'!H2036 -> K85 L | D30: ='SALES Raw'!C2036 -> 1360 | E30: ='SALES Raw'!D2036 -> 46240 | F30: ='SALES Raw'!E2036*$H$4 -> 1313.6842 | G30: ='SALES Raw'!F2036*$H$4 -> 44665.263 | H30: ='SALES Raw'!A2036 -> 112 - Kupat Holim Clalit
A31: ='SALES Raw'!G2021 | B31: ='SALES Raw'!B2021 -> K11U L | C31: ='SALES Raw'!H2021 -> K11U L | D31: ='SALES Raw'!C2021 -> 1400 | E31: ='SALES Raw'!D2021 -> 62020 | F31: ='SALES Raw'!E2021*$H$4 -> 1263.1579 | G31: ='SALES Raw'!F2021*$H$4 -> 55957.895 | H31: ='SALES Raw'!A2021 -> 112 - Kupat Holim Clalit
A32: ='SALES Raw'!G2023 | B32: ='SALES Raw'!B2023 -> K11U XL | C32: ='SALES Raw'!H2023 -> K11U XL | D32: ='SALES Raw'!C2023 -> 1300 | E32: ='SALES Raw'!D2023 -> 57590 | F32: ='SALES Raw'!E2023*$H$4 -> 1136.8421 | G32: ='SALES Raw'!F2023*$H$4 -> 50362.105 | H32: ='SALES Raw'!A2023 -> 112 - Kupat Holim Clalit
A33: ='SALES Raw'!G2033 | B33: ='SALES Raw'!B2033 -> K61 L | C33: ='SALES Raw'!H2033 -> K61 L | D33: ='SALES Raw'!C2033 -> 1500 | E33: ='SALES Raw'!D2033 -> 32400 | F33: ='SALES Raw'!E2033*$H$4 -> 1136.8421 | G33: ='SALES Raw'!F2033*$H$4 -> 24555.789 | H33: ='SALES Raw'!A2033 -> 112 - Kupat Holim Clalit
A34: ='SALES Raw'!G2024 | B34: ='SALES Raw'!B2024 -> K11U XXL | C34: ='SALES Raw'!H2024 -> K11U XXL | D34: ='SALES Raw'!C2024 -> 945 | E34: ='SALES Raw'!D2024 -> 41863.5 | F34: ='SALES Raw'!E2024*$H$4 -> 909.47368 | G34: ='SALES Raw'!F2024*$H$4 -> 40289.684 | H34: ='SALES Raw'!A2024 -> 112 - Kupat Holim Clalit
A35: ='SALES Raw'!G2037 | B35: ='SALES Raw'!B2037 -> K85 M | C35: ='SALES Raw'!H2037 -> K85 M | D35: ='SALES Raw'!C2037 -> 800 | E35: ='SALES Raw'!D2037 -> 27200 | F35: ='SALES Raw'!E2037*$H$4 -> 909.47368 | G35: ='SALES Raw'!F2037*$H$4 -> 30922.105 | H35: ='SALES Raw'!A2037 -> 112 - Kupat Holim Clalit
A36: ='SALES Raw'!G2034 | B36: ='SALES Raw'!B2034 -> K61 M | C36: ='SALES Raw'!H2034 -> K61 M | D36: ='SALES Raw'!C2034 -> 720 | E36: ='SALES Raw'!D2034 -> 15552 | F36: ='SALES Raw'!E2034*$H$4 -> 833.68421 | G36: ='SALES Raw'!F2034*$H$4 -> 18007.579 | H36: ='SALES Raw'!A2034 -> 112 - Kupat Holim Clalit
A37: ='SALES Raw'!G2022 | B37: ='SALES Raw'!B2022 -> K11U M | C37: ='SALES Raw'!H2022 -> K11U M | D37: ='SALES Raw'!C2022 -> 950 | E37: ='SALES Raw'!D2022 -> 42085 | F37: ='SALES Raw'!E2022*$H$4 -> 821.05263 | G37: ='SALES Raw'!F2022*$H$4 -> 36372.632 | H37: ='SALES Raw'!A2022 -> 112 - Kupat Holim Clalit
A38: ='SALES Raw'!G2044 | B38: ='SALES Raw'!B2044 -> ST27L 0 | C38: ='SALES Raw'!H2044 -> ST27L 0 | D38: ='SALES Raw'!C2044 -> -1 | E38: ='SALES Raw'!D2044 -> -62.43 | F38: ='SALES Raw'!E2044*$H$4 -> 0 | G38: ='SALES Raw'!F2044*$H$4 -> 0 | H38: ='SALES Raw'!A2044 -> 112 - Kupat Holim Clalit
A39: ='SALES Raw'!G2038 | B39: ='SALES Raw'!B2038 -> 99 General | C39: ='SALES Raw'!H2038 -> 99 General | D39: ='SALES Raw'!C2038 -> 0 | E39: ='SALES Raw'!D2038 -> 0 | F39: ='SALES Raw'!E2038*$H$4 -> -2.5263158 | G39: ='SALES Raw'!F2038*$H$4 -> -1485.4737 | H39: ='SALES Raw'!A2038 -> 112 - Kupat Holim Clalit

Sheet SALES Raw
A1: SALES Raw — item-level data (pre-aggregated per category+item) from all 28 SALES-sourced categories | L1: (scope ref list for Main List v2, col M) | M1: 101 - Factory customers
A2: Calculation date: | B2: 46290 | M2: 102 - Orthopedic institutes
A3: Source: kirill/outputs/2026-09-20-salestype-2025-vs-2026.xlsx, "Source" sheet, filtered per Sale Type (26 categories that feed the Main List + "111 - Superpharm Life" + "112 - Kupat Holim Clalit" which get their own separate sheets). No 0.91 factor applied anywhere here (NetSuite-sourced, not PPLAY1). Quantity/Amount 2026 here are RAW ACTUAL (pre-normalization) - normalization (×12/9.5) happens in the Main List / 111 / 112 sheets' formulas, not here. CHEMIPAL Code matched live: TRANS (primary, same short-code format) first, then the Catalog (fallback, rarely matches this short-code format but checked per instruction), each tried exact then whitespace-normalized. | M3: 103 - Physiotherapy institutes
M4: 104 - Sports Shop
A5: Category | B5: Item Name (raw) | C5: Quantity 2025 | D5: Amount 2025 (₪) | E5: Quantity 2026 (raw actual) | F5: Amount 2026 (raw actual, ₪) | G5: CHEMIPAL Code | H5: Product Name | I5: Match Type | J5: Product Key | K5: Main List v2 Scope | M5: 105 - Pedicure Salons
A6: 101 - Factory customers | B6: 75 L | C6: 2 | D6: 302.46 | E6: 0 | F6: 0 | G6: =IFERROR(INDEX('TRANS'!$B:$B,MATCH($B6,'TRANS'!$A:$A,0)),IFERROR(INDEX('TRANS'!$B:$B,MATCH(TRIM(SUBSTITUTE($B6,CHAR(160)," ")),'TRANS'!$D:$D,0)),IFERROR(INDEX('Catalog'!$A:$A,MATCH($B6,'Catalog'!$B:$B,0)),IFERROR(INDEX('Catalog'!$A:$A,MATCH(TRIM(SUBSTITUTE($B6,CHAR(160)," ")),'Catalog'!$C:$C,0)),"")))) -> 4413127 | H6: =IFERROR(INDEX('TRANS'!$C:$C,MATCH($B6,'TRANS'!$A:$A,0)),IFERROR(INDEX('Catalog'!$B:$B,MATCH($G6,'Catalog'!$A:$A,0)),$B6)) -> 75 Lמיישר כתף יציב יישור גב צר | I6: =IF($G6="","Unmatched","Matched") -> Matched | J6: =IF($G6<>"",$G6,$B6) -> 4413127 | K6: =IF(COUNTIF($M$1:$M$10,$A6)>0,"Y","N") -> Y | M6: 106 - Hospitals
A7: 101 - Factory customers | B7: 75 XL | C7: 2 | D7: 302.46 | E7: 0 | F7: 0 | G7: =IFERROR(INDEX('TRANS'!$B:$B,MATCH($B7,'TRANS'!$A:$A,0)),IFERROR(INDEX('TRANS'!$B:$B,MATCH(TRIM(SUBSTITUTE($B7,CHAR(160)," ")),'TRANS'!$D:$D,0)),IFERROR(INDEX('Catalog'!$A:$A,MATCH($B7,'Catalog'!$B:$B,0)),IFERROR(INDEX('Catalog'!$A:$A,MATCH(TRIM(SUBSTITUTE($B7,CHAR(160)," ")),'Catalog'!$C:$C,0)),"")))) -> 4413129 | H7: =IFERROR(INDEX('TRANS'!$C:$C,MATCH($B7,'TRANS'!$A:$A,0)),IFERROR(INDEX('Catalog'!$B:$B,MATCH($G7,'Catalog'!$A:$A,0)),$B7)) -> 75 XLמיישר כתף יציב יישור ג.צר | I7: =IF($G7="","Unmatched","Matched") -> Matched | J7: =IF($G7<>"",$G7,$B7) -> 4413129 | K7: =IF(COUNTIF($M$1:$M$10,$A7)>0,"Y","N") -> Y | M7: 108 - Shoe Stores
A8: 101 - Factory customers | B8: AC75-S-XL | C8: 69 | D8: 5398.3 | E8: 31 | F8: 2358.14 | G8: =IFERROR(INDEX('TRANS'!$B:$B,MATCH($B8,'TRANS'!$A:$A,0)),IFERROR(INDEX('TRANS'!$B:$B,MATCH(TRIM(SUBSTITUTE($B8,CHAR(160)," ")),'TRANS'!$D:$D,0)),IFERROR(INDEX('Catalog'!$A:$A,MATCH($B8,'Catalog'!$B:$B,0)),IFERROR(INDEX('Catalog'!$A:$A,MATCH(TRIM(SUBSTITUTE($B8,CHAR(160)," ")),'Catalog'!$C:$C,0)),"")))) -> 4413453 | H8: =IFERROR(INDEX('TRANS'!$C:$C,MATCH($B8,'TRANS'!$A:$A,0)),IFERROR(INDEX('Catalog'!$B:$B,MATCH($G8,'Catalog'!$A:$A,0)),$B8)) -> AC75 מישר כתפיים אקטיב | I8: =IF($G8="","Unmatched","Matched") -> Matched | J8: =IF($G8<>"",$G8,$B8) -> 4413453 | K8: =IF(COUNTIF($M$1:$M$10,$A8)>0,"Y","N") -> Y | M8: 109 - Private Shops
A9: 101 - Factory customers | B9: T11C XXL | C9: 1 | D9: 94.5 | E9: 0 | F9: 0 | G9: =IFERROR(INDEX('TRANS'!$B:$B,MATCH($B9,'TRANS'!$A:$A,0)),IFERROR(INDEX('TRANS'!$B:$B,MATCH(TRIM(SUBSTITUTE($B9,CHAR(160)," ")),'TRANS'!$D:$D,0)),IFERROR(INDEX('Catalog'!$A:$A,MATCH($B9,'Catalog'!$B:$B,0)),IFERROR(INDEX('Catalog'!$A:$A,MATCH(TRIM(SUBSTITUTE($B9,CHAR(160)," ")),'Catalog'!$C:$C,0)),"")))) -> 4408093 | H9: =IFERROR(INDEX('TRANS'!$C:$C,MATCH($B9,'TRANS'!$A:$A,0)),IFERROR(INDEX('Catalog'!$B:$B,MATCH($G9,'Catalog'!$A:$A,0)),$B9)) -> T11C XXL חגורת גב פוג'יאמה | I9: =IF($G9="","Unmatched","Matched") -> Matched | J9: =IF($G9<>"",$G9,$B9) -> 4408093 | K9: =IF(COUNTIF($M$1:$M$10,$A9)>0,"Y","N") -> Y | M9: 114 - IL online
A10: 101 - Factory customers | B10: AC43D 0 | C10: 12 | D10: 1079.57 | E10: 4 | F10: 412.29 | G10: =IFERROR(INDEX('TRANS'!$B:$B,MATCH($B10,'TRANS'!$A:$A,0)),IFERROR(INDEX('TRANS'!$B:$B,MATCH(TRIM(SUBSTITUTE($B10,CHAR(160)," ")),'TRANS'!$D:$D,0)),IFERROR(INDEX('Catalog'!$A:$A,MATCH($B10,'Catalog'!$B:$B,0)),IFERROR(INDEX('Catalog'!$A:$A,MATCH(TRIM(SUBSTITUTE($B10,CHAR(160)," ")),'Catalog'!$C:$C,0)),"")))) -> 4413328 | H10: =IFERROR(INDEX('TRANS'!$C:$C,MATCH($B10,'TRANS'!$A:$A,0)),IFERROR(INDEX('Catalog'!$B:$B,MATCH($G10,'Catalog'!$A:$A,0)),$B10)) -> AC43D מגן ברך + צירים | I10: =IF($G10="","Unmatched","Matched") -> Matched | J10: =IF($G10<>"",$G10,$B10) -> 4413328 | K10: =IF(COUNTIF($M$1:$M$10,$A10)>0,"Y","N") -> Y | M10: 115-SuperPharm Online
A11: 101 - Factory customers | B11: M93 | C11: 33 | D11: 983.03 | E11: 9 | F11: 272 | G11: =IFERROR(INDEX('TRANS'!$B:$B,MATCH($B11,'TRANS'!$A:$A,0)),IFERROR(INDEX('TRANS'!$B:$B,MATCH(TRIM(SUBSTITUTE($B11,CHAR(160)," ")),'TRANS'!$D:$D,0)),IFERROR(INDEX('Catalog'!$A:$A,MATCH($B11,'Catalog'!$B:$B,0)),IFERROR(INDEX('Catalog'!$A:$A,MATCH(TRIM(SUBSTITUTE($B11,CHAR(160)," ")),'Catalog'!$C:$C,0)),"")))) | H11: =IFERROR(INDEX('TRANS'!$C:$C,MATCH($B11,'TRANS'!$A:$A,0)),IFERROR(INDEX('Catalog'!$B:$B,MATCH($G11,'Catalog'!$A:$A,0)),$B11)) -> M93 | I11: =IF($G11="","Unmatched","Matched") -> Unmatched | J11: =IF($G11<>"",$G11,$B11) -> M93 | K11: =IF(COUNTIF($M$1:$M$10,$A11)>0,"Y","N") -> Y
A12: 101 - Factory customers | B12: T39 XL | C12: 2 | D12: 211.72 | E12: 5 | F12: 538.82 | G12: =IFERROR(INDEX('TRANS'!$B:$B,MATCH($B12,'TRANS'!$A:$A,0)),IFERROR(INDEX('TRANS'!$B:$B,MATCH(TRIM(SUBSTITUTE($B12,CHAR(160)," ")),'TRANS'!$D:$D,0)),IFERROR(INDEX('Catalog'!$A:$A,MATCH($B12,'Catalog'!$B:$B,0)),IFERROR(INDEX('Catalog'!$A:$A,MATCH(TRIM(SUBSTITUTE($B12,CHAR(160)," ")),'Catalog'!$C:$C,0)),"")))) | H12: =IFERROR(INDEX('TRANS'!$C:$C,MATCH($B12,'TRANS'!$A:$A,0)),IFERROR(INDEX('Catalog'!$B:$B,MATCH($G12,'Catalog'!$A:$A,0)),$B12)) -> T39 XL | I12: =IF($G12="","Unmatched","Matched") -> Unmatched | J12: =IF($G12<>"",$G12,$B12) -> T39 XL | K12: =IF(COUNTIF($M$1:$M$10,$A12)>0,"Y","N") -> Y
A13: 101 - Factory customers | B13: 06U M | C13: 1 | D13: 140.57 | E13: 0 | F13: 0 | G13: =IFERROR(INDEX('TRANS'!$B:$B,MATCH($B13,'TRANS'!$A:$A,0)),IFERROR(INDEX('TRANS'!$B:$B,MATCH(TRIM(SUBSTITUTE($B13,CHAR(160)," ")),'TRANS'!$D:$D,0)),IFERROR(INDEX('Catalog'!$A:$A,MATCH($B13,'Catalog'!$B:$B,0)),IFERROR(INDEX('Catalog'!$A:$A,MATCH(TRIM(SUBSTITUTE($B13,CHAR(160)," ")),'Catalog'!$C:$C,0)),"")))) | H13: =IFERROR(INDEX('TRANS'!$C:$C,MATCH($B13,'TRANS'!$A:$A,0)),IFERROR(INDEX('Catalog'!$B:$B,MATCH($G13,'Catalog'!$A:$A,0)),$B13)) -> 06U M | I13: =IF($G13="","Unmatched","Matched") -> Unmatched | J13: =IF($G13<>"",$G13,$B13) -> 06U M | K13: =IF(COUNTIF($M$1:$M$10,$A13)>0,"Y","N") -> Y
A14: 101 - Factory customers | B14: 078 L | C14: 9 | D14: 1045.57 | E14: 18 | F14: 2567.47 | G14: =IFERROR(INDEX('TRANS'!$B:$B,MATCH($B14,'TRANS'!$A:$A,0)),IFERROR(INDEX('TRANS'!$B:$B,MATCH(TRIM(SUBSTITUTE($B14,CHAR(160)," ")),'TRANS'!$D:$D,0)),IFERROR(INDEX('Catalog'!$A:$A,MATCH($B14,'Catalog'!$B:$B,0)),IFERROR(INDEX('Catalog'!$A:$A,MATCH(TRIM(SUBSTITUTE($B14,CHAR(160)," ")),'Catalog'!$C:$C,0)),"")))) -> 4408192 | H14: =IFERROR(INDEX('TRANS'!$C:$C,MATCH($B14,'TRANS'!$A:$A,0)),IFERROR(INDEX('Catalog'!$B:$B,MATCH($G14,'Catalog'!$A:$A,0)),$B14)) -> 078 L חגורת גב +סגירה | I14: =IF($G14="","Unmatched","Matched") -> Matched | J14: =IF($G14<>"",$G14,$B14) -> 4408192 | K14: =IF(COUNTIF($M$1:$M$10,$A14)>0,"Y","N") -> Y
A15: 101 - Factory customers | B15: 078 XL | C15: 6 | D15: 645.81 | E15: 16 | F15: 2407.69 | G15: =IFERROR(INDEX('TRANS'!$B:$B,MATCH($B15,'TRANS'!$A:$A,0)),IFERROR(INDEX('TRANS'!$B:$B,MATCH(TRIM(SUBSTITUTE($B15,CHAR(160)," ")),'TRANS'!$D:$D,0)),IFERROR(INDEX('Catalog'!$A:$A,MATCH($B15,'Catalog'!$B:$B,0)),IFERROR(INDEX('Catalog'!$A:$A,MATCH(TRIM(SUBSTITUTE($B15,CHAR(160)," ")),'Catalog'!$C:$C,0)),"")))) -> 4408218 | H15: =IFERROR(INDEX('TRANS'!$C:$C,MATCH($B15,'TRANS'!$A:$A,0)),IFERROR(INDEX('Catalog'!$B:$B,MATCH($G15,'Catalog'!$A:$A,0)),$B15)) -> 078XL חגורת גב +סגירה כפולה | I15: =IF($G15="","Unmatched","Matched") -> Matched | J15: =IF($G15<>"",$G15,$B15) -> 4408218 | K15: =IF(COUNTIF($M$1:$M$10,$A15)>0,"Y","N") -> Y
A16: 101 - Factory customers | B16: 078G M | C16: 2 | D16: 234.26 | E16: 4 | F16: 351.41 | G16: =IFERROR(INDEX('TRANS'!$B:$B,MATCH($B16,'TRANS'!$A:$A,0)),IFERROR(INDEX('TRANS'!$B:$B,MATCH(TRIM(SUBSTITUTE($B16,CHAR(160)," ")),'TRANS'!$D:$D,0)),IFERROR(INDEX('Catalog'!$A:$A,MATCH($B16,'Catalog'!$B:$B,0)),IFERROR(INDEX('Catalog'!$A:$A,MATCH(TRIM(SUBSTITUTE($B16,CHAR(160)," ")),'Catalog'!$C:$C,0)),"")))) -> 4408220 | H16: =IFERROR(INDEX('TRANS'!$C:$C,MATCH($B16,'TRANS'!$A:$A,0)),IFERROR(INDEX('Catalog'!$B:$B,MATCH($G16,'Catalog'!$A:$A,0)),$B16)) -> 078G-M חגורת גב אפורה | I16: =IF($G16="","Unmatched","Matched") -> Matched | J16: =IF($G16<>"",$G16,$B16) -> 4408220 | K16: =IF(COUNTIF($M$1:$M$10,$A16)>0,"Y","N") -> Y
A17: 101 - Factory customers | B17: 079 M | C17: 0 | D17: 0 | E17: 2 | F17: 217.41 | G17: =IFERROR(INDEX('TRANS'!$B:$B,MATCH($B17,'TRANS'!$A:$A,0)),IFERROR(INDEX('TRANS'!$B:$B,MATCH(TRIM(SUBSTITUTE($B17,CHAR(160)," ")),'TRANS'!$D:$D,0)),IFERROR(INDEX('Catalog'!$A:$A,MATCH($B17,'Catalog'!$B:$B,0)),IFERROR(INDEX('Catalog'!$A:$A,MATCH(TRIM(SUBSTITUTE($B17,CHAR(160)," ")),'Catalog'!$C:$C,0)),"")))) | H17: =IFERROR(INDEX('TRANS'!$C:$C,MATCH($B17,'TRANS'!$A:$A,0)),IFERROR(INDEX('Catalog'!$B:$B,MATCH($G17,'Catalog'!$A:$A,0)),$B17)) -> 079 M | I17: =IF($G17="","Unmatched","Matched") -> Unmatched | J17: =IF($G17<>"",$G17,$B17) -> 079 M | K17: =IF(COUNTIF($M$1:$M$10,$A17)>0,"Y","N") -> Y
A18: 101 - Factory customers | B18: 07UC-S-M | C18: 1 | D18: 231.97 | E18: 0 | F18: 0 | G18: =IFERROR(INDEX('TRANS'!$B:$B,MATCH($B18,'TRANS'!$A:$A,0)),IFERROR(INDEX('TRANS'!$B:$B,MATCH(TRIM(SUBSTITUTE($B18,CHAR(160)," ")),'TRANS'!$D:$D,0)),IFERROR(INDEX('Catalog'!$A:$A,MATCH($B18,'Catalog'!$B:$B,0)),IFERROR(INDEX('Catalog'!$A:$A,MATCH(TRIM(SUBSTITUTE($B18,CHAR(160)," ")),'Catalog'!$C:$C,0)),"")))) | H18: =IFERROR(INDEX('TRANS'!$C:$C,MATCH($B18,'TRANS'!$A:$A,0)),IFERROR(INDEX('Catalog'!$B:$B,MATCH($G18,'Catalog'!$A:$A,0)),$B18)) -> 07UC-S-M | I18: =IF($G18="","Unmatched","Matched") -> Unmatched | J18: =IF($G18<>"",$G18,$B18) -> 07UC-S-M | K18: =IF(COUNTIF($M$1:$M$10,$A18)>0,"Y","N") -> Y
A19: 101 - Factory customers | B19: 09-S-M | C19: 1 | D19: 137.81 | E19: 0 | F19: 0 | G19: =IFERROR(INDEX('TRANS'!$B:$B,MATCH($B19,'TRANS'!$A:$A,0)),IFERROR(INDEX('TRANS'!$B:$B,MATCH(TRIM(SUBSTITUTE($B19,CHAR(160)," ")),'TRANS'!$D:$D,0)),IFERROR(INDEX('Catalog'!$A:$A,MATCH($B19,'Catalog'!$B:$B,0)),IFERROR(INDEX('Catalog'!$A:$A,MATCH(TRIM(SUBSTITUTE($B19,CHAR(160)," ")),'Catalog'!$C:$C,0)),"")))) | H19: =IFERROR(INDEX('TRANS'!$C:$C,MATCH($B19,'TRANS'!$A:$A,0)),IFERROR(INDEX('Catalog'!$B:$B,MATCH($G19,'Catalog'!$A:$A,0)),$B19)) -> 09-S-M | I19: =IF($G19="","Unmatched","Matched") -> Unmatched | J19: =IF($G19<>"",$G19,$B19) -> 09-S-M | K19: =IF(COUNTIF($M$1:$M$10,$A19)>0,"Y","N") -> Y
A20: 101 - Factory customers | B20: 099-L-XL | C20: 0 | D20: 0 | E20: 1 | F20: 137.3 | G20: =IFERROR(INDEX('TRANS'!$B:$B,MATCH($B20,'TRANS'!$A:$A,0)),IFERROR(INDEX('TRANS'!$B:$B,MATCH(TRIM(SUBSTITUTE($B20,CHAR(160)," ")),'TRANS'!$D:$D,0)),IFERROR(INDEX('Catalog'!$A:$A,MATCH($B20,'Catalog'!$B:$B,0)),IFERROR(INDEX('Catalog'!$A:$A,MATCH(TRIM(SUBSTITUTE($B20,CHAR(160)," ")),'Catalog'!$C:$C,0)),"")))) | H20: =IFERROR(INDEX('TRANS'!$C:$C,MATCH($B20,'TRANS'!$A:$A,0)),IFERROR(INDEX('Catalog'!$B:$B,MATCH($G20,'Catalog'!$A:$A,0)),$B20)) -> 099-L-XL | I20: =IF($G20="","Unmatched","Matched") -> Unmatched | J20: =IF($G20<>"",$G20,$B20) -> 099-L-XL | K20: =IF(COUNTIF($M$1:$M$10,$A20)>0,"Y","N") -> Y
A21: 101 - Factory customers | B21: 099-S-M | C21: 1 | D21: 137.29 | E21: 0 | F21: 0.01 | G21: =IFERROR(INDEX('TRANS'!$B:$B,MATCH($B21,'TRANS'!$A:$A,0)),IFERROR(INDEX('TRANS'!$B:$B,MATCH(TRIM(SUBSTITUTE($B21,CHAR(160)," ")),'TRANS'!$D:$D,0)),IFERROR(INDEX('Catalog'!$A:$A,MATCH($B21,'Catalog'!$B:$B,0)),IFERROR(INDEX('Catalog'!$A:$A,MATCH(TRIM(SUBSTITUTE($B21,CHAR(160)," ")),'Catalog'!$C:$C,0)),"")))) | H21: =IFERROR(INDEX('TRANS'!$C:$C,MATCH($B21,'TRANS'!$A:$A,0)),IFERROR(INDEX('Catalog'!$B:$B,MATCH($G21,'Catalog'!$A:$A,0)),$B21)) -> 099-S-M | I21: =IF($G21="","Unmatched","Matched") -> Unmatched | J21: =IF($G21<>"",$G21,$B21) -> 099-S-M | K21: =IF(COUNTIF($M$1:$M$10,$A21)>0,"Y","N") -> Y
A22: 101 - Factory customers | B22: 10 L | C22: 11 | D22: 1454.63 | E22: 0 | F22: 0 | G22: =IFERROR(INDEX('TRANS'!$B:$B,MATCH($B22,'TRANS'!$A:$A,0)),IFERROR(INDEX('TRANS'!$B:$B,MATCH(TRIM(SUBSTITUTE($B22,CHAR(160)," ")),'TRANS'!$D:$D,0)),IFERROR(INDEX('Catalog'!$A:$A,MATCH($B22,'Catalog'!$B:$B,0)),IFERROR(INDEX('Catalog'!$A:$A,MATCH(TRIM(SUBSTITUTE($B22,CHAR(160)," ")),'Catalog'!$C:$C,0)),"")))) -> 4408027 | H22: =IFERROR(INDEX('TRANS'!$C:$C,MATCH($B22,'TRANS'!$A:$A,0)),IFERROR(INDEX('Catalog'!$B:$B,MATCH($G22,'Catalog'!$A:$A,0)),$B22)) -> 10 L """"חגורת גב """"לומבו | I22: =IF($G22="","Unmatched","Matched") -> Matched | J22: =IF($G22<>"",$G22,$B22) -> 4408027 | K22: =IF(COUNTIF($M$1:$M$10,$A22)>0,"Y","N") -> Y
... A4467: 301 - Amazon | B4467: TC342 0 | C4467: 0 | D4467: 0 | E4467: 26 | F4467: 2172.93 | G4467: =IFERROR(INDEX('TRANS'!$B:$B,MATCH($B4467,'TRANS'!$A:$A,0)),IFERROR(INDEX('TRANS'!$B:$B,MATCH(TRIM(SUBSTITUTE($B4467,CHAR(160)," ")),'TRANS'!$D:$D,0)),IFERROR(INDEX('Catalog'!$A:$A,MATCH($B4467,'Catalog'!$B:$B,0)),IFERROR(INDEX('Catalog'!$A:$A,MATCH(TRIM(SUBSTITUTE($B4467,CHAR(160)," ")),'Catalog'!$C:$C,0)),"")))) | H4467: =IFERROR(INDEX('TRANS'!$C:$C,MATCH($B4467,'TRANS'!$A:$A,0)),IFERROR(INDEX('Catalog'!$B:$B,MATCH($G4467,'Catalog'!$A:$A,0)),$B4467)) -> TC342 0 | I4467: =IF($G4467="","Unmatched","Matched") -> Unmatched | J4467: =IF($G4467<>"",$G4467,$B4467) -> TC342 0 | K4467: =IF(COUNTIF($M$1:$M$10,$A4467)>0,"Y","N") -> N

Sheet CEMIUP0.9 Raw
A1: CEMIUP0.9 Raw — already-resolved product rows imported from kirill/outputs/2026-09-25-CEMIUP0.9-grouped-2025-vs-2026.xlsx | J1: 107 - Pharmacies
A2: Calculation date: | B2: 46290 | J2: 113 - Kupat Holim Meuhedet
A3: Source: "בתי מרקחת" (=107-Pharmacies, CEMI+SALES combined), "מאוחדת" (=113-Kupat Holim Meuhedet, CEMI+SALES combined), "BE", "סופר פארם", "מכבי" sheets - ALL ALREADY fully resolved there (CHEMIPAL Code matched, DROP/NEW-analyzed, 2026 already annualized ×12/9.5, and the 0.91 net-sale factor already applied to their CEMI-sourced portions). Imported as literal values (not re-derived) since that file is itself the fully audited/recalculated source - re-deriving here would be redundant and risk drift. Quantity 2026 / Amount 2026 columns here are already the FINAL annualized figures - no further normalization applied in the Main List.
A5: Category | B5: CHEMIPAL Code | C5: Product Name | D5: Quantity 2025 | E5: Amount 2025 (₪) | F5: Quantity 2026 (Annualized) | G5: Amount 2026 (Annualized, ₪) | H5: Main List v2 Scope
A6: 107 - Pharmacies | B6: 4401000 | C6: 369 S-L אצבעון מסיליקון יחידה | D6: 337 | E6: 7001.773 | F6: 324.63158 | G6: 6829.5928 | H6: =IF(COUNTIF($J$1:$J$2,$A6)>0,"Y","N") -> Y
A7: 107 - Pharmacies | B7: 4401001 | C7: 369 XL אצבעון מסיליקון יחידה | D7: 432 | E7: 9786.318 | F7: 368.84211 | G7: 8383.4034 | H7: =IF(COUNTIF($J$1:$J$2,$A7)>0,"Y","N") -> Y
A8: 107 - Pharmacies | B8: 4401002 | C8: PD 344-אבן טבעית להסרת עור קשה | D8: 266 | E8: 2074.399 | F8: 232.42105 | G8: 1814.5592 | H8: =IF(COUNTIF($J$1:$J$2,$A8)>0,"Y","N") -> Y
A9: 107 - Pharmacies | B9: 4401011 | C9: 805AT-Cאתלטיק טייפ בז' 20מ""מ20 | D9: 72 | E9: 1026.035 | F9: 61.894737 | G9: 928.31495 | H9: =IF(COUNTIF($J$1:$J$2,$A9)>0,"Y","N") -> Y
A10: 107 - Pharmacies | B10: 4401012 | C10: 805AT-B אתלטיק טייפ שחור 20מ""מ | D10: 20 | E10: 290.017 | F10: 26.526316 | G10: 412.20126 | H10: =IF(COUNTIF($J$1:$J$2,$A10)>0,"Y","N") -> Y
A11: 107 - Pharmacies | B11: 4401013 | C11: 805AT-BLאתלטיק טייפ כחול 20מ""מ | D11: 19 | E11: 274.274 | F11: 24 | G11: 367.14189 | H11: =IF(COUNTIF($J$1:$J$2,$A11)>0,"Y","N") -> Y
A12: 107 - Pharmacies | B12: 4401014 | C12: 805AT-W אתלטיק טייפ לבן 20מ""מ | D12: 49 | E12: 688.971 | F12: 51.789474 | G12: 764.62989 | H12: =IF(COUNTIF($J$1:$J$2,$A12)>0,"Y","N") -> Y
A13: 107 - Pharmacies | B13: 4402000 | C13: 363 בננה לתמיכת אצבעות ז.כרית | D13: 132 | E13: 3151.399 | F13: 149.05263 | G13: 3621.1213 | H13: =IF(COUNTIF($J$1:$J$2,$A13)>0,"Y","N") -> Y
A14: 107 - Pharmacies | B14: 4402007 | C14: 320 בליסטר פלסטר | D14: 356 | E14: 5973.286 | F14: 286.73684 | G14: 4807.8025 | H14: =IF(COUNTIF($J$1:$J$2,$A14)>0,"Y","N") -> Y
A15: 107 - Pharmacies | B15: 4403000 | C15: 390B גרב.כסף לסכרתים שחור35-38 | D15: 21 | E15: 558.831 | F15: 13.894737 | G15: 414.27032 | H15: =IF(COUNTIF($J$1:$J$2,$A15)>0,"Y","N") -> Y
A16: 107 - Pharmacies | B16: 4403001 | C16: 390B 39-42.גרב.כסף לסכרתיים שח | D16: 42 | E16: 1162.434 | F16: 18.947368 | G16: 583.81768 | H16: =IF(COUNTIF($J$1:$J$2,$A16)>0,"Y","N") -> Y
A17: 107 - Pharmacies | B17: 4403002 | C17: 390B 43-46.גרב.כסף לסכרתיים שח | D17: 78 | E17: 2224.36 | F17: 29.052632 | G17: 877.04842 | H17: =IF(COUNTIF($J$1:$J$2,$A17)>0,"Y","N") -> Y
... A596: 107 - Pharmacies | B596: 4422042 | C596: SH422 6 תומך ברך גנושילד | D596: 1 | E596: 120 | F596: 21.473684 | G596: 3859.2291 | H596: =IF(COUNTIF($J$1:$J$2,$A596)>0,"Y","N") -> Y
A597: 107 - Pharmacies | B597: 062 XXL | C597: 062 XXL | D597: 0 | E597: 0.01 | F597: 0 | G597: 0 | H597: =IF(COUNTIF($J$1:$J$2,$A597)>0,"Y","N") -> Y
A598: 107 - Pharmacies | B598: 06U M | C598: 06U M | D598: 2 | E598: 281.15 | F598: 0 | G598: 0 | H598: =IF(COUNTIF($J$1:$J$2,$A598)>0,"Y","N") -> Y
A599: 107 - Pharmacies | B599: 06U XXL | C599: 06U XXL | D599: 1 | E599: 140.57 | F599: 0 | G599: 0 | H599: =IF(COUNTIF($J$1:$J$2,$A599)>0,"Y","N") -> Y
A600: 107 - Pharmacies | B600: 07UB-L-XL | C600: 07UB-L-XL | D600: 50 | E600: 6250 | F600: 1.2631579 | G600: 295.97053 | H600: =IF(COUNTIF($J$1:$J$2,$A600)>0,"Y","N") -> Y
A601: 107 - Pharmacies | B601: 07UB-S-M | C601: 07UB-S-M | D601: 10 | E601: 1250 | F601: 0 | G601: 0 | H601: =IF(COUNTIF($J$1:$J$2,$A601)>0,"Y","N") -> Y
A602: 107 - Pharmacies | B602: 10 XXL | C602: 10 XXL | D602: 10 | E602: 1300 | F602: 0 | G602: 0 | H602: =IF(COUNTIF($J$1:$J$2,$A602)>0,"Y","N") -> Y
A603: 107 - Pharmacies | B603: 11EU S | C603: 11EU S | D603: 1 | E603: 69.01 | F603: 1.2631579 | G603: 107.36842 | H603: =IF(COUNTIF($J$1:$J$2,$A603)>0,"Y","N") -> Y
A604: 107 - Pharmacies | B604: 11EU XS | C604: 11EU XS | D604: 1 | E604: 69 | F604: 0 | G604: 0 | H604: =IF(COUNTIF($J$1:$J$2,$A604)>0,"Y","N") -> Y
A605: 107 - Pharmacies | B605: 11PS M | C605: 11PS M | D605: 1 | E605: 135.88 | F605: 0 | G605: 0 | H605: =IF(COUNTIF($J$1:$J$2,$A605)>0,"Y","N") -> Y
A606: 107 - Pharmacies | B606: 13 L | C606: 13 L | D606: 0 | E606: 0 | F606: 1.2631579 | G606: 198.27789 | H606: =IF(COUNTIF($J$1:$J$2,$A606)>0,"Y","N") -> Y
A607: 107 - Pharmacies | B607: 13 M | C607: 13 M | D607: 1 | E607: 156.98 | F607: 0 | G607: 0 | H607: =IF(COUNTIF($J$1:$J$2,$A607)>0,"Y","N") -> Y
A608: 107 - Pharmacies | B608: 15M L | C608: 15M L | D608: 1 | E608: 140.57 | F608: 1.2631579 | G608: 177.57474 | H608: =IF(COUNTIF($J$1:$J$2,$A608)>0,"Y","N") -> Y
... A667: 107 - Pharmacies | B667: T45X M | C667: T45X M | D667: 0 | E667: 0 | F667: 2.5263158 | G667: 298.43368 | H667: =IF(COUNTIF($J$1:$J$2,$A667)>0,"Y","N") -> Y
A668: 113 - Kupat Holim Meuhedet | B668: 4401000 | C668: 369 S-L אצבעון מסיליקון יחידה | D668: 234 | E668: 3790.8 | F668: 144 | G668: 2085.5091 | H668: =IF(COUNTIF($J$1:$J$2,$A668)>0,"Y","N") -> Y
A669: 113 - Kupat Holim Meuhedet | B669: 4401001 | C669: 369 XL אצבעון מסיליקון יחידה | D669: 336 | E669: 5987.52 | F669: 285.47368 | G669: 4866.8008 | H669: =IF(COUNTIF($J$1:$J$2,$A669)>0,"Y","N") -> Y
A670: 113 - Kupat Holim Meuhedet | B670: 4401002 | C670: PD 344-אבן טבעית להסרת עור קשה | D670: 335 | E670: 1946.35 | F670: 248.84211 | G670: 1319.472 | H670: =IF(COUNTIF($J$1:$J$2,$A670)>0,"Y","N") -> Y
A671: 113 - Kupat Holim Meuhedet | B671: 4402000 | C671: 363 בננה לתמיכת אצבעות ז.כרית | D671: 154 | E671: 2671.9 | F671: 84.631579 | G671: 1337.6589 | H671: =IF(COUNTIF($J$1:$J$2,$A671)>0,"Y","N") -> Y
A672: 113 - Kupat Holim Meuhedet | B672: 4402007 | C672: 320 בליסטר פלסטר | D672: 163 | E672: 2089.66 | F672: 141.47368 | G672: 1630.056 | H672: =IF(COUNTIF($J$1:$J$2,$A672)>0,"Y","N") -> Y
A673: 113 - Kupat Holim Meuhedet | B673: 4402011 | C673: S-XLST422 מגן ברך+כרית ג'ל | D673: 145 | E673: 7757.5 | F673: 132.63158 | G673: 6616.7949 | H673: =IF(COUNTIF($J$1:$J$2,$A673)>0,"Y","N") -> Y
A674: 113 - Kupat Holim Meuhedet | B674: 4403000 | C674: 390B גרב.כסף לסכרתים שחור35-38 | D674: 2 | E674: 47.2 | F674: 16.421053 | G674: 375.38905 | H674: =IF(COUNTIF($J$1:$J$2,$A674)>0,"Y","N") -> Y
A675: 113 - Kupat Holim Meuhedet | B675: 4403001 | C675: 390B 39-42.גרב.כסף לסכרתיים שח | D675: 40 | E675: 944 | F675: 29.052632 | G675: 635.63495 | H675: =IF(COUNTIF($J$1:$J$2,$A675)>0,"Y","N") -> Y
A676: 113 - Kupat Holim Meuhedet | B676: 4403002 | C676: 390B 43-46.גרב.כסף לסכרתיים שח | D676: 43 | E676: 1014.8 | F676: 98.526316 | G676: 2276.928 | H676: =IF(COUNTIF($J$1:$J$2,$A676)>0,"Y","N") -> Y
A677: 113 - Kupat Holim Meuhedet | B677: 4403003 | C677: 390G ג.כסף לסכרתיים אפור35-38 | D677: 7 | E677: 165.2 | F677: 21.473684 | G677: 493.36421 | H677: =IF(COUNTIF($J$1:$J$2,$A677)>0,"Y","N") -> Y
A678: 113 - Kupat Holim Meuhedet | B678: 4403005 | C678: G390.43-46 גרבי כסף לסכרת מידה | D678: 25 | E678: 590 | F678: 15.157895 | G678: 329.33179 | H678: =IF(COUNTIF($J$1:$J$2,$A678)>0,"Y","N") -> Y
A679: 113 - Kupat Holim Meuhedet | B679: 4403006 | C679: 390W-35-38 | D679: 3 | E679: 70.8 | F679: 5.0526316 | G679: 119.24211 | H679: =IF(COUNTIF($J$1:$J$2,$A679)>0,"Y","N") -> Y
... A884: 113 - Kupat Holim Meuhedet | B884: 4422042 | C884: SH422 6 תומך ברך גנושילד | D884: 0 | E884: 0 | F884: 21.473684 | G884: 2442.6316 | H884: =IF(COUNTIF($J$1:$J$2,$A884)>0,"Y","N") -> Y
A885: 113 - Kupat Holim Meuhedet | B885: 078C L | C885: 078C L | D885: 2 | E885: 130 | F885: 0 | G885: 0 | H885: =IF(COUNTIF($J$1:$J$2,$A885)>0,"Y","N") -> Y
A886: 113 - Kupat Holim Meuhedet | B886: 078C M | C886: 078C M | D886: 2 | E886: 130 | F886: 0 | G886: 0 | H886: =IF(COUNTIF($J$1:$J$2,$A886)>0,"Y","N") -> Y
A887: 113 - Kupat Holim Meuhedet | B887: 078C XL | C887: 078C XL | D887: 0 | E887: 0 | F887: 1.2631579 | G887: 82.105263 | H887: =IF(COUNTIF($J$1:$J$2,$A887)>0,"Y","N") -> Y
A888: 113 - Kupat Holim Meuhedet | B888: 07AU L ח.גב ""איטלקית"" אורירית | C888: 07AU L ח.גב ""איטלקית"" אורירית | D888: 0 | E888: 0 | F888: 8.8421053 | G888: 1260.8577 | H888: =IF(COUNTIF($J$1:$J$2,$A888)>0,"Y","N") -> Y
A889: 113 - Kupat Holim Meuhedet | B889: 07AU M ח.גב ""איטלקית"" אורירית | C889: 07AU M ח.גב ""איטלקית"" אורירית | D889: 0 | E889: 0 | F889: 2.5263158 | G889: 403.46526 | H889: =IF(COUNTIF($J$1:$J$2,$A889)>0,"Y","N") -> Y
A890: 113 - Kupat Holim Meuhedet | B890: 07AU XL ח.גב ""איטלקית"" אורירית | C890: 07AU XL ח.גב ""איטלקית"" אורירית | D890: 0 | E890: 0 | F890: 6.3157895 | G890: 857.39242 | H890: =IF(COUNTIF($J$1:$J$2,$A890)>0,"Y","N") -> Y
A891: 113 - Kupat Holim Meuhedet | B891: 07AU XXL.ח.גב ""איטלקית"" אוריר | C891: 07AU XXL.ח.גב ""איטלקית"" אוריר | D891: 0 | E891: 0 | F891: 8.8421053 | G891: 1159.9339 | H891: =IF(COUNTIF($J$1:$J$2,$A891)>0,"Y","N") -> Y
A892: 113 - Kupat Holim Meuhedet | B892: 11 L""חגורת בטן""אורירית | C892: 11 L""חגורת בטן""אורירית | D892: 0 | E892: 0 | F892: 36.631579 | G892: 2349.0644 | H892: =IF(COUNTIF($J$1:$J$2,$A892)>0,"Y","N") -> Y
A893: 113 - Kupat Holim Meuhedet | B893: 11 M""חגורת בטן""אורירית | C893: 11 M""חגורת בטן""אורירית | D893: 0 | E893: 0 | F893: 25.263158 | G893: 1663.0585 | H893: =IF(COUNTIF($J$1:$J$2,$A893)>0,"Y","N") -> Y
A894: 113 - Kupat Holim Meuhedet | B894: 11 S""חגורת בטן""אורירית | C894: 11 S""חגורת בטן""אורירית | D894: 0 | E894: 0 | F894: 2.5263158 | G894: 166.32884 | H894: =IF(COUNTIF($J$1:$J$2,$A894)>0,"Y","N") -> Y
A895: 113 - Kupat Holim Meuhedet | B895: 11 XL""חגורת בטן""אורירית | C895: 11 XL""חגורת בטן""אורירית | D895: 0 | E895: 0 | F895: 45.473684 | G895: 2910.3524 | H895: =IF(COUNTIF($J$1:$J$2,$A895)>0,"Y","N") -> Y
A896: 113 - Kupat Holim Meuhedet | B896: 11 XXL""חגורת בטן""אורירית | C896: 11 XXL""חגורת בטן""אורירית | D896: 0 | E896: 0 | F896: 25.263158 | G896: 1621.4476 | H896: =IF(COUNTIF($J$1:$J$2,$A896)>0,"Y","N") -> Y
... A927: 113 - Kupat Holim Meuhedet | B927: T402 M | C927: T402 M | D927: -3 | E927: -247.44 | F927: 0 | G927: 0 | H927: =IF(COUNTIF($J$1:$J$2,$A927)>0,"Y","N") -> Y
A928: BE (CEMI internal group) | B928: 4401000 | C928: 369 S-L אצבעון מסיליקון יחידה | D928: 134 | E928: 2469.285 | F928: 114.94737 | G928: 2125.6067 | H928: =IF(COUNTIF($J$1:$J$2,$A928)>0,"Y","N") -> N
A929: BE (CEMI internal group) | B929: 4401001 | C929: 369 XL אצבעון מסיליקון יחידה | D929: 168 | E929: 3344.887 | F929: 113.68421 | G929: 2258.3709 | H929: =IF(COUNTIF($J$1:$J$2,$A929)>0,"Y","N") -> N
A930: BE (CEMI internal group) | B930: 4401002 | C930: PD 344-אבן טבעית להסרת עור קשה | D930: 118 | E930: 775.32 | F930: 202.10526 | G930: 1327.872 | H930: =IF(COUNTIF($J$1:$J$2,$A930)>0,"Y","N") -> N
A931: BE (CEMI internal group) | B931: 4402000 | C931: 363 בננה לתמיכת אצבעות ז.כרית | D931: 53 | E931: 1137.318 | F931: 30.315789 | G931: 650.48716 | H931: =IF(COUNTIF($J$1:$J$2,$A931)>0,"Y","N") -> N
A932: BE (CEMI internal group) | B932: 4402007 | C932: 320 בליסטר פלסטר | D932: 148 | E932: 2581.852 | F932: 50.526316 | G932: 881.41642 | H932: =IF(COUNTIF($J$1:$J$2,$A932)>0,"Y","N") -> N
A933: BE (CEMI internal group) | B933: 4402012 | C933: BE CARE תחבושת אלסטית 5 ס""מ | D933: -8 | E933: -24.024 | F933: 0 | G933: 0 | H933: =IF(COUNTIF($J$1:$J$2,$A933)>0,"Y","N") -> N
A934: BE (CEMI internal group) | B934: 4402020 | C934: BE CARE KT BLACK | D934: -2 | E934: -43.68 | F934: 0 | G934: 0 | H934: =IF(COUNTIF($J$1:$J$2,$A934)>0,"Y","N") -> N
A935: BE (CEMI internal group) | B935: 4402021 | C935: BE CARE KT BLUE | D935: -1 | E935: -21.84 | F935: 0 | G935: 0 | H935: =IF(COUNTIF($J$1:$J$2,$A935)>0,"Y","N") -> N
A936: BE (CEMI internal group) | B936: 4403000 | C936: 390B גרב.כסף לסכרתים שחור35-38 | D936: 0 | E936: 0 | F936: 5.0526316 | G936: 144.60379 | H936: =IF(COUNTIF($J$1:$J$2,$A936)>0,"Y","N") -> N
A937: BE (CEMI internal group) | B937: 4403001 | C937: 390B 39-42.גרב.כסף לסכרתיים שח | D937: 14 | E937: 400.764 | F937: 2.5263158 | G937: 72.301895 | H937: =IF(COUNTIF($J$1:$J$2,$A937)>0,"Y","N") -> N
A938: BE (CEMI internal group) | B938: 4403002 | C938: 390B 43-46.גרב.כסף לסכרתיים שח | D938: 18 | E938: 515.333 | F938: 2.5263158 | G938: 72.301895 | H938: =IF(COUNTIF($J$1:$J$2,$A938)>0,"Y","N") -> N
A939: BE (CEMI internal group) | B939: 4403003 | C939: 390G ג.כסף לסכרתיים אפור35-38 | D939: 2 | E939: 57.239 | F939: 0 | G939: 0 | H939: =IF(COUNTIF($J$1:$J$2,$A939)>0,"Y","N") -> N
... A1712: 20 - ק.חולים מכבי (CEMI internal group) | B1712: 4408274 | C1712: 70N L חגורת פאבליק | D1712: 0 | E1712: 0 | F1712: 1.2631579 | G1712: 255.18316 | H1712: =IF(COUNTIF($J$1:$J$2,$A1712)>0,"Y","N") -> N

Sheet TRANS
A1: TRANS Crosswalk — ITEM NAME (NetSuite/SALES short codes) <-> CHEMIPAL CODE <-> CHEMIPAL NAME (PPLAY1 long text)
A2: Calculation date: | B2: 46290
A3: Source: kirill/reference/TRANS - item name to CHEMIPAL code.xlsx. Used as the PRIMARY match source for all SALES-sourced categories (short NetSuite-style item codes). Column D is a whitespace-normalized helper (fallback match key).
A5: ITEM NAME | B5: CHEMIPAL CODE | C5: CHEMIPAL NAME | D5: ITEM NAME (normalized)
A6: 40 0 | B6: 4420016 | C6: 40-רצועת פיקה לברך | D6: =TRIM(SUBSTITUTE($A6,CHAR(160)," ")) -> 40 0
A7: 4022 0 | B7: 4420017 | C7: 4022 רצועת """"פיקה""""+כרית | D7: =TRIM(SUBSTITUTE($A7,CHAR(160)," ")) -> 4022 0
A8: 41 XL | B8: 4413074 | C8: 41 XL.מ.ברך מוצלב+ספירלות בצד | D8: =TRIM(SUBSTITUTE($A8,CHAR(160)," ")) -> 41 XL
A9: 41 L | B9: 4413072 | C9: 41 Lמ.ברך מוצלב+ספירלות בצדדים | D9: =TRIM(SUBSTITUTE($A9,CHAR(160)," ")) -> 41 L
A10: 41 M | B10: 4413073 | C10: 41 Mמ.ברך מוצלב+ספירלות בצדדים | D10: =TRIM(SUBSTITUTE($A10,CHAR(160)," ")) -> 41 M
A11: 41 S | B11: 4413071 | C11: 41 Sמ.ברך מוצלב+ספירלות בצדדים | D11: =TRIM(SUBSTITUTE($A11,CHAR(160)," ")) -> 41 S
A12: 41X L | B12: 4413076 | C12: 41X L מגן ברך מוצלב+מוט | D12: =TRIM(SUBSTITUTE($A12,CHAR(160)," ")) -> 41X L
A13: 41X XL | B13: 4413079 | C13: 41X XL מגן ברך מוצלב+מוט | D13: =TRIM(SUBSTITUTE($A13,CHAR(160)," ")) -> 41X XL
A14: 422 S | B14: 4413089 | C14: 422 Sמ.ברך+כרית סיל.סביב לפיקה | D14: =TRIM(SUBSTITUTE($A14,CHAR(160)," ")) -> 422 S
A15: 422E XXXL | B15: 4413284 | C15: 422E XXXL מגן ברך ארוך עם כרית | D15: =TRIM(SUBSTITUTE($A15,CHAR(160)," ")) -> 422E XXXL
A16: 45 XS | B16: 4413332 | C16: 45 XS מגן ברך רגיל לבן | D16: =TRIM(SUBSTITUTE($A16,CHAR(160)," ")) -> 45 XS
A17: 45 L | B17: 4413092 | C17: 45 L מגן ברך לבן | D17: =TRIM(SUBSTITUTE($A17,CHAR(160)," ")) -> 45 L
... A471: 807CB-P | B471: 4422034 | C471: 807CB-P תחבושת נצמדת ורוד 20ממ | D471: =TRIM(SUBSTITUTE($A471,CHAR(160)," ")) -> 807CB-P

Sheet Catalog
A1: Catalog — global מק"ט (CHEMIPAL Code) <-> Item Name (PPLAY1 long text), from "חנה_1" export
A2: Calculation date: | B2: 46290
A3: Source: kirill/reference/catalog-item-codes-חנה_1.xlsx. Used as a FALLBACK match source (mostly relevant for CEMI/PPLAY1-format long text, rarely matches SALES short codes directly - kept for completeness/verification per instruction).
A5: CHEMIPAL Code | B5: Item Name | C5: Item Name (normalized)
A6: 4402014 | B6: BE CARE תחבושת אלסטית 10ס""מ | C6: =TRIM(SUBSTITUTE($B6,CHAR(160)," ")) -> BE CARE תחבושת אלסטית 10ס""מ
A7: 4402012 | B7: BE CARE תחבושת אלסטית 5 ס""מ | C7: =TRIM(SUBSTITUTE($B7,CHAR(160)," ")) -> BE CARE תחבושת אלסטית 5 ס""מ
A8: 4402013 | B8: BE CARE תחבושת אלסטית 7.5סמ | C8: =TRIM(SUBSTITUTE($B8,CHAR(160)," ")) -> BE CARE תחבושת אלסטית 7.5סמ
A9: 4402015 | B9: BE CARE CB BEIGE | C9: =TRIM(SUBSTITUTE($B9,CHAR(160)," ")) -> BE CARE CB BEIGE
A10: 4402016 | B10: BE CARE CB BLACK | C10: =TRIM(SUBSTITUTE($B10,CHAR(160)," ")) -> BE CARE CB BLACK
A11: 4402017 | B11: BE CARE CB GREEN | C11: =TRIM(SUBSTITUTE($B11,CHAR(160)," ")) -> BE CARE CB GREEN
A12: 4402018 | B12: BE CARE CB PINK | C12: =TRIM(SUBSTITUTE($B12,CHAR(160)," ")) -> BE CARE CB PINK
A13: 4402019 | B13: BE CARE KT BEIGE | C13: =TRIM(SUBSTITUTE($B13,CHAR(160)," ")) -> BE CARE KT BEIGE
A14: 4402020 | B14: BE CARE KT BLACK | C14: =TRIM(SUBSTITUTE($B14,CHAR(160)," ")) -> BE CARE KT BLACK
A15: 4402021 | B15: BE CARE KT BLUE | C15: =TRIM(SUBSTITUTE($B15,CHAR(160)," ")) -> BE CARE KT BLUE
A16: 4402022 | B16: BE CARE KT PINK | C16: =TRIM(SUBSTITUTE($B16,CHAR(160)," ")) -> BE CARE KT PINK
A17: 4420016 | B17: 40-רצועת פיקה לברך | C17: =TRIM(SUBSTITUTE($B17,CHAR(160)," ")) -> 40-רצועת פיקה לברך
... A782: 4422029 | B782: B75 תחבושת אלסטית 7.5ס""מ | C782: =TRIM(SUBSTITUTE($B782,CHAR(160)," ")) -> B75 תחבושת אלסטית 7.5ס""מ
