Workbook

Sheet Index
A1: Sales Comparison 2025 vs 2026 - by Daily-Report Group (PPlay1 of uriel report, grouped per Pplay1 legend) - Annualized + DROP/NEW
A2: Calculation date: | B2: 46284
A3: Each sheet below is a live comparison table (formulas, not hardcoded values) for one daily-report group, summed across its member raw-customer columns from 'Source 2025'/'Source 2026'. Quantity/Amount 2026 and Change% columns here show ACTUAL (partial-year, 1/1-15/9) figures, consistent across all 5 rows; the ANNUALIZED comparison (x12/9.5) is available inside each group sheet. All SUMPRODUCT formulas use "--" to force numeric coercion of boolean arrays (required for correct results in real Excel, not just LibreOffice). See the "Group Mapping" sheet for exactly which raw categories feed each group.
A5: Group | B5: Sheet | C5: # Raw categories | D5: # Codes | E5: # Codes 25 | F5: # Codes 26 | G5: # DROP | H5: # NEW | I5: Total Units Drop 25 | J5: Total Amount Drop 25 | K5: NEW — Quantity 2026 | L5: NEW — Amount 2026 (₪) | M5: Quantity 2025 | N5: Quantity 2026 (Actual) | O5: Quantity 2026 Annualized | P5: Qty Change % (vs Annualized) | Q5: Amount 2025 (₪) | R5: Amount 2026 (Actual) (₪) | S5: Amount 2026 (Annualized) (₪) | T5: Amount Change % (vs Annualized)
A6: בתי מרקחת | B6: בתי מרקחת | C6: 9 | D6: =COUNTA('בתי מרקחת'!$A$9:$A$291) -> 283 | E6: =SUMPRODUCT(--(('בתי מרקחת'!$C$9:$C$291<>0)+('בתי מרקחת'!$H$9:$H$291<>0)>0)) -> 263 | F6: =SUMPRODUCT(--(('בתי מרקחת'!$D$9:$D$291<>0)+('בתי מרקחת'!$I$9:$I$291<>0)>0)) -> 240 | G6: ='בתי מרקחת'!B5 -> 43 | H6: ='בתי מרקחת'!D5 -> 20 | I6: ='בתי מרקחת'!B6 -> 176 | J6: ='בתי מרקחת'!D6 -> 13452.9 | K6: ='בתי מרקחת'!F6 -> 570 | L6: ='בתי מרקחת'!H6 -> 35416.5 | M6: ='בתי מרקחת'!C293 -> 54177 | N6: ='בתי מרקחת'!D293 -> 33487 | O6: ='בתי מרקחת'!E293 -> 42299.368 | P6: =IF('בתי מרקחת'!C293=0,"N/A",('בתי מרקחת'!E293-'בתי מרקחת'!C293)/'בתי מרקחת'!C293) -> -0.21923753 | Q6: ='בתי מרקחת'!H293 -> 1967633.7 | R6: ='בתי מרקחת'!I293 -> 1293807.8 | S6: ='בתי מרקחת'!J293 -> 1634283.5 | T6: =IF('בתי מרקחת'!H293=0,"N/A",('בתי מרקחת'!J293-'בתי מרקחת'!H293)/'בתי מרקחת'!H293) -> -0.16941678
A7: BE | B7: BE | C7: 6 | D7: =COUNTA('BE'!$A$9:$A$171) -> 163 | E7: =SUMPRODUCT(--(('BE'!$C$9:$C$171<>0)+('BE'!$H$9:$H$171<>0)>0)) -> 155 | F7: =SUMPRODUCT(--(('BE'!$D$9:$D$171<>0)+('BE'!$I$9:$I$171<>0)>0)) -> 145 | G7: ='BE'!B5 -> 18 | H7: ='BE'!D5 -> 8 | I7: ='BE'!B6 -> 43 | J7: ='BE'!D6 -> 2818.5 | K7: ='BE'!F6 -> 8 | L7: ='BE'!H6 -> 918.4 | M7: ='BE'!C173 -> 27268 | N7: ='BE'!D173 -> 19109 | O7: ='BE'!E173 -> 24137.684 | P7: =IF('BE'!C173=0,"N/A",('BE'!E173-'BE'!C173)/'BE'!C173) -> -0.11479814 | Q7: ='BE'!H173 -> 889501.1 | R7: ='BE'!I173 -> 676265.8 | S7: ='BE'!J173 -> 854230.48 | T7: =IF('BE'!H173=0,"N/A",('BE'!J173-'BE'!H173)/'BE'!H173) -> -0.039652133
A8: סופר פארם | B8: סופר פארם | C8: 1 | D8: =COUNTA('סופר פארם'!$A$9:$A$227) -> 219 | E8: =SUMPRODUCT(--(('סופר פארם'!$C$9:$C$227<>0)+('סופר פארם'!$H$9:$H$227<>0)>0)) -> 196 | F8: =SUMPRODUCT(--(('סופר פארם'!$D$9:$D$227<>0)+('סופר פארם'!$I$9:$I$227<>0)>0)) -> 196 | G8: ='סופר פארם'!B5 -> 23 | H8: ='סופר פארם'!D5 -> 23 | I8: ='סופר פארם'!B6 -> -44 | J8: ='סופר פארם'!D6 -> -4091.7 | K8: ='סופר פארם'!F6 -> 1952 | L8: ='סופר פארם'!H6 -> 147652.2 | M8: ='סופר פארם'!C229 -> 176505 | N8: ='סופר פארם'!D229 -> 118307 | O8: ='סופר פארם'!E229 -> 149440.42 | P8: =IF('סופר פארם'!C229=0,"N/A",('סופר פארם'!E229-'סופר פארם'!C229)/'סופר פארם'!C229) -> -0.15333605 | Q8: ='סופר פארם'!H229 -> 6689220.5 | R8: ='סופר פארם'!I229 -> 4476515.3 | S8: ='סופר פארם'!J229 -> 5654545.6 | T8: =IF('סופר פארם'!H229=0,"N/A",('סופר פארם'!J229-'סופר פארם'!H229)/'סופר פארם'!H229) -> -0.15467794
A9: מאוחדת | B9: מאוחדת | C9: 1 | D9: =COUNTA('מאוחדת'!$A$9:$A$115) -> 107 | E9: =SUMPRODUCT(--(('מאוחדת'!$C$9:$C$115<>0)+('מאוחדת'!$H$9:$H$115<>0)>0)) -> 0 | F9: =SUMPRODUCT(--(('מאוחדת'!$D$9:$D$115<>0)+('מאוחדת'!$I$9:$I$115<>0)>0)) -> 107 | G9: ='מאוחדת'!B5 -> 0 | H9: ='מאוחדת'!D5 -> 107 | I9: ='מאוחדת'!B6 -> 0 | J9: ='מאוחדת'!D6 -> 0 | K9: ='מאוחדת'!F6 -> 10037 | L9: ='מאוחדת'!H6 -> 307514.4 | M9: ='מאוחדת'!C117 -> 0 | N9: ='מאוחדת'!D117 -> 10037 | O9: ='מאוחדת'!E117 -> 12678.316 | P9: =IF('מאוחדת'!C117=0,"N/A",('מאוחדת'!E117-'מאוחדת'!C117)/'מאוחדת'!C117) -> N/A | Q9: ='מאוחדת'!H117 -> 0 | R9: ='מאוחדת'!I117 -> 307514.4 | S9: ='מאוחדת'!J117 -> 388439.24 | T9: =IF('מאוחדת'!H117=0,"N/A",('מאוחדת'!J117-'מאוחדת'!H117)/'מאוחדת'!H117) -> N/A
A10: 0פארמים | B10: 0פארמים | C10: 1 | D10: =COUNTA('0פארמים'!$A$9:$A$263) -> 255 | E10: =SUMPRODUCT(--(('0פארמים'!$C$9:$C$263<>0)+('0פארמים'!$H$9:$H$263<>0)>0)) -> 235 | F10: =SUMPRODUCT(--(('0פארמים'!$D$9:$D$263<>0)+('0פארמים'!$I$9:$I$263<>0)>0)) -> 231 | G10: ='0פארמים'!B5 -> 24 | H10: ='0פארמים'!D5 -> 20 | I10: ='0פארמים'!B6 -> -40 | J10: ='0פארמים'!D6 -> -2736.3 | K10: ='0פארמים'!F6 -> 1972 | L10: ='0פארמים'!H6 -> 148341.1 | M10: ='0פארמים'!C265 -> 204428 | N10: ='0פארמים'!D265 -> 137851 | O10: ='0פארמים'!E265 -> 174127.58 | P10: =IF('0פארמים'!C265=0,"N/A",('0פארמים'!E265-'0פארמים'!C265)/'0פארמים'!C265) -> -0.1482205 | Q10: ='0פארמים'!H265 -> 7597886.3 | R10: ='0פארמים'!I265 -> 5165969.3 | S10: ='0פארמים'!J265 -> 6525434.9 | T10: =IF('0פארמים'!H265=0,"N/A",('0פארמים'!J265-'0פארמים'!H265)/'0פארמים'!H265) -> -0.14115128

Sheet Group Mapping
A1: Category -> Group mapping (source: daily report Pplay1 legend, 5 unmatched categories confirmed by user on 19/09/2026)
A2: Raw category (PPLAY1 column) | B2: Group # | C2: Group name | D2: Source of mapping
A3: 0בתי טבע | B3: 4 | C3: בתי מרקחת | D3: Confirmed by user 19/09/2026
A4: 0בתי טבע רשתות | B4: 4 | C4: בתי מרקחת | D4: Confirmed by user 19/09/2026
A5: 0בתי מרקחת | B5: 4 | C5: בתי מרקחת | D5: Daily report Pplay1 legend
A6: 0כללי | B6: 4 | C6: בתי מרקחת | D6: Confirmed by user 19/09/2026
A7: 0מפיצי משנה | B7: 4 | C7: בתי מרקחת | D7: Daily report Pplay1 legend
A8: 0צרכנים פרטיים | B8: 4 | C8: בתי מרקחת | D8: Daily report Pplay1 legend
A9: 0שונות | B9: 4 | C9: בתי מרקחת | D9: Daily report Pplay1 legend
A10: גוד פארם | B10: 4 | C10: בתי מרקחת | D10: Daily report Pplay1 legend
A11: גוד פארם מרכז | B11: 4 | C11: בתי מרקחת | D11: Daily report Pplay1 legend
A12: BE | B12: 7 | C12: BE | D12: Confirmed by user 19/09/2026
A13: אילת BE | B13: 7 | C13: BE | D13: Daily report Pplay1 legend
... A20: 0פארמים | B20: (none) | C20: (standalone - no group) | D20: Daily report Pplay1 legend

Sheet בתי מרקחת
A1: Sales Comparison 2025 vs 2026 (Annualized) - Group: בתי מרקחת (by Product CODE)
A2: Calculation date: | B2: 46284
A3: Source: PPlay1 of uriel (Reporter) product x customer pivot reports for 2025 and 2026. Grouping follows the daily report "Pplay1" sheet legend (customer # 4/7/1/8) plus 5 categories confirmed by the user on 19/09/2026 that had no exact-name match in the legend. Group "בתי מרקחת" = sum of raw customer column(s): 0בתי מרקחת, 0מפיצי משנה, גוד פארם, גוד פארם מרכז, 0צרכנים פרטיים, 0שונות, 0בתי טבע, 0בתי טבע רשתות, 0כללי (column(s) F, H, M, N, S, U, D, E, G in 'Source 2025'/'Source 2026'). Each file has two data blocks: "נטו" (Net Amount, NIS) and "סהכ יחידות" (Total Units). Product CODE parsed as the first token of column B in the original file; size/color variants sharing the same base CODE are summed via SUMIFS. Rows below only include product codes with non-zero quantity or amount for this group in at least one of the two years (comparing 2025 actual to 2026 actual, before annualization). Full build (annualization + DROP/NEW + whole-number display) rolled out to all 5 groups on 19/09/2026 - see rows 4-6 for methodology.
A4: Annualization note: 2026 actual data covers approximately 9.5 months (1 Jan - 15 Sep 2026). To make 2026 comparable to a full year, it is scaled up by a simple linear factor = 12 / 9.5 (≈ 1.263158). This is a straight-line extrapolation and does NOT account for seasonality (e.g. holiday-heavy months) - treat as an estimate, not an exact forecast. | I4: Months in full year: | J4: 12 | K4: Months covered by 2026 actual (1/1–15/9): | L4: 9.5
A5: # DROP (sold 2025, 0 in 2026): | B5: =SUMPRODUCT(--((($C$9:$C$291<>0)+($H$9:$H$291<>0)>0)*(($D$9:$D$291=0)*($I$9:$I$291=0)))) -> 43 | C5: # NEW (sold 2026, 0 in 2025): | D5: =SUMPRODUCT(--((($D$9:$D$291<>0)+($I$9:$I$291<>0)>0)*(($C$9:$C$291=0)*($H$9:$H$291=0)))) -> 20 | I5: Normalization factor (J4/L4): | J5: =J4/L4 -> 1.2631579
A6: DROP — Quantity 2025: | B6: =SUMPRODUCT(--((($C$9:$C$291<>0)+($H$9:$H$291<>0)>0)*(($D$9:$D$291=0)*($I$9:$I$291=0)))*$C$9:$C$291) -> 176 | C6: DROP — Amount 2025 (₪): | D6: =SUMPRODUCT(--((($C$9:$C$291<>0)+($H$9:$H$291<>0)>0)*(($D$9:$D$291=0)*($I$9:$I$291=0)))*$H$9:$H$291) -> 13452.9 | E6: NEW — Quantity 2026: | F6: =SUMPRODUCT(--((($D$9:$D$291<>0)+($I$9:$I$291<>0)>0)*(($C$9:$C$291=0)*($H$9:$H$291=0)))*$D$9:$D$291) -> 570 | G6: NEW — Amount 2026 (₪): | H6: =SUMPRODUCT(--((($D$9:$D$291<>0)+($I$9:$I$291<>0)>0)*(($C$9:$C$291=0)*($H$9:$H$291=0)))*$I$9:$I$291) -> 35416.5
A8: Product Code | B8: Product Name | C8: Quantity 2025 | D8: Quantity 2026 (Actual, partial year) | E8: Quantity 2026 (Annualized) | F8: Quantity Change (Annualized vs 2025) | G8: Quantity Change % (Annualized vs 2025) | H8: Amount 2025 (₪) | I8: Amount 2026 (Actual, partial year) (₪) | J8: Amount 2026 (Annualized) (₪) | K8: Amount Change (Annualized vs 2025) (₪) | L8: Amount Change % (Annualized vs 2025)
A9: 21 | B9: =IFERROR(INDEX('Source 2026'!$C:$C,MATCH($A9,'Source 2026'!$B:$B,0)),IFERROR(INDEX('Source 2025'!$C:$C,MATCH($A9,'Source 2025'!$B:$B,0)),"")) -> S חבק יד ארוך | C9: =SUMIFS('Source 2025'!$F:$F,'Source 2025'!$B:$B,$A9,'Source 2025'!$A:$A,"Quantity (units)")+SUMIFS('Source 2025'!$H:$H,'Source 2025'!$B:$B,$A9,'Source 2025'!$A:$A,"Quantity (units)")+SUMIFS('Source 2025'!$M:$M,'Source 2025'!$B:$B,$A9,'Source 2025'!$A:$A,"Quantity (units)")+SUMIFS('Source 2025'!$N:$N,'Source 2025'!$B:$B,$A9,'Source 2025'!$A:$A,"Quantity (units)")+SUMIFS('Source 2025'!$S:$S,'Source 2025'!$B:$B,$A9,'Source 2025'!$A:$A,"Quantity (units)")+SUMIFS('Source 2025'!$U:$U,'Source 2025'!$B:$B,$A9,'Source 2025'!$A:$A,"Quantity (units)")+SUMIFS('Source 2025'!$D:$D,'Source 2025'!$B:$B,$A9,'Source 2025'!$A:$A,"Quantity (units)")+SUMIFS('Source 2025'!$E:$E,'Source 2025'!$B:$B,$A9,'Source 2025'!$A:$A,"Quantity (units)")+SUMIFS('Source 2025'!$G:$G,'Source 2025'!$B:$B,$A9,'Source 2025'!$A:$A,"Quantity (units)") -> 1868 | D9: =SUMIFS('Source 2026'!$F:$F,'Source 2026'!$B:$B,$A9,'Source 2026'!$A:$A,"Quantity (units)")+SUMIFS('Source 2026'!$H:$H,'Source 2026'!$B:$B,$A9,'Source 2026'!$A:$A,"Quantity (units)")+SUMIFS('Source 2026'!$M:$M,'Source 2026'!$B:$B,$A9,'Source 2026'!$A:$A,"Quantity (units)")+SUMIFS('Source 2026'!$N:$N,'Source 2026'!$B:$B,$A9,'Source 2026'!$A:$A,"Quantity (units)")+SUMIFS('Source 2026'!$S:$S,'Source 2026'!$B:$B,$A9,'Source 2026'!$A:$A,"Quantity (units)")+SUMIFS('Source 2026'!$U:$U,'Source 2026'!$B:$B,$A9,'Source 2026'!$A:$A,"Quantity (units)")+SUMIFS('Source 2026'!$D:$D,'Source 2026'!$B:$B,$A9,'Source 2026'!$A:$A,"Quantity (units)")+SUMIFS('Source 2026'!$E:$E,'Source 2026'!$B:$B,$A9,'Source 2026'!$A:$A,"Quantity (units)")+SUMIFS('Source 2026'!$G:$G,'Source 2026'!$B:$B,$A9,'Source 2026'!$A:$A,"Quantity (units)") -> 946 | E9: =D9*$J$5 -> 1194.9474 | F9: =E9-C9 -> -673.05263 | G9: =IF(AND(C9=0,E9=0),0,IF(C9=0,"New",(E9-C9)/C9)) -> -0.36030655 | H9: =SUMIFS('Source 2025'!$F:$F,'Source 2025'!$B:$B,$A9,'Source 2025'!$A:$A,"Amount (NIS)")+SUMIFS('Source 2025'!$H:$H,'Source 2025'!$B:$B,$A9,'Source 2025'!$A:$A,"Amount (NIS)")+SUMIFS('Source 2025'!$M:$M,'Source 2025'!$B:$B,$A9,'Source 2025'!$A:$A,"Amount (NIS)")+SUMIFS('Source 2025'!$N:$N,'Source 2025'!$B:$B,$A9,'Source 2025'!$A:$A,"Amount (NIS)")+SUMIFS('Source 2025'!$S:$S,'Source 2025'!$B:$B,$A9,'Source 2025'!$A:$A,"Amount (NIS)")+SUMIFS('Source 2025'!$U:$U,'Source 2025'!$B:$B,$A9,'Source 2025'!$A:$A,"Amount (NIS)")+SUMIFS('Source 2025'!$D:$D,'Source 2025'!$B:$B,$A9,'Source 2025'!$A:$A,"Amount (NIS)")+SUMIFS('Source 2025'!$E:$E,'Source 2025'!$B:$B,$A9,'Source 2025'!$A:$A,"Amount (NIS)")+SUMIFS('Source 2025'!$G:$G,'Source 2025'!$B:$B,$A9,'Source 2025'!$A:$A,"Amount (NIS)") -> 72420.2 | I9: =SUMIFS('Source 2026'!$F:$F,'Source 2026'!$B:$B,$A9,'Source 2026'!$A:$A,"Amount (NIS)")+SUMIFS('Source 2026'!$H:$H,'Source 2026'!$B:$B,$A9,'Source 2026'!$A:$A,"Amount (NIS)")+SUMIFS('Source 2026'!$M:$M,'Source 2026'!$B:$B,$A9,'Source 2026'!$A:$A,"Amount (NIS)")+SUMIFS('Source 2026'!$N:$N,'Source 2026'!$B:$B,$A9,'Source 2026'!$A:$A,"Amount (NIS)")+SUMIFS('Source 2026'!$S:$S,'Source 2026'!$B:$B,$A9,'Source 2026'!$A:$A,"Amount (NIS)")+SUMIFS('Source 2026'!$U:$U,'Source 2026'!$B:$B,$A9,'Source 2026'!$A:$A,"Amount (NIS)")+SUMIFS('Source 2026'!$D:$D,'Source 2026'!$B:$B,$A9,'Source 2026'!$A:$A,"Amount (NIS)")+SUMIFS('Source 2026'!$E:$E,'Source 2026'!$B:$B,$A9,'Source 2026'!$A:$A,"Amount (NIS)")+SUMIFS('Source 2026'!$G:$G,'Source 2026'!$B:$B,$A9,'Source 2026'!$A:$A,"Amount (NIS)") -> 36879 | J9: =I9*$J$5 -> 46584 | K9: =J9-H9 -> -25836.2 | L9: =IF(AND(H9=0,J9=0),0,IF(H9=0,"New",(J9-H9)/H9)) -> -0.35675405
A10: 397 | B10: =IFERROR(INDEX('Source 2026'!$C:$C,MATCH($A10,'Source 2026'!$B:$B,0)),IFERROR(INDEX('Source 2025'!$C:$C,MATCH($A10,'Source 2025'!$B:$B,0)),"")) -> 35-38 גרבי טיסה מידה | C10: =SUMIFS('Source 2025'!$F:$F,'Source 2025'!$B:$B,$A10,'Source 2025'!$A:$A,"Quantity (units)")+SUMIFS('Source 2025'!$H:$H,'Source 2025'!$B:$B,$A10,'Source 2025'!$A:$A,"Quantity (units)")+SUMIFS('Source 2025'!$M:$M,'Source 2025'!$B:$B,$A10,'Source 2025'!$A:$A,"Quantity (units)")+SUMIFS('Source 2025'!$N:$N,'Source 2025'!$B:$B,$A10,'Source 2025'!$A:$A,"Quantity (units)")+SUMIFS('Source 2025'!$S:$S,'Source 2025'!$B:$B,$A10,'Source 2025'!$A:$A,"Quantity (units)")+SUMIFS('Source 2025'!$U:$U,'Source 2025'!$B:$B,$A10,'Source 2025'!$A:$A,"Quantity (units)")+SUMIFS('Source 2025'!$D:$D,'Source 2025'!$B:$B,$A10,'Source 2025'!$A:$A,"Quantity (units)")+SUMIFS('Source 2025'!$E:$E,'Source 2025'!$B:$B,$A10,'Source 2025'!$A:$A,"Quantity (units)")+SUMIFS('Source 2025'!$G:$G,'Source 2025'!$B:$B,$A10,'Source 2025'!$A:$A,"Quantity (units)") -> 537 | D10: =SUMIFS('Source 2026'!$F:$F,'Source 2026'!$B:$B,$A10,'Source 2026'!$A:$A,"Quantity (units)")+SUMIFS('Source 2026'!$H:$H,'Source 2026'!$B:$B,$A10,'Source 2026'!$A:$A,"Quantity (units)")+SUMIFS('Source 2026'!$M:$M,'Source 2026'!$B:$B,$A10,'Source 2026'!$A:$A,"Quantity (units)")+SUMIFS('Source 2026'!$N:$N,'Source 2026'!$B:$B,$A10,'Source 2026'!$A:$A,"Quantity (units)")+SUMIFS('Source 2026'!$S:$S,'Source 2026'!$B:$B,$A10,'Source 2026'!$A:$A,"Quantity (units)")+SUMIFS('Source 2026'!$U:$U,'Source 2026'!$B:$B,$A10,'Source 2026'!$A:$A,"Quantity (units)")+SUMIFS('Source 2026'!$D:$D,'Source 2026'!$B:$B,$A10,'Source 2026'!$A:$A,"Quantity (units)")+SUMIFS('Source 2026'!$E:$E,'Source 2026'!$B:$B,$A10,'Source 2026'!$A:$A,"Quantity (units)")+SUMIFS('Source 2026'!$G:$G,'Source 2026'!$B:$B,$A10,'Source 2026'!$A:$A,"Quantity (units)") -> -2 | E10: =D10*$J$5 -> -2.5263158 | F10: =E10-C10 -> -539.52632 | G10: =IF(AND(C10=0,E10=0),0,IF(C10=0,"New",(E10-C10)/C10)) -> -1.0047045 | H10: =SUMIFS('Source 2025'!$F:$F,'Source 2025'!$B:$B,$A10,'Source 2025'!$A:$A,"Amount (NIS)")+SUMIFS('Source 2025'!$H:$H,'Source 2025'!$B:$B,$A10,'Source 2025'!$A:$A,"Amount (NIS)")+SUMIFS('Source 2025'!$M:$M,'Source 2025'!$B:$B,$A10,'Source 2025'!$A:$A,"Amount (NIS)")+SUMIFS('Source 2025'!$N:$N,'Source 2025'!$B:$B,$A10,'Source 2025'!$A:$A,"Amount (NIS)")+SUMIFS('Source 2025'!$S:$S,'Source 2025'!$B:$B,$A10,'Source 2025'!$A:$A,"Amount (NIS)")+SUMIFS('Source 2025'!$U:$U,'Source 2025'!$B:$B,$A10,'Source 2025'!$A:$A,"Amount (NIS)")+SUMIFS('Source 2025'!$D:$D,'Source 2025'!$B:$B,$A10,'Source 2025'!$A:$A,"Amount (NIS)")+SUMIFS('Source 2025'!$E:$E,'Source 2025'!$B:$B,$A10,'Source 2025'!$A:$A,"Amount (NIS)")+SUMIFS('Source 2025'!$G:$G,'Source 2025'!$B:$B,$A10,'Source 2025'!$A:$A,"Amount (NIS)") -> 31672.4 | I10: =SUMIFS('Source 2026'!$F:$F,'Source 2026'!$B:$B,$A10,'Source 2026'!$A:$A,"Amount (NIS)")+SUMIFS('Source 2026'!$H:$H,'Source 2026'!$B:$B,$A10,'Source 2026'!$A:$A,"Amount (NIS)")+SUMIFS('Source 2026'!$M:$M,'Source 2026'!$B:$B,$A10,'Source 2026'!$A:$A,"Amount (NIS)")+SUMIFS('Source 2026'!$N:$N,'Source 2026'!$B:$B,$A10,'Source 2026'!$A:$A,"Amount (NIS)")+SUMIFS('Source 2026'!$S:$S,'Source 2026'!$B:$B,$A10,'Source 2026'!$A:$A,"Amount (NIS)")+SUMIFS('Source 2026'!$U:$U,'Source 2026'!$B:$B,$A10,'Source 2026'!$A:$A,"Amount (NIS)")+SUMIFS('Source 2026'!$D:$D,'Source 2026'!$B:$B,$A10,'Source 2026'!$A:$A,"Amount (NIS)")+SUMIFS('Source 2026'!$E:$E,'Source 2026'!$B:$B,$A10,'Source 2026'!$A:$A,"Amount (NIS)")+SUMIFS('Source 2026'!$G:$G,'Source 2026'!$B:$B,$A10,'Source 2026'!$A:$A,"Amount (NIS)") -> -82.3 | J10: =I10*$J$5 -> -103.95789 | K10: =J10-H10 -> -31776.358 | L10: =IF(AND(H10=0,J10=0),0,IF(H10=0,"New",(J10-H10)/H10)) -> -1.0032823
A11: 397A-גרבי | B11: =IFERROR(INDEX('Source 2026'!$C:$C,MATCH($A11,'Source 2026'!$B:$B,0)),IFERROR(INDEX('Source 2025'!$C:$C,MATCH($A11,'Source 2025'!$B:$B,0)),"")) -> טיסה אנטי בקטרי35-38 | C11: =SUMIFS('Source 2025'!$F:$F,'Source 2025'!$B:$B,$A11,'Source 2025'!$A:$A,"Quantity (units)")+SUMIFS('Source 2025'!$H:$H,'Source 2025'!$B:$B,$A11,'Source 2025'!$A:$A,"Quantity (units)")+SUMIFS('Source 2025'!$M:$M,'Source 2025'!$B:$B,$A11,'Source 2025'!$A:$A,"Quantity (units)")+SUMIFS('Source 2025'!$N:$N,'Source 2025'!$B:$B,$A11,'Source 2025'!$A:$A,"Quantity (units)")+SUMIFS('Source 2025'!$S:$S,'Source 2025'!$B:$B,$A11,'Source 2025'!$A:$A,"Quantity (units)")+SUMIFS('Source 2025'!$U:$U,'Source 2025'!$B:$B,$A11,'Source 2025'!$A:$A,"Quantity (units)")+SUMIFS('Source 2025'!$D:$D,'Source 2025'!$B:$B,$A11,'Source 2025'!$A:$A,"Quantity (units)")+SUMIFS('Source 2025'!$E:$E,'Source 2025'!$B:$B,$A11,'Source 2025'!$A:$A,"Quantity (units)")+SUMIFS('Source 2025'!$G:$G,'Source 2025'!$B:$B,$A11,'Source 2025'!$A:$A,"Quantity (units)") -> 0 | D11: =SUMIFS('Source 2026'!$F:$F,'Source 2026'!$B:$B,$A11,'Source 2026'!$A:$A,"Quantity (units)")+SUMIFS('Source 2026'!$H:$H,'Source 2026'!$B:$B,$A11,'Source 2026'!$A:$A,"Quantity (units)")+SUMIFS('Source 2026'!$M:$M,'Source 2026'!$B:$B,$A11,'Source 2026'!$A:$A,"Quantity (units)")+SUMIFS('Source 2026'!$N:$N,'Source 2026'!$B:$B,$A11,'Source 2026'!$A:$A,"Quantity (units)")+SUMIFS('Source 2026'!$S:$S,'Source 2026'!$B:$B,$A11,'Source 2026'!$A:$A,"Quantity (units)")+SUMIFS('Source 2026'!$U:$U,'Source 2026'!$B:$B,$A11,'Source 2026'!$A:$A,"Quantity (units)")+SUMIFS('Source 2026'!$D:$D,'Source 2026'!$B:$B,$A11,'Source 2026'!$A:$A,"Quantity (units)")+SUMIFS('Source 2026'!$E:$E,'Source 2026'!$B:$B,$A11,'Source 2026'!$A:$A,"Quantity (units)")+SUMIFS('Source 2026'!$G:$G,'Source 2026'!$B:$B,$A11,'Source 2026'!$A:$A,"Quantity (units)") -> 456 | E11: =D11*$J$5 -> 576 | F11: =E11-C11 -> 576 | G11: =IF(AND(C11=0,E11=0),0,IF(C11=0,"New",(E11-C11)/C11)) -> New | H11: =SUMIFS('Source 2025'!$F:$F,'Source 2025'!$B:$B,$A11,'Source 2025'!$A:$A,"Amount (NIS)")+SUMIFS('Source 2025'!$H:$H,'Source 2025'!$B:$B,$A11,'Source 2025'!$A:$A,"Amount (NIS)")+SUMIFS('Source 2025'!$M:$M,'Source 2025'!$B:$B,$A11,'Source 2025'!$A:$A,"Amount (NIS)")+SUMIFS('Source 2025'!$N:$N,'Source 2025'!$B:$B,$A11,'Source 2025'!$A:$A,"Amount (NIS)")+SUMIFS('Source 2025'!$S:$S,'Source 2025'!$B:$B,$A11,'Source 2025'!$A:$A,"Amount (NIS)")+SUMIFS('Source 2025'!$U:$U,'Source 2025'!$B:$B,$A11,'Source 2025'!$A:$A,"Amount (NIS)")+SUMIFS('Source 2025'!$D:$D,'Source 2025'!$B:$B,$A11,'Source 2025'!$A:$A,"Amount (NIS)")+SUMIFS('Source 2025'!$E:$E,'Source 2025'!$B:$B,$A11,'Source 2025'!$A:$A,"Amount (NIS)")+SUMIFS('Source 2025'!$G:$G,'Source 2025'!$B:$B,$A11,'Source 2025'!$A:$A,"Amount (NIS)") -> 0 | I11: =SUMIFS('Source 2026'!$F:$F,'Source 2026'!$B:$B,$A11,'Source 2026'!$A:$A,"Amount (NIS)")+SUMIFS('Source 2026'!$H:$H,'Source 2026'!$B:$B,$A11,'Source 2026'!$A:$A,"Amount (NIS)")+SUMIFS('Source 2026'!$M:$M,'Source 2026'!$B:$B,$A11,'Source 2026'!$A:$A,"Amount (NIS)")+SUMIFS('Source 2026'!$N:$N,'Source 2026'!$B:$B,$A11,'Source 2026'!$A:$A,"Amount (NIS)")+SUMIFS('Source 2026'!$S:$S,'Source 2026'!$B:$B,$A11,'Source 2026'!$A:$A,"Amount (NIS)")+SUMIFS('Source 2026'!$U:$U,'Source 2026'!$B:$B,$A11,'Source 2026'!$A:$A,"Amount (NIS)")+SUMIFS('Source 2026'!$D:$D,'Source 2026'!$B:$B,$A11,'Source 2026'!$A:$A,"Amount (NIS)")+SUMIFS('Source 2026'!$E:$E,'Source 2026'!$B:$B,$A11,'Source 2026'!$A:$A,"Amount (NIS)")+SUMIFS('Source 2026'!$G:$G,'Source 2026'!$B:$B,$A11,'Source 2026'!$A:$A,"Amount (NIS)") -> 27020.5 | J11: =I11*$J$5 -> 34131.158 | K11: =J11-H11 -> 34131.158 | L11: =IF(AND(H11=0,J11=0),0,IF(H11=0,"New",(J11-H11)/H11)) -> New
A12: 302 | B12: =IFERROR(INDEX('Source 2026'!$C:$C,MATCH($A12,'Source 2026'!$B:$B,0)),IFERROR(INDEX('Source 2025'!$C:$C,MATCH($A12,'Source 2025'!$B:$B,0)),"")) -> מדרס ג'ל לגבר | C12: =SUMIFS('Source 2025'!$F:$F,'Source 2025'!$B:$B,$A12,'Source 2025'!$A:$A,"Quantity (units)")+SUMIFS('Source 2025'!$H:$H,'Source 2025'!$B:$B,$A12,'Source 2025'!$A:$A,"Quantity (units)")+SUMIFS('Source 2025'!$M:$M,'Source 2025'!$B:$B,$A12,'Source 2025'!$A:$A,"Quantity (units)")+SUMIFS('Source 2025'!$N:$N,'Source 2025'!$B:$B,$A12,'Source 2025'!$A:$A,"Quantity (units)")+SUMIFS('Source 2025'!$S:$S,'Source 2025'!$B:$B,$A12,'Source 2025'!$A:$A,"Quantity (units)")+SUMIFS('Source 2025'!$U:$U,'Source 2025'!$B:$B,$A12,'Source 2025'!$A:$A,"Quantity (units)")+SUMIFS('Source 2025'!$D:$D,'Source 2025'!$B:$B,$A12,'Source 2025'!$A:$A,"Quantity (units)")+SUMIFS('Source 2025'!$E:$E,'Source 2025'!$B:$B,$A12,'Source 2025'!$A:$A,"Quantity (units)")+SUMIFS('Source 2025'!$G:$G,'Source 2025'!$B:$B,$A12,'Source 2025'!$A:$A,"Quantity (units)") -> 841 | D12: =SUMIFS('Source 2026'!$F:$F,'Source 2026'!$B:$B,$A12,'Source 2026'!$A:$A,"Quantity (units)")+SUMIFS('Source 2026'!$H:$H,'Source 2026'!$B:$B,$A12,'Source 2026'!$A:$A,"Quantity (units)")+SUMIFS('Source 2026'!$M:$M,'Source 2026'!$B:$B,$A12,'Source 2026'!$A:$A,"Quantity (units)")+SUMIFS('Source 2026'!$N:$N,'Source 2026'!$B:$B,$A12,'Source 2026'!$A:$A,"Quantity (units)")+SUMIFS('Source 2026'!$S:$S,'Source 2026'!$B:$B,$A12,'Source 2026'!$A:$A,"Quantity (units)")+SUMIFS('Source 2026'!$U:$U,'Source 2026'!$B:$B,$A12,'Source 2026'!$A:$A,"Quantity (units)")+SUMIFS('Source 2026'!$D:$D,'Source 2026'!$B:$B,$A12,'Source 2026'!$A:$A,"Quantity (units)")+SUMIFS('Source 2026'!$E:$E,'Source 2026'!$B:$B,$A12,'Source 2026'!$A:$A,"Quantity (units)")+SUMIFS('Source 2026'!$G:$G,'Source 2026'!$B:$B,$A12,'Source 2026'!$A:$A,"Quantity (units)") -> 378 | E12: =D12*$J$5 -> 477.47368 | F12: =E12-C12 -> -363.52632 | G12: =IF(AND(C12=0,E12=0),0,IF(C12=0,"New",(E12-C12)/C12)) -> -0.43225483 | H12: =SUMIFS('Source 2025'!$F:$F,'Source 2025'!$B:$B,$A12,'Source 2025'!$A:$A,"Amount (NIS)")+SUMIFS('Source 2025'!$H:$H,'Source 2025'!$B:$B,$A12,'Source 2025'!$A:$A,"Amount (NIS)")+SUMIFS('Source 2025'!$M:$M,'Source 2025'!$B:$B,$A12,'Source 2025'!$A:$A,"Amount (NIS)")+SUMIFS('Source 2025'!$N:$N,'Source 2025'!$B:$B,$A12,'Source 2025'!$A:$A,"Amount (NIS)")+SUMIFS('Source 2025'!$S:$S,'Source 2025'!$B:$B,$A12,'Source 2025'!$A:$A,"Amount (NIS)")+SUMIFS('Source 2025'!$U:$U,'Source 2025'!$B:$B,$A12,'Source 2025'!$A:$A,"Amount (NIS)")+SUMIFS('Source 2025'!$D:$D,'Source 2025'!$B:$B,$A12,'Source 2025'!$A:$A,"Amount (NIS)")+SUMIFS('Source 2025'!$E:$E,'Source 2025'!$B:$B,$A12,'Source 2025'!$A:$A,"Amount (NIS)")+SUMIFS('Source 2025'!$G:$G,'Source 2025'!$B:$B,$A12,'Source 2025'!$A:$A,"Amount (NIS)") -> 50057.5 | I12: =SUMIFS('Source 2026'!$F:$F,'Source 2026'!$B:$B,$A12,'Source 2026'!$A:$A,"Amount (NIS)")+SUMIFS('Source 2026'!$H:$H,'Source 2026'!$B:$B,$A12,'Source 2026'!$A:$A,"Amount (NIS)")+SUMIFS('Source 2026'!$M:$M,'Source 2026'!$B:$B,$A12,'Source 2026'!$A:$A,"Amount (NIS)")+SUMIFS('Source 2026'!$N:$N,'Source 2026'!$B:$B,$A12,'Source 2026'!$A:$A,"Amount (NIS)")+SUMIFS('Source 2026'!$S:$S,'Source 2026'!$B:$B,$A12,'Source 2026'!$A:$A,"Amount (NIS)")+SUMIFS('Source 2026'!$U:$U,'Source 2026'!$B:$B,$A12,'Source 2026'!$A:$A,"Amount (NIS)")+SUMIFS('Source 2026'!$D:$D,'Source 2026'!$B:$B,$A12,'Source 2026'!$A:$A,"Amount (NIS)")+SUMIFS('Source 2026'!$E:$E,'Source 2026'!$B:$B,$A12,'Source 2026'!$A:$A,"Amount (NIS)")+SUMIFS('Source 2026'!$G:$G,'Source 2026'!$B:$B,$A12,'Source 2026'!$A:$A,"Amount (NIS)") -> 24242.7 | J12: =I12*$J$5 -> 30622.358 | K12: =J12-H12 -> -19435.142 | L12: =IF(AND(H12=0,J12=0),0,IF(H12=0,"New",(J12-H12)/H12)) -> -0.38825635
A13: AC-07 | B13: =IFERROR(INDEX('Source 2026'!$C:$C,MATCH($A13,'Source 2026'!$B:$B,0)),IFERROR(INDEX('Source 2025'!$C:$C,MATCH($A13,'Source 2025'!$B:$B,0)),"")) -> חגורת גב עם תמיכות | C13: =SUMIFS('Source 2025'!$F:$F,'Source 2025'!$B:$B,$A13,'Source 2025'!$A:$A,"Quantity (units)")+SUMIFS('Source 2025'!$H:$H,'Source 2025'!$B:$B,$A13,'Source 2025'!$A:$A,"Quantity (units)")+SUMIFS('Source 2025'!$M:$M,'Source 2025'!$B:$B,$A13,'Source 2025'!$A:$A,"Quantity (units)")+SUMIFS('Source 2025'!$N:$N,'Source 2025'!$B:$B,$A13,'Source 2025'!$A:$A,"Quantity (units)")+SUMIFS('Source 2025'!$S:$S,'Source 2025'!$B:$B,$A13,'Source 2025'!$A:$A,"Quantity (units)")+SUMIFS('Source 2025'!$U:$U,'Source 2025'!$B:$B,$A13,'Source 2025'!$A:$A,"Quantity (units)")+SUMIFS('Source 2025'!$D:$D,'Source 2025'!$B:$B,$A13,'Source 2025'!$A:$A,"Quantity (units)")+SUMIFS('Source 2025'!$E:$E,'Source 2025'!$B:$B,$A13,'Source 2025'!$A:$A,"Quantity (units)")+SUMIFS('Source 2025'!$G:$G,'Source 2025'!$B:$B,$A13,'Source 2025'!$A:$A,"Quantity (units)") -> 1110 | D13: =SUMIFS('Source 2026'!$F:$F,'Source 2026'!$B:$B,$A13,'Source 2026'!$A:$A,"Quantity (units)")+SUMIFS('Source 2026'!$H:$H,'Source 2026'!$B:$B,$A13,'Source 2026'!$A:$A,"Quantity (units)")+SUMIFS('Source 2026'!$M:$M,'Source 2026'!$B:$B,$A13,'Source 2026'!$A:$A,"Quantity (units)")+SUMIFS('Source 2026'!$N:$N,'Source 2026'!$B:$B,$A13,'Source 2026'!$A:$A,"Quantity (units)")+SUMIFS('Source 2026'!$S:$S,'Source 2026'!$B:$B,$A13,'Source 2026'!$A:$A,"Quantity (units)")+SUMIFS('Source 2026'!$U:$U,'Source 2026'!$B:$B,$A13,'Source 2026'!$A:$A,"Quantity (units)")+SUMIFS('Source 2026'!$D:$D,'Source 2026'!$B:$B,$A13,'Source 2026'!$A:$A,"Quantity (units)")+SUMIFS('Source 2026'!$E:$E,'Source 2026'!$B:$B,$A13,'Source 2026'!$A:$A,"Quantity (units)")+SUMIFS('Source 2026'!$G:$G,'Source 2026'!$B:$B,$A13,'Source 2026'!$A:$A,"Quantity (units)") -> 802 | E13: =D13*$J$5 -> 1013.0526 | F13: =E13-C13 -> -96.947368 | G13: =IF(AND(C13=0,E13=0),0,IF(C13=0,"New",(E13-C13)/C13)) -> -0.087339972 | H13: =SUMIFS('Source 2025'!$F:$F,'Source 2025'!$B:$B,$A13,'Source 2025'!$A:$A,"Amount (NIS)")+SUMIFS('Source 2025'!$H:$H,'Source 2025'!$B:$B,$A13,'Source 2025'!$A:$A,"Amount (NIS)")+SUMIFS('Source 2025'!$M:$M,'Source 2025'!$B:$B,$A13,'Source 2025'!$A:$A,"Amount (NIS)")+SUMIFS('Source 2025'!$N:$N,'Source 2025'!$B:$B,$A13,'Source 2025'!$A:$A,"Amount (NIS)")+SUMIFS('Source 2025'!$S:$S,'Source 2025'!$B:$B,$A13,'Source 2025'!$A:$A,"Amount (NIS)")+SUMIFS('Source 2025'!$U:$U,'Source 2025'!$B:$B,$A13,'Source 2025'!$A:$A,"Amount (NIS)")+SUMIFS('Source 2025'!$D:$D,'Source 2025'!$B:$B,$A13,'Source 2025'!$A:$A,"Amount (NIS)")+SUMIFS('Source 2025'!$E:$E,'Source 2025'!$B:$B,$A13,'Source 2025'!$A:$A,"Amount (NIS)")+SUMIFS('Source 2025'!$G:$G,'Source 2025'!$B:$B,$A13,'Source 2025'!$A:$A,"Amount (NIS)") -> 94616.3 | I13: =SUMIFS('Source 2026'!$F:$F,'Source 2026'!$B:$B,$A13,'Source 2026'!$A:$A,"Amount (NIS)")+SUMIFS('Source 2026'!$H:$H,'Source 2026'!$B:$B,$A13,'Source 2026'!$A:$A,"Amount (NIS)")+SUMIFS('Source 2026'!$M:$M,'Source 2026'!$B:$B,$A13,'Source 2026'!$A:$A,"Amount (NIS)")+SUMIFS('Source 2026'!$N:$N,'Source 2026'!$B:$B,$A13,'Source 2026'!$A:$A,"Amount (NIS)")+SUMIFS('Source 2026'!$S:$S,'Source 2026'!$B:$B,$A13,'Source 2026'!$A:$A,"Amount (NIS)")+SUMIFS('Source 2026'!$U:$U,'Source 2026'!$B:$B,$A13,'Source 2026'!$A:$A,"Amount (NIS)")+SUMIFS('Source 2026'!$D:$D,'Source 2026'!$B:$B,$A13,'Source 2026'!$A:$A,"Amount (NIS)")+SUMIFS('Source 2026'!$E:$E,'Source 2026'!$B:$B,$A13,'Source 2026'!$A:$A,"Amount (NIS)")+SUMIFS('Source 2026'!$G:$G,'Source 2026'!$B:$B,$A13,'Source 2026'!$A:$A,"Amount (NIS)") -> 69090.9 | J13: =I13*$J$5 -> 87272.716 | K13: =J13-H13 -> -7343.5842 | L13: =IF(AND(H13=0,J13=0),0,IF(H13=0,"New",(J13-H13)/H13)) -> -0.077614367
A14: SH422 | B14: =IFERROR(INDEX('Source 2026'!$C:$C,MATCH($A14,'Source 2026'!$B:$B,0)),IFERROR(INDEX('Source 2025'!$C:$C,MATCH($A14,'Source 2025'!$B:$B,0)),"")) -> 1 תומך ברך גנושילד | C14: =SUMIFS('Source 2025'!$F:$F,'Source 2025'!$B:$B,$A14,'Source 2025'!$A:$A,"Quantity (units)")+SUMIFS('Source 2025'!$H:$H,'Source 2025'!$B:$B,$A14,'Source 2025'!$A:$A,"Quantity (units)")+SUMIFS('Source 2025'!$M:$M,'Source 2025'!$B:$B,$A14,'Source 2025'!$A:$A,"Quantity (units)")+SUMIFS('Source 2025'!$N:$N,'Source 2025'!$B:$B,$A14,'Source 2025'!$A:$A,"Quantity (units)")+SUMIFS('Source 2025'!$S:$S,'Source 2025'!$B:$B,$A14,'Source 2025'!$A:$A,"Quantity (units)")+SUMIFS('Source 2025'!$U:$U,'Source 2025'!$B:$B,$A14,'Source 2025'!$A:$A,"Quantity (units)")+SUMIFS('Source 2025'!$D:$D,'Source 2025'!$B:$B,$A14,'Source 2025'!$A:$A,"Quantity (units)")+SUMIFS('Source 2025'!$E:$E,'Source 2025'!$B:$B,$A14,'Source 2025'!$A:$A,"Quantity (units)")+SUMIFS('Source 2025'!$G:$G,'Source 2025'!$B:$B,$A14,'Source 2025'!$A:$A,"Quantity (units)") -> 19 | D14: =SUMIFS('Source 2026'!$F:$F,'Source 2026'!$B:$B,$A14,'Source 2026'!$A:$A,"Quantity (units)")+SUMIFS('Source 2026'!$H:$H,'Source 2026'!$B:$B,$A14,'Source 2026'!$A:$A,"Quantity (units)")+SUMIFS('Source 2026'!$M:$M,'Source 2026'!$B:$B,$A14,'Source 2026'!$A:$A,"Quantity (units)")+SUMIFS('Source 2026'!$N:$N,'Source 2026'!$B:$B,$A14,'Source 2026'!$A:$A,"Quantity (units)")+SUMIFS('Source 2026'!$S:$S,'Source 2026'!$B:$B,$A14,'Source 2026'!$A:$A,"Quantity (units)")+SUMIFS('Source 2026'!$U:$U,'Source 2026'!$B:$B,$A14,'Source 2026'!$A:$A,"Quantity (units)")+SUMIFS('Source 2026'!$D:$D,'Source 2026'!$B:$B,$A14,'Source 2026'!$A:$A,"Quantity (units)")+SUMIFS('Source 2026'!$E:$E,'Source 2026'!$B:$B,$A14,'Source 2026'!$A:$A,"Quantity (units)")+SUMIFS('Source 2026'!$G:$G,'Source 2026'!$B:$B,$A14,'Source 2026'!$A:$A,"Quantity (units)") -> 114 | E14: =D14*$J$5 -> 144 | F14: =E14-C14 -> 125 | G14: =IF(AND(C14=0,E14=0),0,IF(C14=0,"New",(E14-C14)/C14)) -> 6.5789474 | H14: =SUMIFS('Source 2025'!$F:$F,'Source 2025'!$B:$B,$A14,'Source 2025'!$A:$A,"Amount (NIS)")+SUMIFS('Source 2025'!$H:$H,'Source 2025'!$B:$B,$A14,'Source 2025'!$A:$A,"Amount (NIS)")+SUMIFS('Source 2025'!$M:$M,'Source 2025'!$B:$B,$A14,'Source 2025'!$A:$A,"Amount (NIS)")+SUMIFS('Source 2025'!$N:$N,'Source 2025'!$B:$B,$A14,'Source 2025'!$A:$A,"Amount (NIS)")+SUMIFS('Source 2025'!$S:$S,'Source 2025'!$B:$B,$A14,'Source 2025'!$A:$A,"Amount (NIS)")+SUMIFS('Source 2025'!$U:$U,'Source 2025'!$B:$B,$A14,'Source 2025'!$A:$A,"Amount (NIS)")+SUMIFS('Source 2025'!$D:$D,'Source 2025'!$B:$B,$A14,'Source 2025'!$A:$A,"Amount (NIS)")+SUMIFS('Source 2025'!$E:$E,'Source 2025'!$B:$B,$A14,'Source 2025'!$A:$A,"Amount (NIS)")+SUMIFS('Source 2025'!$G:$G,'Source 2025'!$B:$B,$A14,'Source 2025'!$A:$A,"Amount (NIS)") -> 4034.6 | I14: =SUMIFS('Source 2026'!$F:$F,'Source 2026'!$B:$B,$A14,'Source 2026'!$A:$A,"Amount (NIS)")+SUMIFS('Source 2026'!$H:$H,'Source 2026'!$B:$B,$A14,'Source 2026'!$A:$A,"Amount (NIS)")+SUMIFS('Source 2026'!$M:$M,'Source 2026'!$B:$B,$A14,'Source 2026'!$A:$A,"Amount (NIS)")+SUMIFS('Source 2026'!$N:$N,'Source 2026'!$B:$B,$A14,'Source 2026'!$A:$A,"Amount (NIS)")+SUMIFS('Source 2026'!$S:$S,'Source 2026'!$B:$B,$A14,'Source 2026'!$A:$A,"Amount (NIS)")+SUMIFS('Source 2026'!$U:$U,'Source 2026'!$B:$B,$A14,'Source 2026'!$A:$A,"Amount (NIS)")+SUMIFS('Source 2026'!$D:$D,'Source 2026'!$B:$B,$A14,'Source 2026'!$A:$A,"Amount (NIS)")+SUMIFS('Source 2026'!$E:$E,'Source 2026'!$B:$B,$A14,'Source 2026'!$A:$A,"Amount (NIS)")+SUMIFS('Source 2026'!$G:$G,'Source 2026'!$B:$B,$A14,'Source 2026'!$A:$A,"Amount (NIS)") -> 23279.6 | J14: =I14*$J$5 -> 29405.811 | K14: =J14-H14 -> 25371.211 | L14: =IF(AND(H14=0,J14=0),0,IF(H14=0,"New",(J14-H14)/H14)) -> 6.2884079
A15: 307 | B15: =IFERROR(INDEX('Source 2026'!$C:$C,MATCH($A15,'Source 2026'!$B:$B,0)),IFERROR(INDEX('Source 2025'!$C:$C,MATCH($A15,'Source 2025'!$B:$B,0)),"")) -> L עקבים לדורבן-זוג כריות | C15: =SUMIFS('Source 2025'!$F:$F,'Source 2025'!$B:$B,$A15,'Source 2025'!$A:$A,"Quantity (units)")+SUMIFS('Source 2025'!$H:$H,'Source 2025'!$B:$B,$A15,'Source 2025'!$A:$A,"Quantity (units)")+SUMIFS('Source 2025'!$M:$M,'Source 2025'!$B:$B,$A15,'Source 2025'!$A:$A,"Quantity (units)")+SUMIFS('Source 2025'!$N:$N,'Source 2025'!$B:$B,$A15,'Source 2025'!$A:$A,"Quantity (units)")+SUMIFS('Source 2025'!$S:$S,'Source 2025'!$B:$B,$A15,'Source 2025'!$A:$A,"Quantity (units)")+SUMIFS('Source 2025'!$U:$U,'Source 2025'!$B:$B,$A15,'Source 2025'!$A:$A,"Quantity (units)")+SUMIFS('Source 2025'!$D:$D,'Source 2025'!$B:$B,$A15,'Source 2025'!$A:$A,"Quantity (units)")+SUMIFS('Source 2025'!$E:$E,'Source 2025'!$B:$B,$A15,'Source 2025'!$A:$A,"Quantity (units)")+SUMIFS('Source 2025'!$G:$G,'Source 2025'!$B:$B,$A15,'Source 2025'!$A:$A,"Quantity (units)") -> 465 | D15: =SUMIFS('Source 2026'!$F:$F,'Source 2026'!$B:$B,$A15,'Source 2026'!$A:$A,"Quantity (units)")+SUMIFS('Source 2026'!$H:$H,'Source 2026'!$B:$B,$A15,'Source 2026'!$A:$A,"Quantity (units)")+SUMIFS('Source 2026'!$M:$M,'Source 2026'!$B:$B,$A15,'Source 2026'!$A:$A,"Quantity (units)")+SUMIFS('Source 2026'!$N:$N,'Source 2026'!$B:$B,$A15,'Source 2026'!$A:$A,"Quantity (units)")+SUMIFS('Source 2026'!$S:$S,'Source 2026'!$B:$B,$A15,'Source 2026'!$A:$A,"Quantity (units)")+SUMIFS('Source 2026'!$U:$U,'Source 2026'!$B:$B,$A15,'Source 2026'!$A:$A,"Quantity (units)")+SUMIFS('Source 2026'!$D:$D,'Source 2026'!$B:$B,$A15,'Source 2026'!$A:$A,"Quantity (units)")+SUMIFS('Source 2026'!$E:$E,'Source 2026'!$B:$B,$A15,'Source 2026'!$A:$A,"Quantity (units)")+SUMIFS('Source 2026'!$G:$G,'Source 2026'!$B:$B,$A15,'Source 2026'!$A:$A,"Quantity (units)") -> 238 | E15: =D15*$J$5 -> 300.63158 | F15: =E15-C15 -> -164.36842 | G15: =IF(AND(C15=0,E15=0),0,IF(C15=0,"New",(E15-C15)/C15)) -> -0.35348048 | H15: =SUMIFS('Source 2025'!$F:$F,'Source 2025'!$B:$B,$A15,'Source 2025'!$A:$A,"Amount (NIS)")+SUMIFS('Source 2025'!$H:$H,'Source 2025'!$B:$B,$A15,'Source 2025'!$A:$A,"Amount (NIS)")+SUMIFS('Source 2025'!$M:$M,'Source 2025'!$B:$B,$A15,'Source 2025'!$A:$A,"Amount (NIS)")+SUMIFS('Source 2025'!$N:$N,'Source 2025'!$B:$B,$A15,'Source 2025'!$A:$A,"Amount (NIS)")+SUMIFS('Source 2025'!$S:$S,'Source 2025'!$B:$B,$A15,'Source 2025'!$A:$A,"Amount (NIS)")+SUMIFS('Source 2025'!$U:$U,'Source 2025'!$B:$B,$A15,'Source 2025'!$A:$A,"Amount (NIS)")+SUMIFS('Source 2025'!$D:$D,'Source 2025'!$B:$B,$A15,'Source 2025'!$A:$A,"Amount (NIS)")+SUMIFS('Source 2025'!$E:$E,'Source 2025'!$B:$B,$A15,'Source 2025'!$A:$A,"Amount (NIS)")+SUMIFS('Source 2025'!$G:$G,'Source 2025'!$B:$B,$A15,'Source 2025'!$A:$A,"Amount (NIS)") -> 37777.7 | I15: =SUMIFS('Source 2026'!$F:$F,'Source 2026'!$B:$B,$A15,'Source 2026'!$A:$A,"Amount (NIS)")+SUMIFS('Source 2026'!$H:$H,'Source 2026'!$B:$B,$A15,'Source 2026'!$A:$A,"Amount (NIS)")+SUMIFS('Source 2026'!$M:$M,'Source 2026'!$B:$B,$A15,'Source 2026'!$A:$A,"Amount (NIS)")+SUMIFS('Source 2026'!$N:$N,'Source 2026'!$B:$B,$A15,'Source 2026'!$A:$A,"Amount (NIS)")+SUMIFS('Source 2026'!$S:$S,'Source 2026'!$B:$B,$A15,'Source 2026'!$A:$A,"Amount (NIS)")+SUMIFS('Source 2026'!$U:$U,'Source 2026'!$B:$B,$A15,'Source 2026'!$A:$A,"Amount (NIS)")+SUMIFS('Source 2026'!$D:$D,'Source 2026'!$B:$B,$A15,'Source 2026'!$A:$A,"Amount (NIS)")+SUMIFS('Source 2026'!$E:$E,'Source 2026'!$B:$B,$A15,'Source 2026'!$A:$A,"Amount (NIS)")+SUMIFS('Source 2026'!$G:$G,'Source 2026'!$B:$B,$A15,'Source 2026'!$A:$A,"Amount (NIS)") -> 20230.4 | J15: =I15*$J$5 -> 25554.189 | K15: =J15-H15 -> -12223.511 | L15: =IF(AND(H15=0,J15=0),0,IF(H15=0,"New",(J15-H15)/H15)) -> -0.32356418
A16: 26 | B16: =IFERROR(INDEX('Source 2026'!$C:$C,MATCH($A16,'Source 2026'!$B:$B,0)),IFERROR(INDEX('Source 2025'!$C:$C,MATCH($A16,'Source 2025'!$B:$B,0)),"")) -> L סד ליד דו צדדי לאחר שבר | C16: =SUMIFS('Source 2025'!$F:$F,'Source 2025'!$B:$B,$A16,'Source 2025'!$A:$A,"Quantity (units)")+SUMIFS('Source 2025'!$H:$H,'Source 2025'!$B:$B,$A16,'Source 2025'!$A:$A,"Quantity (units)")+SUMIFS('Source 2025'!$M:$M,'Source 2025'!$B:$B,$A16,'Source 2025'!$A:$A,"Quantity (units)")+SUMIFS('Source 2025'!$N:$N,'Source 2025'!$B:$B,$A16,'Source 2025'!$A:$A,"Quantity (units)")+SUMIFS('Source 2025'!$S:$S,'Source 2025'!$B:$B,$A16,'Source 2025'!$A:$A,"Quantity (units)")+SUMIFS('Source 2025'!$U:$U,'Source 2025'!$B:$B,$A16,'Source 2025'!$A:$A,"Quantity (units)")+SUMIFS('Source 2025'!$D:$D,'Source 2025'!$B:$B,$A16,'Source 2025'!$A:$A,"Quantity (units)")+SUMIFS('Source 2025'!$E:$E,'Source 2025'!$B:$B,$A16,'Source 2025'!$A:$A,"Quantity (units)")+SUMIFS('Source 2025'!$G:$G,'Source 2025'!$B:$B,$A16,'Source 2025'!$A:$A,"Quantity (units)") -> 323 | D16: =SUMIFS('Source 2026'!$F:$F,'Source 2026'!$B:$B,$A16,'Source 2026'!$A:$A,"Quantity (units)")+SUMIFS('Source 2026'!$H:$H,'Source 2026'!$B:$B,$A16,'Source 2026'!$A:$A,"Quantity (units)")+SUMIFS('Source 2026'!$M:$M,'Source 2026'!$B:$B,$A16,'Source 2026'!$A:$A,"Quantity (units)")+SUMIFS('Source 2026'!$N:$N,'Source 2026'!$B:$B,$A16,'Source 2026'!$A:$A,"Quantity (units)")+SUMIFS('Source 2026'!$S:$S,'Source 2026'!$B:$B,$A16,'Source 2026'!$A:$A,"Quantity (units)")+SUMIFS('Source 2026'!$U:$U,'Source 2026'!$B:$B,$A16,'Source 2026'!$A:$A,"Quantity (units)")+SUMIFS('Source 2026'!$D:$D,'Source 2026'!$B:$B,$A16,'Source 2026'!$A:$A,"Quantity (units)")+SUMIFS('Source 2026'!$E:$E,'Source 2026'!$B:$B,$A16,'Source 2026'!$A:$A,"Quantity (units)")+SUMIFS('Source 2026'!$G:$G,'Source 2026'!$B:$B,$A16,'Source 2026'!$A:$A,"Quantity (units)") -> 157 | E16: =D16*$J$5 -> 198.31579 | F16: =E16-C16 -> -124.68421 | G16: =IF(AND(C16=0,E16=0),0,IF(C16=0,"New",(E16-C16)/C16)) -> -0.38601923 | H16: =SUMIFS('Source 2025'!$F:$F,'Source 2025'!$B:$B,$A16,'Source 2025'!$A:$A,"Amount (NIS)")+SUMIFS('Source 2025'!$H:$H,'Source 2025'!$B:$B,$A16,'Source 2025'!$A:$A,"Amount (NIS)")+SUMIFS('Source 2025'!$M:$M,'Source 2025'!$B:$B,$A16,'Source 2025'!$A:$A,"Amount (NIS)")+SUMIFS('Source 2025'!$N:$N,'Source 2025'!$B:$B,$A16,'Source 2025'!$A:$A,"Amount (NIS)")+SUMIFS('Source 2025'!$S:$S,'Source 2025'!$B:$B,$A16,'Source 2025'!$A:$A,"Amount (NIS)")+SUMIFS('Source 2025'!$U:$U,'Source 2025'!$B:$B,$A16,'Source 2025'!$A:$A,"Amount (NIS)")+SUMIFS('Source 2025'!$D:$D,'Source 2025'!$B:$B,$A16,'Source 2025'!$A:$A,"Amount (NIS)")+SUMIFS('Source 2025'!$E:$E,'Source 2025'!$B:$B,$A16,'Source 2025'!$A:$A,"Amount (NIS)")+SUMIFS('Source 2025'!$G:$G,'Source 2025'!$B:$B,$A16,'Source 2025'!$A:$A,"Amount (NIS)") -> 31686.2 | I16: =SUMIFS('Source 2026'!$F:$F,'Source 2026'!$B:$B,$A16,'Source 2026'!$A:$A,"Amount (NIS)")+SUMIFS('Source 2026'!$H:$H,'Source 2026'!$B:$B,$A16,'Source 2026'!$A:$A,"Amount (NIS)")+SUMIFS('Source 2026'!$M:$M,'Source 2026'!$B:$B,$A16,'Source 2026'!$A:$A,"Amount (NIS)")+SUMIFS('Source 2026'!$N:$N,'Source 2026'!$B:$B,$A16,'Source 2026'!$A:$A,"Amount (NIS)")+SUMIFS('Source 2026'!$S:$S,'Source 2026'!$B:$B,$A16,'Source 2026'!$A:$A,"Amount (NIS)")+SUMIFS('Source 2026'!$U:$U,'Source 2026'!$B:$B,$A16,'Source 2026'!$A:$A,"Amount (NIS)")+SUMIFS('Source 2026'!$D:$D,'Source 2026'!$B:$B,$A16,'Source 2026'!$A:$A,"Amount (NIS)")+SUMIFS('Source 2026'!$E:$E,'Source 2026'!$B:$B,$A16,'Source 2026'!$A:$A,"Amount (NIS)")+SUMIFS('Source 2026'!$G:$G,'Source 2026'!$B:$B,$A16,'Source 2026'!$A:$A,"Amount (NIS)") -> 15510.4 | J16: =I16*$J$5 -> 19592.084 | K16: =J16-H16 -> -12094.116 | L16: =IF(AND(H16=0,J16=0),0,IF(H16=0,"New",(J16-H16)/H16)) -> -0.38168401
A17: 60 | B17: =IFERROR(INDEX('Source 2026'!$C:$C,MATCH($A17,'Source 2026'!$B:$B,0)),IFERROR(INDEX('Source 2025'!$C:$C,MATCH($A17,'Source 2025'!$B:$B,0)),"")) -> L צוארון ספוגי | C17: =SUMIFS('Source 2025'!$F:$F,'Source 2025'!$B:$B,$A17,'Source 2025'!$A:$A,"Quantity (units)")+SUMIFS('Source 2025'!$H:$H,'Source 2025'!$B:$B,$A17,'Source 2025'!$A:$A,"Quantity (units)")+SUMIFS('Source 2025'!$M:$M,'Source 2025'!$B:$B,$A17,'Source 2025'!$A:$A,"Quantity (units)")+SUMIFS('Source 2025'!$N:$N,'Source 2025'!$B:$B,$A17,'Source 2025'!$A:$A,"Quantity (units)")+SUMIFS('Source 2025'!$S:$S,'Source 2025'!$B:$B,$A17,'Source 2025'!$A:$A,"Quantity (units)")+SUMIFS('Source 2025'!$U:$U,'Source 2025'!$B:$B,$A17,'Source 2025'!$A:$A,"Quantity (units)")+SUMIFS('Source 2025'!$D:$D,'Source 2025'!$B:$B,$A17,'Source 2025'!$A:$A,"Quantity (units)")+SUMIFS('Source 2025'!$E:$E,'Source 2025'!$B:$B,$A17,'Source 2025'!$A:$A,"Quantity (units)")+SUMIFS('Source 2025'!$G:$G,'Source 2025'!$B:$B,$A17,'Source 2025'!$A:$A,"Quantity (units)") -> 539 | D17: =SUMIFS('Source 2026'!$F:$F,'Source 2026'!$B:$B,$A17,'Source 2026'!$A:$A,"Quantity (units)")+SUMIFS('Source 2026'!$H:$H,'Source 2026'!$B:$B,$A17,'Source 2026'!$A:$A,"Quantity (units)")+SUMIFS('Source 2026'!$M:$M,'Source 2026'!$B:$B,$A17,'Source 2026'!$A:$A,"Quantity (units)")+SUMIFS('Source 2026'!$N:$N,'Source 2026'!$B:$B,$A17,'Source 2026'!$A:$A,"Quantity (units)")+SUMIFS('Source 2026'!$S:$S,'Source 2026'!$B:$B,$A17,'Source 2026'!$A:$A,"Quantity (units)")+SUMIFS('Source 2026'!$U:$U,'Source 2026'!$B:$B,$A17,'Source 2026'!$A:$A,"Quantity (units)")+SUMIFS('Source 2026'!$D:$D,'Source 2026'!$B:$B,$A17,'Source 2026'!$A:$A,"Quantity (units)")+SUMIFS('Source 2026'!$E:$E,'Source 2026'!$B:$B,$A17,'Source 2026'!$A:$A,"Quantity (units)")+SUMIFS('Source 2026'!$G:$G,'Source 2026'!$B:$B,$A17,'Source 2026'!$A:$A,"Quantity (units)") -> 227 | E17: =D17*$J$5 -> 286.73684 | F17: =E17-C17 -> -252.26316 | G17: =IF(AND(C17=0,E17=0),0,IF(C17=0,"New",(E17-C17)/C17)) -> -0.4680207 | H17: =SUMIFS('Source 2025'!$F:$F,'Source 2025'!$B:$B,$A17,'Source 2025'!$A:$A,"Amount (NIS)")+SUMIFS('Source 2025'!$H:$H,'Source 2025'!$B:$B,$A17,'Source 2025'!$A:$A,"Amount (NIS)")+SUMIFS('Source 2025'!$M:$M,'Source 2025'!$B:$B,$A17,'Source 2025'!$A:$A,"Amount (NIS)")+SUMIFS('Source 2025'!$N:$N,'Source 2025'!$B:$B,$A17,'Source 2025'!$A:$A,"Amount (NIS)")+SUMIFS('Source 2025'!$S:$S,'Source 2025'!$B:$B,$A17,'Source 2025'!$A:$A,"Amount (NIS)")+SUMIFS('Source 2025'!$U:$U,'Source 2025'!$B:$B,$A17,'Source 2025'!$A:$A,"Amount (NIS)")+SUMIFS('Source 2025'!$D:$D,'Source 2025'!$B:$B,$A17,'Source 2025'!$A:$A,"Amount (NIS)")+SUMIFS('Source 2025'!$E:$E,'Source 2025'!$B:$B,$A17,'Source 2025'!$A:$A,"Amount (NIS)")+SUMIFS('Source 2025'!$G:$G,'Source 2025'!$B:$B,$A17,'Source 2025'!$A:$A,"Amount (NIS)") -> 26071.2 | I17: =SUMIFS('Source 2026'!$F:$F,'Source 2026'!$B:$B,$A17,'Source 2026'!$A:$A,"Amount (NIS)")+SUMIFS('Source 2026'!$H:$H,'Source 2026'!$B:$B,$A17,'Source 2026'!$A:$A,"Amount (NIS)")+SUMIFS('Source 2026'!$M:$M,'Source 2026'!$B:$B,$A17,'Source 2026'!$A:$A,"Amount (NIS)")+SUMIFS('Source 2026'!$N:$N,'Source 2026'!$B:$B,$A17,'Source 2026'!$A:$A,"Amount (NIS)")+SUMIFS('Source 2026'!$S:$S,'Source 2026'!$B:$B,$A17,'Source 2026'!$A:$A,"Amount (NIS)")+SUMIFS('Source 2026'!$U:$U,'Source 2026'!$B:$B,$A17,'Source 2026'!$A:$A,"Amount (NIS)")+SUMIFS('Source 2026'!$D:$D,'Source 2026'!$B:$B,$A17,'Source 2026'!$A:$A,"Amount (NIS)")+SUMIFS('Source 2026'!$E:$E,'Source 2026'!$B:$B,$A17,'Source 2026'!$A:$A,"Amount (NIS)")+SUMIFS('Source 2026'!$G:$G,'Source 2026'!$B:$B,$A17,'Source 2026'!$A:$A,"Amount (NIS)") -> 11000.8 | J17: =I17*$J$5 -> 13895.747 | K17: =J17-H17 -> -12175.453 | L17: =IF(AND(H17=0,J17=0),0,IF(H17=0,"New",(J17-H17)/H17)) -> -0.46700776
A18: 45C | B18: =IFERROR(INDEX('Source 2026'!$C:$C,MATCH($A18,'Source 2026'!$B:$B,0)),IFERROR(INDEX('Source 2025'!$C:$C,MATCH($A18,'Source 2025'!$B:$B,0)),"")) -> S מגן ברך חום | C18: =SUMIFS('Source 2025'!$F:$F,'Source 2025'!$B:$B,$A18,'Source 2025'!$A:$A,"Quantity (units)")+SUMIFS('Source 2025'!$H:$H,'Source 2025'!$B:$B,$A18,'Source 2025'!$A:$A,"Quantity (units)")+SUMIFS('Source 2025'!$M:$M,'Source 2025'!$B:$B,$A18,'Source 2025'!$A:$A,"Quantity (units)")+SUMIFS('Source 2025'!$N:$N,'Source 2025'!$B:$B,$A18,'Source 2025'!$A:$A,"Quantity (units)")+SUMIFS('Source 2025'!$S:$S,'Source 2025'!$B:$B,$A18,'Source 2025'!$A:$A,"Quantity (units)")+SUMIFS('Source 2025'!$U:$U,'Source 2025'!$B:$B,$A18,'Source 2025'!$A:$A,"Quantity (units)")+SUMIFS('Source 2025'!$D:$D,'Source 2025'!$B:$B,$A18,'Source 2025'!$A:$A,"Quantity (units)")+SUMIFS('Source 2025'!$E:$E,'Source 2025'!$B:$B,$A18,'Source 2025'!$A:$A,"Quantity (units)")+SUMIFS('Source 2025'!$G:$G,'Source 2025'!$B:$B,$A18,'Source 2025'!$A:$A,"Quantity (units)") -> 1325 | D18: =SUMIFS('Source 2026'!$F:$F,'Source 2026'!$B:$B,$A18,'Source 2026'!$A:$A,"Quantity (units)")+SUMIFS('Source 2026'!$H:$H,'Source 2026'!$B:$B,$A18,'Source 2026'!$A:$A,"Quantity (units)")+SUMIFS('Source 2026'!$M:$M,'Source 2026'!$B:$B,$A18,'Source 2026'!$A:$A,"Quantity (units)")+SUMIFS('Source 2026'!$N:$N,'Source 2026'!$B:$B,$A18,'Source 2026'!$A:$A,"Quantity (units)")+SUMIFS('Source 2026'!$S:$S,'Source 2026'!$B:$B,$A18,'Source 2026'!$A:$A,"Quantity (units)")+SUMIFS('Source 2026'!$U:$U,'Source 2026'!$B:$B,$A18,'Source 2026'!$A:$A,"Quantity (units)")+SUMIFS('Source 2026'!$D:$D,'Source 2026'!$B:$B,$A18,'Source 2026'!$A:$A,"Quantity (units)")+SUMIFS('Source 2026'!$E:$E,'Source 2026'!$B:$B,$A18,'Source 2026'!$A:$A,"Quantity (units)")+SUMIFS('Source 2026'!$G:$G,'Source 2026'!$B:$B,$A18,'Source 2026'!$A:$A,"Quantity (units)") -> 888 | E18: =D18*$J$5 -> 1121.6842 | F18: =E18-C18 -> -203.31579 | G18: =IF(AND(C18=0,E18=0),0,IF(C18=0,"New",(E18-C18)/C18)) -> -0.15344588 | H18: =SUMIFS('Source 2025'!$F:$F,'Source 2025'!$B:$B,$A18,'Source 2025'!$A:$A,"Amount (NIS)")+SUMIFS('Source 2025'!$H:$H,'Source 2025'!$B:$B,$A18,'Source 2025'!$A:$A,"Amount (NIS)")+SUMIFS('Source 2025'!$M:$M,'Source 2025'!$B:$B,$A18,'Source 2025'!$A:$A,"Amount (NIS)")+SUMIFS('Source 2025'!$N:$N,'Source 2025'!$B:$B,$A18,'Source 2025'!$A:$A,"Amount (NIS)")+SUMIFS('Source 2025'!$S:$S,'Source 2025'!$B:$B,$A18,'Source 2025'!$A:$A,"Amount (NIS)")+SUMIFS('Source 2025'!$U:$U,'Source 2025'!$B:$B,$A18,'Source 2025'!$A:$A,"Amount (NIS)")+SUMIFS('Source 2025'!$D:$D,'Source 2025'!$B:$B,$A18,'Source 2025'!$A:$A,"Amount (NIS)")+SUMIFS('Source 2025'!$E:$E,'Source 2025'!$B:$B,$A18,'Source 2025'!$A:$A,"Amount (NIS)")+SUMIFS('Source 2025'!$G:$G,'Source 2025'!$B:$B,$A18,'Source 2025'!$A:$A,"Amount (NIS)") -> 39752.6 | I18: =SUMIFS('Source 2026'!$F:$F,'Source 2026'!$B:$B,$A18,'Source 2026'!$A:$A,"Amount (NIS)")+SUMIFS('Source 2026'!$H:$H,'Source 2026'!$B:$B,$A18,'Source 2026'!$A:$A,"Amount (NIS)")+SUMIFS('Source 2026'!$M:$M,'Source 2026'!$B:$B,$A18,'Source 2026'!$A:$A,"Amount (NIS)")+SUMIFS('Source 2026'!$N:$N,'Source 2026'!$B:$B,$A18,'Source 2026'!$A:$A,"Amount (NIS)")+SUMIFS('Source 2026'!$S:$S,'Source 2026'!$B:$B,$A18,'Source 2026'!$A:$A,"Amount (NIS)")+SUMIFS('Source 2026'!$U:$U,'Source 2026'!$B:$B,$A18,'Source 2026'!$A:$A,"Amount (NIS)")+SUMIFS('Source 2026'!$D:$D,'Source 2026'!$B:$B,$A18,'Source 2026'!$A:$A,"Amount (NIS)")+SUMIFS('Source 2026'!$E:$E,'Source 2026'!$B:$B,$A18,'Source 2026'!$A:$A,"Amount (NIS)")+SUMIFS('Source 2026'!$G:$G,'Source 2026'!$B:$B,$A18,'Source 2026'!$A:$A,"Amount (NIS)") -> 26812.5 | J18: =I18*$J$5 -> 33868.421 | K18: =J18-H18 -> -5884.1789 | L18: =IF(AND(H18=0,J18=0),0,IF(H18=0,"New",(J18-H18)/H18)) -> -0.14801998
A19: 266 | B19: =IFERROR(INDEX('Source 2026'!$C:$C,MATCH($A19,'Source 2026'!$B:$B,0)),IFERROR(INDEX('Source 2025'!$C:$C,MATCH($A19,'Source 2025'!$B:$B,0)),"")) -> סד ליד דו צדדי | C19: =SUMIFS('Source 2025'!$F:$F,'Source 2025'!$B:$B,$A19,'Source 2025'!$A:$A,"Quantity (units)")+SUMIFS('Source 2025'!$H:$H,'Source 2025'!$B:$B,$A19,'Source 2025'!$A:$A,"Quantity (units)")+SUMIFS('Source 2025'!$M:$M,'Source 2025'!$B:$B,$A19,'Source 2025'!$A:$A,"Quantity (units)")+SUMIFS('Source 2025'!$N:$N,'Source 2025'!$B:$B,$A19,'Source 2025'!$A:$A,"Quantity (units)")+SUMIFS('Source 2025'!$S:$S,'Source 2025'!$B:$B,$A19,'Source 2025'!$A:$A,"Quantity (units)")+SUMIFS('Source 2025'!$U:$U,'Source 2025'!$B:$B,$A19,'Source 2025'!$A:$A,"Quantity (units)")+SUMIFS('Source 2025'!$D:$D,'Source 2025'!$B:$B,$A19,'Source 2025'!$A:$A,"Quantity (units)")+SUMIFS('Source 2025'!$E:$E,'Source 2025'!$B:$B,$A19,'Source 2025'!$A:$A,"Quantity (units)")+SUMIFS('Source 2025'!$G:$G,'Source 2025'!$B:$B,$A19,'Source 2025'!$A:$A,"Quantity (units)") -> 502 | D19: =SUMIFS('Source 2026'!$F:$F,'Source 2026'!$B:$B,$A19,'Source 2026'!$A:$A,"Quantity (units)")+SUMIFS('Source 2026'!$H:$H,'Source 2026'!$B:$B,$A19,'Source 2026'!$A:$A,"Quantity (units)")+SUMIFS('Source 2026'!$M:$M,'Source 2026'!$B:$B,$A19,'Source 2026'!$A:$A,"Quantity (units)")+SUMIFS('Source 2026'!$N:$N,'Source 2026'!$B:$B,$A19,'Source 2026'!$A:$A,"Quantity (units)")+SUMIFS('Source 2026'!$S:$S,'Source 2026'!$B:$B,$A19,'Source 2026'!$A:$A,"Quantity (units)")+SUMIFS('Source 2026'!$U:$U,'Source 2026'!$B:$B,$A19,'Source 2026'!$A:$A,"Quantity (units)")+SUMIFS('Source 2026'!$D:$D,'Source 2026'!$B:$B,$A19,'Source 2026'!$A:$A,"Quantity (units)")+SUMIFS('Source 2026'!$E:$E,'Source 2026'!$B:$B,$A19,'Source 2026'!$A:$A,"Quantity (units)")+SUMIFS('Source 2026'!$G:$G,'Source 2026'!$B:$B,$A19,'Source 2026'!$A:$A,"Quantity (units)") -> 336 | E19: =D19*$J$5 -> 424.42105 | F19: =E19-C19 -> -77.578947 | G19: =IF(AND(C19=0,E19=0),0,IF(C19=0,"New",(E19-C19)/C19)) -> -0.15453974 | H19: =SUMIFS('Source 2025'!$F:$F,'Source 2025'!$B:$B,$A19,'Source 2025'!$A:$A,"Amount (NIS)")+SUMIFS('Source 2025'!$H:$H,'Source 2025'!$B:$B,$A19,'Source 2025'!$A:$A,"Amount (NIS)")+SUMIFS('Source 2025'!$M:$M,'Source 2025'!$B:$B,$A19,'Source 2025'!$A:$A,"Amount (NIS)")+SUMIFS('Source 2025'!$N:$N,'Source 2025'!$B:$B,$A19,'Source 2025'!$A:$A,"Amount (NIS)")+SUMIFS('Source 2025'!$S:$S,'Source 2025'!$B:$B,$A19,'Source 2025'!$A:$A,"Amount (NIS)")+SUMIFS('Source 2025'!$U:$U,'Source 2025'!$B:$B,$A19,'Source 2025'!$A:$A,"Amount (NIS)")+SUMIFS('Source 2025'!$D:$D,'Source 2025'!$B:$B,$A19,'Source 2025'!$A:$A,"Amount (NIS)")+SUMIFS('Source 2025'!$E:$E,'Source 2025'!$B:$B,$A19,'Source 2025'!$A:$A,"Amount (NIS)")+SUMIFS('Source 2025'!$G:$G,'Source 2025'!$B:$B,$A19,'Source 2025'!$A:$A,"Amount (NIS)") -> 38890.7 | I19: =SUMIFS('Source 2026'!$F:$F,'Source 2026'!$B:$B,$A19,'Source 2026'!$A:$A,"Amount (NIS)")+SUMIFS('Source 2026'!$H:$H,'Source 2026'!$B:$B,$A19,'Source 2026'!$A:$A,"Amount (NIS)")+SUMIFS('Source 2026'!$M:$M,'Source 2026'!$B:$B,$A19,'Source 2026'!$A:$A,"Amount (NIS)")+SUMIFS('Source 2026'!$N:$N,'Source 2026'!$B:$B,$A19,'Source 2026'!$A:$A,"Amount (NIS)")+SUMIFS('Source 2026'!$S:$S,'Source 2026'!$B:$B,$A19,'Source 2026'!$A:$A,"Amount (NIS)")+SUMIFS('Source 2026'!$U:$U,'Source 2026'!$B:$B,$A19,'Source 2026'!$A:$A,"Amount (NIS)")+SUMIFS('Source 2026'!$D:$D,'Source 2026'!$B:$B,$A19,'Source 2026'!$A:$A,"Amount (NIS)")+SUMIFS('Source 2026'!$E:$E,'Source 2026'!$B:$B,$A19,'Source 2026'!$A:$A,"Amount (NIS)")+SUMIFS('Source 2026'!$G:$G,'Source 2026'!$B:$B,$A19,'Source 2026'!$A:$A,"Amount (NIS)") -> 26201.4 | J19: =I19*$J$5 -> 33096.505 | K19: =J19-H19 -> -5794.1947 | L19: =IF(AND(H19=0,J19=0),0,IF(H19=0,"New",(J19-H19)/H19)) -> -0.14898664
A20: 28 | B20: =IFERROR(INDEX('Source 2026'!$C:$C,MATCH($A20,'Source 2026'!$B:$B,0)),IFERROR(INDEX('Source 2025'!$C:$C,MATCH($A20,'Source 2025'!$B:$B,0)),"")) -> L סד לאגודל לאחר שבר | C20: =SUMIFS('Source 2025'!$F:$F,'Source 2025'!$B:$B,$A20,'Source 2025'!$A:$A,"Quantity (units)")+SUMIFS('Source 2025'!$H:$H,'Source 2025'!$B:$B,$A20,'Source 2025'!$A:$A,"Quantity (units)")+SUMIFS('Source 2025'!$M:$M,'Source 2025'!$B:$B,$A20,'Source 2025'!$A:$A,"Quantity (units)")+SUMIFS('Source 2025'!$N:$N,'Source 2025'!$B:$B,$A20,'Source 2025'!$A:$A,"Quantity (units)")+SUMIFS('Source 2025'!$S:$S,'Source 2025'!$B:$B,$A20,'Source 2025'!$A:$A,"Quantity (units)")+SUMIFS('Source 2025'!$U:$U,'Source 2025'!$B:$B,$A20,'Source 2025'!$A:$A,"Quantity (units)")+SUMIFS('Source 2025'!$D:$D,'Source 2025'!$B:$B,$A20,'Source 2025'!$A:$A,"Quantity (units)")+SUMIFS('Source 2025'!$E:$E,'Source 2025'!$B:$B,$A20,'Source 2025'!$A:$A,"Quantity (units)")+SUMIFS('Source 2025'!$G:$G,'Source 2025'!$B:$B,$A20,'Source 2025'!$A:$A,"Quantity (units)") -> 237 | D20: =SUMIFS('Source 2026'!$F:$F,'Source 2026'!$B:$B,$A20,'Source 2026'!$A:$A,"Quantity (units)")+SUMIFS('Source 2026'!$H:$H,'Source 2026'!$B:$B,$A20,'Source 2026'!$A:$A,"Quantity (units)")+SUMIFS('Source 2026'!$M:$M,'Source 2026'!$B:$B,$A20,'Source 2026'!$A:$A,"Quantity (units)")+SUMIFS('Source 2026'!$N:$N,'Source 2026'!$B:$B,$A20,'Source 2026'!$A:$A,"Quantity (units)")+SUMIFS('Source 2026'!$S:$S,'Source 2026'!$B:$B,$A20,'Source 2026'!$A:$A,"Quantity (units)")+SUMIFS('Source 2026'!$U:$U,'Source 2026'!$B:$B,$A20,'Source 2026'!$A:$A,"Quantity (units)")+SUMIFS('Source 2026'!$D:$D,'Source 2026'!$B:$B,$A20,'Source 2026'!$A:$A,"Quantity (units)")+SUMIFS('Source 2026'!$E:$E,'Source 2026'!$B:$B,$A20,'Source 2026'!$A:$A,"Quantity (units)")+SUMIFS('Source 2026'!$G:$G,'Source 2026'!$B:$B,$A20,'Source 2026'!$A:$A,"Quantity (units)") -> 109 | E20: =D20*$J$5 -> 137.68421 | F20: =E20-C20 -> -99.315789 | G20: =IF(AND(C20=0,E20=0),0,IF(C20=0,"New",(E20-C20)/C20)) -> -0.41905396 | H20: =SUMIFS('Source 2025'!$F:$F,'Source 2025'!$B:$B,$A20,'Source 2025'!$A:$A,"Amount (NIS)")+SUMIFS('Source 2025'!$H:$H,'Source 2025'!$B:$B,$A20,'Source 2025'!$A:$A,"Amount (NIS)")+SUMIFS('Source 2025'!$M:$M,'Source 2025'!$B:$B,$A20,'Source 2025'!$A:$A,"Amount (NIS)")+SUMIFS('Source 2025'!$N:$N,'Source 2025'!$B:$B,$A20,'Source 2025'!$A:$A,"Amount (NIS)")+SUMIFS('Source 2025'!$S:$S,'Source 2025'!$B:$B,$A20,'Source 2025'!$A:$A,"Amount (NIS)")+SUMIFS('Source 2025'!$U:$U,'Source 2025'!$B:$B,$A20,'Source 2025'!$A:$A,"Amount (NIS)")+SUMIFS('Source 2025'!$D:$D,'Source 2025'!$B:$B,$A20,'Source 2025'!$A:$A,"Amount (NIS)")+SUMIFS('Source 2025'!$E:$E,'Source 2025'!$B:$B,$A20,'Source 2025'!$A:$A,"Amount (NIS)")+SUMIFS('Source 2025'!$G:$G,'Source 2025'!$B:$B,$A20,'Source 2025'!$A:$A,"Amount (NIS)") -> 23347.4 | I20: =SUMIFS('Source 2026'!$F:$F,'Source 2026'!$B:$B,$A20,'Source 2026'!$A:$A,"Amount (NIS)")+SUMIFS('Source 2026'!$H:$H,'Source 2026'!$B:$B,$A20,'Source 2026'!$A:$A,"Amount (NIS)")+SUMIFS('Source 2026'!$M:$M,'Source 2026'!$B:$B,$A20,'Source 2026'!$A:$A,"Amount (NIS)")+SUMIFS('Source 2026'!$N:$N,'Source 2026'!$B:$B,$A20,'Source 2026'!$A:$A,"Amount (NIS)")+SUMIFS('Source 2026'!$S:$S,'Source 2026'!$B:$B,$A20,'Source 2026'!$A:$A,"Amount (NIS)")+SUMIFS('Source 2026'!$U:$U,'Source 2026'!$B:$B,$A20,'Source 2026'!$A:$A,"Amount (NIS)")+SUMIFS('Source 2026'!$D:$D,'Source 2026'!$B:$B,$A20,'Source 2026'!$A:$A,"Amount (NIS)")+SUMIFS('Source 2026'!$E:$E,'Source 2026'!$B:$B,$A20,'Source 2026'!$A:$A,"Amount (NIS)")+SUMIFS('Source 2026'!$G:$G,'Source 2026'!$B:$B,$A20,'Source 2026'!$A:$A,"Amount (NIS)") -> 10734.8 | J20: =I20*$J$5 -> 13559.747 | K20: =J20-H20 -> -9787.6526 | L20: =IF(AND(H20=0,J20=0),0,IF(H20=0,"New",(J20-H20)/H20)) -> -0.4192181
... A291: 63 | B291: =IFERROR(INDEX('Source 2026'!$C:$C,MATCH($A291,'Source 2026'!$B:$B,0)),IFERROR(INDEX('Source 2025'!$C:$C,MATCH($A291,'Source 2025'!$B:$B,0)),"")) -> M צוארון פלסטי מתכוון | C291: =SUMIFS('Source 2025'!$F:$F,'Source 2025'!$B:$B,$A291,'Source 2025'!$A:$A,"Quantity (units)")+SUMIFS('Source 2025'!$H:$H,'Source 2025'!$B:$B,$A291,'Source 2025'!$A:$A,"Quantity (units)")+SUMIFS('Source 2025'!$M:$M,'Source 2025'!$B:$B,$A291,'Source 2025'!$A:$A,"Quantity (units)")+SUMIFS('Source 2025'!$N:$N,'Source 2025'!$B:$B,$A291,'Source 2025'!$A:$A,"Quantity (units)")+SUMIFS('Source 2025'!$S:$S,'Source 2025'!$B:$B,$A291,'Source 2025'!$A:$A,"Quantity (units)")+SUMIFS('Source 2025'!$U:$U,'Source 2025'!$B:$B,$A291,'Source 2025'!$A:$A,"Quantity (units)")+SUMIFS('Source 2025'!$D:$D,'Source 2025'!$B:$B,$A291,'Source 2025'!$A:$A,"Quantity (units)")+SUMIFS('Source 2025'!$E:$E,'Source 2025'!$B:$B,$A291,'Source 2025'!$A:$A,"Quantity (units)")+SUMIFS('Source 2025'!$G:$G,'Source 2025'!$B:$B,$A291,'Source 2025'!$A:$A,"Quantity (units)") -> 1 | D291: =SUMIFS('Source 2026'!$F:$F,'Source 2026'!$B:$B,$A291,'Source 2026'!$A:$A,"Quantity (units)")+SUMIFS('Source 2026'!$H:$H,'Source 2026'!$B:$B,$A291,'Source 2026'!$A:$A,"Quantity (units)")+SUMIFS('Source 2026'!$M:$M,'Source 2026'!$B:$B,$A291,'Source 2026'!$A:$A,"Quantity (units)")+SUMIFS('Source 2026'!$N:$N,'Source 2026'!$B:$B,$A291,'Source 2026'!$A:$A,"Quantity (units)")+SUMIFS('Source 2026'!$S:$S,'Source 2026'!$B:$B,$A291,'Source 2026'!$A:$A,"Quantity (units)")+SUMIFS('Source 2026'!$U:$U,'Source 2026'!$B:$B,$A291,'Source 2026'!$A:$A,"Quantity (units)")+SUMIFS('Source 2026'!$D:$D,'Source 2026'!$B:$B,$A291,'Source 2026'!$A:$A,"Quantity (units)")+SUMIFS('Source 2026'!$E:$E,'Source 2026'!$B:$B,$A291,'Source 2026'!$A:$A,"Quantity (units)")+SUMIFS('Source 2026'!$G:$G,'Source 2026'!$B:$B,$A291,'Source 2026'!$A:$A,"Quantity (units)") -> 1 | E291: =D291*$J$5 -> 1.2631579 | F291: =E291-C291 -> 0.26315789 | G291: =IF(AND(C291=0,E291=0),0,IF(C291=0,"New",(E291-C291)/C291)) -> 0.26315789 | H291: =SUMIFS('Source 2025'!$F:$F,'Source 2025'!$B:$B,$A291,'Source 2025'!$A:$A,"Amount (NIS)")+SUMIFS('Source 2025'!$H:$H,'Source 2025'!$B:$B,$A291,'Source 2025'!$A:$A,"Amount (NIS)")+SUMIFS('Source 2025'!$M:$M,'Source 2025'!$B:$B,$A291,'Source 2025'!$A:$A,"Amount (NIS)")+SUMIFS('Source 2025'!$N:$N,'Source 2025'!$B:$B,$A291,'Source 2025'!$A:$A,"Amount (NIS)")+SUMIFS('Source 2025'!$S:$S,'Source 2025'!$B:$B,$A291,'Source 2025'!$A:$A,"Amount (NIS)")+SUMIFS('Source 2025'!$U:$U,'Source 2025'!$B:$B,$A291,'Source 2025'!$A:$A,"Amount (NIS)")+SUMIFS('Source 2025'!$D:$D,'Source 2025'!$B:$B,$A291,'Source 2025'!$A:$A,"Amount (NIS)")+SUMIFS('Source 2025'!$E:$E,'Source 2025'!$B:$B,$A291,'Source 2025'!$A:$A,"Amount (NIS)")+SUMIFS('Source 2025'!$G:$G,'Source 2025'!$B:$B,$A291,'Source 2025'!$A:$A,"Amount (NIS)") -> 66.5 | I291: =SUMIFS('Source 2026'!$F:$F,'Source 2026'!$B:$B,$A291,'Source 2026'!$A:$A,"Amount (NIS)")+SUMIFS('Source 2026'!$H:$H,'Source 2026'!$B:$B,$A291,'Source 2026'!$A:$A,"Amount (NIS)")+SUMIFS('Source 2026'!$M:$M,'Source 2026'!$B:$B,$A291,'Source 2026'!$A:$A,"Amount (NIS)")+SUMIFS('Source 2026'!$N:$N,'Source 2026'!$B:$B,$A291,'Source 2026'!$A:$A,"Amount (NIS)")+SUMIFS('Source 2026'!$S:$S,'Source 2026'!$B:$B,$A291,'Source 2026'!$A:$A,"Amount (NIS)")+SUMIFS('Source 2026'!$U:$U,'Source 2026'!$B:$B,$A291,'Source 2026'!$A:$A,"Amount (NIS)")+SUMIFS('Source 2026'!$D:$D,'Source 2026'!$B:$B,$A291,'Source 2026'!$A:$A,"Amount (NIS)")+SUMIFS('Source 2026'!$E:$E,'Source 2026'!$B:$B,$A291,'Source 2026'!$A:$A,"Amount (NIS)")+SUMIFS('Source 2026'!$G:$G,'Source 2026'!$B:$B,$A291,'Source 2026'!$A:$A,"Amount (NIS)") -> 66.5 | J291: =I291*$J$5 -> 84 | K291: =J291-H291 -> 17.5 | L291: =IF(AND(H291=0,J291=0),0,IF(H291=0,"New",(J291-H291)/H291)) -> 0.26315789
B293: TOTAL | C293: =SUM(C9:C291) -> 54177 | D293: =SUM(D9:D291) -> 33487 | E293: =SUM(E9:E291) -> 42299.368 | F293: =SUM(F9:F291) -> -11877.632 | G293: =IF(C293=0,"N/A",F293/C293) -> -0.21923753 | H293: =SUM(H9:H291) -> 1967633.7 | I293: =SUM(I9:I291) -> 1293807.8 | J293: =SUM(J9:J291) -> 1634283.5 | K293: =SUM(K9:K291) -> -333350.16 | L293: =IF(H293=0,"N/A",K293/H293) -> -0.16941678

Sheet BE
A1: Sales Comparison 2025 vs 2026 (Annualized) - Group: BE (by Product CODE)
A2: Calculation date: | B2: 46284
A3: Source: PPlay1 of uriel (Reporter) product x customer pivot reports for 2025 and 2026. Grouping follows the daily report "Pplay1" sheet legend (customer # 4/7/1/8) plus 5 categories confirmed by the user on 19/09/2026 that had no exact-name match in the legend. Group "BE" = sum of raw customer column(s): אילת BE, הפרכל הפרפארם, שופרסל BE, זיכויים BE, BE, אילת זיכויי BE (column(s) K, O, R, P, J, L in 'Source 2025'/'Source 2026'). Each file has two data blocks: "נטו" (Net Amount, NIS) and "סהכ יחידות" (Total Units). Product CODE parsed as the first token of column B in the original file; size/color variants sharing the same base CODE are summed via SUMIFS. Rows below only include product codes with non-zero quantity or amount for this group in at least one of the two years (comparing 2025 actual to 2026 actual, before annualization). Full build (annualization + DROP/NEW + whole-number display) rolled out to all 5 groups on 19/09/2026 - see rows 4-6 for methodology.
A4: Annualization note: 2026 actual data covers approximately 9.5 months (1 Jan - 15 Sep 2026). To make 2026 comparable to a full year, it is scaled up by a simple linear factor = 12 / 9.5 (≈ 1.263158). This is a straight-line extrapolation and does NOT account for seasonality (e.g. holiday-heavy months) - treat as an estimate, not an exact forecast. | I4: Months in full year: | J4: 12 | K4: Months covered by 2026 actual (1/1–15/9): | L4: 9.5
A5: # DROP (sold 2025, 0 in 2026): | B5: =SUMPRODUCT(--((($C$9:$C$171<>0)+($H$9:$H$171<>0)>0)*(($D$9:$D$171=0)*($I$9:$I$171=0)))) -> 18 | C5: # NEW (sold 2026, 0 in 2025): | D5: =SUMPRODUCT(--((($D$9:$D$171<>0)+($I$9:$I$171<>0)>0)*(($C$9:$C$171=0)*($H$9:$H$171=0)))) -> 8 | I5: Normalization factor (J4/L4): | J5: =J4/L4 -> 1.2631579
A6: DROP — Quantity 2025: | B6: =SUMPRODUCT(--((($C$9:$C$171<>0)+($H$9:$H$171<>0)>0)*(($D$9:$D$171=0)*($I$9:$I$171=0)))*$C$9:$C$171) -> 43 | C6: DROP — Amount 2025 (₪): | D6: =SUMPRODUCT(--((($C$9:$C$171<>0)+($H$9:$H$171<>0)>0)*(($D$9:$D$171=0)*($I$9:$I$171=0)))*$H$9:$H$171) -> 2818.5 | E6: NEW — Quantity 2026: | F6: =SUMPRODUCT(--((($D$9:$D$171<>0)+($I$9:$I$171<>0)>0)*(($C$9:$C$171=0)*($H$9:$H$171=0)))*$D$9:$D$171) -> 8 | G6: NEW — Amount 2026 (₪): | H6: =SUMPRODUCT(--((($D$9:$D$171<>0)+($I$9:$I$171<>0)>0)*(($C$9:$C$171=0)*($H$9:$H$171=0)))*$I$9:$I$171) -> 918.4
A8: Product Code | B8: Product Name | C8: Quantity 2025 | D8: Quantity 2026 (Actual, partial year) | E8: Quantity 2026 (Annualized) | F8: Quantity Change (Annualized vs 2025) | G8: Quantity Change % (Annualized vs 2025) | H8: Amount 2025 (₪) | I8: Amount 2026 (Actual, partial year) (₪) | J8: Amount 2026 (Annualized) (₪) | K8: Amount Change (Annualized vs 2025) (₪) | L8: Amount Change % (Annualized vs 2025)
A9: 397 | B9: =IFERROR(INDEX('Source 2026'!$C:$C,MATCH($A9,'Source 2026'!$B:$B,0)),IFERROR(INDEX('Source 2025'!$C:$C,MATCH($A9,'Source 2025'!$B:$B,0)),"")) -> 35-38 גרבי טיסה מידה | C9: =SUMIFS('Source 2025'!$K:$K,'Source 2025'!$B:$B,$A9,'Source 2025'!$A:$A,"Quantity (units)")+SUMIFS('Source 2025'!$O:$O,'Source 2025'!$B:$B,$A9,'Source 2025'!$A:$A,"Quantity (units)")+SUMIFS('Source 2025'!$R:$R,'Source 2025'!$B:$B,$A9,'Source 2025'!$A:$A,"Quantity (units)")+SUMIFS('Source 2025'!$P:$P,'Source 2025'!$B:$B,$A9,'Source 2025'!$A:$A,"Quantity (units)")+SUMIFS('Source 2025'!$J:$J,'Source 2025'!$B:$B,$A9,'Source 2025'!$A:$A,"Quantity (units)")+SUMIFS('Source 2025'!$L:$L,'Source 2025'!$B:$B,$A9,'Source 2025'!$A:$A,"Quantity (units)") -> 537 | D9: =SUMIFS('Source 2026'!$K:$K,'Source 2026'!$B:$B,$A9,'Source 2026'!$A:$A,"Quantity (units)")+SUMIFS('Source 2026'!$O:$O,'Source 2026'!$B:$B,$A9,'Source 2026'!$A:$A,"Quantity (units)")+SUMIFS('Source 2026'!$R:$R,'Source 2026'!$B:$B,$A9,'Source 2026'!$A:$A,"Quantity (units)")+SUMIFS('Source 2026'!$P:$P,'Source 2026'!$B:$B,$A9,'Source 2026'!$A:$A,"Quantity (units)")+SUMIFS('Source 2026'!$J:$J,'Source 2026'!$B:$B,$A9,'Source 2026'!$A:$A,"Quantity (units)")+SUMIFS('Source 2026'!$L:$L,'Source 2026'!$B:$B,$A9,'Source 2026'!$A:$A,"Quantity (units)") -> 1 | E9: =D9*$J$5 -> 1.2631579 | F9: =E9-C9 -> -535.73684 | G9: =IF(AND(C9=0,E9=0),0,IF(C9=0,"New",(E9-C9)/C9)) -> -0.99764775 | H9: =SUMIFS('Source 2025'!$K:$K,'Source 2025'!$B:$B,$A9,'Source 2025'!$A:$A,"Amount (NIS)")+SUMIFS('Source 2025'!$O:$O,'Source 2025'!$B:$B,$A9,'Source 2025'!$A:$A,"Amount (NIS)")+SUMIFS('Source 2025'!$R:$R,'Source 2025'!$B:$B,$A9,'Source 2025'!$A:$A,"Amount (NIS)")+SUMIFS('Source 2025'!$P:$P,'Source 2025'!$B:$B,$A9,'Source 2025'!$A:$A,"Amount (NIS)")+SUMIFS('Source 2025'!$J:$J,'Source 2025'!$B:$B,$A9,'Source 2025'!$A:$A,"Amount (NIS)")+SUMIFS('Source 2025'!$L:$L,'Source 2025'!$B:$B,$A9,'Source 2025'!$A:$A,"Amount (NIS)") -> 30531.1 | I9: =SUMIFS('Source 2026'!$K:$K,'Source 2026'!$B:$B,$A9,'Source 2026'!$A:$A,"Amount (NIS)")+SUMIFS('Source 2026'!$O:$O,'Source 2026'!$B:$B,$A9,'Source 2026'!$A:$A,"Amount (NIS)")+SUMIFS('Source 2026'!$R:$R,'Source 2026'!$B:$B,$A9,'Source 2026'!$A:$A,"Amount (NIS)")+SUMIFS('Source 2026'!$P:$P,'Source 2026'!$B:$B,$A9,'Source 2026'!$A:$A,"Amount (NIS)")+SUMIFS('Source 2026'!$J:$J,'Source 2026'!$B:$B,$A9,'Source 2026'!$A:$A,"Amount (NIS)")+SUMIFS('Source 2026'!$L:$L,'Source 2026'!$B:$B,$A9,'Source 2026'!$A:$A,"Amount (NIS)") -> 56.7 | J9: =I9*$J$5 -> 71.621053 | K9: =J9-H9 -> -30459.479 | L9: =IF(AND(H9=0,J9=0),0,IF(H9=0,"New",(J9-H9)/H9)) -> -0.99765416
A10: 85 | B10: =IFERROR(INDEX('Source 2026'!$C:$C,MATCH($A10,'Source 2026'!$B:$B,0)),IFERROR(INDEX('Source 2025'!$C:$C,MATCH($A10,'Source 2025'!$B:$B,0)),"")) -> L (מתלה ליד )כיס | C10: =SUMIFS('Source 2025'!$K:$K,'Source 2025'!$B:$B,$A10,'Source 2025'!$A:$A,"Quantity (units)")+SUMIFS('Source 2025'!$O:$O,'Source 2025'!$B:$B,$A10,'Source 2025'!$A:$A,"Quantity (units)")+SUMIFS('Source 2025'!$R:$R,'Source 2025'!$B:$B,$A10,'Source 2025'!$A:$A,"Quantity (units)")+SUMIFS('Source 2025'!$P:$P,'Source 2025'!$B:$B,$A10,'Source 2025'!$A:$A,"Quantity (units)")+SUMIFS('Source 2025'!$J:$J,'Source 2025'!$B:$B,$A10,'Source 2025'!$A:$A,"Quantity (units)")+SUMIFS('Source 2025'!$L:$L,'Source 2025'!$B:$B,$A10,'Source 2025'!$A:$A,"Quantity (units)") -> 789 | D10: =SUMIFS('Source 2026'!$K:$K,'Source 2026'!$B:$B,$A10,'Source 2026'!$A:$A,"Quantity (units)")+SUMIFS('Source 2026'!$O:$O,'Source 2026'!$B:$B,$A10,'Source 2026'!$A:$A,"Quantity (units)")+SUMIFS('Source 2026'!$R:$R,'Source 2026'!$B:$B,$A10,'Source 2026'!$A:$A,"Quantity (units)")+SUMIFS('Source 2026'!$P:$P,'Source 2026'!$B:$B,$A10,'Source 2026'!$A:$A,"Quantity (units)")+SUMIFS('Source 2026'!$J:$J,'Source 2026'!$B:$B,$A10,'Source 2026'!$A:$A,"Quantity (units)")+SUMIFS('Source 2026'!$L:$L,'Source 2026'!$B:$B,$A10,'Source 2026'!$A:$A,"Quantity (units)") -> 512 | E10: =D10*$J$5 -> 646.73684 | F10: =E10-C10 -> -142.26316 | G10: =IF(AND(C10=0,E10=0),0,IF(C10=0,"New",(E10-C10)/C10)) -> -0.18030818 | H10: =SUMIFS('Source 2025'!$K:$K,'Source 2025'!$B:$B,$A10,'Source 2025'!$A:$A,"Amount (NIS)")+SUMIFS('Source 2025'!$O:$O,'Source 2025'!$B:$B,$A10,'Source 2025'!$A:$A,"Amount (NIS)")+SUMIFS('Source 2025'!$R:$R,'Source 2025'!$B:$B,$A10,'Source 2025'!$A:$A,"Amount (NIS)")+SUMIFS('Source 2025'!$P:$P,'Source 2025'!$B:$B,$A10,'Source 2025'!$A:$A,"Amount (NIS)")+SUMIFS('Source 2025'!$J:$J,'Source 2025'!$B:$B,$A10,'Source 2025'!$A:$A,"Amount (NIS)")+SUMIFS('Source 2025'!$L:$L,'Source 2025'!$B:$B,$A10,'Source 2025'!$A:$A,"Amount (NIS)") -> 41409.2 | I10: =SUMIFS('Source 2026'!$K:$K,'Source 2026'!$B:$B,$A10,'Source 2026'!$A:$A,"Amount (NIS)")+SUMIFS('Source 2026'!$O:$O,'Source 2026'!$B:$B,$A10,'Source 2026'!$A:$A,"Amount (NIS)")+SUMIFS('Source 2026'!$R:$R,'Source 2026'!$B:$B,$A10,'Source 2026'!$A:$A,"Amount (NIS)")+SUMIFS('Source 2026'!$P:$P,'Source 2026'!$B:$B,$A10,'Source 2026'!$A:$A,"Amount (NIS)")+SUMIFS('Source 2026'!$J:$J,'Source 2026'!$B:$B,$A10,'Source 2026'!$A:$A,"Amount (NIS)")+SUMIFS('Source 2026'!$L:$L,'Source 2026'!$B:$B,$A10,'Source 2026'!$A:$A,"Amount (NIS)") -> 26909.4 | J10: =I10*$J$5 -> 33990.821 | K10: =J10-H10 -> -7418.3789 | L10: =IF(AND(H10=0,J10=0),0,IF(H10=0,"New",(J10-H10)/H10)) -> -0.17914809
A11: 34 | B11: =IFERROR(INDEX('Source 2026'!$C:$C,MATCH($A11,'Source 2026'!$B:$B,0)),IFERROR(INDEX('Source 2025'!$C:$C,MATCH($A11,'Source 2025'!$B:$B,0)),"")) -> M מגן קרסול עקב סגור | C11: =SUMIFS('Source 2025'!$K:$K,'Source 2025'!$B:$B,$A11,'Source 2025'!$A:$A,"Quantity (units)")+SUMIFS('Source 2025'!$O:$O,'Source 2025'!$B:$B,$A11,'Source 2025'!$A:$A,"Quantity (units)")+SUMIFS('Source 2025'!$R:$R,'Source 2025'!$B:$B,$A11,'Source 2025'!$A:$A,"Quantity (units)")+SUMIFS('Source 2025'!$P:$P,'Source 2025'!$B:$B,$A11,'Source 2025'!$A:$A,"Quantity (units)")+SUMIFS('Source 2025'!$J:$J,'Source 2025'!$B:$B,$A11,'Source 2025'!$A:$A,"Quantity (units)")+SUMIFS('Source 2025'!$L:$L,'Source 2025'!$B:$B,$A11,'Source 2025'!$A:$A,"Quantity (units)") -> 689 | D11: =SUMIFS('Source 2026'!$K:$K,'Source 2026'!$B:$B,$A11,'Source 2026'!$A:$A,"Quantity (units)")+SUMIFS('Source 2026'!$O:$O,'Source 2026'!$B:$B,$A11,'Source 2026'!$A:$A,"Quantity (units)")+SUMIFS('Source 2026'!$R:$R,'Source 2026'!$B:$B,$A11,'Source 2026'!$A:$A,"Quantity (units)")+SUMIFS('Source 2026'!$P:$P,'Source 2026'!$B:$B,$A11,'Source 2026'!$A:$A,"Quantity (units)")+SUMIFS('Source 2026'!$J:$J,'Source 2026'!$B:$B,$A11,'Source 2026'!$A:$A,"Quantity (units)")+SUMIFS('Source 2026'!$L:$L,'Source 2026'!$B:$B,$A11,'Source 2026'!$A:$A,"Quantity (units)") -> 403 | E11: =D11*$J$5 -> 509.05263 | F11: =E11-C11 -> -179.94737 | G11: =IF(AND(C11=0,E11=0),0,IF(C11=0,"New",(E11-C11)/C11)) -> -0.2611718 | H11: =SUMIFS('Source 2025'!$K:$K,'Source 2025'!$B:$B,$A11,'Source 2025'!$A:$A,"Amount (NIS)")+SUMIFS('Source 2025'!$O:$O,'Source 2025'!$B:$B,$A11,'Source 2025'!$A:$A,"Amount (NIS)")+SUMIFS('Source 2025'!$R:$R,'Source 2025'!$B:$B,$A11,'Source 2025'!$A:$A,"Amount (NIS)")+SUMIFS('Source 2025'!$P:$P,'Source 2025'!$B:$B,$A11,'Source 2025'!$A:$A,"Amount (NIS)")+SUMIFS('Source 2025'!$J:$J,'Source 2025'!$B:$B,$A11,'Source 2025'!$A:$A,"Amount (NIS)")+SUMIFS('Source 2025'!$L:$L,'Source 2025'!$B:$B,$A11,'Source 2025'!$A:$A,"Amount (NIS)") -> 27916.1 | I11: =SUMIFS('Source 2026'!$K:$K,'Source 2026'!$B:$B,$A11,'Source 2026'!$A:$A,"Amount (NIS)")+SUMIFS('Source 2026'!$O:$O,'Source 2026'!$B:$B,$A11,'Source 2026'!$A:$A,"Amount (NIS)")+SUMIFS('Source 2026'!$R:$R,'Source 2026'!$B:$B,$A11,'Source 2026'!$A:$A,"Amount (NIS)")+SUMIFS('Source 2026'!$P:$P,'Source 2026'!$B:$B,$A11,'Source 2026'!$A:$A,"Amount (NIS)")+SUMIFS('Source 2026'!$J:$J,'Source 2026'!$B:$B,$A11,'Source 2026'!$A:$A,"Amount (NIS)")+SUMIFS('Source 2026'!$L:$L,'Source 2026'!$B:$B,$A11,'Source 2026'!$A:$A,"Amount (NIS)") -> 16353.2 | J11: =I11*$J$5 -> 20656.674 | K11: =J11-H11 -> -7259.4263 | L11: =IF(AND(H11=0,J11=0),0,IF(H11=0,"New",(J11-H11)/H11)) -> -0.26004443
A12: FC335 | B12: =IFERROR(INDEX('Source 2026'!$C:$C,MATCH($A12,'Source 2026'!$B:$B,0)),IFERROR(INDEX('Source 2025'!$C:$C,MATCH($A12,'Source 2025'!$B:$B,0)),"")) -> טלק מעושר באלוורה | C12: =SUMIFS('Source 2025'!$K:$K,'Source 2025'!$B:$B,$A12,'Source 2025'!$A:$A,"Quantity (units)")+SUMIFS('Source 2025'!$O:$O,'Source 2025'!$B:$B,$A12,'Source 2025'!$A:$A,"Quantity (units)")+SUMIFS('Source 2025'!$R:$R,'Source 2025'!$B:$B,$A12,'Source 2025'!$A:$A,"Quantity (units)")+SUMIFS('Source 2025'!$P:$P,'Source 2025'!$B:$B,$A12,'Source 2025'!$A:$A,"Quantity (units)")+SUMIFS('Source 2025'!$J:$J,'Source 2025'!$B:$B,$A12,'Source 2025'!$A:$A,"Quantity (units)")+SUMIFS('Source 2025'!$L:$L,'Source 2025'!$B:$B,$A12,'Source 2025'!$A:$A,"Quantity (units)") -> 1341 | D12: =SUMIFS('Source 2026'!$K:$K,'Source 2026'!$B:$B,$A12,'Source 2026'!$A:$A,"Quantity (units)")+SUMIFS('Source 2026'!$O:$O,'Source 2026'!$B:$B,$A12,'Source 2026'!$A:$A,"Quantity (units)")+SUMIFS('Source 2026'!$R:$R,'Source 2026'!$B:$B,$A12,'Source 2026'!$A:$A,"Quantity (units)")+SUMIFS('Source 2026'!$P:$P,'Source 2026'!$B:$B,$A12,'Source 2026'!$A:$A,"Quantity (units)")+SUMIFS('Source 2026'!$J:$J,'Source 2026'!$B:$B,$A12,'Source 2026'!$A:$A,"Quantity (units)")+SUMIFS('Source 2026'!$L:$L,'Source 2026'!$B:$B,$A12,'Source 2026'!$A:$A,"Quantity (units)") -> 735 | E12: =D12*$J$5 -> 928.42105 | F12: =E12-C12 -> -412.57895 | G12: =IF(AND(C12=0,E12=0),0,IF(C12=0,"New",(E12-C12)/C12)) -> -0.30766514 | H12: =SUMIFS('Source 2025'!$K:$K,'Source 2025'!$B:$B,$A12,'Source 2025'!$A:$A,"Amount (NIS)")+SUMIFS('Source 2025'!$O:$O,'Source 2025'!$B:$B,$A12,'Source 2025'!$A:$A,"Amount (NIS)")+SUMIFS('Source 2025'!$R:$R,'Source 2025'!$B:$B,$A12,'Source 2025'!$A:$A,"Amount (NIS)")+SUMIFS('Source 2025'!$P:$P,'Source 2025'!$B:$B,$A12,'Source 2025'!$A:$A,"Amount (NIS)")+SUMIFS('Source 2025'!$J:$J,'Source 2025'!$B:$B,$A12,'Source 2025'!$A:$A,"Amount (NIS)")+SUMIFS('Source 2025'!$L:$L,'Source 2025'!$B:$B,$A12,'Source 2025'!$A:$A,"Amount (NIS)") -> 23461.9 | I12: =SUMIFS('Source 2026'!$K:$K,'Source 2026'!$B:$B,$A12,'Source 2026'!$A:$A,"Amount (NIS)")+SUMIFS('Source 2026'!$O:$O,'Source 2026'!$B:$B,$A12,'Source 2026'!$A:$A,"Amount (NIS)")+SUMIFS('Source 2026'!$R:$R,'Source 2026'!$B:$B,$A12,'Source 2026'!$A:$A,"Amount (NIS)")+SUMIFS('Source 2026'!$P:$P,'Source 2026'!$B:$B,$A12,'Source 2026'!$A:$A,"Amount (NIS)")+SUMIFS('Source 2026'!$J:$J,'Source 2026'!$B:$B,$A12,'Source 2026'!$A:$A,"Amount (NIS)")+SUMIFS('Source 2026'!$L:$L,'Source 2026'!$B:$B,$A12,'Source 2026'!$A:$A,"Amount (NIS)") -> 12652.2 | J12: =I12*$J$5 -> 15981.726 | K12: =J12-H12 -> -7480.1737 | L12: =IF(AND(H12=0,J12=0),0,IF(H12=0,"New",(J12-H12)/H12)) -> -0.31882216
A13: 45C | B13: =IFERROR(INDEX('Source 2026'!$C:$C,MATCH($A13,'Source 2026'!$B:$B,0)),IFERROR(INDEX('Source 2025'!$C:$C,MATCH($A13,'Source 2025'!$B:$B,0)),"")) -> S מגן ברך חום | C13: =SUMIFS('Source 2025'!$K:$K,'Source 2025'!$B:$B,$A13,'Source 2025'!$A:$A,"Quantity (units)")+SUMIFS('Source 2025'!$O:$O,'Source 2025'!$B:$B,$A13,'Source 2025'!$A:$A,"Quantity (units)")+SUMIFS('Source 2025'!$R:$R,'Source 2025'!$B:$B,$A13,'Source 2025'!$A:$A,"Quantity (units)")+SUMIFS('Source 2025'!$P:$P,'Source 2025'!$B:$B,$A13,'Source 2025'!$A:$A,"Quantity (units)")+SUMIFS('Source 2025'!$J:$J,'Source 2025'!$B:$B,$A13,'Source 2025'!$A:$A,"Quantity (units)")+SUMIFS('Source 2025'!$L:$L,'Source 2025'!$B:$B,$A13,'Source 2025'!$A:$A,"Quantity (units)") -> 1033 | D13: =SUMIFS('Source 2026'!$K:$K,'Source 2026'!$B:$B,$A13,'Source 2026'!$A:$A,"Quantity (units)")+SUMIFS('Source 2026'!$O:$O,'Source 2026'!$B:$B,$A13,'Source 2026'!$A:$A,"Quantity (units)")+SUMIFS('Source 2026'!$R:$R,'Source 2026'!$B:$B,$A13,'Source 2026'!$A:$A,"Quantity (units)")+SUMIFS('Source 2026'!$P:$P,'Source 2026'!$B:$B,$A13,'Source 2026'!$A:$A,"Quantity (units)")+SUMIFS('Source 2026'!$J:$J,'Source 2026'!$B:$B,$A13,'Source 2026'!$A:$A,"Quantity (units)")+SUMIFS('Source 2026'!$L:$L,'Source 2026'!$B:$B,$A13,'Source 2026'!$A:$A,"Quantity (units)") -> 675 | E13: =D13*$J$5 -> 852.63158 | F13: =E13-C13 -> -180.36842 | G13: =IF(AND(C13=0,E13=0),0,IF(C13=0,"New",(E13-C13)/C13)) -> -0.17460641 | H13: =SUMIFS('Source 2025'!$K:$K,'Source 2025'!$B:$B,$A13,'Source 2025'!$A:$A,"Amount (NIS)")+SUMIFS('Source 2025'!$O:$O,'Source 2025'!$B:$B,$A13,'Source 2025'!$A:$A,"Amount (NIS)")+SUMIFS('Source 2025'!$R:$R,'Source 2025'!$B:$B,$A13,'Source 2025'!$A:$A,"Amount (NIS)")+SUMIFS('Source 2025'!$P:$P,'Source 2025'!$B:$B,$A13,'Source 2025'!$A:$A,"Amount (NIS)")+SUMIFS('Source 2025'!$J:$J,'Source 2025'!$B:$B,$A13,'Source 2025'!$A:$A,"Amount (NIS)")+SUMIFS('Source 2025'!$L:$L,'Source 2025'!$B:$B,$A13,'Source 2025'!$A:$A,"Amount (NIS)") -> 28739.4 | I13: =SUMIFS('Source 2026'!$K:$K,'Source 2026'!$B:$B,$A13,'Source 2026'!$A:$A,"Amount (NIS)")+SUMIFS('Source 2026'!$O:$O,'Source 2026'!$B:$B,$A13,'Source 2026'!$A:$A,"Amount (NIS)")+SUMIFS('Source 2026'!$R:$R,'Source 2026'!$B:$B,$A13,'Source 2026'!$A:$A,"Amount (NIS)")+SUMIFS('Source 2026'!$P:$P,'Source 2026'!$B:$B,$A13,'Source 2026'!$A:$A,"Amount (NIS)")+SUMIFS('Source 2026'!$J:$J,'Source 2026'!$B:$B,$A13,'Source 2026'!$A:$A,"Amount (NIS)")+SUMIFS('Source 2026'!$L:$L,'Source 2026'!$B:$B,$A13,'Source 2026'!$A:$A,"Amount (NIS)") -> 18761.8 | J13: =I13*$J$5 -> 23699.116 | K13: =J13-H13 -> -5040.2842 | L13: =IF(AND(H13=0,J13=0),0,IF(H13=0,"New",(J13-H13)/H13)) -> -0.17537889
A14: 35 | B14: =IFERROR(INDEX('Source 2026'!$C:$C,MATCH($A14,'Source 2026'!$B:$B,0)),IFERROR(INDEX('Source 2025'!$C:$C,MATCH($A14,'Source 2025'!$B:$B,0)),"")) -> S מגן קרסול לבן | C14: =SUMIFS('Source 2025'!$K:$K,'Source 2025'!$B:$B,$A14,'Source 2025'!$A:$A,"Quantity (units)")+SUMIFS('Source 2025'!$O:$O,'Source 2025'!$B:$B,$A14,'Source 2025'!$A:$A,"Quantity (units)")+SUMIFS('Source 2025'!$R:$R,'Source 2025'!$B:$B,$A14,'Source 2025'!$A:$A,"Quantity (units)")+SUMIFS('Source 2025'!$P:$P,'Source 2025'!$B:$B,$A14,'Source 2025'!$A:$A,"Quantity (units)")+SUMIFS('Source 2025'!$J:$J,'Source 2025'!$B:$B,$A14,'Source 2025'!$A:$A,"Quantity (units)")+SUMIFS('Source 2025'!$L:$L,'Source 2025'!$B:$B,$A14,'Source 2025'!$A:$A,"Quantity (units)") -> 900 | D14: =SUMIFS('Source 2026'!$K:$K,'Source 2026'!$B:$B,$A14,'Source 2026'!$A:$A,"Quantity (units)")+SUMIFS('Source 2026'!$O:$O,'Source 2026'!$B:$B,$A14,'Source 2026'!$A:$A,"Quantity (units)")+SUMIFS('Source 2026'!$R:$R,'Source 2026'!$B:$B,$A14,'Source 2026'!$A:$A,"Quantity (units)")+SUMIFS('Source 2026'!$P:$P,'Source 2026'!$B:$B,$A14,'Source 2026'!$A:$A,"Quantity (units)")+SUMIFS('Source 2026'!$J:$J,'Source 2026'!$B:$B,$A14,'Source 2026'!$A:$A,"Quantity (units)")+SUMIFS('Source 2026'!$L:$L,'Source 2026'!$B:$B,$A14,'Source 2026'!$A:$A,"Quantity (units)") -> 595 | E14: =D14*$J$5 -> 751.57895 | F14: =E14-C14 -> -148.42105 | G14: =IF(AND(C14=0,E14=0),0,IF(C14=0,"New",(E14-C14)/C14)) -> -0.16491228 | H14: =SUMIFS('Source 2025'!$K:$K,'Source 2025'!$B:$B,$A14,'Source 2025'!$A:$A,"Amount (NIS)")+SUMIFS('Source 2025'!$O:$O,'Source 2025'!$B:$B,$A14,'Source 2025'!$A:$A,"Amount (NIS)")+SUMIFS('Source 2025'!$R:$R,'Source 2025'!$B:$B,$A14,'Source 2025'!$A:$A,"Amount (NIS)")+SUMIFS('Source 2025'!$P:$P,'Source 2025'!$B:$B,$A14,'Source 2025'!$A:$A,"Amount (NIS)")+SUMIFS('Source 2025'!$J:$J,'Source 2025'!$B:$B,$A14,'Source 2025'!$A:$A,"Amount (NIS)")+SUMIFS('Source 2025'!$L:$L,'Source 2025'!$B:$B,$A14,'Source 2025'!$A:$A,"Amount (NIS)") -> 25005.6 | I14: =SUMIFS('Source 2026'!$K:$K,'Source 2026'!$B:$B,$A14,'Source 2026'!$A:$A,"Amount (NIS)")+SUMIFS('Source 2026'!$O:$O,'Source 2026'!$B:$B,$A14,'Source 2026'!$A:$A,"Amount (NIS)")+SUMIFS('Source 2026'!$R:$R,'Source 2026'!$B:$B,$A14,'Source 2026'!$A:$A,"Amount (NIS)")+SUMIFS('Source 2026'!$P:$P,'Source 2026'!$B:$B,$A14,'Source 2026'!$A:$A,"Amount (NIS)")+SUMIFS('Source 2026'!$J:$J,'Source 2026'!$B:$B,$A14,'Source 2026'!$A:$A,"Amount (NIS)")+SUMIFS('Source 2026'!$L:$L,'Source 2026'!$B:$B,$A14,'Source 2026'!$A:$A,"Amount (NIS)") -> 16530.8 | J14: =I14*$J$5 -> 20881.011 | K14: =J14-H14 -> -4124.5895 | L14: =IF(AND(H14=0,J14=0),0,IF(H14=0,"New",(J14-H14)/H14)) -> -0.16494663
A15: 45 | B15: =IFERROR(INDEX('Source 2026'!$C:$C,MATCH($A15,'Source 2026'!$B:$B,0)),IFERROR(INDEX('Source 2025'!$C:$C,MATCH($A15,'Source 2025'!$B:$B,0)),"")) -> L מגן ברך לבן | C15: =SUMIFS('Source 2025'!$K:$K,'Source 2025'!$B:$B,$A15,'Source 2025'!$A:$A,"Quantity (units)")+SUMIFS('Source 2025'!$O:$O,'Source 2025'!$B:$B,$A15,'Source 2025'!$A:$A,"Quantity (units)")+SUMIFS('Source 2025'!$R:$R,'Source 2025'!$B:$B,$A15,'Source 2025'!$A:$A,"Quantity (units)")+SUMIFS('Source 2025'!$P:$P,'Source 2025'!$B:$B,$A15,'Source 2025'!$A:$A,"Quantity (units)")+SUMIFS('Source 2025'!$J:$J,'Source 2025'!$B:$B,$A15,'Source 2025'!$A:$A,"Quantity (units)")+SUMIFS('Source 2025'!$L:$L,'Source 2025'!$B:$B,$A15,'Source 2025'!$A:$A,"Quantity (units)") -> 807 | D15: =SUMIFS('Source 2026'!$K:$K,'Source 2026'!$B:$B,$A15,'Source 2026'!$A:$A,"Quantity (units)")+SUMIFS('Source 2026'!$O:$O,'Source 2026'!$B:$B,$A15,'Source 2026'!$A:$A,"Quantity (units)")+SUMIFS('Source 2026'!$R:$R,'Source 2026'!$B:$B,$A15,'Source 2026'!$A:$A,"Quantity (units)")+SUMIFS('Source 2026'!$P:$P,'Source 2026'!$B:$B,$A15,'Source 2026'!$A:$A,"Quantity (units)")+SUMIFS('Source 2026'!$J:$J,'Source 2026'!$B:$B,$A15,'Source 2026'!$A:$A,"Quantity (units)")+SUMIFS('Source 2026'!$L:$L,'Source 2026'!$B:$B,$A15,'Source 2026'!$A:$A,"Quantity (units)") -> 519 | E15: =D15*$J$5 -> 655.57895 | F15: =E15-C15 -> -151.42105 | G15: =IF(AND(C15=0,E15=0),0,IF(C15=0,"New",(E15-C15)/C15)) -> -0.18763451 | H15: =SUMIFS('Source 2025'!$K:$K,'Source 2025'!$B:$B,$A15,'Source 2025'!$A:$A,"Amount (NIS)")+SUMIFS('Source 2025'!$O:$O,'Source 2025'!$B:$B,$A15,'Source 2025'!$A:$A,"Amount (NIS)")+SUMIFS('Source 2025'!$R:$R,'Source 2025'!$B:$B,$A15,'Source 2025'!$A:$A,"Amount (NIS)")+SUMIFS('Source 2025'!$P:$P,'Source 2025'!$B:$B,$A15,'Source 2025'!$A:$A,"Amount (NIS)")+SUMIFS('Source 2025'!$J:$J,'Source 2025'!$B:$B,$A15,'Source 2025'!$A:$A,"Amount (NIS)")+SUMIFS('Source 2025'!$L:$L,'Source 2025'!$B:$B,$A15,'Source 2025'!$A:$A,"Amount (NIS)") -> 22439.8 | I15: =SUMIFS('Source 2026'!$K:$K,'Source 2026'!$B:$B,$A15,'Source 2026'!$A:$A,"Amount (NIS)")+SUMIFS('Source 2026'!$O:$O,'Source 2026'!$B:$B,$A15,'Source 2026'!$A:$A,"Amount (NIS)")+SUMIFS('Source 2026'!$R:$R,'Source 2026'!$B:$B,$A15,'Source 2026'!$A:$A,"Amount (NIS)")+SUMIFS('Source 2026'!$P:$P,'Source 2026'!$B:$B,$A15,'Source 2026'!$A:$A,"Amount (NIS)")+SUMIFS('Source 2026'!$J:$J,'Source 2026'!$B:$B,$A15,'Source 2026'!$A:$A,"Amount (NIS)")+SUMIFS('Source 2026'!$L:$L,'Source 2026'!$B:$B,$A15,'Source 2026'!$A:$A,"Amount (NIS)") -> 14437.2 | J15: =I15*$J$5 -> 18236.463 | K15: =J15-H15 -> -4203.3368 | L15: =IF(AND(H15=0,J15=0),0,IF(H15=0,"New",(J15-H15)/H15)) -> -0.18731615
A16: 21 | B16: =IFERROR(INDEX('Source 2026'!$C:$C,MATCH($A16,'Source 2026'!$B:$B,0)),IFERROR(INDEX('Source 2025'!$C:$C,MATCH($A16,'Source 2025'!$B:$B,0)),"")) -> S חבק יד ארוך | C16: =SUMIFS('Source 2025'!$K:$K,'Source 2025'!$B:$B,$A16,'Source 2025'!$A:$A,"Quantity (units)")+SUMIFS('Source 2025'!$O:$O,'Source 2025'!$B:$B,$A16,'Source 2025'!$A:$A,"Quantity (units)")+SUMIFS('Source 2025'!$R:$R,'Source 2025'!$B:$B,$A16,'Source 2025'!$A:$A,"Quantity (units)")+SUMIFS('Source 2025'!$P:$P,'Source 2025'!$B:$B,$A16,'Source 2025'!$A:$A,"Quantity (units)")+SUMIFS('Source 2025'!$J:$J,'Source 2025'!$B:$B,$A16,'Source 2025'!$A:$A,"Quantity (units)")+SUMIFS('Source 2025'!$L:$L,'Source 2025'!$B:$B,$A16,'Source 2025'!$A:$A,"Quantity (units)") -> 757 | D16: =SUMIFS('Source 2026'!$K:$K,'Source 2026'!$B:$B,$A16,'Source 2026'!$A:$A,"Quantity (units)")+SUMIFS('Source 2026'!$O:$O,'Source 2026'!$B:$B,$A16,'Source 2026'!$A:$A,"Quantity (units)")+SUMIFS('Source 2026'!$R:$R,'Source 2026'!$B:$B,$A16,'Source 2026'!$A:$A,"Quantity (units)")+SUMIFS('Source 2026'!$P:$P,'Source 2026'!$B:$B,$A16,'Source 2026'!$A:$A,"Quantity (units)")+SUMIFS('Source 2026'!$J:$J,'Source 2026'!$B:$B,$A16,'Source 2026'!$A:$A,"Quantity (units)")+SUMIFS('Source 2026'!$L:$L,'Source 2026'!$B:$B,$A16,'Source 2026'!$A:$A,"Quantity (units)") -> 535 | E16: =D16*$J$5 -> 675.78947 | F16: =E16-C16 -> -81.210526 | G16: =IF(AND(C16=0,E16=0),0,IF(C16=0,"New",(E16-C16)/C16)) -> -0.10727943 | H16: =SUMIFS('Source 2025'!$K:$K,'Source 2025'!$B:$B,$A16,'Source 2025'!$A:$A,"Amount (NIS)")+SUMIFS('Source 2025'!$O:$O,'Source 2025'!$B:$B,$A16,'Source 2025'!$A:$A,"Amount (NIS)")+SUMIFS('Source 2025'!$R:$R,'Source 2025'!$B:$B,$A16,'Source 2025'!$A:$A,"Amount (NIS)")+SUMIFS('Source 2025'!$P:$P,'Source 2025'!$B:$B,$A16,'Source 2025'!$A:$A,"Amount (NIS)")+SUMIFS('Source 2025'!$J:$J,'Source 2025'!$B:$B,$A16,'Source 2025'!$A:$A,"Amount (NIS)")+SUMIFS('Source 2025'!$L:$L,'Source 2025'!$B:$B,$A16,'Source 2025'!$A:$A,"Amount (NIS)") -> 26712.1 | I16: =SUMIFS('Source 2026'!$K:$K,'Source 2026'!$B:$B,$A16,'Source 2026'!$A:$A,"Amount (NIS)")+SUMIFS('Source 2026'!$O:$O,'Source 2026'!$B:$B,$A16,'Source 2026'!$A:$A,"Amount (NIS)")+SUMIFS('Source 2026'!$R:$R,'Source 2026'!$B:$B,$A16,'Source 2026'!$A:$A,"Amount (NIS)")+SUMIFS('Source 2026'!$P:$P,'Source 2026'!$B:$B,$A16,'Source 2026'!$A:$A,"Amount (NIS)")+SUMIFS('Source 2026'!$J:$J,'Source 2026'!$B:$B,$A16,'Source 2026'!$A:$A,"Amount (NIS)")+SUMIFS('Source 2026'!$L:$L,'Source 2026'!$B:$B,$A16,'Source 2026'!$A:$A,"Amount (NIS)") -> 18874.1 | J16: =I16*$J$5 -> 23840.968 | K16: =J16-H16 -> -2871.1316 | L16: =IF(AND(H16=0,J16=0),0,IF(H16=0,"New",(J16-H16)/H16)) -> -0.10748431
A17: 11TO | B17: =IFERROR(INDEX('Source 2026'!$C:$C,MATCH($A17,'Source 2026'!$B:$B,0)),IFERROR(INDEX('Source 2025'!$C:$C,MATCH($A17,'Source 2025'!$B:$B,0)),"")) -> S חגורה למנותחי בית החזה | C17: =SUMIFS('Source 2025'!$K:$K,'Source 2025'!$B:$B,$A17,'Source 2025'!$A:$A,"Quantity (units)")+SUMIFS('Source 2025'!$O:$O,'Source 2025'!$B:$B,$A17,'Source 2025'!$A:$A,"Quantity (units)")+SUMIFS('Source 2025'!$R:$R,'Source 2025'!$B:$B,$A17,'Source 2025'!$A:$A,"Quantity (units)")+SUMIFS('Source 2025'!$P:$P,'Source 2025'!$B:$B,$A17,'Source 2025'!$A:$A,"Quantity (units)")+SUMIFS('Source 2025'!$J:$J,'Source 2025'!$B:$B,$A17,'Source 2025'!$A:$A,"Quantity (units)")+SUMIFS('Source 2025'!$L:$L,'Source 2025'!$B:$B,$A17,'Source 2025'!$A:$A,"Quantity (units)") -> 184 | D17: =SUMIFS('Source 2026'!$K:$K,'Source 2026'!$B:$B,$A17,'Source 2026'!$A:$A,"Quantity (units)")+SUMIFS('Source 2026'!$O:$O,'Source 2026'!$B:$B,$A17,'Source 2026'!$A:$A,"Quantity (units)")+SUMIFS('Source 2026'!$R:$R,'Source 2026'!$B:$B,$A17,'Source 2026'!$A:$A,"Quantity (units)")+SUMIFS('Source 2026'!$P:$P,'Source 2026'!$B:$B,$A17,'Source 2026'!$A:$A,"Quantity (units)")+SUMIFS('Source 2026'!$J:$J,'Source 2026'!$B:$B,$A17,'Source 2026'!$A:$A,"Quantity (units)")+SUMIFS('Source 2026'!$L:$L,'Source 2026'!$B:$B,$A17,'Source 2026'!$A:$A,"Quantity (units)") -> 230 | E17: =D17*$J$5 -> 290.52632 | F17: =E17-C17 -> 106.52632 | G17: =IF(AND(C17=0,E17=0),0,IF(C17=0,"New",(E17-C17)/C17)) -> 0.57894737 | H17: =SUMIFS('Source 2025'!$K:$K,'Source 2025'!$B:$B,$A17,'Source 2025'!$A:$A,"Amount (NIS)")+SUMIFS('Source 2025'!$O:$O,'Source 2025'!$B:$B,$A17,'Source 2025'!$A:$A,"Amount (NIS)")+SUMIFS('Source 2025'!$R:$R,'Source 2025'!$B:$B,$A17,'Source 2025'!$A:$A,"Amount (NIS)")+SUMIFS('Source 2025'!$P:$P,'Source 2025'!$B:$B,$A17,'Source 2025'!$A:$A,"Amount (NIS)")+SUMIFS('Source 2025'!$J:$J,'Source 2025'!$B:$B,$A17,'Source 2025'!$A:$A,"Amount (NIS)")+SUMIFS('Source 2025'!$L:$L,'Source 2025'!$B:$B,$A17,'Source 2025'!$A:$A,"Amount (NIS)") -> 26283.9 | I17: =SUMIFS('Source 2026'!$K:$K,'Source 2026'!$B:$B,$A17,'Source 2026'!$A:$A,"Amount (NIS)")+SUMIFS('Source 2026'!$O:$O,'Source 2026'!$B:$B,$A17,'Source 2026'!$A:$A,"Amount (NIS)")+SUMIFS('Source 2026'!$R:$R,'Source 2026'!$B:$B,$A17,'Source 2026'!$A:$A,"Amount (NIS)")+SUMIFS('Source 2026'!$P:$P,'Source 2026'!$B:$B,$A17,'Source 2026'!$A:$A,"Amount (NIS)")+SUMIFS('Source 2026'!$J:$J,'Source 2026'!$B:$B,$A17,'Source 2026'!$A:$A,"Amount (NIS)")+SUMIFS('Source 2026'!$L:$L,'Source 2026'!$B:$B,$A17,'Source 2026'!$A:$A,"Amount (NIS)") -> 33479 | J17: =I17*$J$5 -> 42289.263 | K17: =J17-H17 -> 16005.363 | L17: =IF(AND(H17=0,J17=0),0,IF(H17=0,"New",(J17-H17)/H17)) -> 0.60894172
A18: 45E | B18: =IFERROR(INDEX('Source 2026'!$C:$C,MATCH($A18,'Source 2026'!$B:$B,0)),IFERROR(INDEX('Source 2025'!$C:$C,MATCH($A18,'Source 2025'!$B:$B,0)),"")) -> Sמגן ברך ארוך לבן | C18: =SUMIFS('Source 2025'!$K:$K,'Source 2025'!$B:$B,$A18,'Source 2025'!$A:$A,"Quantity (units)")+SUMIFS('Source 2025'!$O:$O,'Source 2025'!$B:$B,$A18,'Source 2025'!$A:$A,"Quantity (units)")+SUMIFS('Source 2025'!$R:$R,'Source 2025'!$B:$B,$A18,'Source 2025'!$A:$A,"Quantity (units)")+SUMIFS('Source 2025'!$P:$P,'Source 2025'!$B:$B,$A18,'Source 2025'!$A:$A,"Quantity (units)")+SUMIFS('Source 2025'!$J:$J,'Source 2025'!$B:$B,$A18,'Source 2025'!$A:$A,"Quantity (units)")+SUMIFS('Source 2025'!$L:$L,'Source 2025'!$B:$B,$A18,'Source 2025'!$A:$A,"Quantity (units)") -> 853 | D18: =SUMIFS('Source 2026'!$K:$K,'Source 2026'!$B:$B,$A18,'Source 2026'!$A:$A,"Quantity (units)")+SUMIFS('Source 2026'!$O:$O,'Source 2026'!$B:$B,$A18,'Source 2026'!$A:$A,"Quantity (units)")+SUMIFS('Source 2026'!$R:$R,'Source 2026'!$B:$B,$A18,'Source 2026'!$A:$A,"Quantity (units)")+SUMIFS('Source 2026'!$P:$P,'Source 2026'!$B:$B,$A18,'Source 2026'!$A:$A,"Quantity (units)")+SUMIFS('Source 2026'!$J:$J,'Source 2026'!$B:$B,$A18,'Source 2026'!$A:$A,"Quantity (units)")+SUMIFS('Source 2026'!$L:$L,'Source 2026'!$B:$B,$A18,'Source 2026'!$A:$A,"Quantity (units)") -> 649 | E18: =D18*$J$5 -> 819.78947 | F18: =E18-C18 -> -33.210526 | G18: =IF(AND(C18=0,E18=0),0,IF(C18=0,"New",(E18-C18)/C18)) -> -0.038933794 | H18: =SUMIFS('Source 2025'!$K:$K,'Source 2025'!$B:$B,$A18,'Source 2025'!$A:$A,"Amount (NIS)")+SUMIFS('Source 2025'!$O:$O,'Source 2025'!$B:$B,$A18,'Source 2025'!$A:$A,"Amount (NIS)")+SUMIFS('Source 2025'!$R:$R,'Source 2025'!$B:$B,$A18,'Source 2025'!$A:$A,"Amount (NIS)")+SUMIFS('Source 2025'!$P:$P,'Source 2025'!$B:$B,$A18,'Source 2025'!$A:$A,"Amount (NIS)")+SUMIFS('Source 2025'!$J:$J,'Source 2025'!$B:$B,$A18,'Source 2025'!$A:$A,"Amount (NIS)")+SUMIFS('Source 2025'!$L:$L,'Source 2025'!$B:$B,$A18,'Source 2025'!$A:$A,"Amount (NIS)") -> 28635.9 | I18: =SUMIFS('Source 2026'!$K:$K,'Source 2026'!$B:$B,$A18,'Source 2026'!$A:$A,"Amount (NIS)")+SUMIFS('Source 2026'!$O:$O,'Source 2026'!$B:$B,$A18,'Source 2026'!$A:$A,"Amount (NIS)")+SUMIFS('Source 2026'!$R:$R,'Source 2026'!$B:$B,$A18,'Source 2026'!$A:$A,"Amount (NIS)")+SUMIFS('Source 2026'!$P:$P,'Source 2026'!$B:$B,$A18,'Source 2026'!$A:$A,"Amount (NIS)")+SUMIFS('Source 2026'!$J:$J,'Source 2026'!$B:$B,$A18,'Source 2026'!$A:$A,"Amount (NIS)")+SUMIFS('Source 2026'!$L:$L,'Source 2026'!$B:$B,$A18,'Source 2026'!$A:$A,"Amount (NIS)") -> 21758.8 | J18: =I18*$J$5 -> 27484.8 | K18: =J18-H18 -> -1151.1 | L18: =IF(AND(H18=0,J18=0),0,IF(H18=0,"New",(J18-H18)/H18)) -> -0.040197794
A19: SC422 | B19: =IFERROR(INDEX('Source 2026'!$C:$C,MATCH($A19,'Source 2026'!$B:$B,0)),IFERROR(INDEX('Source 2025'!$C:$C,MATCH($A19,'Source 2025'!$B:$B,0)),"")) -> S מגן ברך | C19: =SUMIFS('Source 2025'!$K:$K,'Source 2025'!$B:$B,$A19,'Source 2025'!$A:$A,"Quantity (units)")+SUMIFS('Source 2025'!$O:$O,'Source 2025'!$B:$B,$A19,'Source 2025'!$A:$A,"Quantity (units)")+SUMIFS('Source 2025'!$R:$R,'Source 2025'!$B:$B,$A19,'Source 2025'!$A:$A,"Quantity (units)")+SUMIFS('Source 2025'!$P:$P,'Source 2025'!$B:$B,$A19,'Source 2025'!$A:$A,"Quantity (units)")+SUMIFS('Source 2025'!$J:$J,'Source 2025'!$B:$B,$A19,'Source 2025'!$A:$A,"Quantity (units)")+SUMIFS('Source 2025'!$L:$L,'Source 2025'!$B:$B,$A19,'Source 2025'!$A:$A,"Quantity (units)") -> 14 | D19: =SUMIFS('Source 2026'!$K:$K,'Source 2026'!$B:$B,$A19,'Source 2026'!$A:$A,"Quantity (units)")+SUMIFS('Source 2026'!$O:$O,'Source 2026'!$B:$B,$A19,'Source 2026'!$A:$A,"Quantity (units)")+SUMIFS('Source 2026'!$R:$R,'Source 2026'!$B:$B,$A19,'Source 2026'!$A:$A,"Quantity (units)")+SUMIFS('Source 2026'!$P:$P,'Source 2026'!$B:$B,$A19,'Source 2026'!$A:$A,"Quantity (units)")+SUMIFS('Source 2026'!$J:$J,'Source 2026'!$B:$B,$A19,'Source 2026'!$A:$A,"Quantity (units)")+SUMIFS('Source 2026'!$L:$L,'Source 2026'!$B:$B,$A19,'Source 2026'!$A:$A,"Quantity (units)") -> 55 | E19: =D19*$J$5 -> 69.473684 | F19: =E19-C19 -> 55.473684 | G19: =IF(AND(C19=0,E19=0),0,IF(C19=0,"New",(E19-C19)/C19)) -> 3.962406 | H19: =SUMIFS('Source 2025'!$K:$K,'Source 2025'!$B:$B,$A19,'Source 2025'!$A:$A,"Amount (NIS)")+SUMIFS('Source 2025'!$O:$O,'Source 2025'!$B:$B,$A19,'Source 2025'!$A:$A,"Amount (NIS)")+SUMIFS('Source 2025'!$R:$R,'Source 2025'!$B:$B,$A19,'Source 2025'!$A:$A,"Amount (NIS)")+SUMIFS('Source 2025'!$P:$P,'Source 2025'!$B:$B,$A19,'Source 2025'!$A:$A,"Amount (NIS)")+SUMIFS('Source 2025'!$J:$J,'Source 2025'!$B:$B,$A19,'Source 2025'!$A:$A,"Amount (NIS)")+SUMIFS('Source 2025'!$L:$L,'Source 2025'!$B:$B,$A19,'Source 2025'!$A:$A,"Amount (NIS)") -> 1571.7 | I19: =SUMIFS('Source 2026'!$K:$K,'Source 2026'!$B:$B,$A19,'Source 2026'!$A:$A,"Amount (NIS)")+SUMIFS('Source 2026'!$O:$O,'Source 2026'!$B:$B,$A19,'Source 2026'!$A:$A,"Amount (NIS)")+SUMIFS('Source 2026'!$R:$R,'Source 2026'!$B:$B,$A19,'Source 2026'!$A:$A,"Amount (NIS)")+SUMIFS('Source 2026'!$P:$P,'Source 2026'!$B:$B,$A19,'Source 2026'!$A:$A,"Amount (NIS)")+SUMIFS('Source 2026'!$J:$J,'Source 2026'!$B:$B,$A19,'Source 2026'!$A:$A,"Amount (NIS)")+SUMIFS('Source 2026'!$L:$L,'Source 2026'!$B:$B,$A19,'Source 2026'!$A:$A,"Amount (NIS)") -> 7466.9 | J19: =I19*$J$5 -> 9431.8737 | K19: =J19-H19 -> 7860.1737 | L19: =IF(AND(H19=0,J19=0),0,IF(H19=0,"New",(J19-H19)/H19)) -> 5.0010649
A20: 806CB-BEIGE | B20: =IFERROR(INDEX('Source 2026'!$C:$C,MATCH($A20,'Source 2026'!$B:$B,0)),IFERROR(INDEX('Source 2025'!$C:$C,MATCH($A20,'Source 2025'!$B:$B,0)),"")) -> תחבושת א.נצמ | C20: =SUMIFS('Source 2025'!$K:$K,'Source 2025'!$B:$B,$A20,'Source 2025'!$A:$A,"Quantity (units)")+SUMIFS('Source 2025'!$O:$O,'Source 2025'!$B:$B,$A20,'Source 2025'!$A:$A,"Quantity (units)")+SUMIFS('Source 2025'!$R:$R,'Source 2025'!$B:$B,$A20,'Source 2025'!$A:$A,"Quantity (units)")+SUMIFS('Source 2025'!$P:$P,'Source 2025'!$B:$B,$A20,'Source 2025'!$A:$A,"Quantity (units)")+SUMIFS('Source 2025'!$J:$J,'Source 2025'!$B:$B,$A20,'Source 2025'!$A:$A,"Quantity (units)")+SUMIFS('Source 2025'!$L:$L,'Source 2025'!$B:$B,$A20,'Source 2025'!$A:$A,"Quantity (units)") -> 797 | D20: =SUMIFS('Source 2026'!$K:$K,'Source 2026'!$B:$B,$A20,'Source 2026'!$A:$A,"Quantity (units)")+SUMIFS('Source 2026'!$O:$O,'Source 2026'!$B:$B,$A20,'Source 2026'!$A:$A,"Quantity (units)")+SUMIFS('Source 2026'!$R:$R,'Source 2026'!$B:$B,$A20,'Source 2026'!$A:$A,"Quantity (units)")+SUMIFS('Source 2026'!$P:$P,'Source 2026'!$B:$B,$A20,'Source 2026'!$A:$A,"Quantity (units)")+SUMIFS('Source 2026'!$J:$J,'Source 2026'!$B:$B,$A20,'Source 2026'!$A:$A,"Quantity (units)")+SUMIFS('Source 2026'!$L:$L,'Source 2026'!$B:$B,$A20,'Source 2026'!$A:$A,"Quantity (units)") -> 283 | E20: =D20*$J$5 -> 357.47368 | F20: =E20-C20 -> -439.52632 | G20: =IF(AND(C20=0,E20=0),0,IF(C20=0,"New",(E20-C20)/C20)) -> -0.55147593 | H20: =SUMIFS('Source 2025'!$K:$K,'Source 2025'!$B:$B,$A20,'Source 2025'!$A:$A,"Amount (NIS)")+SUMIFS('Source 2025'!$O:$O,'Source 2025'!$B:$B,$A20,'Source 2025'!$A:$A,"Amount (NIS)")+SUMIFS('Source 2025'!$R:$R,'Source 2025'!$B:$B,$A20,'Source 2025'!$A:$A,"Amount (NIS)")+SUMIFS('Source 2025'!$P:$P,'Source 2025'!$B:$B,$A20,'Source 2025'!$A:$A,"Amount (NIS)")+SUMIFS('Source 2025'!$J:$J,'Source 2025'!$B:$B,$A20,'Source 2025'!$A:$A,"Amount (NIS)")+SUMIFS('Source 2025'!$L:$L,'Source 2025'!$B:$B,$A20,'Source 2025'!$A:$A,"Amount (NIS)") -> 8758.2 | I20: =SUMIFS('Source 2026'!$K:$K,'Source 2026'!$B:$B,$A20,'Source 2026'!$A:$A,"Amount (NIS)")+SUMIFS('Source 2026'!$O:$O,'Source 2026'!$B:$B,$A20,'Source 2026'!$A:$A,"Amount (NIS)")+SUMIFS('Source 2026'!$R:$R,'Source 2026'!$B:$B,$A20,'Source 2026'!$A:$A,"Amount (NIS)")+SUMIFS('Source 2026'!$P:$P,'Source 2026'!$B:$B,$A20,'Source 2026'!$A:$A,"Amount (NIS)")+SUMIFS('Source 2026'!$J:$J,'Source 2026'!$B:$B,$A20,'Source 2026'!$A:$A,"Amount (NIS)")+SUMIFS('Source 2026'!$L:$L,'Source 2026'!$B:$B,$A20,'Source 2026'!$A:$A,"Amount (NIS)") -> 3107.3 | J20: =I20*$J$5 -> 3925.0105 | K20: =J20-H20 -> -4833.1895 | L20: =IF(AND(H20=0,J20=0),0,IF(H20=0,"New",(J20-H20)/H20)) -> -0.55184735
... A171: 078C | B171: =IFERROR(INDEX('Source 2026'!$C:$C,MATCH($A171,'Source 2026'!$B:$B,0)),IFERROR(INDEX('Source 2025'!$C:$C,MATCH($A171,'Source 2025'!$B:$B,0)),"")) -> M'חגורת גב+סגירה כפו בז | C171: =SUMIFS('Source 2025'!$K:$K,'Source 2025'!$B:$B,$A171,'Source 2025'!$A:$A,"Quantity (units)")+SUMIFS('Source 2025'!$O:$O,'Source 2025'!$B:$B,$A171,'Source 2025'!$A:$A,"Quantity (units)")+SUMIFS('Source 2025'!$R:$R,'Source 2025'!$B:$B,$A171,'Source 2025'!$A:$A,"Quantity (units)")+SUMIFS('Source 2025'!$P:$P,'Source 2025'!$B:$B,$A171,'Source 2025'!$A:$A,"Quantity (units)")+SUMIFS('Source 2025'!$J:$J,'Source 2025'!$B:$B,$A171,'Source 2025'!$A:$A,"Quantity (units)")+SUMIFS('Source 2025'!$L:$L,'Source 2025'!$B:$B,$A171,'Source 2025'!$A:$A,"Quantity (units)") -> -5 | D171: =SUMIFS('Source 2026'!$K:$K,'Source 2026'!$B:$B,$A171,'Source 2026'!$A:$A,"Quantity (units)")+SUMIFS('Source 2026'!$O:$O,'Source 2026'!$B:$B,$A171,'Source 2026'!$A:$A,"Quantity (units)")+SUMIFS('Source 2026'!$R:$R,'Source 2026'!$B:$B,$A171,'Source 2026'!$A:$A,"Quantity (units)")+SUMIFS('Source 2026'!$P:$P,'Source 2026'!$B:$B,$A171,'Source 2026'!$A:$A,"Quantity (units)")+SUMIFS('Source 2026'!$J:$J,'Source 2026'!$B:$B,$A171,'Source 2026'!$A:$A,"Quantity (units)")+SUMIFS('Source 2026'!$L:$L,'Source 2026'!$B:$B,$A171,'Source 2026'!$A:$A,"Quantity (units)") -> -5 | E171: =D171*$J$5 -> -6.3157895 | F171: =E171-C171 -> -1.3157895 | G171: =IF(AND(C171=0,E171=0),0,IF(C171=0,"New",(E171-C171)/C171)) -> 0.26315789 | H171: =SUMIFS('Source 2025'!$K:$K,'Source 2025'!$B:$B,$A171,'Source 2025'!$A:$A,"Amount (NIS)")+SUMIFS('Source 2025'!$O:$O,'Source 2025'!$B:$B,$A171,'Source 2025'!$A:$A,"Amount (NIS)")+SUMIFS('Source 2025'!$R:$R,'Source 2025'!$B:$B,$A171,'Source 2025'!$A:$A,"Amount (NIS)")+SUMIFS('Source 2025'!$P:$P,'Source 2025'!$B:$B,$A171,'Source 2025'!$A:$A,"Amount (NIS)")+SUMIFS('Source 2025'!$J:$J,'Source 2025'!$B:$B,$A171,'Source 2025'!$A:$A,"Amount (NIS)")+SUMIFS('Source 2025'!$L:$L,'Source 2025'!$B:$B,$A171,'Source 2025'!$A:$A,"Amount (NIS)") -> -496.1 | I171: =SUMIFS('Source 2026'!$K:$K,'Source 2026'!$B:$B,$A171,'Source 2026'!$A:$A,"Amount (NIS)")+SUMIFS('Source 2026'!$O:$O,'Source 2026'!$B:$B,$A171,'Source 2026'!$A:$A,"Amount (NIS)")+SUMIFS('Source 2026'!$R:$R,'Source 2026'!$B:$B,$A171,'Source 2026'!$A:$A,"Amount (NIS)")+SUMIFS('Source 2026'!$P:$P,'Source 2026'!$B:$B,$A171,'Source 2026'!$A:$A,"Amount (NIS)")+SUMIFS('Source 2026'!$J:$J,'Source 2026'!$B:$B,$A171,'Source 2026'!$A:$A,"Amount (NIS)")+SUMIFS('Source 2026'!$L:$L,'Source 2026'!$B:$B,$A171,'Source 2026'!$A:$A,"Amount (NIS)") -> -496.1 | J171: =I171*$J$5 -> -626.65263 | K171: =J171-H171 -> -130.55263 | L171: =IF(AND(H171=0,J171=0),0,IF(H171=0,"New",(J171-H171)/H171)) -> 0.26315789
B173: TOTAL | C173: =SUM(C9:C171) -> 27268 | D173: =SUM(D9:D171) -> 19109 | E173: =SUM(E9:E171) -> 24137.684 | F173: =SUM(F9:F171) -> -3130.3158 | G173: =IF(C173=0,"N/A",F173/C173) -> -0.11479814 | H173: =SUM(H9:H171) -> 889501.1 | I173: =SUM(I9:I171) -> 676265.8 | J173: =SUM(J9:J171) -> 854230.48 | K173: =SUM(K9:K171) -> -35270.616 | L173: =IF(H173=0,"N/A",K173/H173) -> -0.039652133

Sheet סופר פארם
A1: Sales Comparison 2025 vs 2026 (Annualized) - Group: סופר פארם (by Product CODE)
A2: Calculation date: | B2: 46284
A3: Source: PPlay1 of uriel (Reporter) product x customer pivot reports for 2025 and 2026. Grouping follows the daily report "Pplay1" sheet legend (customer # 4/7/1/8) plus 5 categories confirmed by the user on 19/09/2026 that had no exact-name match in the legend. Group "סופר פארם" = sum of raw customer column(s): סופרפארם (column(s) Q in 'Source 2025'/'Source 2026'). Each file has two data blocks: "נטו" (Net Amount, NIS) and "סהכ יחידות" (Total Units). Product CODE parsed as the first token of column B in the original file; size/color variants sharing the same base CODE are summed via SUMIFS. Rows below only include product codes with non-zero quantity or amount for this group in at least one of the two years (comparing 2025 actual to 2026 actual, before annualization). Full build (annualization + DROP/NEW + whole-number display) rolled out to all 5 groups on 19/09/2026 - see rows 4-6 for methodology.
A4: Annualization note: 2026 actual data covers approximately 9.5 months (1 Jan - 15 Sep 2026). To make 2026 comparable to a full year, it is scaled up by a simple linear factor = 12 / 9.5 (≈ 1.263158). This is a straight-line extrapolation and does NOT account for seasonality (e.g. holiday-heavy months) - treat as an estimate, not an exact forecast. | I4: Months in full year: | J4: 12 | K4: Months covered by 2026 actual (1/1–15/9): | L4: 9.5
A5: # DROP (sold 2025, 0 in 2026): | B5: =SUMPRODUCT(--((($C$9:$C$227<>0)+($H$9:$H$227<>0)>0)*(($D$9:$D$227=0)*($I$9:$I$227=0)))) -> 23 | C5: # NEW (sold 2026, 0 in 2025): | D5: =SUMPRODUCT(--((($D$9:$D$227<>0)+($I$9:$I$227<>0)>0)*(($C$9:$C$227=0)*($H$9:$H$227=0)))) -> 23 | I5: Normalization factor (J4/L4): | J5: =J4/L4 -> 1.2631579
A6: DROP — Quantity 2025: | B6: =SUMPRODUCT(--((($C$9:$C$227<>0)+($H$9:$H$227<>0)>0)*(($D$9:$D$227=0)*($I$9:$I$227=0)))*$C$9:$C$227) -> -44 | C6: DROP — Amount 2025 (₪): | D6: =SUMPRODUCT(--((($C$9:$C$227<>0)+($H$9:$H$227<>0)>0)*(($D$9:$D$227=0)*($I$9:$I$227=0)))*$H$9:$H$227) -> -4091.7 | E6: NEW — Quantity 2026: | F6: =SUMPRODUCT(--((($D$9:$D$227<>0)+($I$9:$I$227<>0)>0)*(($C$9:$C$227=0)*($H$9:$H$227=0)))*$D$9:$D$227) -> 1952 | G6: NEW — Amount 2026 (₪): | H6: =SUMPRODUCT(--((($D$9:$D$227<>0)+($I$9:$I$227<>0)>0)*(($C$9:$C$227=0)*($H$9:$H$227=0)))*$I$9:$I$227) -> 147652.2
A8: Product Code | B8: Product Name | C8: Quantity 2025 | D8: Quantity 2026 (Actual, partial year) | E8: Quantity 2026 (Annualized) | F8: Quantity Change (Annualized vs 2025) | G8: Quantity Change % (Annualized vs 2025) | H8: Amount 2025 (₪) | I8: Amount 2026 (Actual, partial year) (₪) | J8: Amount 2026 (Annualized) (₪) | K8: Amount Change (Annualized vs 2025) (₪) | L8: Amount Change % (Annualized vs 2025)
A9: מדרסי | B9: =IFERROR(INDEX('Source 2026'!$C:$C,MATCH($A9,'Source 2026'!$B:$B,0)),IFERROR(INDEX('Source 2025'!$C:$C,MATCH($A9,'Source 2025'!$B:$B,0)),"")) -> אפיק ג'ל מולט.ספורט35-38 | C9: =SUMIFS('Source 2025'!$Q:$Q,'Source 2025'!$B:$B,$A9,'Source 2025'!$A:$A,"Quantity (units)") -> 2855 | D9: =SUMIFS('Source 2026'!$Q:$Q,'Source 2026'!$B:$B,$A9,'Source 2026'!$A:$A,"Quantity (units)") -> 481 | E9: =D9*$J$5 -> 607.57895 | F9: =E9-C9 -> -2247.4211 | G9: =IF(AND(C9=0,E9=0),0,IF(C9=0,"New",(E9-C9)/C9)) -> -0.78718776 | H9: =SUMIFS('Source 2025'!$Q:$Q,'Source 2025'!$B:$B,$A9,'Source 2025'!$A:$A,"Amount (NIS)") -> 265726.2 | I9: =SUMIFS('Source 2026'!$Q:$Q,'Source 2026'!$B:$B,$A9,'Source 2026'!$A:$A,"Amount (NIS)") -> 47626.6 | J9: =I9*$J$5 -> 60159.916 | K9: =J9-H9 -> -205566.28 | L9: =IF(AND(H9=0,J9=0),0,IF(H9=0,"New",(J9-H9)/H9)) -> -0.77360187
A10: 35-38 | B10: =IFERROR(INDEX('Source 2026'!$C:$C,MATCH($A10,'Source 2026'!$B:$B,0)),IFERROR(INDEX('Source 2025'!$C:$C,MATCH($A10,'Source 2025'!$B:$B,0)),"")) -> מדרסי אפיק ג'ל נוחות | C10: =SUMIFS('Source 2025'!$Q:$Q,'Source 2025'!$B:$B,$A10,'Source 2025'!$A:$A,"Quantity (units)") -> 1776 | D10: =SUMIFS('Source 2026'!$Q:$Q,'Source 2026'!$B:$B,$A10,'Source 2026'!$A:$A,"Quantity (units)") -> 112 | E10: =D10*$J$5 -> 141.47368 | F10: =E10-C10 -> -1634.5263 | G10: =IF(AND(C10=0,E10=0),0,IF(C10=0,"New",(E10-C10)/C10)) -> -0.92034139 | H10: =SUMIFS('Source 2025'!$Q:$Q,'Source 2025'!$B:$B,$A10,'Source 2025'!$A:$A,"Amount (NIS)") -> 164431.7 | I10: =SUMIFS('Source 2026'!$Q:$Q,'Source 2026'!$B:$B,$A10,'Source 2026'!$A:$A,"Amount (NIS)") -> 11519.9 | J10: =I10*$J$5 -> 14551.453 | K10: =J10-H10 -> -149880.25 | L10: =IF(AND(H10=0,J10=0),0,IF(H10=0,"New",(J10-H10)/H10)) -> -0.91150458
A11: 39-42 | B11: =IFERROR(INDEX('Source 2026'!$C:$C,MATCH($A11,'Source 2026'!$B:$B,0)),IFERROR(INDEX('Source 2025'!$C:$C,MATCH($A11,'Source 2025'!$B:$B,0)),"")) -> מדרסי אפיק ג'ל נוחות | C11: =SUMIFS('Source 2025'!$Q:$Q,'Source 2025'!$B:$B,$A11,'Source 2025'!$A:$A,"Quantity (units)") -> 2025 | D11: =SUMIFS('Source 2026'!$Q:$Q,'Source 2026'!$B:$B,$A11,'Source 2026'!$A:$A,"Quantity (units)") -> 522 | E11: =D11*$J$5 -> 659.36842 | F11: =E11-C11 -> -1365.6316 | G11: =IF(AND(C11=0,E11=0),0,IF(C11=0,"New",(E11-C11)/C11)) -> -0.67438596 | H11: =SUMIFS('Source 2025'!$Q:$Q,'Source 2025'!$B:$B,$A11,'Source 2025'!$A:$A,"Amount (NIS)") -> 188767.1 | I11: =SUMIFS('Source 2026'!$Q:$Q,'Source 2026'!$B:$B,$A11,'Source 2026'!$A:$A,"Amount (NIS)") -> 52314 | J11: =I11*$J$5 -> 66080.842 | K11: =J11-H11 -> -122686.26 | L11: =IF(AND(H11=0,J11=0),0,IF(H11=0,"New",(J11-H11)/H11)) -> -0.64993454
A12: 43-47 | B12: =IFERROR(INDEX('Source 2026'!$C:$C,MATCH($A12,'Source 2026'!$B:$B,0)),IFERROR(INDEX('Source 2025'!$C:$C,MATCH($A12,'Source 2025'!$B:$B,0)),"")) -> מדרסי אפיק ג'ל נוחות | C12: =SUMIFS('Source 2025'!$Q:$Q,'Source 2025'!$B:$B,$A12,'Source 2025'!$A:$A,"Quantity (units)") -> 2122 | D12: =SUMIFS('Source 2026'!$Q:$Q,'Source 2026'!$B:$B,$A12,'Source 2026'!$A:$A,"Quantity (units)") -> 789 | E12: =D12*$J$5 -> 996.63158 | F12: =E12-C12 -> -1125.3684 | G12: =IF(AND(C12=0,E12=0),0,IF(C12=0,"New",(E12-C12)/C12)) -> -0.53033385 | H12: =SUMIFS('Source 2025'!$Q:$Q,'Source 2025'!$B:$B,$A12,'Source 2025'!$A:$A,"Amount (NIS)") -> 197774.9 | I12: =SUMIFS('Source 2026'!$Q:$Q,'Source 2026'!$B:$B,$A12,'Source 2026'!$A:$A,"Amount (NIS)") -> 78734.4 | J12: =I12*$J$5 -> 99453.979 | K12: =J12-H12 -> -98320.921 | L12: =IF(AND(H12=0,J12=0),0,IF(H12=0,"New",(J12-H12)/H12)) -> -0.49713549
A13: 26 | B13: =IFERROR(INDEX('Source 2026'!$C:$C,MATCH($A13,'Source 2026'!$B:$B,0)),IFERROR(INDEX('Source 2025'!$C:$C,MATCH($A13,'Source 2025'!$B:$B,0)),"")) -> L סד ליד דו צדדי לאחר שבר | C13: =SUMIFS('Source 2025'!$Q:$Q,'Source 2025'!$B:$B,$A13,'Source 2025'!$A:$A,"Quantity (units)") -> 2550 | D13: =SUMIFS('Source 2026'!$Q:$Q,'Source 2026'!$B:$B,$A13,'Source 2026'!$A:$A,"Quantity (units)") -> 1172 | E13: =D13*$J$5 -> 1480.4211 | F13: =E13-C13 -> -1069.5789 | G13: =IF(AND(C13=0,E13=0),0,IF(C13=0,"New",(E13-C13)/C13)) -> -0.41944272 | H13: =SUMIFS('Source 2025'!$Q:$Q,'Source 2025'!$B:$B,$A13,'Source 2025'!$A:$A,"Amount (NIS)") -> 208574.2 | I13: =SUMIFS('Source 2026'!$Q:$Q,'Source 2026'!$B:$B,$A13,'Source 2026'!$A:$A,"Amount (NIS)") -> 97035.9 | J13: =I13*$J$5 -> 122571.66 | K13: =J13-H13 -> -86002.537 | L13: =IF(AND(H13=0,J13=0),0,IF(H13=0,"New",(J13-H13)/H13)) -> -0.41233545
A14: 35C | B14: =IFERROR(INDEX('Source 2026'!$C:$C,MATCH($A14,'Source 2026'!$B:$B,0)),IFERROR(INDEX('Source 2025'!$C:$C,MATCH($A14,'Source 2025'!$B:$B,0)),"")) -> S מגן קרסול חום | C14: =SUMIFS('Source 2025'!$Q:$Q,'Source 2025'!$B:$B,$A14,'Source 2025'!$A:$A,"Quantity (units)") -> 10751 | D14: =SUMIFS('Source 2026'!$Q:$Q,'Source 2026'!$B:$B,$A14,'Source 2026'!$A:$A,"Quantity (units)") -> 7007 | E14: =D14*$J$5 -> 8850.9474 | F14: =E14-C14 -> -1900.0526 | G14: =IF(AND(C14=0,E14=0),0,IF(C14=0,"New",(E14-C14)/C14)) -> -0.17673264 | H14: =SUMIFS('Source 2025'!$Q:$Q,'Source 2025'!$B:$B,$A14,'Source 2025'!$A:$A,"Amount (NIS)") -> 276617 | I14: =SUMIFS('Source 2026'!$Q:$Q,'Source 2026'!$B:$B,$A14,'Source 2026'!$A:$A,"Amount (NIS)") -> 183180 | J14: =I14*$J$5 -> 231385.26 | K14: =J14-H14 -> -45231.737 | L14: =IF(AND(H14=0,J14=0),0,IF(H14=0,"New",(J14-H14)/H14)) -> -0.16351756
A15: 21 | B15: =IFERROR(INDEX('Source 2026'!$C:$C,MATCH($A15,'Source 2026'!$B:$B,0)),IFERROR(INDEX('Source 2025'!$C:$C,MATCH($A15,'Source 2025'!$B:$B,0)),"")) -> S חבק יד ארוך | C15: =SUMIFS('Source 2025'!$Q:$Q,'Source 2025'!$B:$B,$A15,'Source 2025'!$A:$A,"Quantity (units)") -> 8258 | D15: =SUMIFS('Source 2026'!$Q:$Q,'Source 2026'!$B:$B,$A15,'Source 2026'!$A:$A,"Quantity (units)") -> 5458 | E15: =D15*$J$5 -> 6894.3158 | F15: =E15-C15 -> -1363.6842 | G15: =IF(AND(C15=0,E15=0),0,IF(C15=0,"New",(E15-C15)/C15)) -> -0.16513492 | H15: =SUMIFS('Source 2025'!$Q:$Q,'Source 2025'!$B:$B,$A15,'Source 2025'!$A:$A,"Amount (NIS)") -> 269862.5 | I15: =SUMIFS('Source 2026'!$Q:$Q,'Source 2026'!$B:$B,$A15,'Source 2026'!$A:$A,"Amount (NIS)") -> 179838.7 | J15: =I15*$J$5 -> 227164.67 | K15: =J15-H15 -> -42697.826 | L15: =IF(AND(H15=0,J15=0),0,IF(H15=0,"New",(J15-H15)/H15)) -> -0.15822067
A16: 397A-גרבי | B16: =IFERROR(INDEX('Source 2026'!$C:$C,MATCH($A16,'Source 2026'!$B:$B,0)),IFERROR(INDEX('Source 2025'!$C:$C,MATCH($A16,'Source 2025'!$B:$B,0)),"")) -> טיסה אנטי בקטרי35-38 | C16: =SUMIFS('Source 2025'!$Q:$Q,'Source 2025'!$B:$B,$A16,'Source 2025'!$A:$A,"Quantity (units)") -> 0 | D16: =SUMIFS('Source 2026'!$Q:$Q,'Source 2026'!$B:$B,$A16,'Source 2026'!$A:$A,"Quantity (units)") -> 1552 | E16: =D16*$J$5 -> 1960.4211 | F16: =E16-C16 -> 1960.4211 | G16: =IF(AND(C16=0,E16=0),0,IF(C16=0,"New",(E16-C16)/C16)) -> New | H16: =SUMIFS('Source 2025'!$Q:$Q,'Source 2025'!$B:$B,$A16,'Source 2025'!$A:$A,"Amount (NIS)") -> 0 | I16: =SUMIFS('Source 2026'!$Q:$Q,'Source 2026'!$B:$B,$A16,'Source 2026'!$A:$A,"Amount (NIS)") -> 84761 | J16: =I16*$J$5 -> 107066.53 | K16: =J16-H16 -> 107066.53 | L16: =IF(AND(H16=0,J16=0),0,IF(H16=0,"New",(J16-H16)/H16)) -> New
A17: 397 | B17: =IFERROR(INDEX('Source 2026'!$C:$C,MATCH($A17,'Source 2026'!$B:$B,0)),IFERROR(INDEX('Source 2025'!$C:$C,MATCH($A17,'Source 2025'!$B:$B,0)),"")) -> 35-38 גרבי טיסה מידה | C17: =SUMIFS('Source 2025'!$Q:$Q,'Source 2025'!$B:$B,$A17,'Source 2025'!$A:$A,"Quantity (units)") -> 1506 | D17: =SUMIFS('Source 2026'!$Q:$Q,'Source 2026'!$B:$B,$A17,'Source 2026'!$A:$A,"Quantity (units)") -> -10 | E17: =D17*$J$5 -> -12.631579 | F17: =E17-C17 -> -1518.6316 | G17: =IF(AND(C17=0,E17=0),0,IF(C17=0,"New",(E17-C17)/C17)) -> -1.0083875 | H17: =SUMIFS('Source 2025'!$Q:$Q,'Source 2025'!$B:$B,$A17,'Source 2025'!$A:$A,"Amount (NIS)") -> 79204.9 | I17: =SUMIFS('Source 2026'!$Q:$Q,'Source 2026'!$B:$B,$A17,'Source 2026'!$A:$A,"Amount (NIS)") -> -514.5 | J17: =I17*$J$5 -> -649.89474 | K17: =J17-H17 -> -79854.795 | L17: =IF(AND(H17=0,J17=0),0,IF(H17=0,"New",(J17-H17)/H17)) -> -1.0082052
A18: 34 | B18: =IFERROR(INDEX('Source 2026'!$C:$C,MATCH($A18,'Source 2026'!$B:$B,0)),IFERROR(INDEX('Source 2025'!$C:$C,MATCH($A18,'Source 2025'!$B:$B,0)),"")) -> M מגן קרסול עקב סגור | C18: =SUMIFS('Source 2025'!$Q:$Q,'Source 2025'!$B:$B,$A18,'Source 2025'!$A:$A,"Quantity (units)") -> 6177 | D18: =SUMIFS('Source 2026'!$Q:$Q,'Source 2026'!$B:$B,$A18,'Source 2026'!$A:$A,"Quantity (units)") -> 4200 | E18: =D18*$J$5 -> 5305.2632 | F18: =E18-C18 -> -871.73684 | G18: =IF(AND(C18=0,E18=0),0,IF(C18=0,"New",(E18-C18)/C18)) -> -0.14112625 | H18: =SUMIFS('Source 2025'!$Q:$Q,'Source 2025'!$B:$B,$A18,'Source 2025'!$A:$A,"Amount (NIS)") -> 231846.4 | I18: =SUMIFS('Source 2026'!$Q:$Q,'Source 2026'!$B:$B,$A18,'Source 2026'!$A:$A,"Amount (NIS)") -> 159810.8 | J18: =I18*$J$5 -> 201866.27 | K18: =J18-H18 -> -29980.126 | L18: =IF(AND(H18=0,J18=0),0,IF(H18=0,"New",(J18-H18)/H18)) -> -0.12931029
A19: AC75 | B19: =IFERROR(INDEX('Source 2026'!$C:$C,MATCH($A19,'Source 2026'!$B:$B,0)),IFERROR(INDEX('Source 2025'!$C:$C,MATCH($A19,'Source 2025'!$B:$B,0)),"")) -> מישר כתפיים אקטיב | C19: =SUMIFS('Source 2025'!$Q:$Q,'Source 2025'!$B:$B,$A19,'Source 2025'!$A:$A,"Quantity (units)") -> 659 | D19: =SUMIFS('Source 2026'!$Q:$Q,'Source 2026'!$B:$B,$A19,'Source 2026'!$A:$A,"Quantity (units)") -> 1707 | E19: =D19*$J$5 -> 2156.2105 | F19: =E19-C19 -> 1497.2105 | G19: =IF(AND(C19=0,E19=0),0,IF(C19=0,"New",(E19-C19)/C19)) -> 2.2719431 | H19: =SUMIFS('Source 2025'!$Q:$Q,'Source 2025'!$B:$B,$A19,'Source 2025'!$A:$A,"Amount (NIS)") -> 40255.2 | I19: =SUMIFS('Source 2026'!$Q:$Q,'Source 2026'!$B:$B,$A19,'Source 2026'!$A:$A,"Amount (NIS)") -> 109715.2 | J19: =I19*$J$5 -> 138587.62 | K19: =J19-H19 -> 98332.421 | L19: =IF(AND(H19=0,J19=0),0,IF(H19=0,"New",(J19-H19)/H19)) -> 2.4427259
A20: 45C | B20: =IFERROR(INDEX('Source 2026'!$C:$C,MATCH($A20,'Source 2026'!$B:$B,0)),IFERROR(INDEX('Source 2025'!$C:$C,MATCH($A20,'Source 2025'!$B:$B,0)),"")) -> S מגן ברך חום | C20: =SUMIFS('Source 2025'!$Q:$Q,'Source 2025'!$B:$B,$A20,'Source 2025'!$A:$A,"Quantity (units)") -> 10069 | D20: =SUMIFS('Source 2026'!$Q:$Q,'Source 2026'!$B:$B,$A20,'Source 2026'!$A:$A,"Quantity (units)") -> 7331 | E20: =D20*$J$5 -> 9260.2105 | F20: =E20-C20 -> -808.78947 | G20: =IF(AND(C20=0,E20=0),0,IF(C20=0,"New",(E20-C20)/C20)) -> -0.080324707 | H20: =SUMIFS('Source 2025'!$Q:$Q,'Source 2025'!$B:$B,$A20,'Source 2025'!$A:$A,"Amount (NIS)") -> 259116.9 | I20: =SUMIFS('Source 2026'!$Q:$Q,'Source 2026'!$B:$B,$A20,'Source 2026'!$A:$A,"Amount (NIS)") -> 190767.7 | J20: =I20*$J$5 -> 240969.73 | K20: =J20-H20 -> -18147.174 | L20: =IF(AND(H20=0,J20=0),0,IF(H20=0,"New",(J20-H20)/H20)) -> -0.070034697
... A227: 07AU | B227: =IFERROR(INDEX('Source 2026'!$C:$C,MATCH($A227,'Source 2026'!$B:$B,0)),IFERROR(INDEX('Source 2025'!$C:$C,MATCH($A227,'Source 2025'!$B:$B,0)),"")) -> S ח.גב ""איטלקית"" אורירית | C227: =SUMIFS('Source 2025'!$Q:$Q,'Source 2025'!$B:$B,$A227,'Source 2025'!$A:$A,"Quantity (units)") -> -1 | D227: =SUMIFS('Source 2026'!$Q:$Q,'Source 2026'!$B:$B,$A227,'Source 2026'!$A:$A,"Quantity (units)") -> -1 | E227: =D227*$J$5 -> -1.2631579 | F227: =E227-C227 -> -0.26315789 | G227: =IF(AND(C227=0,E227=0),0,IF(C227=0,"New",(E227-C227)/C227)) -> 0.26315789 | H227: =SUMIFS('Source 2025'!$Q:$Q,'Source 2025'!$B:$B,$A227,'Source 2025'!$A:$A,"Amount (NIS)") -> -215.4 | I227: =SUMIFS('Source 2026'!$Q:$Q,'Source 2026'!$B:$B,$A227,'Source 2026'!$A:$A,"Amount (NIS)") -> -215.4 | J227: =I227*$J$5 -> -272.08421 | K227: =J227-H227 -> -56.684211 | L227: =IF(AND(H227=0,J227=0),0,IF(H227=0,"New",(J227-H227)/H227)) -> 0.26315789
B229: TOTAL | C229: =SUM(C9:C227) -> 176505 | D229: =SUM(D9:D227) -> 118307 | E229: =SUM(E9:E227) -> 149440.42 | F229: =SUM(F9:F227) -> -27064.579 | G229: =IF(C229=0,"N/A",F229/C229) -> -0.15333605 | H229: =SUM(H9:H227) -> 6689220.5 | I229: =SUM(I9:I227) -> 4476515.3 | J229: =SUM(J9:J227) -> 5654545.6 | K229: =SUM(K9:K227) -> -1034674.9 | L229: =IF(H229=0,"N/A",K229/H229) -> -0.15467794

Sheet מאוחדת
A1: Sales Comparison 2025 vs 2026 (Annualized) - Group: מאוחדת (by Product CODE)
A2: Calculation date: | B2: 46284
A3: Source: PPlay1 of uriel (Reporter) product x customer pivot reports for 2025 and 2026. Grouping follows the daily report "Pplay1" sheet legend (customer # 4/7/1/8) plus 5 categories confirmed by the user on 19/09/2026 that had no exact-name match in the legend. Group "מאוחדת" = sum of raw customer column(s): 0קופות חולים (column(s) T in 'Source 2025'/'Source 2026'). Each file has two data blocks: "נטו" (Net Amount, NIS) and "סהכ יחידות" (Total Units). Product CODE parsed as the first token of column B in the original file; size/color variants sharing the same base CODE are summed via SUMIFS. Rows below only include product codes with non-zero quantity or amount for this group in at least one of the two years (comparing 2025 actual to 2026 actual, before annualization). Full build (annualization + DROP/NEW + whole-number display) rolled out to all 5 groups on 19/09/2026 - see rows 4-6 for methodology.
A4: Annualization note: 2026 actual data covers approximately 9.5 months (1 Jan - 15 Sep 2026). To make 2026 comparable to a full year, it is scaled up by a simple linear factor = 12 / 9.5 (≈ 1.263158). This is a straight-line extrapolation and does NOT account for seasonality (e.g. holiday-heavy months) - treat as an estimate, not an exact forecast. | I4: Months in full year: | J4: 12 | K4: Months covered by 2026 actual (1/1–15/9): | L4: 9.5
A5: # DROP (sold 2025, 0 in 2026): | B5: =SUMPRODUCT(--((($C$9:$C$115<>0)+($H$9:$H$115<>0)>0)*(($D$9:$D$115=0)*($I$9:$I$115=0)))) -> 0 | C5: # NEW (sold 2026, 0 in 2025): | D5: =SUMPRODUCT(--((($D$9:$D$115<>0)+($I$9:$I$115<>0)>0)*(($C$9:$C$115=0)*($H$9:$H$115=0)))) -> 107 | I5: Normalization factor (J4/L4): | J5: =J4/L4 -> 1.2631579
A6: DROP — Quantity 2025: | B6: =SUMPRODUCT(--((($C$9:$C$115<>0)+($H$9:$H$115<>0)>0)*(($D$9:$D$115=0)*($I$9:$I$115=0)))*$C$9:$C$115) -> 0 | C6: DROP — Amount 2025 (₪): | D6: =SUMPRODUCT(--((($C$9:$C$115<>0)+($H$9:$H$115<>0)>0)*(($D$9:$D$115=0)*($I$9:$I$115=0)))*$H$9:$H$115) -> 0 | E6: NEW — Quantity 2026: | F6: =SUMPRODUCT(--((($D$9:$D$115<>0)+($I$9:$I$115<>0)>0)*(($C$9:$C$115=0)*($H$9:$H$115=0)))*$D$9:$D$115) -> 10037 | G6: NEW — Amount 2026 (₪): | H6: =SUMPRODUCT(--((($D$9:$D$115<>0)+($I$9:$I$115<>0)>0)*(($C$9:$C$115=0)*($H$9:$H$115=0)))*$I$9:$I$115) -> 307514.4
A8: Product Code | B8: Product Name | C8: Quantity 2025 | D8: Quantity 2026 (Actual, partial year) | E8: Quantity 2026 (Annualized) | F8: Quantity Change (Annualized vs 2025) | G8: Quantity Change % (Annualized vs 2025) | H8: Amount 2025 (₪) | I8: Amount 2026 (Actual, partial year) (₪) | J8: Amount 2026 (Annualized) (₪) | K8: Amount Change (Annualized vs 2025) (₪) | L8: Amount Change % (Annualized vs 2025)
A9: 266 | B9: =IFERROR(INDEX('Source 2026'!$C:$C,MATCH($A9,'Source 2026'!$B:$B,0)),IFERROR(INDEX('Source 2025'!$C:$C,MATCH($A9,'Source 2025'!$B:$B,0)),"")) -> סד ליד דו צדדי | C9: =SUMIFS('Source 2025'!$T:$T,'Source 2025'!$B:$B,$A9,'Source 2025'!$A:$A,"Quantity (units)") -> 0 | D9: =SUMIFS('Source 2026'!$T:$T,'Source 2026'!$B:$B,$A9,'Source 2026'!$A:$A,"Quantity (units)") -> 648 | E9: =D9*$J$5 -> 818.52632 | F9: =E9-C9 -> 818.52632 | G9: =IF(AND(C9=0,E9=0),0,IF(C9=0,"New",(E9-C9)/C9)) -> New | H9: =SUMIFS('Source 2025'!$T:$T,'Source 2025'!$B:$B,$A9,'Source 2025'!$A:$A,"Amount (NIS)") -> 0 | I9: =SUMIFS('Source 2026'!$T:$T,'Source 2026'!$B:$B,$A9,'Source 2026'!$A:$A,"Amount (NIS)") -> 29484 | J9: =I9*$J$5 -> 37242.947 | K9: =J9-H9 -> 37242.947 | L9: =IF(AND(H9=0,J9=0),0,IF(H9=0,"New",(J9-H9)/H9)) -> New
A10: 268 | B10: =IFERROR(INDEX('Source 2026'!$C:$C,MATCH($A10,'Source 2026'!$B:$B,0)),IFERROR(INDEX('Source 2025'!$C:$C,MATCH($A10,'Source 2025'!$B:$B,0)),"")) -> סד לאגודל | C10: =SUMIFS('Source 2025'!$T:$T,'Source 2025'!$B:$B,$A10,'Source 2025'!$A:$A,"Quantity (units)") -> 0 | D10: =SUMIFS('Source 2026'!$T:$T,'Source 2026'!$B:$B,$A10,'Source 2026'!$A:$A,"Quantity (units)") -> 274 | E10: =D10*$J$5 -> 346.10526 | F10: =E10-C10 -> 346.10526 | G10: =IF(AND(C10=0,E10=0),0,IF(C10=0,"New",(E10-C10)/C10)) -> New | H10: =SUMIFS('Source 2025'!$T:$T,'Source 2025'!$B:$B,$A10,'Source 2025'!$A:$A,"Amount (NIS)") -> 0 | I10: =SUMIFS('Source 2026'!$T:$T,'Source 2026'!$B:$B,$A10,'Source 2026'!$A:$A,"Amount (NIS)") -> 21317.2 | J10: =I10*$J$5 -> 26926.989 | K10: =J10-H10 -> 26926.989 | L10: =IF(AND(H10=0,J10=0),0,IF(H10=0,"New",(J10-H10)/H10)) -> New
A11: 397A-גרבי | B11: =IFERROR(INDEX('Source 2026'!$C:$C,MATCH($A11,'Source 2026'!$B:$B,0)),IFERROR(INDEX('Source 2025'!$C:$C,MATCH($A11,'Source 2025'!$B:$B,0)),"")) -> טיסה אנטי בקטרי35-38 | C11: =SUMIFS('Source 2025'!$T:$T,'Source 2025'!$B:$B,$A11,'Source 2025'!$A:$A,"Quantity (units)") -> 0 | D11: =SUMIFS('Source 2026'!$T:$T,'Source 2026'!$B:$B,$A11,'Source 2026'!$A:$A,"Quantity (units)") -> 416 | E11: =D11*$J$5 -> 525.47368 | F11: =E11-C11 -> 525.47368 | G11: =IF(AND(C11=0,E11=0),0,IF(C11=0,"New",(E11-C11)/C11)) -> New | H11: =SUMIFS('Source 2025'!$T:$T,'Source 2025'!$B:$B,$A11,'Source 2025'!$A:$A,"Amount (NIS)") -> 0 | I11: =SUMIFS('Source 2026'!$T:$T,'Source 2026'!$B:$B,$A11,'Source 2026'!$A:$A,"Amount (NIS)") -> 17016.6 | J11: =I11*$J$5 -> 21494.653 | K11: =J11-H11 -> 21494.653 | L11: =IF(AND(H11=0,J11=0),0,IF(H11=0,"New",(J11-H11)/H11)) -> New
A12: 307 | B12: =IFERROR(INDEX('Source 2026'!$C:$C,MATCH($A12,'Source 2026'!$B:$B,0)),IFERROR(INDEX('Source 2025'!$C:$C,MATCH($A12,'Source 2025'!$B:$B,0)),"")) -> L עקבים לדורבן-זוג כריות | C12: =SUMIFS('Source 2025'!$T:$T,'Source 2025'!$B:$B,$A12,'Source 2025'!$A:$A,"Quantity (units)") -> 0 | D12: =SUMIFS('Source 2026'!$T:$T,'Source 2026'!$B:$B,$A12,'Source 2026'!$A:$A,"Quantity (units)") -> 233 | E12: =D12*$J$5 -> 294.31579 | F12: =E12-C12 -> 294.31579 | G12: =IF(AND(C12=0,E12=0),0,IF(C12=0,"New",(E12-C12)/C12)) -> New | H12: =SUMIFS('Source 2025'!$T:$T,'Source 2025'!$B:$B,$A12,'Source 2025'!$A:$A,"Amount (NIS)") -> 0 | I12: =SUMIFS('Source 2026'!$T:$T,'Source 2026'!$B:$B,$A12,'Source 2026'!$A:$A,"Amount (NIS)") -> 14504.7 | J12: =I12*$J$5 -> 18321.726 | K12: =J12-H12 -> 18321.726 | L12: =IF(AND(H12=0,J12=0),0,IF(H12=0,"New",(J12-H12)/H12)) -> New
A13: SH422 | B13: =IFERROR(INDEX('Source 2026'!$C:$C,MATCH($A13,'Source 2026'!$B:$B,0)),IFERROR(INDEX('Source 2025'!$C:$C,MATCH($A13,'Source 2025'!$B:$B,0)),"")) -> 1 תומך ברך גנושילד | C13: =SUMIFS('Source 2025'!$T:$T,'Source 2025'!$B:$B,$A13,'Source 2025'!$A:$A,"Quantity (units)") -> 0 | D13: =SUMIFS('Source 2026'!$T:$T,'Source 2026'!$B:$B,$A13,'Source 2026'!$A:$A,"Quantity (units)") -> 97 | E13: =D13*$J$5 -> 122.52632 | F13: =E13-C13 -> 122.52632 | G13: =IF(AND(C13=0,E13=0),0,IF(C13=0,"New",(E13-C13)/C13)) -> New | H13: =SUMIFS('Source 2025'!$T:$T,'Source 2025'!$B:$B,$A13,'Source 2025'!$A:$A,"Amount (NIS)") -> 0 | I13: =SUMIFS('Source 2026'!$T:$T,'Source 2026'!$B:$B,$A13,'Source 2026'!$A:$A,"Amount (NIS)") -> 12125 | J13: =I13*$J$5 -> 15315.789 | K13: =J13-H13 -> 15315.789 | L13: =IF(AND(H13=0,J13=0),0,IF(H13=0,"New",(J13-H13)/H13)) -> New
A14: 34 | B14: =IFERROR(INDEX('Source 2026'!$C:$C,MATCH($A14,'Source 2026'!$B:$B,0)),IFERROR(INDEX('Source 2025'!$C:$C,MATCH($A14,'Source 2025'!$B:$B,0)),"")) -> M מגן קרסול עקב סגור | C14: =SUMIFS('Source 2025'!$T:$T,'Source 2025'!$B:$B,$A14,'Source 2025'!$A:$A,"Quantity (units)") -> 0 | D14: =SUMIFS('Source 2026'!$T:$T,'Source 2026'!$B:$B,$A14,'Source 2026'!$A:$A,"Quantity (units)") -> 391 | E14: =D14*$J$5 -> 493.89474 | F14: =E14-C14 -> 493.89474 | G14: =IF(AND(C14=0,E14=0),0,IF(C14=0,"New",(E14-C14)/C14)) -> New | H14: =SUMIFS('Source 2025'!$T:$T,'Source 2025'!$B:$B,$A14,'Source 2025'!$A:$A,"Amount (NIS)") -> 0 | I14: =SUMIFS('Source 2026'!$T:$T,'Source 2026'!$B:$B,$A14,'Source 2026'!$A:$A,"Amount (NIS)") -> 10884.8 | J14: =I14*$J$5 -> 13749.221 | K14: =J14-H14 -> 13749.221 | L14: =IF(AND(H14=0,J14=0),0,IF(H14=0,"New",(J14-H14)/H14)) -> New
A15: 85 | B15: =IFERROR(INDEX('Source 2026'!$C:$C,MATCH($A15,'Source 2026'!$B:$B,0)),IFERROR(INDEX('Source 2025'!$C:$C,MATCH($A15,'Source 2025'!$B:$B,0)),"")) -> L (מתלה ליד )כיס | C15: =SUMIFS('Source 2025'!$T:$T,'Source 2025'!$B:$B,$A15,'Source 2025'!$A:$A,"Quantity (units)") -> 0 | D15: =SUMIFS('Source 2026'!$T:$T,'Source 2026'!$B:$B,$A15,'Source 2026'!$A:$A,"Quantity (units)") -> 323 | E15: =D15*$J$5 -> 408 | F15: =E15-C15 -> 408 | G15: =IF(AND(C15=0,E15=0),0,IF(C15=0,"New",(E15-C15)/C15)) -> New | H15: =SUMIFS('Source 2025'!$T:$T,'Source 2025'!$B:$B,$A15,'Source 2025'!$A:$A,"Amount (NIS)") -> 0 | I15: =SUMIFS('Source 2026'!$T:$T,'Source 2026'!$B:$B,$A15,'Source 2026'!$A:$A,"Amount (NIS)") -> 10806.4 | J15: =I15*$J$5 -> 13650.189 | K15: =J15-H15 -> 13650.189 | L15: =IF(AND(H15=0,J15=0),0,IF(H15=0,"New",(J15-H15)/H15)) -> New
A16: 45 | B16: =IFERROR(INDEX('Source 2026'!$C:$C,MATCH($A16,'Source 2026'!$B:$B,0)),IFERROR(INDEX('Source 2025'!$C:$C,MATCH($A16,'Source 2025'!$B:$B,0)),"")) -> L מגן ברך לבן | C16: =SUMIFS('Source 2025'!$T:$T,'Source 2025'!$B:$B,$A16,'Source 2025'!$A:$A,"Quantity (units)") -> 0 | D16: =SUMIFS('Source 2026'!$T:$T,'Source 2026'!$B:$B,$A16,'Source 2026'!$A:$A,"Quantity (units)") -> 617 | E16: =D16*$J$5 -> 779.36842 | F16: =E16-C16 -> 779.36842 | G16: =IF(AND(C16=0,E16=0),0,IF(C16=0,"New",(E16-C16)/C16)) -> New | H16: =SUMIFS('Source 2025'!$T:$T,'Source 2025'!$B:$B,$A16,'Source 2025'!$A:$A,"Amount (NIS)") -> 0 | I16: =SUMIFS('Source 2026'!$T:$T,'Source 2026'!$B:$B,$A16,'Source 2026'!$A:$A,"Amount (NIS)") -> 10007.2 | J16: =I16*$J$5 -> 12640.674 | K16: =J16-H16 -> 12640.674 | L16: =IF(AND(H16=0,J16=0),0,IF(H16=0,"New",(J16-H16)/H16)) -> New
A17: 21 | B17: =IFERROR(INDEX('Source 2026'!$C:$C,MATCH($A17,'Source 2026'!$B:$B,0)),IFERROR(INDEX('Source 2025'!$C:$C,MATCH($A17,'Source 2025'!$B:$B,0)),"")) -> S חבק יד ארוך | C17: =SUMIFS('Source 2025'!$T:$T,'Source 2025'!$B:$B,$A17,'Source 2025'!$A:$A,"Quantity (units)") -> 0 | D17: =SUMIFS('Source 2026'!$T:$T,'Source 2026'!$B:$B,$A17,'Source 2026'!$A:$A,"Quantity (units)") -> 382 | E17: =D17*$J$5 -> 482.52632 | F17: =E17-C17 -> 482.52632 | G17: =IF(AND(C17=0,E17=0),0,IF(C17=0,"New",(E17-C17)/C17)) -> New | H17: =SUMIFS('Source 2025'!$T:$T,'Source 2025'!$B:$B,$A17,'Source 2025'!$A:$A,"Amount (NIS)") -> 0 | I17: =SUMIFS('Source 2026'!$T:$T,'Source 2026'!$B:$B,$A17,'Source 2026'!$A:$A,"Amount (NIS)") -> 8812.9 | J17: =I17*$J$5 -> 11132.084 | K17: =J17-H17 -> 11132.084 | L17: =IF(AND(H17=0,J17=0),0,IF(H17=0,"New",(J17-H17)/H17)) -> New
A18: 45E | B18: =IFERROR(INDEX('Source 2026'!$C:$C,MATCH($A18,'Source 2026'!$B:$B,0)),IFERROR(INDEX('Source 2025'!$C:$C,MATCH($A18,'Source 2025'!$B:$B,0)),"")) -> Sמגן ברך ארוך לבן | C18: =SUMIFS('Source 2025'!$T:$T,'Source 2025'!$B:$B,$A18,'Source 2025'!$A:$A,"Quantity (units)") -> 0 | D18: =SUMIFS('Source 2026'!$T:$T,'Source 2026'!$B:$B,$A18,'Source 2026'!$A:$A,"Quantity (units)") -> 442 | E18: =D18*$J$5 -> 558.31579 | F18: =E18-C18 -> 558.31579 | G18: =IF(AND(C18=0,E18=0),0,IF(C18=0,"New",(E18-C18)/C18)) -> New | H18: =SUMIFS('Source 2025'!$T:$T,'Source 2025'!$B:$B,$A18,'Source 2025'!$A:$A,"Amount (NIS)") -> 0 | I18: =SUMIFS('Source 2026'!$T:$T,'Source 2026'!$B:$B,$A18,'Source 2026'!$A:$A,"Amount (NIS)") -> 8727.8 | J18: =I18*$J$5 -> 11024.589 | K18: =J18-H18 -> 11024.589 | L18: =IF(AND(H18=0,J18=0),0,IF(H18=0,"New",(J18-H18)/H18)) -> New
A19: 87 | B19: =IFERROR(INDEX('Source 2026'!$C:$C,MATCH($A19,'Source 2026'!$B:$B,0)),IFERROR(INDEX('Source 2025'!$C:$C,MATCH($A19,'Source 2025'!$B:$B,0)),"")) -> S מקבע כתף ויד | C19: =SUMIFS('Source 2025'!$T:$T,'Source 2025'!$B:$B,$A19,'Source 2025'!$A:$A,"Quantity (units)") -> 0 | D19: =SUMIFS('Source 2026'!$T:$T,'Source 2026'!$B:$B,$A19,'Source 2026'!$A:$A,"Quantity (units)") -> 65 | E19: =D19*$J$5 -> 82.105263 | F19: =E19-C19 -> 82.105263 | G19: =IF(AND(C19=0,E19=0),0,IF(C19=0,"New",(E19-C19)/C19)) -> New | H19: =SUMIFS('Source 2025'!$T:$T,'Source 2025'!$B:$B,$A19,'Source 2025'!$A:$A,"Amount (NIS)") -> 0 | I19: =SUMIFS('Source 2026'!$T:$T,'Source 2026'!$B:$B,$A19,'Source 2026'!$A:$A,"Amount (NIS)") -> 8001.2 | J19: =I19*$J$5 -> 10106.779 | K19: =J19-H19 -> 10106.779 | L19: =IF(AND(H19=0,J19=0),0,IF(H19=0,"New",(J19-H19)/H19)) -> New
A20: 11 | B20: =IFERROR(INDEX('Source 2026'!$C:$C,MATCH($A20,'Source 2026'!$B:$B,0)),IFERROR(INDEX('Source 2025'!$C:$C,MATCH($A20,'Source 2025'!$B:$B,0)),"")) -> S""חגורת בטן""אורירית | C20: =SUMIFS('Source 2025'!$T:$T,'Source 2025'!$B:$B,$A20,'Source 2025'!$A:$A,"Quantity (units)") -> 0 | D20: =SUMIFS('Source 2026'!$T:$T,'Source 2026'!$B:$B,$A20,'Source 2026'!$A:$A,"Quantity (units)") -> 107 | E20: =D20*$J$5 -> 135.15789 | F20: =E20-C20 -> 135.15789 | G20: =IF(AND(C20=0,E20=0),0,IF(C20=0,"New",(E20-C20)/C20)) -> New | H20: =SUMIFS('Source 2025'!$T:$T,'Source 2025'!$B:$B,$A20,'Source 2025'!$A:$A,"Amount (NIS)") -> 0 | I20: =SUMIFS('Source 2026'!$T:$T,'Source 2026'!$B:$B,$A20,'Source 2026'!$A:$A,"Amount (NIS)") -> 7577.6 | J20: =I20*$J$5 -> 9571.7053 | K20: =J20-H20 -> 9571.7053 | L20: =IF(AND(H20=0,J20=0),0,IF(H20=0,"New",(J20-H20)/H20)) -> New
... A115: LF377 | B115: =IFERROR(INDEX('Source 2026'!$C:$C,MATCH($A115,'Source 2026'!$B:$B,0)),IFERROR(INDEX('Source 2025'!$C:$C,MATCH($A115,'Source 2025'!$B:$B,0)),"")) -> L-מדרס סיליקון לנעלי עקב | C115: =SUMIFS('Source 2025'!$T:$T,'Source 2025'!$B:$B,$A115,'Source 2025'!$A:$A,"Quantity (units)") -> 0 | D115: =SUMIFS('Source 2026'!$T:$T,'Source 2026'!$B:$B,$A115,'Source 2026'!$A:$A,"Quantity (units)") -> 1 | E115: =D115*$J$5 -> 1.2631579 | F115: =E115-C115 -> 1.2631579 | G115: =IF(AND(C115=0,E115=0),0,IF(C115=0,"New",(E115-C115)/C115)) -> New | H115: =SUMIFS('Source 2025'!$T:$T,'Source 2025'!$B:$B,$A115,'Source 2025'!$A:$A,"Amount (NIS)") -> 0 | I115: =SUMIFS('Source 2026'!$T:$T,'Source 2026'!$B:$B,$A115,'Source 2026'!$A:$A,"Amount (NIS)") -> 32.1 | J115: =I115*$J$5 -> 40.547368 | K115: =J115-H115 -> 40.547368 | L115: =IF(AND(H115=0,J115=0),0,IF(H115=0,"New",(J115-H115)/H115)) -> New
B117: TOTAL | C117: =SUM(C9:C115) -> 0 | D117: =SUM(D9:D115) -> 10037 | E117: =SUM(E9:E115) -> 12678.316 | F117: =SUM(F9:F115) -> 12678.316 | G117: =IF(C117=0,"N/A",F117/C117) -> N/A | H117: =SUM(H9:H115) -> 0 | I117: =SUM(I9:I115) -> 307514.4 | J117: =SUM(J9:J115) -> 388439.24 | K117: =SUM(K9:K115) -> 388439.24 | L117: =IF(H117=0,"N/A",K117/H117) -> N/A

Sheet 0פארמים
A1: Sales Comparison 2025 vs 2026 (Annualized) - Group: 0פארמים (by Product CODE)
A2: Calculation date: | B2: 46284
A3: Source: PPlay1 of uriel (Reporter) product x customer pivot reports for 2025 and 2026. Grouping follows the daily report "Pplay1" sheet legend (customer # 4/7/1/8) plus 5 categories confirmed by the user on 19/09/2026 that had no exact-name match in the legend. Group "0פארמים" = sum of raw customer column(s): 0פארמים (column(s) I in 'Source 2025'/'Source 2026'). Each file has two data blocks: "נטו" (Net Amount, NIS) and "סהכ יחידות" (Total Units). Product CODE parsed as the first token of column B in the original file; size/color variants sharing the same base CODE are summed via SUMIFS. Rows below only include product codes with non-zero quantity or amount for this group in at least one of the two years (comparing 2025 actual to 2026 actual, before annualization). Full build (annualization + DROP/NEW + whole-number display) rolled out to all 5 groups on 19/09/2026 - see rows 4-6 for methodology.
A4: Annualization note: 2026 actual data covers approximately 9.5 months (1 Jan - 15 Sep 2026). To make 2026 comparable to a full year, it is scaled up by a simple linear factor = 12 / 9.5 (≈ 1.263158). This is a straight-line extrapolation and does NOT account for seasonality (e.g. holiday-heavy months) - treat as an estimate, not an exact forecast. | I4: Months in full year: | J4: 12 | K4: Months covered by 2026 actual (1/1–15/9): | L4: 9.5
A5: # DROP (sold 2025, 0 in 2026): | B5: =SUMPRODUCT(--((($C$9:$C$263<>0)+($H$9:$H$263<>0)>0)*(($D$9:$D$263=0)*($I$9:$I$263=0)))) -> 24 | C5: # NEW (sold 2026, 0 in 2025): | D5: =SUMPRODUCT(--((($D$9:$D$263<>0)+($I$9:$I$263<>0)>0)*(($C$9:$C$263=0)*($H$9:$H$263=0)))) -> 20 | I5: Normalization factor (J4/L4): | J5: =J4/L4 -> 1.2631579
A6: DROP — Quantity 2025: | B6: =SUMPRODUCT(--((($C$9:$C$263<>0)+($H$9:$H$263<>0)>0)*(($D$9:$D$263=0)*($I$9:$I$263=0)))*$C$9:$C$263) -> -40 | C6: DROP — Amount 2025 (₪): | D6: =SUMPRODUCT(--((($C$9:$C$263<>0)+($H$9:$H$263<>0)>0)*(($D$9:$D$263=0)*($I$9:$I$263=0)))*$H$9:$H$263) -> -2736.3 | E6: NEW — Quantity 2026: | F6: =SUMPRODUCT(--((($D$9:$D$263<>0)+($I$9:$I$263<>0)>0)*(($C$9:$C$263=0)*($H$9:$H$263=0)))*$D$9:$D$263) -> 1972 | G6: NEW — Amount 2026 (₪): | H6: =SUMPRODUCT(--((($D$9:$D$263<>0)+($I$9:$I$263<>0)>0)*(($C$9:$C$263=0)*($H$9:$H$263=0)))*$I$9:$I$263) -> 148341.1
A8: Product Code | B8: Product Name | C8: Quantity 2025 | D8: Quantity 2026 (Actual, partial year) | E8: Quantity 2026 (Annualized) | F8: Quantity Change (Annualized vs 2025) | G8: Quantity Change % (Annualized vs 2025) | H8: Amount 2025 (₪) | I8: Amount 2026 (Actual, partial year) (₪) | J8: Amount 2026 (Annualized) (₪) | K8: Amount Change (Annualized vs 2025) (₪) | L8: Amount Change % (Annualized vs 2025)
A9: מדרסי | B9: =IFERROR(INDEX('Source 2026'!$C:$C,MATCH($A9,'Source 2026'!$B:$B,0)),IFERROR(INDEX('Source 2025'!$C:$C,MATCH($A9,'Source 2025'!$B:$B,0)),"")) -> אפיק ג'ל מולט.ספורט35-38 | C9: =SUMIFS('Source 2025'!$I:$I,'Source 2025'!$B:$B,$A9,'Source 2025'!$A:$A,"Quantity (units)") -> 2855 | D9: =SUMIFS('Source 2026'!$I:$I,'Source 2026'!$B:$B,$A9,'Source 2026'!$A:$A,"Quantity (units)") -> 481 | E9: =D9*$J$5 -> 607.57895 | F9: =E9-C9 -> -2247.4211 | G9: =IF(AND(C9=0,E9=0),0,IF(C9=0,"New",(E9-C9)/C9)) -> -0.78718776 | H9: =SUMIFS('Source 2025'!$I:$I,'Source 2025'!$B:$B,$A9,'Source 2025'!$A:$A,"Amount (NIS)") -> 265726.2 | I9: =SUMIFS('Source 2026'!$I:$I,'Source 2026'!$B:$B,$A9,'Source 2026'!$A:$A,"Amount (NIS)") -> 47626.6 | J9: =I9*$J$5 -> 60159.916 | K9: =J9-H9 -> -205566.28 | L9: =IF(AND(H9=0,J9=0),0,IF(H9=0,"New",(J9-H9)/H9)) -> -0.77360187
A10: 35-38 | B10: =IFERROR(INDEX('Source 2026'!$C:$C,MATCH($A10,'Source 2026'!$B:$B,0)),IFERROR(INDEX('Source 2025'!$C:$C,MATCH($A10,'Source 2025'!$B:$B,0)),"")) -> מדרסי אפיק ג'ל נוחות | C10: =SUMIFS('Source 2025'!$I:$I,'Source 2025'!$B:$B,$A10,'Source 2025'!$A:$A,"Quantity (units)") -> 1776 | D10: =SUMIFS('Source 2026'!$I:$I,'Source 2026'!$B:$B,$A10,'Source 2026'!$A:$A,"Quantity (units)") -> 112 | E10: =D10*$J$5 -> 141.47368 | F10: =E10-C10 -> -1634.5263 | G10: =IF(AND(C10=0,E10=0),0,IF(C10=0,"New",(E10-C10)/C10)) -> -0.92034139 | H10: =SUMIFS('Source 2025'!$I:$I,'Source 2025'!$B:$B,$A10,'Source 2025'!$A:$A,"Amount (NIS)") -> 164431.7 | I10: =SUMIFS('Source 2026'!$I:$I,'Source 2026'!$B:$B,$A10,'Source 2026'!$A:$A,"Amount (NIS)") -> 11519.9 | J10: =I10*$J$5 -> 14551.453 | K10: =J10-H10 -> -149880.25 | L10: =IF(AND(H10=0,J10=0),0,IF(H10=0,"New",(J10-H10)/H10)) -> -0.91150458
A11: 39-42 | B11: =IFERROR(INDEX('Source 2026'!$C:$C,MATCH($A11,'Source 2026'!$B:$B,0)),IFERROR(INDEX('Source 2025'!$C:$C,MATCH($A11,'Source 2025'!$B:$B,0)),"")) -> מדרסי אפיק ג'ל נוחות | C11: =SUMIFS('Source 2025'!$I:$I,'Source 2025'!$B:$B,$A11,'Source 2025'!$A:$A,"Quantity (units)") -> 2025 | D11: =SUMIFS('Source 2026'!$I:$I,'Source 2026'!$B:$B,$A11,'Source 2026'!$A:$A,"Quantity (units)") -> 522 | E11: =D11*$J$5 -> 659.36842 | F11: =E11-C11 -> -1365.6316 | G11: =IF(AND(C11=0,E11=0),0,IF(C11=0,"New",(E11-C11)/C11)) -> -0.67438596 | H11: =SUMIFS('Source 2025'!$I:$I,'Source 2025'!$B:$B,$A11,'Source 2025'!$A:$A,"Amount (NIS)") -> 188767.1 | I11: =SUMIFS('Source 2026'!$I:$I,'Source 2026'!$B:$B,$A11,'Source 2026'!$A:$A,"Amount (NIS)") -> 52314 | J11: =I11*$J$5 -> 66080.842 | K11: =J11-H11 -> -122686.26 | L11: =IF(AND(H11=0,J11=0),0,IF(H11=0,"New",(J11-H11)/H11)) -> -0.64993454
A12: 43-47 | B12: =IFERROR(INDEX('Source 2026'!$C:$C,MATCH($A12,'Source 2026'!$B:$B,0)),IFERROR(INDEX('Source 2025'!$C:$C,MATCH($A12,'Source 2025'!$B:$B,0)),"")) -> מדרסי אפיק ג'ל נוחות | C12: =SUMIFS('Source 2025'!$I:$I,'Source 2025'!$B:$B,$A12,'Source 2025'!$A:$A,"Quantity (units)") -> 2122 | D12: =SUMIFS('Source 2026'!$I:$I,'Source 2026'!$B:$B,$A12,'Source 2026'!$A:$A,"Quantity (units)") -> 789 | E12: =D12*$J$5 -> 996.63158 | F12: =E12-C12 -> -1125.3684 | G12: =IF(AND(C12=0,E12=0),0,IF(C12=0,"New",(E12-C12)/C12)) -> -0.53033385 | H12: =SUMIFS('Source 2025'!$I:$I,'Source 2025'!$B:$B,$A12,'Source 2025'!$A:$A,"Amount (NIS)") -> 197774.9 | I12: =SUMIFS('Source 2026'!$I:$I,'Source 2026'!$B:$B,$A12,'Source 2026'!$A:$A,"Amount (NIS)") -> 78734.4 | J12: =I12*$J$5 -> 99453.979 | K12: =J12-H12 -> -98320.921 | L12: =IF(AND(H12=0,J12=0),0,IF(H12=0,"New",(J12-H12)/H12)) -> -0.49713549
A13: 26 | B13: =IFERROR(INDEX('Source 2026'!$C:$C,MATCH($A13,'Source 2026'!$B:$B,0)),IFERROR(INDEX('Source 2025'!$C:$C,MATCH($A13,'Source 2025'!$B:$B,0)),"")) -> L סד ליד דו צדדי לאחר שבר | C13: =SUMIFS('Source 2025'!$I:$I,'Source 2025'!$B:$B,$A13,'Source 2025'!$A:$A,"Quantity (units)") -> 2734 | D13: =SUMIFS('Source 2026'!$I:$I,'Source 2026'!$B:$B,$A13,'Source 2026'!$A:$A,"Quantity (units)") -> 1361 | E13: =D13*$J$5 -> 1719.1579 | F13: =E13-C13 -> -1014.8421 | G13: =IF(AND(C13=0,E13=0),0,IF(C13=0,"New",(E13-C13)/C13)) -> -0.37119316 | H13: =SUMIFS('Source 2025'!$I:$I,'Source 2025'!$B:$B,$A13,'Source 2025'!$A:$A,"Amount (NIS)") -> 224663.9 | I13: =SUMIFS('Source 2026'!$I:$I,'Source 2026'!$B:$B,$A13,'Source 2026'!$A:$A,"Amount (NIS)") -> 113662.8 | J13: =I13*$J$5 -> 143574.06 | K13: =J13-H13 -> -81089.837 | L13: =IF(AND(H13=0,J13=0),0,IF(H13=0,"New",(J13-H13)/H13)) -> -0.36093844
A14: 397 | B14: =IFERROR(INDEX('Source 2026'!$C:$C,MATCH($A14,'Source 2026'!$B:$B,0)),IFERROR(INDEX('Source 2025'!$C:$C,MATCH($A14,'Source 2025'!$B:$B,0)),"")) -> 35-38 גרבי טיסה מידה | C14: =SUMIFS('Source 2025'!$I:$I,'Source 2025'!$B:$B,$A14,'Source 2025'!$A:$A,"Quantity (units)") -> 2048 | D14: =SUMIFS('Source 2026'!$I:$I,'Source 2026'!$B:$B,$A14,'Source 2026'!$A:$A,"Quantity (units)") -> -9 | E14: =D14*$J$5 -> -11.368421 | F14: =E14-C14 -> -2059.3684 | G14: =IF(AND(C14=0,E14=0),0,IF(C14=0,"New",(E14-C14)/C14)) -> -1.005551 | H14: =SUMIFS('Source 2025'!$I:$I,'Source 2025'!$B:$B,$A14,'Source 2025'!$A:$A,"Amount (NIS)") -> 110040.8 | I14: =SUMIFS('Source 2026'!$I:$I,'Source 2026'!$B:$B,$A14,'Source 2026'!$A:$A,"Amount (NIS)") -> -457.7 | J14: =I14*$J$5 -> -578.14737 | K14: =J14-H14 -> -110618.95 | L14: =IF(AND(H14=0,J14=0),0,IF(H14=0,"New",(J14-H14)/H14)) -> -1.0052539
A15: 35C | B15: =IFERROR(INDEX('Source 2026'!$C:$C,MATCH($A15,'Source 2026'!$B:$B,0)),IFERROR(INDEX('Source 2025'!$C:$C,MATCH($A15,'Source 2025'!$B:$B,0)),"")) -> S מגן קרסול חום | C15: =SUMIFS('Source 2025'!$I:$I,'Source 2025'!$B:$B,$A15,'Source 2025'!$A:$A,"Quantity (units)") -> 11682 | D15: =SUMIFS('Source 2026'!$I:$I,'Source 2026'!$B:$B,$A15,'Source 2026'!$A:$A,"Quantity (units)") -> 7746 | E15: =D15*$J$5 -> 9784.4211 | F15: =E15-C15 -> -1897.5789 | G15: =IF(AND(C15=0,E15=0),0,IF(C15=0,"New",(E15-C15)/C15)) -> -0.16243614 | H15: =SUMIFS('Source 2025'!$I:$I,'Source 2025'!$B:$B,$A15,'Source 2025'!$A:$A,"Amount (NIS)") -> 302519 | I15: =SUMIFS('Source 2026'!$I:$I,'Source 2026'!$B:$B,$A15,'Source 2026'!$A:$A,"Amount (NIS)") -> 203753.2 | J15: =I15*$J$5 -> 257372.46 | K15: =J15-H15 -> -45146.537 | L15: =IF(AND(H15=0,J15=0),0,IF(H15=0,"New",(J15-H15)/H15)) -> -0.14923538
A16: 21 | B16: =IFERROR(INDEX('Source 2026'!$C:$C,MATCH($A16,'Source 2026'!$B:$B,0)),IFERROR(INDEX('Source 2025'!$C:$C,MATCH($A16,'Source 2025'!$B:$B,0)),"")) -> S חבק יד ארוך | C16: =SUMIFS('Source 2025'!$I:$I,'Source 2025'!$B:$B,$A16,'Source 2025'!$A:$A,"Quantity (units)") -> 9023 | D16: =SUMIFS('Source 2026'!$I:$I,'Source 2026'!$B:$B,$A16,'Source 2026'!$A:$A,"Quantity (units)") -> 6005 | E16: =D16*$J$5 -> 7585.2632 | F16: =E16-C16 -> -1437.7368 | G16: =IF(AND(C16=0,E16=0),0,IF(C16=0,"New",(E16-C16)/C16)) -> -0.15934133 | H16: =SUMIFS('Source 2025'!$I:$I,'Source 2025'!$B:$B,$A16,'Source 2025'!$A:$A,"Amount (NIS)") -> 296880.7 | I16: =SUMIFS('Source 2026'!$I:$I,'Source 2026'!$B:$B,$A16,'Source 2026'!$A:$A,"Amount (NIS)") -> 199190.1 | J16: =I16*$J$5 -> 251608.55 | K16: =J16-H16 -> -45272.153 | L16: =IF(AND(H16=0,J16=0),0,IF(H16=0,"New",(J16-H16)/H16)) -> -0.15249274
A17: 397A-גרבי | B17: =IFERROR(INDEX('Source 2026'!$C:$C,MATCH($A17,'Source 2026'!$B:$B,0)),IFERROR(INDEX('Source 2025'!$C:$C,MATCH($A17,'Source 2025'!$B:$B,0)),"")) -> טיסה אנטי בקטרי35-38 | C17: =SUMIFS('Source 2025'!$I:$I,'Source 2025'!$B:$B,$A17,'Source 2025'!$A:$A,"Quantity (units)") -> 0 | D17: =SUMIFS('Source 2026'!$I:$I,'Source 2026'!$B:$B,$A17,'Source 2026'!$A:$A,"Quantity (units)") -> 1552 | E17: =D17*$J$5 -> 1960.4211 | F17: =E17-C17 -> 1960.4211 | G17: =IF(AND(C17=0,E17=0),0,IF(C17=0,"New",(E17-C17)/C17)) -> New | H17: =SUMIFS('Source 2025'!$I:$I,'Source 2025'!$B:$B,$A17,'Source 2025'!$A:$A,"Amount (NIS)") -> 0 | I17: =SUMIFS('Source 2026'!$I:$I,'Source 2026'!$B:$B,$A17,'Source 2026'!$A:$A,"Amount (NIS)") -> 84761 | J17: =I17*$J$5 -> 107066.53 | K17: =J17-H17 -> 107066.53 | L17: =IF(AND(H17=0,J17=0),0,IF(H17=0,"New",(J17-H17)/H17)) -> New
A18: 34 | B18: =IFERROR(INDEX('Source 2026'!$C:$C,MATCH($A18,'Source 2026'!$B:$B,0)),IFERROR(INDEX('Source 2025'!$C:$C,MATCH($A18,'Source 2025'!$B:$B,0)),"")) -> M מגן קרסול עקב סגור | C18: =SUMIFS('Source 2025'!$I:$I,'Source 2025'!$B:$B,$A18,'Source 2025'!$A:$A,"Quantity (units)") -> 6872 | D18: =SUMIFS('Source 2026'!$I:$I,'Source 2026'!$B:$B,$A18,'Source 2026'!$A:$A,"Quantity (units)") -> 4609 | E18: =D18*$J$5 -> 5821.8947 | F18: =E18-C18 -> -1050.1053 | G18: =IF(AND(C18=0,E18=0),0,IF(C18=0,"New",(E18-C18)/C18)) -> -0.15280926 | H18: =SUMIFS('Source 2025'!$I:$I,'Source 2025'!$B:$B,$A18,'Source 2025'!$A:$A,"Amount (NIS)") -> 260017.5 | I18: =SUMIFS('Source 2026'!$I:$I,'Source 2026'!$B:$B,$A18,'Source 2026'!$A:$A,"Amount (NIS)") -> 176444.8 | J18: =I18*$J$5 -> 222877.64 | K18: =J18-H18 -> -37139.858 | L18: =IF(AND(H18=0,J18=0),0,IF(H18=0,"New",(J18-H18)/H18)) -> -0.14283599
A19: 45C | B19: =IFERROR(INDEX('Source 2026'!$C:$C,MATCH($A19,'Source 2026'!$B:$B,0)),IFERROR(INDEX('Source 2025'!$C:$C,MATCH($A19,'Source 2025'!$B:$B,0)),"")) -> S מגן ברך חום | C19: =SUMIFS('Source 2025'!$I:$I,'Source 2025'!$B:$B,$A19,'Source 2025'!$A:$A,"Quantity (units)") -> 11105 | D19: =SUMIFS('Source 2026'!$I:$I,'Source 2026'!$B:$B,$A19,'Source 2026'!$A:$A,"Quantity (units)") -> 8013 | E19: =D19*$J$5 -> 10121.684 | F19: =E19-C19 -> -983.31579 | G19: =IF(AND(C19=0,E19=0),0,IF(C19=0,"New",(E19-C19)/C19)) -> -0.088547122 | H19: =SUMIFS('Source 2025'!$I:$I,'Source 2025'!$B:$B,$A19,'Source 2025'!$A:$A,"Amount (NIS)") -> 287948.7 | I19: =SUMIFS('Source 2026'!$I:$I,'Source 2026'!$B:$B,$A19,'Source 2026'!$A:$A,"Amount (NIS)") -> 209745.6 | J19: =I19*$J$5 -> 264941.81 | K19: =J19-H19 -> -23006.889 | L19: =IF(AND(H19=0,J19=0),0,IF(H19=0,"New",(J19-H19)/H19)) -> -0.079899265
A20: AC75 | B20: =IFERROR(INDEX('Source 2026'!$C:$C,MATCH($A20,'Source 2026'!$B:$B,0)),IFERROR(INDEX('Source 2025'!$C:$C,MATCH($A20,'Source 2025'!$B:$B,0)),"")) -> מישר כתפיים אקטיב | C20: =SUMIFS('Source 2025'!$I:$I,'Source 2025'!$B:$B,$A20,'Source 2025'!$A:$A,"Quantity (units)") -> 738 | D20: =SUMIFS('Source 2026'!$I:$I,'Source 2026'!$B:$B,$A20,'Source 2026'!$A:$A,"Quantity (units)") -> 1790 | E20: =D20*$J$5 -> 2261.0526 | F20: =E20-C20 -> 1523.0526 | G20: =IF(AND(C20=0,E20=0),0,IF(C20=0,"New",(E20-C20)/C20)) -> 2.063757 | H20: =SUMIFS('Source 2025'!$I:$I,'Source 2025'!$B:$B,$A20,'Source 2025'!$A:$A,"Amount (NIS)") -> 46423.4 | I20: =SUMIFS('Source 2026'!$I:$I,'Source 2026'!$B:$B,$A20,'Source 2026'!$A:$A,"Amount (NIS)") -> 116307.2 | J20: =I20*$J$5 -> 146914.36 | K20: =J20-H20 -> 100490.96 | L20: =IF(AND(H20=0,J20=0),0,IF(H20=0,"New",(J20-H20)/H20)) -> 2.1646617
... A263: 302SP | B263: =IFERROR(INDEX('Source 2026'!$C:$C,MATCH($A263,'Source 2026'!$B:$B,0)),IFERROR(INDEX('Source 2025'!$C:$C,MATCH($A263,'Source 2025'!$B:$B,0)),"")) -> M מדרס ג'ל ספורט לגבר | C263: =SUMIFS('Source 2025'!$I:$I,'Source 2025'!$B:$B,$A263,'Source 2025'!$A:$A,"Quantity (units)") -> 2 | D263: =SUMIFS('Source 2026'!$I:$I,'Source 2026'!$B:$B,$A263,'Source 2026'!$A:$A,"Quantity (units)") -> 2 | E263: =D263*$J$5 -> 2.5263158 | F263: =E263-C263 -> 0.52631579 | G263: =IF(AND(C263=0,E263=0),0,IF(C263=0,"New",(E263-C263)/C263)) -> 0.26315789 | H263: =SUMIFS('Source 2025'!$I:$I,'Source 2025'!$B:$B,$A263,'Source 2025'!$A:$A,"Amount (NIS)") -> 131.3 | I263: =SUMIFS('Source 2026'!$I:$I,'Source 2026'!$B:$B,$A263,'Source 2026'!$A:$A,"Amount (NIS)") -> 131.3 | J263: =I263*$J$5 -> 165.85263 | K263: =J263-H263 -> 34.552632 | L263: =IF(AND(H263=0,J263=0),0,IF(H263=0,"New",(J263-H263)/H263)) -> 0.26315789
B265: TOTAL | C265: =SUM(C9:C263) -> 204428 | D265: =SUM(D9:D263) -> 137851 | E265: =SUM(E9:E263) -> 174127.58 | F265: =SUM(F9:F263) -> -30300.421 | G265: =IF(C265=0,"N/A",F265/C265) -> -0.1482205 | H265: =SUM(H9:H263) -> 7597886.3 | I265: =SUM(I9:I263) -> 5165969.3 | J265: =SUM(J9:J263) -> 6525434.9 | K265: =SUM(K9:K263) -> -1072451.4 | L265: =IF(H265=0,"N/A",K265/H265) -> -0.14115128

Sheet Source 2025
A1: נתוני מקור גולמיים - 2025 - כל 18 עמודות הלקוח (מתוך דוח PPlay1 of uriel, Reporter), ללא שינוי לשורות/ערכים עצמם
A2: Block | B2: CODE | C2: Item description (raw) | D2: 0בתי טבע | E2: 0בתי טבע רשתות | F2: 0בתי מרקחת | G2: 0כללי | H2: 0מפיצי משנה | I2: 0פארמים | J2: BE | K2: אילת BE | L2: אילת זיכויי BE | M2: גוד פארם | N2: גוד פארם מרכז | O2: הפרכל הפרפארם | P2: זיכויים BE | Q2: סופרפארם | R2: שופרסל BE | S2: 0צרכנים פרטיים | T2: 0קופות חולים | U2: 0שונות
A3: Amount (NIS) | B3: 369 | C3: S-L אצבעון מסיליקון יחידה | D3: 0 | E3: 0 | F3: 7481.9 | G3: 0 | H3: 0 | I3: 25066.4 | J3: 0 | K3: 264.2 | L3: 0 | M3: 0 | N3: -23.6 | O3: 0 | P3: -172 | Q3: 22376.6 | R3: 2621.3 | S3: 0 | T3: 0 | U3: 0
A4: Amount (NIS) | B4: 369 | C4: XL אצבעון מסיליקון יחידה | D4: 0 | E4: 0 | F4: 10290.8 | G4: 0 | H4: 0 | I4: 29622.5 | J4: 0 | K4: 109.2 | L4: 0 | M4: 0 | N4: -26 | O4: 49.1 | P4: -302.8 | Q4: 25972.9 | R4: 3820.2 | S4: 0 | T4: 0 | U4: 0
A5: Amount (NIS) | B5: PD | C5: 344-אבן טבעית להסרת עור קשה | D5: 0 | E5: 0 | F5: 2239.4 | G5: 0 | H5: 0 | I5: 843.4 | J5: 0 | K5: 57.8 | L5: 0 | M5: 0 | N5: -8.5 | O5: 101 | P5: -14.4 | Q5: 0 | R5: 707.6 | S5: 0 | T5: 0 | U5: 0
A6: Amount (NIS) | B6: 805AT-Cאתלטיק | C6: טייפ בז' 20מ""מ20 | D6: 0 | E6: 0 | F6: 1089.5 | G6: 0 | H6: 0 | I6: 0 | J6: 0 | K6: 0 | L6: 0 | M6: 0 | N6: 0 | O6: 0 | P6: 0 | Q6: 0 | R6: 0 | S6: 0 | T6: 0 | U6: 0
A7: Amount (NIS) | B7: 805AT-B | C7: אתלטיק טייפ שחור 20מ""מ | D7: 0 | E7: 0 | F7: 318.7 | G7: 0 | H7: 0 | I7: 0 | J7: 0 | K7: 0 | L7: 0 | M7: 0 | N7: 0 | O7: 0 | P7: 0 | Q7: 0 | R7: 0 | S7: 0 | T7: 0 | U7: 0
A8: Amount (NIS) | B8: 805AT-BLאתלטיק | C8: טייפ כחול 20מ""מ | D8: 0 | E8: 0 | F8: 301.4 | G8: 0 | H8: 0 | I8: 0 | J8: 0 | K8: 0 | L8: 0 | M8: 0 | N8: 0 | O8: 0 | P8: 0 | Q8: 0 | R8: 0 | S8: 0 | T8: 0 | U8: 0
A9: Amount (NIS) | B9: 805AT-W | C9: אתלטיק טייפ לבן 20מ""מ | D9: 0 | E9: 0 | F9: 719.1 | G9: 0 | H9: 0 | I9: 0 | J9: 0 | K9: 0 | L9: 0 | M9: 0 | N9: 0 | O9: 0 | P9: 0 | Q9: 0 | R9: 0 | S9: 0 | T9: 0 | U9: 0
A10: Amount (NIS) | B10: 363 | C10: בננה לתמיכת אצבעות ז.כרית | D10: 0 | E10: 0 | F10: 3246.9 | G10: 0 | H10: 0 | I10: 5544.2 | J10: 0 | K10: 165.1 | L10: 0 | M10: 0 | N10: -26 | O10: 0 | P10: -94.3 | Q10: 4320.4 | R10: 1179 | S10: 0 | T10: 0 | U10: 0
A11: Amount (NIS) | B11: 320 | C11: בליסטר פלסטר | D11: 0 | E11: 0 | F11: 5509.9 | G11: 0 | H11: 708.9 | I11: 36835 | J11: 0 | K11: 383.4 | L11: -19.2 | M11: 58.9 | N11: 10.9 | O11: 0 | P11: -95.9 | Q11: 33927.9 | R11: 2568.9 | S11: 0 | T11: 0 | U11: 0
A12: Amount (NIS) | B12: 390B | C12: גרב.כסף לסכרתים שחור35-38 | D12: 0 | E12: 0 | F12: 614.1 | G12: 0 | H12: 0 | I12: 882.1 | J12: 0 | K12: 0 | L12: 0 | M12: 0 | N12: 0 | O12: 0 | P12: -62.9 | Q12: 882.1 | R12: 62.9 | S12: 0 | T12: 0 | U12: 0
A13: Amount (NIS) | B13: 390B | C13: 39-42.גרב.כסף לסכרתיים שח | D13: 0 | E13: 0 | F13: 1277.4 | G13: 0 | H13: 0 | I13: 2619.5 | J13: 0 | K13: 0 | L13: 0 | M13: 0 | N13: 0 | O13: 0 | P13: 0 | Q13: 2179.1 | R13: 440.4 | S13: 0 | T13: 0 | U13: 0
A14: Amount (NIS) | B14: 390B | C14: 43-46.גרב.כסף לסכרתיים שח | D14: 0 | E14: 0 | F14: 2296 | G14: 0 | H14: 0 | I14: 3357.9 | J14: 0 | K14: 157.3 | L14: 0 | M14: 0 | N14: 0 | O14: 0 | P14: -94.4 | Q14: 2791.6 | R14: 503.4 | S14: 0 | T14: 0 | U14: 0
... A1181: Quantity (units) | B1181: SH422 | C1181: 5 תומך ברך גנושילד | D1181: 0 | E1181: 0 | F1181: 6 | G1181: 0 | H1181: 0 | I1181: 0 | J1181: 0 | K1181: 0 | L1181: 0 | M1181: 0 | N1181: 0 | O1181: 0 | P1181: 0 | Q1181: 0 | R1181: 0 | S1181: 0 | T1181: 0 | U1181: 0

Sheet Source 2026
A1: נתוני מקור גולמיים - 2026 - כל 18 עמודות הלקוח (מתוך דוח PPlay1 of uriel, Reporter), ללא שינוי לשורות/ערכים עצמם
A2: Block | B2: CODE | C2: Item description (raw) | D2: 0בתי טבע | E2: 0בתי טבע רשתות | F2: 0בתי מרקחת | G2: 0כללי | H2: 0מפיצי משנה | I2: 0פארמים | J2: BE | K2: אילת BE | L2: אילת זיכויי BE | M2: גוד פארם | N2: גוד פארם מרכז | O2: הפרכל הפרפארם | P2: זיכויים BE | Q2: סופרפארם | R2: שופרסל BE | S2: 0צרכנים פרטיים | T2: 0קופות חולים | U2: 0שונות
A3: Amount (NIS) | B3: 369 | C3: S-L אצבעון מסיליקון יחידה | D3: 0 | E3: 0 | F3: 5489.3 | G3: 0 | H3: 20.7 | I3: 18346.8 | J3: 0 | K3: 162.6 | L3: 0 | M3: 0 | N3: 143.1 | O3: 0 | P3: -20.3 | Q3: 16354.5 | R3: 1706.9 | S3: 0 | T3: 870.8 | U3: 0
A4: Amount (NIS) | B4: 369 | C4: XL אצבעון מסיליקון יחידה | D4: 0 | E4: 0 | F4: 6889.9 | G4: 0 | H4: 0 | I4: 20591.7 | J4: 0 | K4: 327.5 | L4: 0 | M4: 0 | N4: 288.2 | O4: 0 | P4: -43.7 | Q4: 18338.8 | R4: 1680.9 | S4: 0 | T4: 1492.4 | U4: 0
A5: Amount (NIS) | B5: PD | C5: 344-אבן טבעית להסרת עור קשה | D5: 0 | E5: 0 | F5: 1552 | G5: 0 | H5: 0 | I5: 1181.8 | J5: 0 | K5: 36.1 | L5: 0 | M5: 0 | N5: 26.6 | O5: 43.3 | P5: -14.4 | Q5: 0 | R5: 1090.2 | S5: 0 | T5: 771.2 | U5: 0
A6: Amount (NIS) | B6: 805AT-Cאתלטיק | C6: טייפ בז' 20מ""מ20 | D6: 0 | E6: 0 | F6: 788.6 | G6: 0 | H6: 0 | I6: 0 | J6: 0 | K6: 0 | L6: 0 | M6: 0 | N6: 0 | O6: 0 | P6: 0 | Q6: 0 | R6: 0 | S6: 0 | T6: 0 | U6: 0
A7: Amount (NIS) | B7: 805AT-B | C7: אתלטיק טייפ שחור 20מ""מ | D7: 0 | E7: 0 | F7: 358.6 | G7: 0 | H7: 0 | I7: 0 | J7: 0 | K7: 0 | L7: 0 | M7: 0 | N7: 0 | O7: 0 | P7: 0 | Q7: 0 | R7: 0 | S7: 0 | T7: 0 | U7: 0
A8: Amount (NIS) | B8: 805AT-BLאתלטיק | C8: טייפ כחול 20מ""מ | D8: 0 | E8: 0 | F8: 319.4 | G8: 0 | H8: 0 | I8: 0 | J8: 0 | K8: 0 | L8: 0 | M8: 0 | N8: 0 | O8: 0 | P8: 0 | Q8: 0 | R8: 0 | S8: 0 | T8: 0 | U8: 0
A9: Amount (NIS) | B9: 805AT-W | C9: אתלטיק טייפ לבן 20מ""מ | D9: 0 | E9: 0 | F9: 665.2 | G9: 0 | H9: 0 | I9: 0 | J9: 0 | K9: 0 | L9: 0 | M9: 0 | N9: 0 | O9: 0 | P9: 0 | Q9: 0 | R9: 0 | S9: 0 | T9: 0 | U9: 0
A10: Amount (NIS) | B10: 363 | C10: בננה לתמיכת אצבעות ז.כרית | D10: 0 | E10: 0 | F10: 2749.1 | G10: 0 | H10: 0 | I10: 2790.2 | J10: 0 | K10: 47.2 | L10: 0 | M10: 0 | N10: 0 | O10: 0 | P10: -47.2 | Q10: 2224.3 | R10: 565.9 | S10: 0 | T10: 668 | U10: 0
A11: Amount (NIS) | B11: 320 | C11: בליסטר פלסטר | D11: 0 | E11: 0 | F11: 3827.3 | G11: 0 | H11: 51.1 | I11: 24943.6 | J11: 0 | K11: 191.7 | L11: 0 | M11: 157.1 | N11: 117.8 | O11: 0 | P11: -57.5 | Q11: 23901.8 | R11: 632.6 | S11: 0 | T11: 939.1 | U11: -78.6
A12: Amount (NIS) | B12: S-XLST422 | C12: מגן ברך+כרית ג'ל | D12: 0 | E12: 0 | F12: 0 | G12: 0 | H12: 0 | I12: 0 | J12: 0 | K12: 0 | L12: 0 | M12: 0 | N12: 0 | O12: 0 | P12: 0 | Q12: 0 | R12: 0 | S12: 0 | T12: 2875.6 | U12: 0
A13: Amount (NIS) | B13: 390B | C13: גרב.כסף לסכרתים שחור35-38 | D13: 0 | E13: 0 | F13: 360.4 | G13: 0 | H13: 0 | I13: 337.1 | J13: 0 | K13: 0 | L13: 0 | M13: 0 | N13: 0 | O13: 0 | P13: -31.5 | Q13: 211.3 | R13: 157.3 | S13: 0 | T13: 41.3 | U13: 0
A14: Amount (NIS) | B14: 390B | C14: 39-42.גרב.כסף לסכרתיים שח | D14: 0 | E14: 0 | F14: 507.9 | G14: 0 | H14: 0 | I14: 891.5 | J14: 0 | K14: 0 | L14: 0 | M14: 0 | N14: 0 | O14: 0 | P14: -62.9 | Q14: 828.6 | R14: 125.8 | S14: 0 | T14: 112.1 | U14: 0
... A1108: Quantity (units) | B1108: SH422 | C1108: 6 תומך ברך גנושילד | D1108: 0 | E1108: 0 | F1108: 12 | G1108: 0 | H1108: 0 | I1108: 14 | J1108: 0 | K1108: 0 | L1108: 0 | M1108: 0 | N1108: 0 | O1108: 0 | P1108: 0 | Q1108: 14 | R1108: 0 | S1108: 0 | T1108: 17 | U1108: 0
