Workbook

Sheet Index
A1: Sales Comparison 2025 vs 2026 - by Customer (PPlay1 of uriel report)
A2: Calculation date: | B2: 46284
A3: Each sheet below is a live comparison table (formulas, not hardcoded values) for one customer, built from the "Source 2025"/"Source 2026" raw-data sheets. "Super Pharm" is on the sheet named "Comparison" (kept from the previous build). Click a customer name to jump to its sheet.
A5: Customer | B5: Sheet | C5: # Product Codes | D5: Quantity 2025 | E5: Quantity 2026 | F5: Qty Change % | G5: Amount 2025 (₪) | H5: Amount 2026 (₪) | I5: Amount Change %
A6: 0בתי טבע | B6: 0בתי טבע | C6: 1 | D6: ='0בתי טבע'!C8 -> 0 | E6: ='0בתי טבע'!D8 -> 2 | F6: ='0בתי טבע'!F8 -> N/A | G6: ='0בתי טבע'!G8 -> 0 | H6: ='0בתי טבע'!H8 -> 120 | I6: ='0בתי טבע'!J8 -> N/A
A7: 0בתי טבע רשתות | B7: 0בתי טבע רשתות | C7: 0 | D7: ='0בתי טבע רשתות'!C7 -> 0 | E7: ='0בתי טבע רשתות'!D7 -> 0 | F7: ='0בתי טבע רשתות'!F7 -> 0 | G7: ='0בתי טבע רשתות'!G7 -> 0 | H7: ='0בתי טבע רשתות'!H7 -> 0 | I7: ='0בתי טבע רשתות'!J7 -> 0
A8: 0בתי מרקחת | B8: 0בתי מרקחת | C8: 278 | D8: ='0בתי מרקחת'!C285 -> 53153 | E8: ='0בתי מרקחת'!D285 -> 32995 | F8: ='0בתי מרקחת'!F285 -> -0.37924482 | G8: ='0בתי מרקחת'!G285 -> 1940731.5 | H8: ='0בתי מרקחת'!H285 -> 1283059.8 | I8: ='0בתי מרקחת'!J285 -> -0.33887825
A9: 0כללי | B9: 0כללי | C9: 0 | D9: =0כללי!C7 -> 0 | E9: =0כללי!D7 -> 0 | F9: =0כללי!F7 -> 0 | G9: =0כללי!G7 -> 0 | H9: =0כללי!H7 -> 0 | I9: =0כללי!J7 -> 0
A10: 0מפיצי משנה | B10: 0מפיצי משנה | C10: 43 | D10: ='0מפיצי משנה'!C50 -> 374 | E10: ='0מפיצי משנה'!D50 -> 175 | F10: ='0מפיצי משנה'!F50 -> -0.53208556 | G10: ='0מפיצי משנה'!G50 -> 9812.1 | H10: ='0מפיצי משנה'!H50 -> 4549.9 | I10: ='0מפיצי משנה'!J50 -> -0.53629702
A11: 0פארמים | B11: 0פארמים | C11: 255 | D11: =0פארמים!C262 -> 204428 | E11: =0פארמים!D262 -> 137851 | F11: =0פארמים!F262 -> -0.32567457 | G11: =0פארמים!G262 -> 7597886.3 | H11: =0פארמים!H262 -> 5165969.3 | I11: =0פארמים!J262 -> -0.3200781
A12: BE | B12: BE | C12: 0 | D12: =BE!C7 -> 0 | E12: =BE!D7 -> 0 | F12: =BE!F7 -> 0 | G12: =BE!G7 -> 0 | H12: =BE!H7 -> 0 | I12: =BE!J7 -> 0
A13: אילת BE | B13: אילת BE | C13: 116 | D13: ='אילת BE'!C123 -> 2393 | E13: ='אילת BE'!D123 -> 1501 | F13: ='אילת BE'!F123 -> -0.37275387 | G13: ='אילת BE'!G123 -> 65581.4 | H13: ='אילת BE'!H123 -> 49349.3 | I13: ='אילת BE'!J123 -> -0.24751073
A14: אילת זיכויי BE | B14: אילת זיכויי BE | C14: 23 | D14: ='אילת זיכויי BE'!C30 -> -47 | E14: ='אילת זיכויי BE'!D30 -> -5 | F14: ='אילת זיכויי BE'!F30 -> -0.89361702 | G14: ='אילת זיכויי BE'!G30 -> -2050 | H14: ='אילת זיכויי BE'!H30 -> -517.8 | I14: ='אילת זיכויי BE'!J30 -> -0.74741463
A15: גוד פארם | B15: גוד פארם | C15: 42 | D15: ='גוד פארם'!C49 -> 211 | E15: ='גוד פארם'!D49 -> 125 | F15: ='גוד פארם'!F49 -> -0.40758294 | G15: ='גוד פארם'!G49 -> 7329.5 | H15: ='גוד פארם'!H49 -> 4352.2 | I15: ='גוד פארם'!J49 -> -0.40620779
A16: גוד פארם מרכז | B16: גוד פארם מרכז | C16: 99 | D16: ='גוד פארם מרכז'!C106 -> 444 | E16: ='גוד פארם מרכז'!D106 -> 310 | F16: ='גוד פארם מרכז'!F106 -> -0.3018018 | G16: ='גוד פארם מרכז'!G106 -> 11837 | H16: ='גוד פארם מרכז'!H106 -> 8839.1 | I16: ='גוד פארם מרכז'!J106 -> -0.25326519
A17: הפרכל הפרפארם | B17: הפרכל הפרפארם | C17: 52 | D17: ='הפרכל הפרפארם'!C59 -> 316 | E17: ='הפרכל הפרפארם'!D59 -> 233 | F17: ='הפרכל הפרפארם'!F59 -> -0.26265823 | G17: ='הפרכל הפרפארם'!G59 -> 9222.1 | H17: ='הפרכל הפרפארם'!H59 -> 7173.6 | I17: ='הפרכל הפרפארם'!J59 -> -0.22212945
A18: זיכויים BE | B18: זיכויים BE | C18: 150 | D18: ='זיכויים BE'!C157 -> -1274 | E18: ='זיכויים BE'!D157 -> -660 | F18: ='זיכויים BE'!F157 -> -0.48194662 | G18: ='זיכויים BE'!G157 -> -78358.9 | H18: ='זיכויים BE'!H157 -> -35015.9 | I18: ='זיכויים BE'!J157 -> -0.55313436
A19: סופרפארם | B19: Comparison | C19: 219 | D19: =Comparison!C226 -> 176505 | E19: =Comparison!D226 -> 118307 | F19: =Comparison!F226 -> -0.32972437 | G19: =Comparison!G226 -> 6689220.5 | H19: =Comparison!H226 -> 4476515.3 | I19: =Comparison!J226 -> -0.3307867
A20: שופרסל BE | B20: שופרסל BE | C20: 149 | D20: ='שופרסל BE'!C156 -> 25880 | E20: ='שופרסל BE'!D156 -> 18040 | F20: ='שופרסל BE'!F156 -> -0.30293663 | G20: ='שופרסל BE'!G156 -> 895106.5 | H20: ='שופרסל BE'!H156 -> 655276.6 | I20: ='שופרסל BE'!J156 -> -0.26793449
A21: 0צרכנים פרטיים | B21: 0צרכנים פרטיים | C21: 23 | D21: ='0צרכנים פרטיים'!C30 -> 34 | E21: ='0צרכנים פרטיים'!D30 -> 8 | F21: ='0צרכנים פרטיים'!F30 -> -0.76470588 | G21: ='0צרכנים פרטיים'!G30 -> 1620.1 | H21: ='0צרכנים פרטיים'!H30 -> 454.5 | I21: ='0צרכנים פרטיים'!J30 -> -0.71946176
A22: 0קופות חולים | B22: 0קופות חולים | C22: 107 | D22: ='0קופות חולים'!C114 -> 0 | E22: ='0קופות חולים'!D114 -> 10037 | F22: ='0קופות חולים'!F114 -> N/A | G22: ='0קופות חולים'!G114 -> 0 | H22: ='0קופות חולים'!H114 -> 307514.4 | I22: ='0קופות חולים'!J114 -> N/A
A23: 0שונות | B23: 0שונות | C23: 39 | D23: =0שונות!C46 -> -39 | E23: =0שונות!D46 -> -128 | F23: =0שונות!F46 -> 2.2820513 | G23: =0שונות!G46 -> -3696.5 | H23: =0שונות!H46 -> -7567.7 | I23: =0שונות!J46 -> 1.0472609

Sheet Comparison
A1: Sales Comparison 2025 vs 2026 - Customer: סופרפארם (by Product CODE)
A2: Calculation date: | B2: 46284
A3: Source: PPlay1 of uriel (Reporter) product x customer pivot reports for 2025 and 2026, customer column "סופרפארם" only (raw values in 'Source 2025'!$Q:$Q / 'Source 2026'!$Q:$Q). Each file has two data blocks: "נטו" (Net Amount, NIS) and "סהכ יחידות" (Total Units). Product CODE parsed as the first token of column B in the original file (before the first space); size/color variants sharing the same base CODE are summed together via SUMIFS. Rows below only include product codes with non-zero quantity or amount for this customer in at least one of the two years; codes that are 0 for this customer in both years (sold only to other customers) were excluded as not relevant to this comparison.
A5: Product Code | B5: Product Name | C5: Quantity 2025 | D5: Quantity 2026 | E5: Quantity Change | F5: Quantity Change % | G5: Amount 2025 (₪) | H5: Amount 2026 (₪) | I5: Amount Change (₪) | J5: Amount Change %
A6: מדרסי | B6: =IFERROR(INDEX('Source 2026'!$C:$C,MATCH($A6,'Source 2026'!$B:$B,0)),IFERROR(INDEX('Source 2025'!$C:$C,MATCH($A6,'Source 2025'!$B:$B,0)),"")) -> אפיק ג'ל מולט.ספורט35-38 | C6: =SUMIFS('Source 2025'!$Q:$Q,'Source 2025'!$B:$B,$A6,'Source 2025'!$A:$A,"Quantity (units)") -> 2855 | D6: =SUMIFS('Source 2026'!$Q:$Q,'Source 2026'!$B:$B,$A6,'Source 2026'!$A:$A,"Quantity (units)") -> 481 | E6: =D6-C6 -> -2374 | F6: =IF(AND(C6=0,D6=0),0,IF(C6=0,"New",(D6-C6)/C6)) -> -0.83152364 | G6: =SUMIFS('Source 2025'!$Q:$Q,'Source 2025'!$B:$B,$A6,'Source 2025'!$A:$A,"Amount (NIS)") -> 265726.2 | H6: =SUMIFS('Source 2026'!$Q:$Q,'Source 2026'!$B:$B,$A6,'Source 2026'!$A:$A,"Amount (NIS)") -> 47626.6 | I6: =H6-G6 -> -218099.6 | J6: =IF(AND(G6=0,H6=0),0,IF(G6=0,"New",(H6-G6)/G6)) -> -0.82076814
A7: 35-38 | B7: =IFERROR(INDEX('Source 2026'!$C:$C,MATCH($A7,'Source 2026'!$B:$B,0)),IFERROR(INDEX('Source 2025'!$C:$C,MATCH($A7,'Source 2025'!$B:$B,0)),"")) -> מדרסי אפיק ג'ל נוחות | C7: =SUMIFS('Source 2025'!$Q:$Q,'Source 2025'!$B:$B,$A7,'Source 2025'!$A:$A,"Quantity (units)") -> 1776 | D7: =SUMIFS('Source 2026'!$Q:$Q,'Source 2026'!$B:$B,$A7,'Source 2026'!$A:$A,"Quantity (units)") -> 112 | E7: =D7-C7 -> -1664 | F7: =IF(AND(C7=0,D7=0),0,IF(C7=0,"New",(D7-C7)/C7)) -> -0.93693694 | G7: =SUMIFS('Source 2025'!$Q:$Q,'Source 2025'!$B:$B,$A7,'Source 2025'!$A:$A,"Amount (NIS)") -> 164431.7 | H7: =SUMIFS('Source 2026'!$Q:$Q,'Source 2026'!$B:$B,$A7,'Source 2026'!$A:$A,"Amount (NIS)") -> 11519.9 | I7: =H7-G7 -> -152911.8 | J7: =IF(AND(G7=0,H7=0),0,IF(G7=0,"New",(H7-G7)/G7)) -> -0.92994112
A8: 39-42 | B8: =IFERROR(INDEX('Source 2026'!$C:$C,MATCH($A8,'Source 2026'!$B:$B,0)),IFERROR(INDEX('Source 2025'!$C:$C,MATCH($A8,'Source 2025'!$B:$B,0)),"")) -> מדרסי אפיק ג'ל נוחות | C8: =SUMIFS('Source 2025'!$Q:$Q,'Source 2025'!$B:$B,$A8,'Source 2025'!$A:$A,"Quantity (units)") -> 2025 | D8: =SUMIFS('Source 2026'!$Q:$Q,'Source 2026'!$B:$B,$A8,'Source 2026'!$A:$A,"Quantity (units)") -> 522 | E8: =D8-C8 -> -1503 | F8: =IF(AND(C8=0,D8=0),0,IF(C8=0,"New",(D8-C8)/C8)) -> -0.74222222 | G8: =SUMIFS('Source 2025'!$Q:$Q,'Source 2025'!$B:$B,$A8,'Source 2025'!$A:$A,"Amount (NIS)") -> 188767.1 | H8: =SUMIFS('Source 2026'!$Q:$Q,'Source 2026'!$B:$B,$A8,'Source 2026'!$A:$A,"Amount (NIS)") -> 52314 | I8: =H8-G8 -> -136453.1 | J8: =IF(AND(G8=0,H8=0),0,IF(G8=0,"New",(H8-G8)/G8)) -> -0.72286484
A9: 43-47 | B9: =IFERROR(INDEX('Source 2026'!$C:$C,MATCH($A9,'Source 2026'!$B:$B,0)),IFERROR(INDEX('Source 2025'!$C:$C,MATCH($A9,'Source 2025'!$B:$B,0)),"")) -> מדרסי אפיק ג'ל נוחות | C9: =SUMIFS('Source 2025'!$Q:$Q,'Source 2025'!$B:$B,$A9,'Source 2025'!$A:$A,"Quantity (units)") -> 2122 | D9: =SUMIFS('Source 2026'!$Q:$Q,'Source 2026'!$B:$B,$A9,'Source 2026'!$A:$A,"Quantity (units)") -> 789 | E9: =D9-C9 -> -1333 | F9: =IF(AND(C9=0,D9=0),0,IF(C9=0,"New",(D9-C9)/C9)) -> -0.62818096 | G9: =SUMIFS('Source 2025'!$Q:$Q,'Source 2025'!$B:$B,$A9,'Source 2025'!$A:$A,"Amount (NIS)") -> 197774.9 | H9: =SUMIFS('Source 2026'!$Q:$Q,'Source 2026'!$B:$B,$A9,'Source 2026'!$A:$A,"Amount (NIS)") -> 78734.4 | I9: =H9-G9 -> -119040.5 | J9: =IF(AND(G9=0,H9=0),0,IF(G9=0,"New",(H9-G9)/G9)) -> -0.60189893
A10: 26 | B10: =IFERROR(INDEX('Source 2026'!$C:$C,MATCH($A10,'Source 2026'!$B:$B,0)),IFERROR(INDEX('Source 2025'!$C:$C,MATCH($A10,'Source 2025'!$B:$B,0)),"")) -> L סד ליד דו צדדי לאחר שבר | C10: =SUMIFS('Source 2025'!$Q:$Q,'Source 2025'!$B:$B,$A10,'Source 2025'!$A:$A,"Quantity (units)") -> 2550 | D10: =SUMIFS('Source 2026'!$Q:$Q,'Source 2026'!$B:$B,$A10,'Source 2026'!$A:$A,"Quantity (units)") -> 1172 | E10: =D10-C10 -> -1378 | F10: =IF(AND(C10=0,D10=0),0,IF(C10=0,"New",(D10-C10)/C10)) -> -0.54039216 | G10: =SUMIFS('Source 2025'!$Q:$Q,'Source 2025'!$B:$B,$A10,'Source 2025'!$A:$A,"Amount (NIS)") -> 208574.2 | H10: =SUMIFS('Source 2026'!$Q:$Q,'Source 2026'!$B:$B,$A10,'Source 2026'!$A:$A,"Amount (NIS)") -> 97035.9 | I10: =H10-G10 -> -111538.3 | J10: =IF(AND(G10=0,H10=0),0,IF(G10=0,"New",(H10-G10)/G10)) -> -0.53476557
A11: 35C | B11: =IFERROR(INDEX('Source 2026'!$C:$C,MATCH($A11,'Source 2026'!$B:$B,0)),IFERROR(INDEX('Source 2025'!$C:$C,MATCH($A11,'Source 2025'!$B:$B,0)),"")) -> S מגן קרסול חום | C11: =SUMIFS('Source 2025'!$Q:$Q,'Source 2025'!$B:$B,$A11,'Source 2025'!$A:$A,"Quantity (units)") -> 10751 | D11: =SUMIFS('Source 2026'!$Q:$Q,'Source 2026'!$B:$B,$A11,'Source 2026'!$A:$A,"Quantity (units)") -> 7007 | E11: =D11-C11 -> -3744 | F11: =IF(AND(C11=0,D11=0),0,IF(C11=0,"New",(D11-C11)/C11)) -> -0.34824667 | G11: =SUMIFS('Source 2025'!$Q:$Q,'Source 2025'!$B:$B,$A11,'Source 2025'!$A:$A,"Amount (NIS)") -> 276617 | H11: =SUMIFS('Source 2026'!$Q:$Q,'Source 2026'!$B:$B,$A11,'Source 2026'!$A:$A,"Amount (NIS)") -> 183180 | I11: =H11-G11 -> -93437 | J11: =IF(AND(G11=0,H11=0),0,IF(G11=0,"New",(H11-G11)/G11)) -> -0.33778473
A12: 21 | B12: =IFERROR(INDEX('Source 2026'!$C:$C,MATCH($A12,'Source 2026'!$B:$B,0)),IFERROR(INDEX('Source 2025'!$C:$C,MATCH($A12,'Source 2025'!$B:$B,0)),"")) -> S חבק יד ארוך | C12: =SUMIFS('Source 2025'!$Q:$Q,'Source 2025'!$B:$B,$A12,'Source 2025'!$A:$A,"Quantity (units)") -> 8258 | D12: =SUMIFS('Source 2026'!$Q:$Q,'Source 2026'!$B:$B,$A12,'Source 2026'!$A:$A,"Quantity (units)") -> 5458 | E12: =D12-C12 -> -2800 | F12: =IF(AND(C12=0,D12=0),0,IF(C12=0,"New",(D12-C12)/C12)) -> -0.33906515 | G12: =SUMIFS('Source 2025'!$Q:$Q,'Source 2025'!$B:$B,$A12,'Source 2025'!$A:$A,"Amount (NIS)") -> 269862.5 | H12: =SUMIFS('Source 2026'!$Q:$Q,'Source 2026'!$B:$B,$A12,'Source 2026'!$A:$A,"Amount (NIS)") -> 179838.7 | I12: =H12-G12 -> -90023.8 | J12: =IF(AND(G12=0,H12=0),0,IF(G12=0,"New",(H12-G12)/G12)) -> -0.33359137
A13: 397A-גרבי | B13: =IFERROR(INDEX('Source 2026'!$C:$C,MATCH($A13,'Source 2026'!$B:$B,0)),IFERROR(INDEX('Source 2025'!$C:$C,MATCH($A13,'Source 2025'!$B:$B,0)),"")) -> טיסה אנטי בקטרי35-38 | C13: =SUMIFS('Source 2025'!$Q:$Q,'Source 2025'!$B:$B,$A13,'Source 2025'!$A:$A,"Quantity (units)") -> 0 | D13: =SUMIFS('Source 2026'!$Q:$Q,'Source 2026'!$B:$B,$A13,'Source 2026'!$A:$A,"Quantity (units)") -> 1552 | E13: =D13-C13 -> 1552 | F13: =IF(AND(C13=0,D13=0),0,IF(C13=0,"New",(D13-C13)/C13)) -> New | G13: =SUMIFS('Source 2025'!$Q:$Q,'Source 2025'!$B:$B,$A13,'Source 2025'!$A:$A,"Amount (NIS)") -> 0 | H13: =SUMIFS('Source 2026'!$Q:$Q,'Source 2026'!$B:$B,$A13,'Source 2026'!$A:$A,"Amount (NIS)") -> 84761 | I13: =H13-G13 -> 84761 | J13: =IF(AND(G13=0,H13=0),0,IF(G13=0,"New",(H13-G13)/G13)) -> New
A14: 397 | B14: =IFERROR(INDEX('Source 2026'!$C:$C,MATCH($A14,'Source 2026'!$B:$B,0)),IFERROR(INDEX('Source 2025'!$C:$C,MATCH($A14,'Source 2025'!$B:$B,0)),"")) -> 35-38 גרבי טיסה מידה | C14: =SUMIFS('Source 2025'!$Q:$Q,'Source 2025'!$B:$B,$A14,'Source 2025'!$A:$A,"Quantity (units)") -> 1506 | D14: =SUMIFS('Source 2026'!$Q:$Q,'Source 2026'!$B:$B,$A14,'Source 2026'!$A:$A,"Quantity (units)") -> -10 | E14: =D14-C14 -> -1516 | F14: =IF(AND(C14=0,D14=0),0,IF(C14=0,"New",(D14-C14)/C14)) -> -1.0066401 | G14: =SUMIFS('Source 2025'!$Q:$Q,'Source 2025'!$B:$B,$A14,'Source 2025'!$A:$A,"Amount (NIS)") -> 79204.9 | H14: =SUMIFS('Source 2026'!$Q:$Q,'Source 2026'!$B:$B,$A14,'Source 2026'!$A:$A,"Amount (NIS)") -> -514.5 | I14: =H14-G14 -> -79719.4 | J14: =IF(AND(G14=0,H14=0),0,IF(G14=0,"New",(H14-G14)/G14)) -> -1.0064958
A15: 34 | B15: =IFERROR(INDEX('Source 2026'!$C:$C,MATCH($A15,'Source 2026'!$B:$B,0)),IFERROR(INDEX('Source 2025'!$C:$C,MATCH($A15,'Source 2025'!$B:$B,0)),"")) -> M מגן קרסול עקב סגור | C15: =SUMIFS('Source 2025'!$Q:$Q,'Source 2025'!$B:$B,$A15,'Source 2025'!$A:$A,"Quantity (units)") -> 6177 | D15: =SUMIFS('Source 2026'!$Q:$Q,'Source 2026'!$B:$B,$A15,'Source 2026'!$A:$A,"Quantity (units)") -> 4200 | E15: =D15-C15 -> -1977 | F15: =IF(AND(C15=0,D15=0),0,IF(C15=0,"New",(D15-C15)/C15)) -> -0.32005828 | G15: =SUMIFS('Source 2025'!$Q:$Q,'Source 2025'!$B:$B,$A15,'Source 2025'!$A:$A,"Amount (NIS)") -> 231846.4 | H15: =SUMIFS('Source 2026'!$Q:$Q,'Source 2026'!$B:$B,$A15,'Source 2026'!$A:$A,"Amount (NIS)") -> 159810.8 | I15: =H15-G15 -> -72035.6 | J15: =IF(AND(G15=0,H15=0),0,IF(G15=0,"New",(H15-G15)/G15)) -> -0.31070398
A16: AC75 | B16: =IFERROR(INDEX('Source 2026'!$C:$C,MATCH($A16,'Source 2026'!$B:$B,0)),IFERROR(INDEX('Source 2025'!$C:$C,MATCH($A16,'Source 2025'!$B:$B,0)),"")) -> מישר כתפיים אקטיב | C16: =SUMIFS('Source 2025'!$Q:$Q,'Source 2025'!$B:$B,$A16,'Source 2025'!$A:$A,"Quantity (units)") -> 659 | D16: =SUMIFS('Source 2026'!$Q:$Q,'Source 2026'!$B:$B,$A16,'Source 2026'!$A:$A,"Quantity (units)") -> 1707 | E16: =D16-C16 -> 1048 | F16: =IF(AND(C16=0,D16=0),0,IF(C16=0,"New",(D16-C16)/C16)) -> 1.5902883 | G16: =SUMIFS('Source 2025'!$Q:$Q,'Source 2025'!$B:$B,$A16,'Source 2025'!$A:$A,"Amount (NIS)") -> 40255.2 | H16: =SUMIFS('Source 2026'!$Q:$Q,'Source 2026'!$B:$B,$A16,'Source 2026'!$A:$A,"Amount (NIS)") -> 109715.2 | I16: =H16-G16 -> 69460 | J16: =IF(AND(G16=0,H16=0),0,IF(G16=0,"New",(H16-G16)/G16)) -> 1.7254914
A17: 45C | B17: =IFERROR(INDEX('Source 2026'!$C:$C,MATCH($A17,'Source 2026'!$B:$B,0)),IFERROR(INDEX('Source 2025'!$C:$C,MATCH($A17,'Source 2025'!$B:$B,0)),"")) -> S מגן ברך חום | C17: =SUMIFS('Source 2025'!$Q:$Q,'Source 2025'!$B:$B,$A17,'Source 2025'!$A:$A,"Quantity (units)") -> 10069 | D17: =SUMIFS('Source 2026'!$Q:$Q,'Source 2026'!$B:$B,$A17,'Source 2026'!$A:$A,"Quantity (units)") -> 7331 | E17: =D17-C17 -> -2738 | F17: =IF(AND(C17=0,D17=0),0,IF(C17=0,"New",(D17-C17)/C17)) -> -0.27192373 | G17: =SUMIFS('Source 2025'!$Q:$Q,'Source 2025'!$B:$B,$A17,'Source 2025'!$A:$A,"Amount (NIS)") -> 259116.9 | H17: =SUMIFS('Source 2026'!$Q:$Q,'Source 2026'!$B:$B,$A17,'Source 2026'!$A:$A,"Amount (NIS)") -> 190767.7 | I17: =H17-G17 -> -68349.2 | J17: =IF(AND(G17=0,H17=0),0,IF(G17=0,"New",(H17-G17)/G17)) -> -0.26377747
... A224: 12 | B224: =IFERROR(INDEX('Source 2026'!$C:$C,MATCH($A224,'Source 2026'!$B:$B,0)),IFERROR(INDEX('Source 2025'!$C:$C,MATCH($A224,'Source 2025'!$B:$B,0)),"")) -> XL ח.גב מגנטית+מוטות תמיכה | C224: =SUMIFS('Source 2025'!$Q:$Q,'Source 2025'!$B:$B,$A224,'Source 2025'!$A:$A,"Quantity (units)") -> -1 | D224: =SUMIFS('Source 2026'!$Q:$Q,'Source 2026'!$B:$B,$A224,'Source 2026'!$A:$A,"Quantity (units)") -> -1 | E224: =D224-C224 -> 0 | F224: =IF(AND(C224=0,D224=0),0,IF(C224=0,"New",(D224-C224)/C224)) -> 0 | G224: =SUMIFS('Source 2025'!$Q:$Q,'Source 2025'!$B:$B,$A224,'Source 2025'!$A:$A,"Amount (NIS)") -> -178.6 | H224: =SUMIFS('Source 2026'!$Q:$Q,'Source 2026'!$B:$B,$A224,'Source 2026'!$A:$A,"Amount (NIS)") -> -178.6 | I224: =H224-G224 -> 0 | J224: =IF(AND(G224=0,H224=0),0,IF(G224=0,"New",(H224-G224)/G224)) -> 0
B226: TOTAL | C226: =SUM(C6:C224) -> 176505 | D226: =SUM(D6:D224) -> 118307 | E226: =SUM(E6:E224) -> -58198 | F226: =IF(C226=0,"N/A",E226/C226) -> -0.32972437 | G226: =SUM(G6:G224) -> 6689220.5 | H226: =SUM(H6:H224) -> 4476515.3 | I226: =SUM(I6:I224) -> -2212705.2 | J226: =IF(G226=0,"N/A",I226/G226) -> -0.3307867

Sheet 0בתי טבע
A1: Sales Comparison 2025 vs 2026 - Customer: 0בתי טבע (by Product CODE)
A2: Calculation date: | B2: 46284
A3: Source: PPlay1 of uriel (Reporter) product x customer pivot reports for 2025 and 2026, customer column "0בתי טבע" only (raw values in 'Source 2025'!$D:$D / 'Source 2026'!$D:$D). Each file has two data blocks: "נטו" (Net Amount, NIS) and "סהכ יחידות" (Total Units). Product CODE parsed as the first token of column B in the original file (before the first space); size/color variants sharing the same base CODE are summed together via SUMIFS. Rows below only include product codes with non-zero quantity or amount for this customer in at least one of the two years; codes that are 0 for this customer in both years (sold only to other customers) were excluded as not relevant to this comparison.
A5: Product Code | B5: Product Name | C5: Quantity 2025 | D5: Quantity 2026 | E5: Quantity Change | F5: Quantity Change % | G5: Amount 2025 (₪) | H5: Amount 2026 (₪) | I5: Amount Change (₪) | J5: Amount Change %
A6: 333 | B6: =IFERROR(INDEX('Source 2026'!$C:$C,MATCH($A6,'Source 2026'!$B:$B,0)),IFERROR(INDEX('Source 2025'!$C:$C,MATCH($A6,'Source 2025'!$B:$B,0)),"")) -> סד לקרסול עם כריות אויר | C6: =SUMIFS('Source 2025'!$D:$D,'Source 2025'!$B:$B,$A6,'Source 2025'!$A:$A,"Quantity (units)") -> 0 | D6: =SUMIFS('Source 2026'!$D:$D,'Source 2026'!$B:$B,$A6,'Source 2026'!$A:$A,"Quantity (units)") -> 2 | E6: =D6-C6 -> 2 | F6: =IF(AND(C6=0,D6=0),0,IF(C6=0,"New",(D6-C6)/C6)) -> New | G6: =SUMIFS('Source 2025'!$D:$D,'Source 2025'!$B:$B,$A6,'Source 2025'!$A:$A,"Amount (NIS)") -> 0 | H6: =SUMIFS('Source 2026'!$D:$D,'Source 2026'!$B:$B,$A6,'Source 2026'!$A:$A,"Amount (NIS)") -> 120 | I6: =H6-G6 -> 120 | J6: =IF(AND(G6=0,H6=0),0,IF(G6=0,"New",(H6-G6)/G6)) -> New
B8: TOTAL | C8: =SUM(C6:C6) -> 0 | D8: =SUM(D6:D6) -> 2 | E8: =SUM(E6:E6) -> 2 | F8: =IF(C8=0,"N/A",E8/C8) -> N/A | G8: =SUM(G6:G6) -> 0 | H8: =SUM(H6:H6) -> 120 | I8: =SUM(I6:I6) -> 120 | J8: =IF(G8=0,"N/A",I8/G8) -> N/A

Sheet 0בתי טבע רשתות
A1: Sales Comparison 2025 vs 2026 - Customer: 0בתי טבע רשתות (by Product CODE)
A2: Calculation date: | B2: 46284
A3: Source: PPlay1 of uriel (Reporter) product x customer pivot reports for 2025 and 2026, customer column "0בתי טבע רשתות" only (raw values in 'Source 2025'!$E:$E / 'Source 2026'!$E:$E). Each file has two data blocks: "נטו" (Net Amount, NIS) and "סהכ יחידות" (Total Units). Product CODE parsed as the first token of column B in the original file (before the first space); size/color variants sharing the same base CODE are summed together via SUMIFS. Rows below only include product codes with non-zero quantity or amount for this customer in at least one of the two years; codes that are 0 for this customer in both years (sold only to other customers) were excluded as not relevant to this comparison.
A5: Product Code | B5: Product Name | C5: Quantity 2025 | D5: Quantity 2026 | E5: Quantity Change | F5: Quantity Change % | G5: Amount 2025 (₪) | H5: Amount 2026 (₪) | I5: Amount Change (₪) | J5: Amount Change %
A6: (No product codes with activity for this customer in either 2025 or 2026)
B7: TOTAL | C7: 0 | D7: 0 | E7: 0 | F7: 0 | G7: 0 | H7: 0 | I7: 0 | J7: 0

Sheet 0בתי מרקחת
A1: Sales Comparison 2025 vs 2026 - Customer: 0בתי מרקחת (by Product CODE)
A2: Calculation date: | B2: 46284
A3: Source: PPlay1 of uriel (Reporter) product x customer pivot reports for 2025 and 2026, customer column "0בתי מרקחת" only (raw values in 'Source 2025'!$F:$F / 'Source 2026'!$F:$F). Each file has two data blocks: "נטו" (Net Amount, NIS) and "סהכ יחידות" (Total Units). Product CODE parsed as the first token of column B in the original file (before the first space); size/color variants sharing the same base CODE are summed together via SUMIFS. Rows below only include product codes with non-zero quantity or amount for this customer in at least one of the two years; codes that are 0 for this customer in both years (sold only to other customers) were excluded as not relevant to this comparison.
A5: Product Code | B5: Product Name | C5: Quantity 2025 | D5: Quantity 2026 | E5: Quantity Change | F5: Quantity Change % | G5: Amount 2025 (₪) | H5: Amount 2026 (₪) | I5: Amount Change (₪) | J5: Amount Change %
A6: 21 | B6: =IFERROR(INDEX('Source 2026'!$C:$C,MATCH($A6,'Source 2026'!$B:$B,0)),IFERROR(INDEX('Source 2025'!$C:$C,MATCH($A6,'Source 2025'!$B:$B,0)),"")) -> S חבק יד ארוך | C6: =SUMIFS('Source 2025'!$F:$F,'Source 2025'!$B:$B,$A6,'Source 2025'!$A:$A,"Quantity (units)") -> 1860 | D6: =SUMIFS('Source 2026'!$F:$F,'Source 2026'!$B:$B,$A6,'Source 2026'!$A:$A,"Quantity (units)") -> 943 | E6: =D6-C6 -> -917 | F6: =IF(AND(C6=0,D6=0),0,IF(C6=0,"New",(D6-C6)/C6)) -> -0.49301075 | G6: =SUMIFS('Source 2025'!$F:$F,'Source 2025'!$B:$B,$A6,'Source 2025'!$A:$A,"Amount (NIS)") -> 72114.1 | H6: =SUMIFS('Source 2026'!$F:$F,'Source 2026'!$B:$B,$A6,'Source 2026'!$A:$A,"Amount (NIS)") -> 36879 | I6: =H6-G6 -> -35235.1 | J6: =IF(AND(G6=0,H6=0),0,IF(G6=0,"New",(H6-G6)/G6)) -> -0.48860209
A7: 397 | B7: =IFERROR(INDEX('Source 2026'!$C:$C,MATCH($A7,'Source 2026'!$B:$B,0)),IFERROR(INDEX('Source 2025'!$C:$C,MATCH($A7,'Source 2025'!$B:$B,0)),"")) -> 35-38 גרבי טיסה מידה | C7: =SUMIFS('Source 2025'!$F:$F,'Source 2025'!$B:$B,$A7,'Source 2025'!$A:$A,"Quantity (units)") -> 518 | D7: =SUMIFS('Source 2026'!$F:$F,'Source 2026'!$B:$B,$A7,'Source 2026'!$A:$A,"Quantity (units)") -> -2 | E7: =D7-C7 -> -520 | F7: =IF(AND(C7=0,D7=0),0,IF(C7=0,"New",(D7-C7)/C7)) -> -1.003861 | G7: =SUMIFS('Source 2025'!$F:$F,'Source 2025'!$B:$B,$A7,'Source 2025'!$A:$A,"Amount (NIS)") -> 30622.4 | H7: =SUMIFS('Source 2026'!$F:$F,'Source 2026'!$B:$B,$A7,'Source 2026'!$A:$A,"Amount (NIS)") -> -82.3 | I7: =H7-G7 -> -30704.7 | J7: =IF(AND(G7=0,H7=0),0,IF(G7=0,"New",(H7-G7)/G7)) -> -1.0026876
A8: 397A-גרבי | B8: =IFERROR(INDEX('Source 2026'!$C:$C,MATCH($A8,'Source 2026'!$B:$B,0)),IFERROR(INDEX('Source 2025'!$C:$C,MATCH($A8,'Source 2025'!$B:$B,0)),"")) -> טיסה אנטי בקטרי35-38 | C8: =SUMIFS('Source 2025'!$F:$F,'Source 2025'!$B:$B,$A8,'Source 2025'!$A:$A,"Quantity (units)") -> 0 | D8: =SUMIFS('Source 2026'!$F:$F,'Source 2026'!$B:$B,$A8,'Source 2026'!$A:$A,"Quantity (units)") -> 456 | E8: =D8-C8 -> 456 | F8: =IF(AND(C8=0,D8=0),0,IF(C8=0,"New",(D8-C8)/C8)) -> New | G8: =SUMIFS('Source 2025'!$F:$F,'Source 2025'!$B:$B,$A8,'Source 2025'!$A:$A,"Amount (NIS)") -> 0 | H8: =SUMIFS('Source 2026'!$F:$F,'Source 2026'!$B:$B,$A8,'Source 2026'!$A:$A,"Amount (NIS)") -> 27020.5 | I8: =H8-G8 -> 27020.5 | J8: =IF(AND(G8=0,H8=0),0,IF(G8=0,"New",(H8-G8)/G8)) -> New
A9: 302 | B9: =IFERROR(INDEX('Source 2026'!$C:$C,MATCH($A9,'Source 2026'!$B:$B,0)),IFERROR(INDEX('Source 2025'!$C:$C,MATCH($A9,'Source 2025'!$B:$B,0)),"")) -> מדרס ג'ל לגבר | C9: =SUMIFS('Source 2025'!$F:$F,'Source 2025'!$B:$B,$A9,'Source 2025'!$A:$A,"Quantity (units)") -> 837 | D9: =SUMIFS('Source 2026'!$F:$F,'Source 2026'!$B:$B,$A9,'Source 2026'!$A:$A,"Quantity (units)") -> 383 | E9: =D9-C9 -> -454 | F9: =IF(AND(C9=0,D9=0),0,IF(C9=0,"New",(D9-C9)/C9)) -> -0.54241338 | G9: =SUMIFS('Source 2025'!$F:$F,'Source 2025'!$B:$B,$A9,'Source 2025'!$A:$A,"Amount (NIS)") -> 49868.9 | H9: =SUMIFS('Source 2026'!$F:$F,'Source 2026'!$B:$B,$A9,'Source 2026'!$A:$A,"Amount (NIS)") -> 24597.7 | I9: =H9-G9 -> -25271.2 | J9: =IF(AND(G9=0,H9=0),0,IF(G9=0,"New",(H9-G9)/G9)) -> -0.50675271
A10: AC-07 | B10: =IFERROR(INDEX('Source 2026'!$C:$C,MATCH($A10,'Source 2026'!$B:$B,0)),IFERROR(INDEX('Source 2025'!$C:$C,MATCH($A10,'Source 2025'!$B:$B,0)),"")) -> חגורת גב עם תמיכות | C10: =SUMIFS('Source 2025'!$F:$F,'Source 2025'!$B:$B,$A10,'Source 2025'!$A:$A,"Quantity (units)") -> 1098 | D10: =SUMIFS('Source 2026'!$F:$F,'Source 2026'!$B:$B,$A10,'Source 2026'!$A:$A,"Quantity (units)") -> 797 | E10: =D10-C10 -> -301 | F10: =IF(AND(C10=0,D10=0),0,IF(C10=0,"New",(D10-C10)/C10)) -> -0.27413479 | G10: =SUMIFS('Source 2025'!$F:$F,'Source 2025'!$B:$B,$A10,'Source 2025'!$A:$A,"Amount (NIS)") -> 93491.9 | H10: =SUMIFS('Source 2026'!$F:$F,'Source 2026'!$B:$B,$A10,'Source 2026'!$A:$A,"Amount (NIS)") -> 68622.4 | I10: =H10-G10 -> -24869.5 | J10: =IF(AND(G10=0,H10=0),0,IF(G10=0,"New",(H10-G10)/G10)) -> -0.266007
A11: SH422 | B11: =IFERROR(INDEX('Source 2026'!$C:$C,MATCH($A11,'Source 2026'!$B:$B,0)),IFERROR(INDEX('Source 2025'!$C:$C,MATCH($A11,'Source 2025'!$B:$B,0)),"")) -> 1 תומך ברך גנושילד | C11: =SUMIFS('Source 2025'!$F:$F,'Source 2025'!$B:$B,$A11,'Source 2025'!$A:$A,"Quantity (units)") -> 19 | D11: =SUMIFS('Source 2026'!$F:$F,'Source 2026'!$B:$B,$A11,'Source 2026'!$A:$A,"Quantity (units)") -> 114 | E11: =D11-C11 -> 95 | F11: =IF(AND(C11=0,D11=0),0,IF(C11=0,"New",(D11-C11)/C11)) -> 5 | G11: =SUMIFS('Source 2025'!$F:$F,'Source 2025'!$B:$B,$A11,'Source 2025'!$A:$A,"Amount (NIS)") -> 4034.6 | H11: =SUMIFS('Source 2026'!$F:$F,'Source 2026'!$B:$B,$A11,'Source 2026'!$A:$A,"Amount (NIS)") -> 23279.6 | I11: =H11-G11 -> 19245 | J11: =IF(AND(G11=0,H11=0),0,IF(G11=0,"New",(H11-G11)/G11)) -> 4.7699896
A12: 307 | B12: =IFERROR(INDEX('Source 2026'!$C:$C,MATCH($A12,'Source 2026'!$B:$B,0)),IFERROR(INDEX('Source 2025'!$C:$C,MATCH($A12,'Source 2025'!$B:$B,0)),"")) -> L עקבים לדורבן-זוג כריות | C12: =SUMIFS('Source 2025'!$F:$F,'Source 2025'!$B:$B,$A12,'Source 2025'!$A:$A,"Quantity (units)") -> 445 | D12: =SUMIFS('Source 2026'!$F:$F,'Source 2026'!$B:$B,$A12,'Source 2026'!$A:$A,"Quantity (units)") -> 230 | E12: =D12-C12 -> -215 | F12: =IF(AND(C12=0,D12=0),0,IF(C12=0,"New",(D12-C12)/C12)) -> -0.48314607 | G12: =SUMIFS('Source 2025'!$F:$F,'Source 2025'!$B:$B,$A12,'Source 2025'!$A:$A,"Amount (NIS)") -> 35993.7 | H12: =SUMIFS('Source 2026'!$F:$F,'Source 2026'!$B:$B,$A12,'Source 2026'!$A:$A,"Amount (NIS)") -> 19504.3 | I12: =H12-G12 -> -16489.4 | J12: =IF(AND(G12=0,H12=0),0,IF(G12=0,"New",(H12-G12)/G12)) -> -0.45811906
A13: 26 | B13: =IFERROR(INDEX('Source 2026'!$C:$C,MATCH($A13,'Source 2026'!$B:$B,0)),IFERROR(INDEX('Source 2025'!$C:$C,MATCH($A13,'Source 2025'!$B:$B,0)),"")) -> L סד ליד דו צדדי לאחר שבר | C13: =SUMIFS('Source 2025'!$F:$F,'Source 2025'!$B:$B,$A13,'Source 2025'!$A:$A,"Quantity (units)") -> 322 | D13: =SUMIFS('Source 2026'!$F:$F,'Source 2026'!$B:$B,$A13,'Source 2026'!$A:$A,"Quantity (units)") -> 161 | E13: =D13-C13 -> -161 | F13: =IF(AND(C13=0,D13=0),0,IF(C13=0,"New",(D13-C13)/C13)) -> -0.5 | G13: =SUMIFS('Source 2025'!$F:$F,'Source 2025'!$B:$B,$A13,'Source 2025'!$A:$A,"Amount (NIS)") -> 31583.1 | H13: =SUMIFS('Source 2026'!$F:$F,'Source 2026'!$B:$B,$A13,'Source 2026'!$A:$A,"Amount (NIS)") -> 16060.1 | I13: =H13-G13 -> -15523 | J13: =IF(AND(G13=0,H13=0),0,IF(G13=0,"New",(H13-G13)/G13)) -> -0.49149703
A14: 60 | B14: =IFERROR(INDEX('Source 2026'!$C:$C,MATCH($A14,'Source 2026'!$B:$B,0)),IFERROR(INDEX('Source 2025'!$C:$C,MATCH($A14,'Source 2025'!$B:$B,0)),"")) -> L צוארון ספוגי | C14: =SUMIFS('Source 2025'!$F:$F,'Source 2025'!$B:$B,$A14,'Source 2025'!$A:$A,"Quantity (units)") -> 532 | D14: =SUMIFS('Source 2026'!$F:$F,'Source 2026'!$B:$B,$A14,'Source 2026'!$A:$A,"Quantity (units)") -> 227 | E14: =D14-C14 -> -305 | F14: =IF(AND(C14=0,D14=0),0,IF(C14=0,"New",(D14-C14)/C14)) -> -0.57330827 | G14: =SUMIFS('Source 2025'!$F:$F,'Source 2025'!$B:$B,$A14,'Source 2025'!$A:$A,"Amount (NIS)") -> 25724 | H14: =SUMIFS('Source 2026'!$F:$F,'Source 2026'!$B:$B,$A14,'Source 2026'!$A:$A,"Amount (NIS)") -> 11000.8 | I14: =H14-G14 -> -14723.2 | J14: =IF(AND(G14=0,H14=0),0,IF(G14=0,"New",(H14-G14)/G14)) -> -0.57235267
A15: 45C | B15: =IFERROR(INDEX('Source 2026'!$C:$C,MATCH($A15,'Source 2026'!$B:$B,0)),IFERROR(INDEX('Source 2025'!$C:$C,MATCH($A15,'Source 2025'!$B:$B,0)),"")) -> S מגן ברך חום | C15: =SUMIFS('Source 2025'!$F:$F,'Source 2025'!$B:$B,$A15,'Source 2025'!$A:$A,"Quantity (units)") -> 1320 | D15: =SUMIFS('Source 2026'!$F:$F,'Source 2026'!$B:$B,$A15,'Source 2026'!$A:$A,"Quantity (units)") -> 876 | E15: =D15-C15 -> -444 | F15: =IF(AND(C15=0,D15=0),0,IF(C15=0,"New",(D15-C15)/C15)) -> -0.33636364 | G15: =SUMIFS('Source 2025'!$F:$F,'Source 2025'!$B:$B,$A15,'Source 2025'!$A:$A,"Amount (NIS)") -> 39604.4 | H15: =SUMIFS('Source 2026'!$F:$F,'Source 2026'!$B:$B,$A15,'Source 2026'!$A:$A,"Amount (NIS)") -> 26476.8 | I15: =H15-G15 -> -13127.6 | J15: =IF(AND(G15=0,H15=0),0,IF(G15=0,"New",(H15-G15)/G15)) -> -0.33146822
A16: 45B | B16: =IFERROR(INDEX('Source 2026'!$C:$C,MATCH($A16,'Source 2026'!$B:$B,0)),IFERROR(INDEX('Source 2025'!$C:$C,MATCH($A16,'Source 2025'!$B:$B,0)),"")) -> L מגן ברך שחור | C16: =SUMIFS('Source 2025'!$F:$F,'Source 2025'!$B:$B,$A16,'Source 2025'!$A:$A,"Quantity (units)") -> 1144 | D16: =SUMIFS('Source 2026'!$F:$F,'Source 2026'!$B:$B,$A16,'Source 2026'!$A:$A,"Quantity (units)") -> 685 | E16: =D16-C16 -> -459 | F16: =IF(AND(C16=0,D16=0),0,IF(C16=0,"New",(D16-C16)/C16)) -> -0.40122378 | G16: =SUMIFS('Source 2025'!$F:$F,'Source 2025'!$B:$B,$A16,'Source 2025'!$A:$A,"Amount (NIS)") -> 33625.5 | H16: =SUMIFS('Source 2026'!$F:$F,'Source 2026'!$B:$B,$A16,'Source 2026'!$A:$A,"Amount (NIS)") -> 20801.5 | I16: =H16-G16 -> -12824 | J16: =IF(AND(G16=0,H16=0),0,IF(G16=0,"New",(H16-G16)/G16)) -> -0.38137723
A17: 28 | B17: =IFERROR(INDEX('Source 2026'!$C:$C,MATCH($A17,'Source 2026'!$B:$B,0)),IFERROR(INDEX('Source 2025'!$C:$C,MATCH($A17,'Source 2025'!$B:$B,0)),"")) -> L סד לאגודל לאחר שבר | C17: =SUMIFS('Source 2025'!$F:$F,'Source 2025'!$B:$B,$A17,'Source 2025'!$A:$A,"Quantity (units)") -> 237 | D17: =SUMIFS('Source 2026'!$F:$F,'Source 2026'!$B:$B,$A17,'Source 2026'!$A:$A,"Quantity (units)") -> 108 | E17: =D17-C17 -> -129 | F17: =IF(AND(C17=0,D17=0),0,IF(C17=0,"New",(D17-C17)/C17)) -> -0.5443038 | G17: =SUMIFS('Source 2025'!$F:$F,'Source 2025'!$B:$B,$A17,'Source 2025'!$A:$A,"Amount (NIS)") -> 23347.4 | H17: =SUMIFS('Source 2026'!$F:$F,'Source 2026'!$B:$B,$A17,'Source 2026'!$A:$A,"Amount (NIS)") -> 10645.5 | I17: =H17-G17 -> -12701.9 | J17: =IF(AND(G17=0,H17=0),0,IF(G17=0,"New",(H17-G17)/G17)) -> -0.54403916
... A283: 63 | B283: =IFERROR(INDEX('Source 2026'!$C:$C,MATCH($A283,'Source 2026'!$B:$B,0)),IFERROR(INDEX('Source 2025'!$C:$C,MATCH($A283,'Source 2025'!$B:$B,0)),"")) -> M צוארון פלסטי מתכוון | C283: =SUMIFS('Source 2025'!$F:$F,'Source 2025'!$B:$B,$A283,'Source 2025'!$A:$A,"Quantity (units)") -> 1 | D283: =SUMIFS('Source 2026'!$F:$F,'Source 2026'!$B:$B,$A283,'Source 2026'!$A:$A,"Quantity (units)") -> 1 | E283: =D283-C283 -> 0 | F283: =IF(AND(C283=0,D283=0),0,IF(C283=0,"New",(D283-C283)/C283)) -> 0 | G283: =SUMIFS('Source 2025'!$F:$F,'Source 2025'!$B:$B,$A283,'Source 2025'!$A:$A,"Amount (NIS)") -> 66.5 | H283: =SUMIFS('Source 2026'!$F:$F,'Source 2026'!$B:$B,$A283,'Source 2026'!$A:$A,"Amount (NIS)") -> 66.5 | I283: =H283-G283 -> 0 | J283: =IF(AND(G283=0,H283=0),0,IF(G283=0,"New",(H283-G283)/G283)) -> 0
B285: TOTAL | C285: =SUM(C6:C283) -> 53153 | D285: =SUM(D6:D283) -> 32995 | E285: =SUM(E6:E283) -> -20158 | F285: =IF(C285=0,"N/A",E285/C285) -> -0.37924482 | G285: =SUM(G6:G283) -> 1940731.5 | H285: =SUM(H6:H283) -> 1283059.8 | I285: =SUM(I6:I283) -> -657671.7 | J285: =IF(G285=0,"N/A",I285/G285) -> -0.33887825

Sheet 0כללי
A1: Sales Comparison 2025 vs 2026 - Customer: 0כללי (by Product CODE)
A2: Calculation date: | B2: 46284
A3: Source: PPlay1 of uriel (Reporter) product x customer pivot reports for 2025 and 2026, customer column "0כללי" only (raw values in 'Source 2025'!$G:$G / 'Source 2026'!$G:$G). Each file has two data blocks: "נטו" (Net Amount, NIS) and "סהכ יחידות" (Total Units). Product CODE parsed as the first token of column B in the original file (before the first space); size/color variants sharing the same base CODE are summed together via SUMIFS. Rows below only include product codes with non-zero quantity or amount for this customer in at least one of the two years; codes that are 0 for this customer in both years (sold only to other customers) were excluded as not relevant to this comparison.
A5: Product Code | B5: Product Name | C5: Quantity 2025 | D5: Quantity 2026 | E5: Quantity Change | F5: Quantity Change % | G5: Amount 2025 (₪) | H5: Amount 2026 (₪) | I5: Amount Change (₪) | J5: Amount Change %
A6: (No product codes with activity for this customer in either 2025 or 2026)
B7: TOTAL | C7: 0 | D7: 0 | E7: 0 | F7: 0 | G7: 0 | H7: 0 | I7: 0 | J7: 0

Sheet 0מפיצי משנה
A1: Sales Comparison 2025 vs 2026 - Customer: 0מפיצי משנה (by Product CODE)
A2: Calculation date: | B2: 46284
A3: Source: PPlay1 of uriel (Reporter) product x customer pivot reports for 2025 and 2026, customer column "0מפיצי משנה" only (raw values in 'Source 2025'!$H:$H / 'Source 2026'!$H:$H). Each file has two data blocks: "נטו" (Net Amount, NIS) and "סהכ יחידות" (Total Units). Product CODE parsed as the first token of column B in the original file (before the first space); size/color variants sharing the same base CODE are summed together via SUMIFS. Rows below only include product codes with non-zero quantity or amount for this customer in at least one of the two years; codes that are 0 for this customer in both years (sold only to other customers) were excluded as not relevant to this comparison.
A5: Product Code | B5: Product Name | C5: Quantity 2025 | D5: Quantity 2026 | E5: Quantity Change | F5: Quantity Change % | G5: Amount 2025 (₪) | H5: Amount 2026 (₪) | I5: Amount Change (₪) | J5: Amount Change %
A6: 397 | B6: =IFERROR(INDEX('Source 2026'!$C:$C,MATCH($A6,'Source 2026'!$B:$B,0)),IFERROR(INDEX('Source 2025'!$C:$C,MATCH($A6,'Source 2025'!$B:$B,0)),"")) -> 35-38 גרבי טיסה מידה | C6: =SUMIFS('Source 2025'!$H:$H,'Source 2025'!$B:$B,$A6,'Source 2025'!$A:$A,"Quantity (units)") -> 14 | D6: =SUMIFS('Source 2026'!$H:$H,'Source 2026'!$B:$B,$A6,'Source 2026'!$A:$A,"Quantity (units)") -> 0 | E6: =D6-C6 -> -14 | F6: =IF(AND(C6=0,D6=0),0,IF(C6=0,"New",(D6-C6)/C6)) -> -1 | G6: =SUMIFS('Source 2025'!$H:$H,'Source 2025'!$B:$B,$A6,'Source 2025'!$A:$A,"Amount (NIS)") -> 745.3 | H6: =SUMIFS('Source 2026'!$H:$H,'Source 2026'!$B:$B,$A6,'Source 2026'!$A:$A,"Amount (NIS)") -> 0 | I6: =H6-G6 -> -745.3 | J6: =IF(AND(G6=0,H6=0),0,IF(G6=0,"New",(H6-G6)/G6)) -> -1
A7: 372 | B7: =IFERROR(INDEX('Source 2026'!$C:$C,MATCH($A7,'Source 2026'!$B:$B,0)),IFERROR(INDEX('Source 2025'!$C:$C,MATCH($A7,'Source 2025'!$B:$B,0)),"")) -> רפידת אנטי ריח -זוג | C7: =SUMIFS('Source 2025'!$H:$H,'Source 2025'!$B:$B,$A7,'Source 2025'!$A:$A,"Quantity (units)") -> 70 | D7: =SUMIFS('Source 2026'!$H:$H,'Source 2026'!$B:$B,$A7,'Source 2026'!$A:$A,"Quantity (units)") -> 20 | E7: =D7-C7 -> -50 | F7: =IF(AND(C7=0,D7=0),0,IF(C7=0,"New",(D7-C7)/C7)) -> -0.71428571 | G7: =SUMIFS('Source 2025'!$H:$H,'Source 2025'!$B:$B,$A7,'Source 2025'!$A:$A,"Amount (NIS)") -> 935.5 | H7: =SUMIFS('Source 2026'!$H:$H,'Source 2026'!$B:$B,$A7,'Source 2026'!$A:$A,"Amount (NIS)") -> 267.3 | I7: =H7-G7 -> -668.2 | J7: =IF(AND(G7=0,H7=0),0,IF(G7=0,"New",(H7-G7)/G7)) -> -0.71427044
A8: 320 | B8: =IFERROR(INDEX('Source 2026'!$C:$C,MATCH($A8,'Source 2026'!$B:$B,0)),IFERROR(INDEX('Source 2025'!$C:$C,MATCH($A8,'Source 2025'!$B:$B,0)),"")) -> בליסטר פלסטר | C8: =SUMIFS('Source 2025'!$H:$H,'Source 2025'!$B:$B,$A8,'Source 2025'!$A:$A,"Quantity (units)") -> 42 | D8: =SUMIFS('Source 2026'!$H:$H,'Source 2026'!$B:$B,$A8,'Source 2026'!$A:$A,"Quantity (units)") -> 3 | E8: =D8-C8 -> -39 | F8: =IF(AND(C8=0,D8=0),0,IF(C8=0,"New",(D8-C8)/C8)) -> -0.92857143 | G8: =SUMIFS('Source 2025'!$H:$H,'Source 2025'!$B:$B,$A8,'Source 2025'!$A:$A,"Amount (NIS)") -> 708.9 | H8: =SUMIFS('Source 2026'!$H:$H,'Source 2026'!$B:$B,$A8,'Source 2026'!$A:$A,"Amount (NIS)") -> 51.1 | I8: =H8-G8 -> -657.8 | J8: =IF(AND(G8=0,H8=0),0,IF(G8=0,"New",(H8-G8)/G8)) -> -0.92791649
A9: 34 | B9: =IFERROR(INDEX('Source 2026'!$C:$C,MATCH($A9,'Source 2026'!$B:$B,0)),IFERROR(INDEX('Source 2025'!$C:$C,MATCH($A9,'Source 2025'!$B:$B,0)),"")) -> M מגן קרסול עקב סגור | C9: =SUMIFS('Source 2025'!$H:$H,'Source 2025'!$B:$B,$A9,'Source 2025'!$A:$A,"Quantity (units)") -> 13 | D9: =SUMIFS('Source 2026'!$H:$H,'Source 2026'!$B:$B,$A9,'Source 2026'!$A:$A,"Quantity (units)") -> 0 | E9: =D9-C9 -> -13 | F9: =IF(AND(C9=0,D9=0),0,IF(C9=0,"New",(D9-C9)/C9)) -> -1 | G9: =SUMIFS('Source 2025'!$H:$H,'Source 2025'!$B:$B,$A9,'Source 2025'!$A:$A,"Amount (NIS)") -> 527.5 | H9: =SUMIFS('Source 2026'!$H:$H,'Source 2026'!$B:$B,$A9,'Source 2026'!$A:$A,"Amount (NIS)") -> 0 | I9: =H9-G9 -> -527.5 | J9: =IF(AND(G9=0,H9=0),0,IF(G9=0,"New",(H9-G9)/G9)) -> -1
A10: 394G | B10: =IFERROR(INDEX('Source 2026'!$C:$C,MATCH($A10,'Source 2026'!$B:$B,0)),IFERROR(INDEX('Source 2025'!$C:$C,MATCH($A10,'Source 2025'!$B:$B,0)),"")) -> גרב.כסף לסכרתים אפור35-38 | C10: =SUMIFS('Source 2025'!$H:$H,'Source 2025'!$B:$B,$A10,'Source 2025'!$A:$A,"Quantity (units)") -> 22 | D10: =SUMIFS('Source 2026'!$H:$H,'Source 2026'!$B:$B,$A10,'Source 2026'!$A:$A,"Quantity (units)") -> 0 | E10: =D10-C10 -> -22 | F10: =IF(AND(C10=0,D10=0),0,IF(C10=0,"New",(D10-C10)/C10)) -> -1 | G10: =SUMIFS('Source 2025'!$H:$H,'Source 2025'!$B:$B,$A10,'Source 2025'!$A:$A,"Amount (NIS)") -> 506.8 | H10: =SUMIFS('Source 2026'!$H:$H,'Source 2026'!$B:$B,$A10,'Source 2026'!$A:$A,"Amount (NIS)") -> 0 | I10: =H10-G10 -> -506.8 | J10: =IF(AND(G10=0,H10=0),0,IF(G10=0,"New",(H10-G10)/G10)) -> -1
A11: 394W | B11: =IFERROR(INDEX('Source 2026'!$C:$C,MATCH($A11,'Source 2026'!$B:$B,0)),IFERROR(INDEX('Source 2025'!$C:$C,MATCH($A11,'Source 2025'!$B:$B,0)),"")) -> 35-38 גרב.כסף לסכרתים לבן | C11: =SUMIFS('Source 2025'!$H:$H,'Source 2025'!$B:$B,$A11,'Source 2025'!$A:$A,"Quantity (units)") -> 30 | D11: =SUMIFS('Source 2026'!$H:$H,'Source 2026'!$B:$B,$A11,'Source 2026'!$A:$A,"Quantity (units)") -> 11 | E11: =D11-C11 -> -19 | F11: =IF(AND(C11=0,D11=0),0,IF(C11=0,"New",(D11-C11)/C11)) -> -0.63333333 | G11: =SUMIFS('Source 2025'!$H:$H,'Source 2025'!$B:$B,$A11,'Source 2025'!$A:$A,"Amount (NIS)") -> 711.7 | H11: =SUMIFS('Source 2026'!$H:$H,'Source 2026'!$B:$B,$A11,'Source 2026'!$A:$A,"Amount (NIS)") -> 267.7 | I11: =H11-G11 -> -444 | J11: =IF(AND(G11=0,H11=0),0,IF(G11=0,"New",(H11-G11)/G11)) -> -0.62385837
A12: 3655 | B12: =IFERROR(INDEX('Source 2026'!$C:$C,MATCH($A12,'Source 2026'!$B:$B,0)),IFERROR(INDEX('Source 2025'!$C:$C,MATCH($A12,'Source 2025'!$B:$B,0)),"")) -> שרוול מסיליקון לאצבע | C12: =SUMIFS('Source 2025'!$H:$H,'Source 2025'!$B:$B,$A12,'Source 2025'!$A:$A,"Quantity (units)") -> 25 | D12: =SUMIFS('Source 2026'!$H:$H,'Source 2026'!$B:$B,$A12,'Source 2026'!$A:$A,"Quantity (units)") -> 0 | E12: =D12-C12 -> -25 | F12: =IF(AND(C12=0,D12=0),0,IF(C12=0,"New",(D12-C12)/C12)) -> -1 | G12: =SUMIFS('Source 2025'!$H:$H,'Source 2025'!$B:$B,$A12,'Source 2025'!$A:$A,"Amount (NIS)") -> 413.3 | H12: =SUMIFS('Source 2026'!$H:$H,'Source 2026'!$B:$B,$A12,'Source 2026'!$A:$A,"Amount (NIS)") -> 0 | I12: =H12-G12 -> -413.3 | J12: =IF(AND(G12=0,H12=0),0,IF(G12=0,"New",(H12-G12)/G12)) -> -1
A13: 45E | B13: =IFERROR(INDEX('Source 2026'!$C:$C,MATCH($A13,'Source 2026'!$B:$B,0)),IFERROR(INDEX('Source 2025'!$C:$C,MATCH($A13,'Source 2025'!$B:$B,0)),"")) -> Sמגן ברך ארוך לבן | C13: =SUMIFS('Source 2025'!$H:$H,'Source 2025'!$B:$B,$A13,'Source 2025'!$A:$A,"Quantity (units)") -> 22 | D13: =SUMIFS('Source 2026'!$H:$H,'Source 2026'!$B:$B,$A13,'Source 2026'!$A:$A,"Quantity (units)") -> 10 | E13: =D13-C13 -> -12 | F13: =IF(AND(C13=0,D13=0),0,IF(C13=0,"New",(D13-C13)/C13)) -> -0.54545455 | G13: =SUMIFS('Source 2025'!$H:$H,'Source 2025'!$B:$B,$A13,'Source 2025'!$A:$A,"Amount (NIS)") -> 712.8 | H13: =SUMIFS('Source 2026'!$H:$H,'Source 2026'!$B:$B,$A13,'Source 2026'!$A:$A,"Amount (NIS)") -> 324.6 | I13: =H13-G13 -> -388.2 | J13: =IF(AND(G13=0,H13=0),0,IF(G13=0,"New",(H13-G13)/G13)) -> -0.54461279
A14: 394B | B14: =IFERROR(INDEX('Source 2026'!$C:$C,MATCH($A14,'Source 2026'!$B:$B,0)),IFERROR(INDEX('Source 2025'!$C:$C,MATCH($A14,'Source 2025'!$B:$B,0)),"")) -> גרב.כסף לסכרתים שחור35-38 | C14: =SUMIFS('Source 2025'!$H:$H,'Source 2025'!$B:$B,$A14,'Source 2025'!$A:$A,"Quantity (units)") -> 63 | D14: =SUMIFS('Source 2026'!$H:$H,'Source 2026'!$B:$B,$A14,'Source 2026'!$A:$A,"Quantity (units)") -> 49 | E14: =D14-C14 -> -14 | F14: =IF(AND(C14=0,D14=0),0,IF(C14=0,"New",(D14-C14)/C14)) -> -0.22222222 | G14: =SUMIFS('Source 2025'!$H:$H,'Source 2025'!$B:$B,$A14,'Source 2025'!$A:$A,"Amount (NIS)") -> 1545.6 | H14: =SUMIFS('Source 2026'!$H:$H,'Source 2026'!$B:$B,$A14,'Source 2026'!$A:$A,"Amount (NIS)") -> 1192.4 | I14: =H14-G14 -> -353.2 | J14: =IF(AND(G14=0,H14=0),0,IF(G14=0,"New",(H14-G14)/G14)) -> -0.22851967
A15: T78 | B15: =IFERROR(INDEX('Source 2026'!$C:$C,MATCH($A15,'Source 2026'!$B:$B,0)),IFERROR(INDEX('Source 2025'!$C:$C,MATCH($A15,'Source 2025'!$B:$B,0)),"")) -> S תומך זרוע וכתף | C15: =SUMIFS('Source 2025'!$H:$H,'Source 2025'!$B:$B,$A15,'Source 2025'!$A:$A,"Quantity (units)") -> 2 | D15: =SUMIFS('Source 2026'!$H:$H,'Source 2026'!$B:$B,$A15,'Source 2026'!$A:$A,"Quantity (units)") -> 0 | E15: =D15-C15 -> -2 | F15: =IF(AND(C15=0,D15=0),0,IF(C15=0,"New",(D15-C15)/C15)) -> -1 | G15: =SUMIFS('Source 2025'!$H:$H,'Source 2025'!$B:$B,$A15,'Source 2025'!$A:$A,"Amount (NIS)") -> 328.1 | H15: =SUMIFS('Source 2026'!$H:$H,'Source 2026'!$B:$B,$A15,'Source 2026'!$A:$A,"Amount (NIS)") -> 0 | I15: =H15-G15 -> -328.1 | J15: =IF(AND(G15=0,H15=0),0,IF(G15=0,"New",(H15-G15)/G15)) -> -1
A16: 302 | B16: =IFERROR(INDEX('Source 2026'!$C:$C,MATCH($A16,'Source 2026'!$B:$B,0)),IFERROR(INDEX('Source 2025'!$C:$C,MATCH($A16,'Source 2025'!$B:$B,0)),"")) -> מדרס ג'ל לגבר | C16: =SUMIFS('Source 2025'!$H:$H,'Source 2025'!$B:$B,$A16,'Source 2025'!$A:$A,"Quantity (units)") -> 5 | D16: =SUMIFS('Source 2026'!$H:$H,'Source 2026'!$B:$B,$A16,'Source 2026'!$A:$A,"Quantity (units)") -> 0 | E16: =D16-C16 -> -5 | F16: =IF(AND(C16=0,D16=0),0,IF(C16=0,"New",(D16-C16)/C16)) -> -1 | G16: =SUMIFS('Source 2025'!$H:$H,'Source 2025'!$B:$B,$A16,'Source 2025'!$A:$A,"Amount (NIS)") -> 307.6 | H16: =SUMIFS('Source 2026'!$H:$H,'Source 2026'!$B:$B,$A16,'Source 2026'!$A:$A,"Amount (NIS)") -> 0 | I16: =H16-G16 -> -307.6 | J16: =IF(AND(G16=0,H16=0),0,IF(G16=0,"New",(H16-G16)/G16)) -> -1
A17: 10 | B17: =IFERROR(INDEX('Source 2026'!$C:$C,MATCH($A17,'Source 2026'!$B:$B,0)),IFERROR(INDEX('Source 2025'!$C:$C,MATCH($A17,'Source 2025'!$B:$B,0)),"")) -> S ""חגורת גב ""לומבו | C17: =SUMIFS('Source 2025'!$H:$H,'Source 2025'!$B:$B,$A17,'Source 2025'!$A:$A,"Quantity (units)") -> 1 | D17: =SUMIFS('Source 2026'!$H:$H,'Source 2026'!$B:$B,$A17,'Source 2026'!$A:$A,"Quantity (units)") -> 3 | E17: =D17-C17 -> 2 | F17: =IF(AND(C17=0,D17=0),0,IF(C17=0,"New",(D17-C17)/C17)) -> 2 | G17: =SUMIFS('Source 2025'!$H:$H,'Source 2025'!$B:$B,$A17,'Source 2025'!$A:$A,"Amount (NIS)") -> 134 | H17: =SUMIFS('Source 2026'!$H:$H,'Source 2026'!$B:$B,$A17,'Source 2026'!$A:$A,"Amount (NIS)") -> 402 | I17: =H17-G17 -> 268 | J17: =IF(AND(G17=0,H17=0),0,IF(G17=0,"New",(H17-G17)/G17)) -> 2
... A48: FC335 | B48: =IFERROR(INDEX('Source 2026'!$C:$C,MATCH($A48,'Source 2026'!$B:$B,0)),IFERROR(INDEX('Source 2025'!$C:$C,MATCH($A48,'Source 2025'!$B:$B,0)),"")) -> טלק מעושר באלוורה | C48: =SUMIFS('Source 2025'!$H:$H,'Source 2025'!$B:$B,$A48,'Source 2025'!$A:$A,"Quantity (units)") -> 11 | D48: =SUMIFS('Source 2026'!$H:$H,'Source 2026'!$B:$B,$A48,'Source 2026'!$A:$A,"Quantity (units)") -> 11 | E48: =D48-C48 -> 0 | F48: =IF(AND(C48=0,D48=0),0,IF(C48=0,"New",(D48-C48)/C48)) -> 0 | G48: =SUMIFS('Source 2025'!$H:$H,'Source 2025'!$B:$B,$A48,'Source 2025'!$A:$A,"Amount (NIS)") -> 223 | H48: =SUMIFS('Source 2026'!$H:$H,'Source 2026'!$B:$B,$A48,'Source 2026'!$A:$A,"Amount (NIS)") -> 223 | I48: =H48-G48 -> 0 | J48: =IF(AND(G48=0,H48=0),0,IF(G48=0,"New",(H48-G48)/G48)) -> 0
B50: TOTAL | C50: =SUM(C6:C48) -> 374 | D50: =SUM(D6:D48) -> 175 | E50: =SUM(E6:E48) -> -199 | F50: =IF(C50=0,"N/A",E50/C50) -> -0.53208556 | G50: =SUM(G6:G48) -> 9812.1 | H50: =SUM(H6:H48) -> 4549.9 | I50: =SUM(I6:I48) -> -5262.2 | J50: =IF(G50=0,"N/A",I50/G50) -> -0.53629702

Sheet 0פארמים
A1: Sales Comparison 2025 vs 2026 - Customer: 0פארמים (by Product CODE)
A2: Calculation date: | B2: 46284
A3: Source: PPlay1 of uriel (Reporter) product x customer pivot reports for 2025 and 2026, customer column "0פארמים" only (raw values in 'Source 2025'!$I:$I / 'Source 2026'!$I:$I). Each file has two data blocks: "נטו" (Net Amount, NIS) and "סהכ יחידות" (Total Units). Product CODE parsed as the first token of column B in the original file (before the first space); size/color variants sharing the same base CODE are summed together via SUMIFS. Rows below only include product codes with non-zero quantity or amount for this customer in at least one of the two years; codes that are 0 for this customer in both years (sold only to other customers) were excluded as not relevant to this comparison.
A5: Product Code | B5: Product Name | C5: Quantity 2025 | D5: Quantity 2026 | E5: Quantity Change | F5: Quantity Change % | G5: Amount 2025 (₪) | H5: Amount 2026 (₪) | I5: Amount Change (₪) | J5: Amount Change %
A6: מדרסי | B6: =IFERROR(INDEX('Source 2026'!$C:$C,MATCH($A6,'Source 2026'!$B:$B,0)),IFERROR(INDEX('Source 2025'!$C:$C,MATCH($A6,'Source 2025'!$B:$B,0)),"")) -> אפיק ג'ל מולט.ספורט35-38 | C6: =SUMIFS('Source 2025'!$I:$I,'Source 2025'!$B:$B,$A6,'Source 2025'!$A:$A,"Quantity (units)") -> 2855 | D6: =SUMIFS('Source 2026'!$I:$I,'Source 2026'!$B:$B,$A6,'Source 2026'!$A:$A,"Quantity (units)") -> 481 | E6: =D6-C6 -> -2374 | F6: =IF(AND(C6=0,D6=0),0,IF(C6=0,"New",(D6-C6)/C6)) -> -0.83152364 | G6: =SUMIFS('Source 2025'!$I:$I,'Source 2025'!$B:$B,$A6,'Source 2025'!$A:$A,"Amount (NIS)") -> 265726.2 | H6: =SUMIFS('Source 2026'!$I:$I,'Source 2026'!$B:$B,$A6,'Source 2026'!$A:$A,"Amount (NIS)") -> 47626.6 | I6: =H6-G6 -> -218099.6 | J6: =IF(AND(G6=0,H6=0),0,IF(G6=0,"New",(H6-G6)/G6)) -> -0.82076814
A7: 35-38 | B7: =IFERROR(INDEX('Source 2026'!$C:$C,MATCH($A7,'Source 2026'!$B:$B,0)),IFERROR(INDEX('Source 2025'!$C:$C,MATCH($A7,'Source 2025'!$B:$B,0)),"")) -> מדרסי אפיק ג'ל נוחות | C7: =SUMIFS('Source 2025'!$I:$I,'Source 2025'!$B:$B,$A7,'Source 2025'!$A:$A,"Quantity (units)") -> 1776 | D7: =SUMIFS('Source 2026'!$I:$I,'Source 2026'!$B:$B,$A7,'Source 2026'!$A:$A,"Quantity (units)") -> 112 | E7: =D7-C7 -> -1664 | F7: =IF(AND(C7=0,D7=0),0,IF(C7=0,"New",(D7-C7)/C7)) -> -0.93693694 | G7: =SUMIFS('Source 2025'!$I:$I,'Source 2025'!$B:$B,$A7,'Source 2025'!$A:$A,"Amount (NIS)") -> 164431.7 | H7: =SUMIFS('Source 2026'!$I:$I,'Source 2026'!$B:$B,$A7,'Source 2026'!$A:$A,"Amount (NIS)") -> 11519.9 | I7: =H7-G7 -> -152911.8 | J7: =IF(AND(G7=0,H7=0),0,IF(G7=0,"New",(H7-G7)/G7)) -> -0.92994112
A8: 39-42 | B8: =IFERROR(INDEX('Source 2026'!$C:$C,MATCH($A8,'Source 2026'!$B:$B,0)),IFERROR(INDEX('Source 2025'!$C:$C,MATCH($A8,'Source 2025'!$B:$B,0)),"")) -> מדרסי אפיק ג'ל נוחות | C8: =SUMIFS('Source 2025'!$I:$I,'Source 2025'!$B:$B,$A8,'Source 2025'!$A:$A,"Quantity (units)") -> 2025 | D8: =SUMIFS('Source 2026'!$I:$I,'Source 2026'!$B:$B,$A8,'Source 2026'!$A:$A,"Quantity (units)") -> 522 | E8: =D8-C8 -> -1503 | F8: =IF(AND(C8=0,D8=0),0,IF(C8=0,"New",(D8-C8)/C8)) -> -0.74222222 | G8: =SUMIFS('Source 2025'!$I:$I,'Source 2025'!$B:$B,$A8,'Source 2025'!$A:$A,"Amount (NIS)") -> 188767.1 | H8: =SUMIFS('Source 2026'!$I:$I,'Source 2026'!$B:$B,$A8,'Source 2026'!$A:$A,"Amount (NIS)") -> 52314 | I8: =H8-G8 -> -136453.1 | J8: =IF(AND(G8=0,H8=0),0,IF(G8=0,"New",(H8-G8)/G8)) -> -0.72286484
A9: 43-47 | B9: =IFERROR(INDEX('Source 2026'!$C:$C,MATCH($A9,'Source 2026'!$B:$B,0)),IFERROR(INDEX('Source 2025'!$C:$C,MATCH($A9,'Source 2025'!$B:$B,0)),"")) -> מדרסי אפיק ג'ל נוחות | C9: =SUMIFS('Source 2025'!$I:$I,'Source 2025'!$B:$B,$A9,'Source 2025'!$A:$A,"Quantity (units)") -> 2122 | D9: =SUMIFS('Source 2026'!$I:$I,'Source 2026'!$B:$B,$A9,'Source 2026'!$A:$A,"Quantity (units)") -> 789 | E9: =D9-C9 -> -1333 | F9: =IF(AND(C9=0,D9=0),0,IF(C9=0,"New",(D9-C9)/C9)) -> -0.62818096 | G9: =SUMIFS('Source 2025'!$I:$I,'Source 2025'!$B:$B,$A9,'Source 2025'!$A:$A,"Amount (NIS)") -> 197774.9 | H9: =SUMIFS('Source 2026'!$I:$I,'Source 2026'!$B:$B,$A9,'Source 2026'!$A:$A,"Amount (NIS)") -> 78734.4 | I9: =H9-G9 -> -119040.5 | J9: =IF(AND(G9=0,H9=0),0,IF(G9=0,"New",(H9-G9)/G9)) -> -0.60189893
A10: 26 | B10: =IFERROR(INDEX('Source 2026'!$C:$C,MATCH($A10,'Source 2026'!$B:$B,0)),IFERROR(INDEX('Source 2025'!$C:$C,MATCH($A10,'Source 2025'!$B:$B,0)),"")) -> L סד ליד דו צדדי לאחר שבר | C10: =SUMIFS('Source 2025'!$I:$I,'Source 2025'!$B:$B,$A10,'Source 2025'!$A:$A,"Quantity (units)") -> 2734 | D10: =SUMIFS('Source 2026'!$I:$I,'Source 2026'!$B:$B,$A10,'Source 2026'!$A:$A,"Quantity (units)") -> 1361 | E10: =D10-C10 -> -1373 | F10: =IF(AND(C10=0,D10=0),0,IF(C10=0,"New",(D10-C10)/C10)) -> -0.50219459 | G10: =SUMIFS('Source 2025'!$I:$I,'Source 2025'!$B:$B,$A10,'Source 2025'!$A:$A,"Amount (NIS)") -> 224663.9 | H10: =SUMIFS('Source 2026'!$I:$I,'Source 2026'!$B:$B,$A10,'Source 2026'!$A:$A,"Amount (NIS)") -> 113662.8 | I10: =H10-G10 -> -111001.1 | J10: =IF(AND(G10=0,H10=0),0,IF(G10=0,"New",(H10-G10)/G10)) -> -0.49407626
A11: 397 | B11: =IFERROR(INDEX('Source 2026'!$C:$C,MATCH($A11,'Source 2026'!$B:$B,0)),IFERROR(INDEX('Source 2025'!$C:$C,MATCH($A11,'Source 2025'!$B:$B,0)),"")) -> 35-38 גרבי טיסה מידה | C11: =SUMIFS('Source 2025'!$I:$I,'Source 2025'!$B:$B,$A11,'Source 2025'!$A:$A,"Quantity (units)") -> 2048 | D11: =SUMIFS('Source 2026'!$I:$I,'Source 2026'!$B:$B,$A11,'Source 2026'!$A:$A,"Quantity (units)") -> -9 | E11: =D11-C11 -> -2057 | F11: =IF(AND(C11=0,D11=0),0,IF(C11=0,"New",(D11-C11)/C11)) -> -1.0043945 | G11: =SUMIFS('Source 2025'!$I:$I,'Source 2025'!$B:$B,$A11,'Source 2025'!$A:$A,"Amount (NIS)") -> 110040.8 | H11: =SUMIFS('Source 2026'!$I:$I,'Source 2026'!$B:$B,$A11,'Source 2026'!$A:$A,"Amount (NIS)") -> -457.7 | I11: =H11-G11 -> -110498.5 | J11: =IF(AND(G11=0,H11=0),0,IF(G11=0,"New",(H11-G11)/G11)) -> -1.0041594
A12: 35C | B12: =IFERROR(INDEX('Source 2026'!$C:$C,MATCH($A12,'Source 2026'!$B:$B,0)),IFERROR(INDEX('Source 2025'!$C:$C,MATCH($A12,'Source 2025'!$B:$B,0)),"")) -> S מגן קרסול חום | C12: =SUMIFS('Source 2025'!$I:$I,'Source 2025'!$B:$B,$A12,'Source 2025'!$A:$A,"Quantity (units)") -> 11682 | D12: =SUMIFS('Source 2026'!$I:$I,'Source 2026'!$B:$B,$A12,'Source 2026'!$A:$A,"Quantity (units)") -> 7746 | E12: =D12-C12 -> -3936 | F12: =IF(AND(C12=0,D12=0),0,IF(C12=0,"New",(D12-C12)/C12)) -> -0.33692861 | G12: =SUMIFS('Source 2025'!$I:$I,'Source 2025'!$B:$B,$A12,'Source 2025'!$A:$A,"Amount (NIS)") -> 302519 | H12: =SUMIFS('Source 2026'!$I:$I,'Source 2026'!$B:$B,$A12,'Source 2026'!$A:$A,"Amount (NIS)") -> 203753.2 | I12: =H12-G12 -> -98765.8 | J12: =IF(AND(G12=0,H12=0),0,IF(G12=0,"New",(H12-G12)/G12)) -> -0.32647801
A13: 21 | B13: =IFERROR(INDEX('Source 2026'!$C:$C,MATCH($A13,'Source 2026'!$B:$B,0)),IFERROR(INDEX('Source 2025'!$C:$C,MATCH($A13,'Source 2025'!$B:$B,0)),"")) -> S חבק יד ארוך | C13: =SUMIFS('Source 2025'!$I:$I,'Source 2025'!$B:$B,$A13,'Source 2025'!$A:$A,"Quantity (units)") -> 9023 | D13: =SUMIFS('Source 2026'!$I:$I,'Source 2026'!$B:$B,$A13,'Source 2026'!$A:$A,"Quantity (units)") -> 6005 | E13: =D13-C13 -> -3018 | F13: =IF(AND(C13=0,D13=0),0,IF(C13=0,"New",(D13-C13)/C13)) -> -0.33447855 | G13: =SUMIFS('Source 2025'!$I:$I,'Source 2025'!$B:$B,$A13,'Source 2025'!$A:$A,"Amount (NIS)") -> 296880.7 | H13: =SUMIFS('Source 2026'!$I:$I,'Source 2026'!$B:$B,$A13,'Source 2026'!$A:$A,"Amount (NIS)") -> 199190.1 | I13: =H13-G13 -> -97690.6 | J13: =IF(AND(G13=0,H13=0),0,IF(G13=0,"New",(H13-G13)/G13)) -> -0.32905676
A14: 397A-גרבי | B14: =IFERROR(INDEX('Source 2026'!$C:$C,MATCH($A14,'Source 2026'!$B:$B,0)),IFERROR(INDEX('Source 2025'!$C:$C,MATCH($A14,'Source 2025'!$B:$B,0)),"")) -> טיסה אנטי בקטרי35-38 | C14: =SUMIFS('Source 2025'!$I:$I,'Source 2025'!$B:$B,$A14,'Source 2025'!$A:$A,"Quantity (units)") -> 0 | D14: =SUMIFS('Source 2026'!$I:$I,'Source 2026'!$B:$B,$A14,'Source 2026'!$A:$A,"Quantity (units)") -> 1552 | E14: =D14-C14 -> 1552 | F14: =IF(AND(C14=0,D14=0),0,IF(C14=0,"New",(D14-C14)/C14)) -> New | G14: =SUMIFS('Source 2025'!$I:$I,'Source 2025'!$B:$B,$A14,'Source 2025'!$A:$A,"Amount (NIS)") -> 0 | H14: =SUMIFS('Source 2026'!$I:$I,'Source 2026'!$B:$B,$A14,'Source 2026'!$A:$A,"Amount (NIS)") -> 84761 | I14: =H14-G14 -> 84761 | J14: =IF(AND(G14=0,H14=0),0,IF(G14=0,"New",(H14-G14)/G14)) -> New
A15: 34 | B15: =IFERROR(INDEX('Source 2026'!$C:$C,MATCH($A15,'Source 2026'!$B:$B,0)),IFERROR(INDEX('Source 2025'!$C:$C,MATCH($A15,'Source 2025'!$B:$B,0)),"")) -> M מגן קרסול עקב סגור | C15: =SUMIFS('Source 2025'!$I:$I,'Source 2025'!$B:$B,$A15,'Source 2025'!$A:$A,"Quantity (units)") -> 6872 | D15: =SUMIFS('Source 2026'!$I:$I,'Source 2026'!$B:$B,$A15,'Source 2026'!$A:$A,"Quantity (units)") -> 4609 | E15: =D15-C15 -> -2263 | F15: =IF(AND(C15=0,D15=0),0,IF(C15=0,"New",(D15-C15)/C15)) -> -0.32930733 | G15: =SUMIFS('Source 2025'!$I:$I,'Source 2025'!$B:$B,$A15,'Source 2025'!$A:$A,"Amount (NIS)") -> 260017.5 | H15: =SUMIFS('Source 2026'!$I:$I,'Source 2026'!$B:$B,$A15,'Source 2026'!$A:$A,"Amount (NIS)") -> 176444.8 | I15: =H15-G15 -> -83572.7 | J15: =IF(AND(G15=0,H15=0),0,IF(G15=0,"New",(H15-G15)/G15)) -> -0.32141183
A16: 45C | B16: =IFERROR(INDEX('Source 2026'!$C:$C,MATCH($A16,'Source 2026'!$B:$B,0)),IFERROR(INDEX('Source 2025'!$C:$C,MATCH($A16,'Source 2025'!$B:$B,0)),"")) -> S מגן ברך חום | C16: =SUMIFS('Source 2025'!$I:$I,'Source 2025'!$B:$B,$A16,'Source 2025'!$A:$A,"Quantity (units)") -> 11105 | D16: =SUMIFS('Source 2026'!$I:$I,'Source 2026'!$B:$B,$A16,'Source 2026'!$A:$A,"Quantity (units)") -> 8013 | E16: =D16-C16 -> -3092 | F16: =IF(AND(C16=0,D16=0),0,IF(C16=0,"New",(D16-C16)/C16)) -> -0.27843314 | G16: =SUMIFS('Source 2025'!$I:$I,'Source 2025'!$B:$B,$A16,'Source 2025'!$A:$A,"Amount (NIS)") -> 287948.7 | H16: =SUMIFS('Source 2026'!$I:$I,'Source 2026'!$B:$B,$A16,'Source 2026'!$A:$A,"Amount (NIS)") -> 209745.6 | I16: =H16-G16 -> -78203.1 | J16: =IF(AND(G16=0,H16=0),0,IF(G16=0,"New",(H16-G16)/G16)) -> -0.27158692
A17: AC75 | B17: =IFERROR(INDEX('Source 2026'!$C:$C,MATCH($A17,'Source 2026'!$B:$B,0)),IFERROR(INDEX('Source 2025'!$C:$C,MATCH($A17,'Source 2025'!$B:$B,0)),"")) -> מישר כתפיים אקטיב | C17: =SUMIFS('Source 2025'!$I:$I,'Source 2025'!$B:$B,$A17,'Source 2025'!$A:$A,"Quantity (units)") -> 738 | D17: =SUMIFS('Source 2026'!$I:$I,'Source 2026'!$B:$B,$A17,'Source 2026'!$A:$A,"Quantity (units)") -> 1790 | E17: =D17-C17 -> 1052 | F17: =IF(AND(C17=0,D17=0),0,IF(C17=0,"New",(D17-C17)/C17)) -> 1.4254743 | G17: =SUMIFS('Source 2025'!$I:$I,'Source 2025'!$B:$B,$A17,'Source 2025'!$A:$A,"Amount (NIS)") -> 46423.4 | H17: =SUMIFS('Source 2026'!$I:$I,'Source 2026'!$B:$B,$A17,'Source 2026'!$A:$A,"Amount (NIS)") -> 116307.2 | I17: =H17-G17 -> 69883.8 | J17: =IF(AND(G17=0,H17=0),0,IF(G17=0,"New",(H17-G17)/G17)) -> 1.5053572
... A260: 12 | B260: =IFERROR(INDEX('Source 2026'!$C:$C,MATCH($A260,'Source 2026'!$B:$B,0)),IFERROR(INDEX('Source 2025'!$C:$C,MATCH($A260,'Source 2025'!$B:$B,0)),"")) -> XL ח.גב מגנטית+מוטות תמיכה | C260: =SUMIFS('Source 2025'!$I:$I,'Source 2025'!$B:$B,$A260,'Source 2025'!$A:$A,"Quantity (units)") -> -1 | D260: =SUMIFS('Source 2026'!$I:$I,'Source 2026'!$B:$B,$A260,'Source 2026'!$A:$A,"Quantity (units)") -> -1 | E260: =D260-C260 -> 0 | F260: =IF(AND(C260=0,D260=0),0,IF(C260=0,"New",(D260-C260)/C260)) -> 0 | G260: =SUMIFS('Source 2025'!$I:$I,'Source 2025'!$B:$B,$A260,'Source 2025'!$A:$A,"Amount (NIS)") -> -178.6 | H260: =SUMIFS('Source 2026'!$I:$I,'Source 2026'!$B:$B,$A260,'Source 2026'!$A:$A,"Amount (NIS)") -> -178.6 | I260: =H260-G260 -> 0 | J260: =IF(AND(G260=0,H260=0),0,IF(G260=0,"New",(H260-G260)/G260)) -> 0
B262: TOTAL | C262: =SUM(C6:C260) -> 204428 | D262: =SUM(D6:D260) -> 137851 | E262: =SUM(E6:E260) -> -66577 | F262: =IF(C262=0,"N/A",E262/C262) -> -0.32567457 | G262: =SUM(G6:G260) -> 7597886.3 | H262: =SUM(H6:H260) -> 5165969.3 | I262: =SUM(I6:I260) -> -2431917 | J262: =IF(G262=0,"N/A",I262/G262) -> -0.3200781

Sheet BE
A1: Sales Comparison 2025 vs 2026 - Customer: BE (by Product CODE)
A2: Calculation date: | B2: 46284
A3: Source: PPlay1 of uriel (Reporter) product x customer pivot reports for 2025 and 2026, customer column "BE" only (raw values in 'Source 2025'!$J:$J / 'Source 2026'!$J:$J). Each file has two data blocks: "נטו" (Net Amount, NIS) and "סהכ יחידות" (Total Units). Product CODE parsed as the first token of column B in the original file (before the first space); size/color variants sharing the same base CODE are summed together via SUMIFS. Rows below only include product codes with non-zero quantity or amount for this customer in at least one of the two years; codes that are 0 for this customer in both years (sold only to other customers) were excluded as not relevant to this comparison.
A5: Product Code | B5: Product Name | C5: Quantity 2025 | D5: Quantity 2026 | E5: Quantity Change | F5: Quantity Change % | G5: Amount 2025 (₪) | H5: Amount 2026 (₪) | I5: Amount Change (₪) | J5: Amount Change %
A6: (No product codes with activity for this customer in either 2025 or 2026)
B7: TOTAL | C7: 0 | D7: 0 | E7: 0 | F7: 0 | G7: 0 | H7: 0 | I7: 0 | J7: 0

Sheet אילת BE
A1: Sales Comparison 2025 vs 2026 - Customer: אילת BE (by Product CODE)
A2: Calculation date: | B2: 46284
A3: Source: PPlay1 of uriel (Reporter) product x customer pivot reports for 2025 and 2026, customer column "אילת BE" only (raw values in 'Source 2025'!$K:$K / 'Source 2026'!$K:$K). Each file has two data blocks: "נטו" (Net Amount, NIS) and "סהכ יחידות" (Total Units). Product CODE parsed as the first token of column B in the original file (before the first space); size/color variants sharing the same base CODE are summed together via SUMIFS. Rows below only include product codes with non-zero quantity or amount for this customer in at least one of the two years; codes that are 0 for this customer in both years (sold only to other customers) were excluded as not relevant to this comparison.
A5: Product Code | B5: Product Name | C5: Quantity 2025 | D5: Quantity 2026 | E5: Quantity Change | F5: Quantity Change % | G5: Amount 2025 (₪) | H5: Amount 2026 (₪) | I5: Amount Change (₪) | J5: Amount Change %
A6: PD340-קוצץ | B6: =IFERROR(INDEX('Source 2026'!$C:$C,MATCH($A6,'Source 2026'!$B:$B,0)),IFERROR(INDEX('Source 2025'!$C:$C,MATCH($A6,'Source 2025'!$B:$B,0)),"")) -> ציפורניים | C6: =SUMIFS('Source 2025'!$K:$K,'Source 2025'!$B:$B,$A6,'Source 2025'!$A:$A,"Quantity (units)") -> 372 | D6: =SUMIFS('Source 2026'!$K:$K,'Source 2026'!$B:$B,$A6,'Source 2026'!$A:$A,"Quantity (units)") -> 137 | E6: =D6-C6 -> -235 | F6: =IF(AND(C6=0,D6=0),0,IF(C6=0,"New",(D6-C6)/C6)) -> -0.63172043 | G6: =SUMIFS('Source 2025'!$K:$K,'Source 2025'!$B:$B,$A6,'Source 2025'!$A:$A,"Amount (NIS)") -> 4892.8 | H6: =SUMIFS('Source 2026'!$K:$K,'Source 2026'!$B:$B,$A6,'Source 2026'!$A:$A,"Amount (NIS)") -> 1801.9 | I6: =H6-G6 -> -3090.9 | J6: =IF(AND(G6=0,H6=0),0,IF(G6=0,"New",(H6-G6)/G6)) -> -0.63172417
A7: 45B | B7: =IFERROR(INDEX('Source 2026'!$C:$C,MATCH($A7,'Source 2026'!$B:$B,0)),IFERROR(INDEX('Source 2025'!$C:$C,MATCH($A7,'Source 2025'!$B:$B,0)),"")) -> L מגן ברך שחור | C7: =SUMIFS('Source 2025'!$K:$K,'Source 2025'!$B:$B,$A7,'Source 2025'!$A:$A,"Quantity (units)") -> 76 | D7: =SUMIFS('Source 2026'!$K:$K,'Source 2026'!$B:$B,$A7,'Source 2026'!$A:$A,"Quantity (units)") -> 23 | E7: =D7-C7 -> -53 | F7: =IF(AND(C7=0,D7=0),0,IF(C7=0,"New",(D7-C7)/C7)) -> -0.69736842 | G7: =SUMIFS('Source 2025'!$K:$K,'Source 2025'!$B:$B,$A7,'Source 2025'!$A:$A,"Amount (NIS)") -> 2109.2 | H7: =SUMIFS('Source 2026'!$K:$K,'Source 2026'!$B:$B,$A7,'Source 2026'!$A:$A,"Amount (NIS)") -> 638.4 | I7: =H7-G7 -> -1470.8 | J7: =IF(AND(G7=0,H7=0),0,IF(G7=0,"New",(H7-G7)/G7)) -> -0.697326
A8: SC39 | B8: =IFERROR(INDEX('Source 2026'!$C:$C,MATCH($A8,'Source 2026'!$B:$B,0)),IFERROR(INDEX('Source 2025'!$C:$C,MATCH($A8,'Source 2025'!$B:$B,0)),"")) -> S מגן שוק | C8: =SUMIFS('Source 2025'!$K:$K,'Source 2025'!$B:$B,$A8,'Source 2025'!$A:$A,"Quantity (units)") -> 0 | D8: =SUMIFS('Source 2026'!$K:$K,'Source 2026'!$B:$B,$A8,'Source 2026'!$A:$A,"Quantity (units)") -> 9 | E8: =D8-C8 -> 9 | F8: =IF(AND(C8=0,D8=0),0,IF(C8=0,"New",(D8-C8)/C8)) -> New | G8: =SUMIFS('Source 2025'!$K:$K,'Source 2025'!$B:$B,$A8,'Source 2025'!$A:$A,"Amount (NIS)") -> 0 | H8: =SUMIFS('Source 2026'!$K:$K,'Source 2026'!$B:$B,$A8,'Source 2026'!$A:$A,"Amount (NIS)") -> 1221.8 | I8: =H8-G8 -> 1221.8 | J8: =IF(AND(G8=0,H8=0),0,IF(G8=0,"New",(H8-G8)/G8)) -> New
A9: 806CB-BLACK | B9: =IFERROR(INDEX('Source 2026'!$C:$C,MATCH($A9,'Source 2026'!$B:$B,0)),IFERROR(INDEX('Source 2025'!$C:$C,MATCH($A9,'Source 2025'!$B:$B,0)),"")) -> תחבושת א.נצמ | C9: =SUMIFS('Source 2025'!$K:$K,'Source 2025'!$B:$B,$A9,'Source 2025'!$A:$A,"Quantity (units)") -> 137 | D9: =SUMIFS('Source 2026'!$K:$K,'Source 2026'!$B:$B,$A9,'Source 2026'!$A:$A,"Quantity (units)") -> 34 | E9: =D9-C9 -> -103 | F9: =IF(AND(C9=0,D9=0),0,IF(C9=0,"New",(D9-C9)/C9)) -> -0.75182482 | G9: =SUMIFS('Source 2025'!$K:$K,'Source 2025'!$B:$B,$A9,'Source 2025'!$A:$A,"Amount (NIS)") -> 1504.3 | H9: =SUMIFS('Source 2026'!$K:$K,'Source 2026'!$B:$B,$A9,'Source 2026'!$A:$A,"Amount (NIS)") -> 373.3 | I9: =H9-G9 -> -1131 | J9: =IF(AND(G9=0,H9=0),0,IF(G9=0,"New",(H9-G9)/G9)) -> -0.75184471
A10: 11TO | B10: =IFERROR(INDEX('Source 2026'!$C:$C,MATCH($A10,'Source 2026'!$B:$B,0)),IFERROR(INDEX('Source 2025'!$C:$C,MATCH($A10,'Source 2025'!$B:$B,0)),"")) -> S חגורה למנותחי בית החזה | C10: =SUMIFS('Source 2025'!$K:$K,'Source 2025'!$B:$B,$A10,'Source 2025'!$A:$A,"Quantity (units)") -> 0 | D10: =SUMIFS('Source 2026'!$K:$K,'Source 2026'!$B:$B,$A10,'Source 2026'!$A:$A,"Quantity (units)") -> 7 | E10: =D10-C10 -> 7 | F10: =IF(AND(C10=0,D10=0),0,IF(C10=0,"New",(D10-C10)/C10)) -> New | G10: =SUMIFS('Source 2025'!$K:$K,'Source 2025'!$B:$B,$A10,'Source 2025'!$A:$A,"Amount (NIS)") -> 0 | H10: =SUMIFS('Source 2026'!$K:$K,'Source 2026'!$B:$B,$A10,'Source 2026'!$A:$A,"Amount (NIS)") -> 1019 | I10: =H10-G10 -> 1019 | J10: =IF(AND(G10=0,H10=0),0,IF(G10=0,"New",(H10-G10)/G10)) -> New
A11: 35 | B11: =IFERROR(INDEX('Source 2026'!$C:$C,MATCH($A11,'Source 2026'!$B:$B,0)),IFERROR(INDEX('Source 2025'!$C:$C,MATCH($A11,'Source 2025'!$B:$B,0)),"")) -> S מגן קרסול לבן | C11: =SUMIFS('Source 2025'!$K:$K,'Source 2025'!$B:$B,$A11,'Source 2025'!$A:$A,"Quantity (units)") -> 69 | D11: =SUMIFS('Source 2026'!$K:$K,'Source 2026'!$B:$B,$A11,'Source 2026'!$A:$A,"Quantity (units)") -> 34 | E11: =D11-C11 -> -35 | F11: =IF(AND(C11=0,D11=0),0,IF(C11=0,"New",(D11-C11)/C11)) -> -0.50724638 | G11: =SUMIFS('Source 2025'!$K:$K,'Source 2025'!$B:$B,$A11,'Source 2025'!$A:$A,"Amount (NIS)") -> 1915.4 | H11: =SUMIFS('Source 2026'!$K:$K,'Source 2026'!$B:$B,$A11,'Source 2026'!$A:$A,"Amount (NIS)") -> 943.8 | I11: =H11-G11 -> -971.6 | J11: =IF(AND(G11=0,H11=0),0,IF(G11=0,"New",(H11-G11)/G11)) -> -0.50725697
A12: 35C | B12: =IFERROR(INDEX('Source 2026'!$C:$C,MATCH($A12,'Source 2026'!$B:$B,0)),IFERROR(INDEX('Source 2025'!$C:$C,MATCH($A12,'Source 2025'!$B:$B,0)),"")) -> S מגן קרסול חום | C12: =SUMIFS('Source 2025'!$K:$K,'Source 2025'!$B:$B,$A12,'Source 2025'!$A:$A,"Quantity (units)") -> 66 | D12: =SUMIFS('Source 2026'!$K:$K,'Source 2026'!$B:$B,$A12,'Source 2026'!$A:$A,"Quantity (units)") -> 34 | E12: =D12-C12 -> -32 | F12: =IF(AND(C12=0,D12=0),0,IF(C12=0,"New",(D12-C12)/C12)) -> -0.48484848 | G12: =SUMIFS('Source 2025'!$K:$K,'Source 2025'!$B:$B,$A12,'Source 2025'!$A:$A,"Amount (NIS)") -> 1832.2 | H12: =SUMIFS('Source 2026'!$K:$K,'Source 2026'!$B:$B,$A12,'Source 2026'!$A:$A,"Amount (NIS)") -> 943.8 | I12: =H12-G12 -> -888.4 | J12: =IF(AND(G12=0,H12=0),0,IF(G12=0,"New",(H12-G12)/G12)) -> -0.48488156
A13: 45C | B13: =IFERROR(INDEX('Source 2026'!$C:$C,MATCH($A13,'Source 2026'!$B:$B,0)),IFERROR(INDEX('Source 2025'!$C:$C,MATCH($A13,'Source 2025'!$B:$B,0)),"")) -> S מגן ברך חום | C13: =SUMIFS('Source 2025'!$K:$K,'Source 2025'!$B:$B,$A13,'Source 2025'!$A:$A,"Quantity (units)") -> 98 | D13: =SUMIFS('Source 2026'!$K:$K,'Source 2026'!$B:$B,$A13,'Source 2026'!$A:$A,"Quantity (units)") -> 67 | E13: =D13-C13 -> -31 | F13: =IF(AND(C13=0,D13=0),0,IF(C13=0,"New",(D13-C13)/C13)) -> -0.31632653 | G13: =SUMIFS('Source 2025'!$K:$K,'Source 2025'!$B:$B,$A13,'Source 2025'!$A:$A,"Amount (NIS)") -> 2720.6 | H13: =SUMIFS('Source 2026'!$K:$K,'Source 2026'!$B:$B,$A13,'Source 2026'!$A:$A,"Amount (NIS)") -> 1859.9 | I13: =H13-G13 -> -860.7 | J13: =IF(AND(G13=0,H13=0),0,IF(G13=0,"New",(H13-G13)/G13)) -> -0.31636404
A14: 397 | B14: =IFERROR(INDEX('Source 2026'!$C:$C,MATCH($A14,'Source 2026'!$B:$B,0)),IFERROR(INDEX('Source 2025'!$C:$C,MATCH($A14,'Source 2025'!$B:$B,0)),"")) -> 35-38 גרבי טיסה מידה | C14: =SUMIFS('Source 2025'!$K:$K,'Source 2025'!$B:$B,$A14,'Source 2025'!$A:$A,"Quantity (units)") -> 15 | D14: =SUMIFS('Source 2026'!$K:$K,'Source 2026'!$B:$B,$A14,'Source 2026'!$A:$A,"Quantity (units)") -> 0 | E14: =D14-C14 -> -15 | F14: =IF(AND(C14=0,D14=0),0,IF(C14=0,"New",(D14-C14)/C14)) -> -1 | G14: =SUMIFS('Source 2025'!$K:$K,'Source 2025'!$B:$B,$A14,'Source 2025'!$A:$A,"Amount (NIS)") -> 852.4 | H14: =SUMIFS('Source 2026'!$K:$K,'Source 2026'!$B:$B,$A14,'Source 2026'!$A:$A,"Amount (NIS)") -> 0 | I14: =H14-G14 -> -852.4 | J14: =IF(AND(G14=0,H14=0),0,IF(G14=0,"New",(H14-G14)/G14)) -> -1
A15: 078G-L | B15: =IFERROR(INDEX('Source 2026'!$C:$C,MATCH($A15,'Source 2026'!$B:$B,0)),IFERROR(INDEX('Source 2025'!$C:$C,MATCH($A15,'Source 2025'!$B:$B,0)),"")) -> חגורת גב אפורה | C15: =SUMIFS('Source 2025'!$K:$K,'Source 2025'!$B:$B,$A15,'Source 2025'!$A:$A,"Quantity (units)") -> 7 | D15: =SUMIFS('Source 2026'!$K:$K,'Source 2026'!$B:$B,$A15,'Source 2026'!$A:$A,"Quantity (units)") -> 15 | E15: =D15-C15 -> 8 | F15: =IF(AND(C15=0,D15=0),0,IF(C15=0,"New",(D15-C15)/C15)) -> 1.1428571 | G15: =SUMIFS('Source 2025'!$K:$K,'Source 2025'!$B:$B,$A15,'Source 2025'!$A:$A,"Amount (NIS)") -> 694.6 | H15: =SUMIFS('Source 2026'!$K:$K,'Source 2026'!$B:$B,$A15,'Source 2026'!$A:$A,"Amount (NIS)") -> 1488.5 | I15: =H15-G15 -> 793.9 | J15: =IF(AND(G15=0,H15=0),0,IF(G15=0,"New",(H15-G15)/G15)) -> 1.14296
A16: 75 | B16: =IFERROR(INDEX('Source 2026'!$C:$C,MATCH($A16,'Source 2026'!$B:$B,0)),IFERROR(INDEX('Source 2025'!$C:$C,MATCH($A16,'Source 2025'!$B:$B,0)),"")) -> Sמיישר כתף יציב יישור גב צר | C16: =SUMIFS('Source 2025'!$K:$K,'Source 2025'!$B:$B,$A16,'Source 2025'!$A:$A,"Quantity (units)") -> 10 | D16: =SUMIFS('Source 2026'!$K:$K,'Source 2026'!$B:$B,$A16,'Source 2026'!$A:$A,"Quantity (units)") -> 5 | E16: =D16-C16 -> -5 | F16: =IF(AND(C16=0,D16=0),0,IF(C16=0,"New",(D16-C16)/C16)) -> -0.5 | G16: =SUMIFS('Source 2025'!$K:$K,'Source 2025'!$B:$B,$A16,'Source 2025'!$A:$A,"Amount (NIS)") -> 1411.6 | H16: =SUMIFS('Source 2026'!$K:$K,'Source 2026'!$B:$B,$A16,'Source 2026'!$A:$A,"Amount (NIS)") -> 705.8 | I16: =H16-G16 -> -705.8 | J16: =IF(AND(G16=0,H16=0),0,IF(G16=0,"New",(H16-G16)/G16)) -> -0.5
A17: 34 | B17: =IFERROR(INDEX('Source 2026'!$C:$C,MATCH($A17,'Source 2026'!$B:$B,0)),IFERROR(INDEX('Source 2025'!$C:$C,MATCH($A17,'Source 2025'!$B:$B,0)),"")) -> M מגן קרסול עקב סגור | C17: =SUMIFS('Source 2025'!$K:$K,'Source 2025'!$B:$B,$A17,'Source 2025'!$A:$A,"Quantity (units)") -> 46 | D17: =SUMIFS('Source 2026'!$K:$K,'Source 2026'!$B:$B,$A17,'Source 2026'!$A:$A,"Quantity (units)") -> 29 | E17: =D17-C17 -> -17 | F17: =IF(AND(C17=0,D17=0),0,IF(C17=0,"New",(D17-C17)/C17)) -> -0.36956522 | G17: =SUMIFS('Source 2025'!$K:$K,'Source 2025'!$B:$B,$A17,'Source 2025'!$A:$A,"Amount (NIS)") -> 1863 | H17: =SUMIFS('Source 2026'!$K:$K,'Source 2026'!$B:$B,$A17,'Source 2026'!$A:$A,"Amount (NIS)") -> 1174.5 | I17: =H17-G17 -> -688.5 | J17: =IF(AND(G17=0,H17=0),0,IF(G17=0,"New",(H17-G17)/G17)) -> -0.36956522
... A121: T28A | B121: =IFERROR(INDEX('Source 2026'!$C:$C,MATCH($A121,'Source 2026'!$B:$B,0)),IFERROR(INDEX('Source 2025'!$C:$C,MATCH($A121,'Source 2025'!$B:$B,0)),"")) -> S-M סד לאגודל | C121: =SUMIFS('Source 2025'!$K:$K,'Source 2025'!$B:$B,$A121,'Source 2025'!$A:$A,"Quantity (units)") -> 6 | D121: =SUMIFS('Source 2026'!$K:$K,'Source 2026'!$B:$B,$A121,'Source 2026'!$A:$A,"Quantity (units)") -> 6 | E121: =D121-C121 -> 0 | F121: =IF(AND(C121=0,D121=0),0,IF(C121=0,"New",(D121-C121)/C121)) -> 0 | G121: =SUMIFS('Source 2025'!$K:$K,'Source 2025'!$B:$B,$A121,'Source 2025'!$A:$A,"Amount (NIS)") -> 378.4 | H121: =SUMIFS('Source 2026'!$K:$K,'Source 2026'!$B:$B,$A121,'Source 2026'!$A:$A,"Amount (NIS)") -> 378.4 | I121: =H121-G121 -> 0 | J121: =IF(AND(G121=0,H121=0),0,IF(G121=0,"New",(H121-G121)/G121)) -> 0
B123: TOTAL | C123: =SUM(C6:C121) -> 2393 | D123: =SUM(D6:D121) -> 1501 | E123: =SUM(E6:E121) -> -892 | F123: =IF(C123=0,"N/A",E123/C123) -> -0.37275387 | G123: =SUM(G6:G121) -> 65581.4 | H123: =SUM(H6:H121) -> 49349.3 | I123: =SUM(I6:I121) -> -16232.1 | J123: =IF(G123=0,"N/A",I123/G123) -> -0.24751073

Sheet אילת זיכויי BE
A1: Sales Comparison 2025 vs 2026 - Customer: אילת זיכויי BE (by Product CODE)
A2: Calculation date: | B2: 46284
A3: Source: PPlay1 of uriel (Reporter) product x customer pivot reports for 2025 and 2026, customer column "אילת זיכויי BE" only (raw values in 'Source 2025'!$L:$L / 'Source 2026'!$L:$L). Each file has two data blocks: "נטו" (Net Amount, NIS) and "סהכ יחידות" (Total Units). Product CODE parsed as the first token of column B in the original file (before the first space); size/color variants sharing the same base CODE are summed together via SUMIFS. Rows below only include product codes with non-zero quantity or amount for this customer in at least one of the two years; codes that are 0 for this customer in both years (sold only to other customers) were excluded as not relevant to this comparison.
A5: Product Code | B5: Product Name | C5: Quantity 2025 | D5: Quantity 2026 | E5: Quantity Change | F5: Quantity Change % | G5: Amount 2025 (₪) | H5: Amount 2026 (₪) | I5: Amount Change (₪) | J5: Amount Change %
A6: 302 | B6: =IFERROR(INDEX('Source 2026'!$C:$C,MATCH($A6,'Source 2026'!$B:$B,0)),IFERROR(INDEX('Source 2025'!$C:$C,MATCH($A6,'Source 2025'!$B:$B,0)),"")) -> מדרס ג'ל לגבר | C6: =SUMIFS('Source 2025'!$L:$L,'Source 2025'!$B:$B,$A6,'Source 2025'!$A:$A,"Quantity (units)") -> -9 | D6: =SUMIFS('Source 2026'!$L:$L,'Source 2026'!$B:$B,$A6,'Source 2026'!$A:$A,"Quantity (units)") -> -2 | E6: =D6-C6 -> 7 | F6: =IF(AND(C6=0,D6=0),0,IF(C6=0,"New",(D6-C6)/C6)) -> -0.77777778 | G6: =SUMIFS('Source 2025'!$L:$L,'Source 2025'!$B:$B,$A6,'Source 2025'!$A:$A,"Amount (NIS)") -> -590.7 | H6: =SUMIFS('Source 2026'!$L:$L,'Source 2026'!$B:$B,$A6,'Source 2026'!$A:$A,"Amount (NIS)") -> -131.3 | I6: =H6-G6 -> 459.4 | J6: =IF(AND(G6=0,H6=0),0,IF(G6=0,"New",(H6-G6)/G6)) -> -0.77772135
A7: SC422 | B7: =IFERROR(INDEX('Source 2026'!$C:$C,MATCH($A7,'Source 2026'!$B:$B,0)),IFERROR(INDEX('Source 2025'!$C:$C,MATCH($A7,'Source 2025'!$B:$B,0)),"")) -> S מגן ברך | C7: =SUMIFS('Source 2025'!$L:$L,'Source 2025'!$B:$B,$A7,'Source 2025'!$A:$A,"Quantity (units)") -> -2 | D7: =SUMIFS('Source 2026'!$L:$L,'Source 2026'!$B:$B,$A7,'Source 2026'!$A:$A,"Quantity (units)") -> 0 | E7: =D7-C7 -> 2 | F7: =IF(AND(C7=0,D7=0),0,IF(C7=0,"New",(D7-C7)/C7)) -> -1 | G7: =SUMIFS('Source 2025'!$L:$L,'Source 2025'!$B:$B,$A7,'Source 2025'!$A:$A,"Amount (NIS)") -> -271.5 | H7: =SUMIFS('Source 2026'!$L:$L,'Source 2026'!$B:$B,$A7,'Source 2026'!$A:$A,"Amount (NIS)") -> 0 | I7: =H7-G7 -> 271.5 | J7: =IF(AND(G7=0,H7=0),0,IF(G7=0,"New",(H7-G7)/G7)) -> -1
A8: 305GA | B8: =IFERROR(INDEX('Source 2026'!$C:$C,MATCH($A8,'Source 2026'!$B:$B,0)),IFERROR(INDEX('Source 2025'!$C:$C,MATCH($A8,'Source 2025'!$B:$B,0)),"")) -> מדרס אורטופ.מתכוון35-36 | C8: =SUMIFS('Source 2025'!$L:$L,'Source 2025'!$B:$B,$A8,'Source 2025'!$A:$A,"Quantity (units)") -> -3 | D8: =SUMIFS('Source 2026'!$L:$L,'Source 2026'!$B:$B,$A8,'Source 2026'!$A:$A,"Quantity (units)") -> 0 | E8: =D8-C8 -> 3 | F8: =IF(AND(C8=0,D8=0),0,IF(C8=0,"New",(D8-C8)/C8)) -> -1 | G8: =SUMIFS('Source 2025'!$L:$L,'Source 2025'!$B:$B,$A8,'Source 2025'!$A:$A,"Amount (NIS)") -> -210 | H8: =SUMIFS('Source 2026'!$L:$L,'Source 2026'!$B:$B,$A8,'Source 2026'!$A:$A,"Amount (NIS)") -> 0 | I8: =H8-G8 -> 210 | J8: =IF(AND(G8=0,H8=0),0,IF(G8=0,"New",(H8-G8)/G8)) -> -1
A9: 75 | B9: =IFERROR(INDEX('Source 2026'!$C:$C,MATCH($A9,'Source 2026'!$B:$B,0)),IFERROR(INDEX('Source 2025'!$C:$C,MATCH($A9,'Source 2025'!$B:$B,0)),"")) -> Sמיישר כתף יציב יישור גב צר | C9: =SUMIFS('Source 2025'!$L:$L,'Source 2025'!$B:$B,$A9,'Source 2025'!$A:$A,"Quantity (units)") -> -1 | D9: =SUMIFS('Source 2026'!$L:$L,'Source 2026'!$B:$B,$A9,'Source 2026'!$A:$A,"Quantity (units)") -> -2 | E9: =D9-C9 -> -1 | F9: =IF(AND(C9=0,D9=0),0,IF(C9=0,"New",(D9-C9)/C9)) -> 1 | G9: =SUMIFS('Source 2025'!$L:$L,'Source 2025'!$B:$B,$A9,'Source 2025'!$A:$A,"Amount (NIS)") -> -141.2 | H9: =SUMIFS('Source 2026'!$L:$L,'Source 2026'!$B:$B,$A9,'Source 2026'!$A:$A,"Amount (NIS)") -> -282.3 | I9: =H9-G9 -> -141.1 | J9: =IF(AND(G9=0,H9=0),0,IF(G9=0,"New",(H9-G9)/G9)) -> 0.99929178
A10: T28A | B10: =IFERROR(INDEX('Source 2026'!$C:$C,MATCH($A10,'Source 2026'!$B:$B,0)),IFERROR(INDEX('Source 2025'!$C:$C,MATCH($A10,'Source 2025'!$B:$B,0)),"")) -> S-M סד לאגודל | C10: =SUMIFS('Source 2025'!$L:$L,'Source 2025'!$B:$B,$A10,'Source 2025'!$A:$A,"Quantity (units)") -> -2 | D10: =SUMIFS('Source 2026'!$L:$L,'Source 2026'!$B:$B,$A10,'Source 2026'!$A:$A,"Quantity (units)") -> 0 | E10: =D10-C10 -> 2 | F10: =IF(AND(C10=0,D10=0),0,IF(C10=0,"New",(D10-C10)/C10)) -> -1 | G10: =SUMIFS('Source 2025'!$L:$L,'Source 2025'!$B:$B,$A10,'Source 2025'!$A:$A,"Amount (NIS)") -> -126.1 | H10: =SUMIFS('Source 2026'!$L:$L,'Source 2026'!$B:$B,$A10,'Source 2026'!$A:$A,"Amount (NIS)") -> 0 | I10: =H10-G10 -> 126.1 | J10: =IF(AND(G10=0,H10=0),0,IF(G10=0,"New",(H10-G10)/G10)) -> -1
A11: FC335 | B11: =IFERROR(INDEX('Source 2026'!$C:$C,MATCH($A11,'Source 2026'!$B:$B,0)),IFERROR(INDEX('Source 2025'!$C:$C,MATCH($A11,'Source 2025'!$B:$B,0)),"")) -> טלק מעושר באלוורה | C11: =SUMIFS('Source 2025'!$L:$L,'Source 2025'!$B:$B,$A11,'Source 2025'!$A:$A,"Quantity (units)") -> -6 | D11: =SUMIFS('Source 2026'!$L:$L,'Source 2026'!$B:$B,$A11,'Source 2026'!$A:$A,"Quantity (units)") -> 0 | E11: =D11-C11 -> 6 | F11: =IF(AND(C11=0,D11=0),0,IF(C11=0,"New",(D11-C11)/C11)) -> -1 | G11: =SUMIFS('Source 2025'!$L:$L,'Source 2025'!$B:$B,$A11,'Source 2025'!$A:$A,"Amount (NIS)") -> -105 | H11: =SUMIFS('Source 2026'!$L:$L,'Source 2026'!$B:$B,$A11,'Source 2026'!$A:$A,"Amount (NIS)") -> 0 | I11: =H11-G11 -> 105 | J11: =IF(AND(G11=0,H11=0),0,IF(G11=0,"New",(H11-G11)/G11)) -> -1
A12: 50 | B12: =IFERROR(INDEX('Source 2026'!$C:$C,MATCH($A12,'Source 2026'!$B:$B,0)),IFERROR(INDEX('Source 2025'!$C:$C,MATCH($A12,'Source 2025'!$B:$B,0)),"")) -> S מתלה אשכים לאחר ניתוח | C12: =SUMIFS('Source 2025'!$L:$L,'Source 2025'!$B:$B,$A12,'Source 2025'!$A:$A,"Quantity (units)") -> 0 | D12: =SUMIFS('Source 2026'!$L:$L,'Source 2026'!$B:$B,$A12,'Source 2026'!$A:$A,"Quantity (units)") -> -1 | E12: =D12-C12 -> -1 | F12: =IF(AND(C12=0,D12=0),0,IF(C12=0,"New",(D12-C12)/C12)) -> New | G12: =SUMIFS('Source 2025'!$L:$L,'Source 2025'!$B:$B,$A12,'Source 2025'!$A:$A,"Amount (NIS)") -> 0 | H12: =SUMIFS('Source 2026'!$L:$L,'Source 2026'!$B:$B,$A12,'Source 2026'!$A:$A,"Amount (NIS)") -> -104.2 | I12: =H12-G12 -> -104.2 | J12: =IF(AND(G12=0,H12=0),0,IF(G12=0,"New",(H12-G12)/G12)) -> New
A13: 28 | B13: =IFERROR(INDEX('Source 2026'!$C:$C,MATCH($A13,'Source 2026'!$B:$B,0)),IFERROR(INDEX('Source 2025'!$C:$C,MATCH($A13,'Source 2025'!$B:$B,0)),"")) -> L סד לאגודל לאחר שבר | C13: =SUMIFS('Source 2025'!$L:$L,'Source 2025'!$B:$B,$A13,'Source 2025'!$A:$A,"Quantity (units)") -> -1 | D13: =SUMIFS('Source 2026'!$L:$L,'Source 2026'!$B:$B,$A13,'Source 2026'!$A:$A,"Quantity (units)") -> 0 | E13: =D13-C13 -> 1 | F13: =IF(AND(C13=0,D13=0),0,IF(C13=0,"New",(D13-C13)/C13)) -> -1 | G13: =SUMIFS('Source 2025'!$L:$L,'Source 2025'!$B:$B,$A13,'Source 2025'!$A:$A,"Amount (NIS)") -> -88.2 | H13: =SUMIFS('Source 2026'!$L:$L,'Source 2026'!$B:$B,$A13,'Source 2026'!$A:$A,"Amount (NIS)") -> 0 | I13: =H13-G13 -> 88.2 | J13: =IF(AND(G13=0,H13=0),0,IF(G13=0,"New",(H13-G13)/G13)) -> -1
A14: 3675 | B14: =IFERROR(INDEX('Source 2026'!$C:$C,MATCH($A14,'Source 2026'!$B:$B,0)),IFERROR(INDEX('Source 2025'!$C:$C,MATCH($A14,'Source 2025'!$B:$B,0)),"")) -> מגן זרת מסיליקון | C14: =SUMIFS('Source 2025'!$L:$L,'Source 2025'!$B:$B,$A14,'Source 2025'!$A:$A,"Quantity (units)") -> -3 | D14: =SUMIFS('Source 2026'!$L:$L,'Source 2026'!$B:$B,$A14,'Source 2026'!$A:$A,"Quantity (units)") -> 0 | E14: =D14-C14 -> 3 | F14: =IF(AND(C14=0,D14=0),0,IF(C14=0,"New",(D14-C14)/C14)) -> -1 | G14: =SUMIFS('Source 2025'!$L:$L,'Source 2025'!$B:$B,$A14,'Source 2025'!$A:$A,"Amount (NIS)") -> -82.6 | H14: =SUMIFS('Source 2026'!$L:$L,'Source 2026'!$B:$B,$A14,'Source 2026'!$A:$A,"Amount (NIS)") -> 0 | I14: =H14-G14 -> 82.6 | J14: =IF(AND(G14=0,H14=0),0,IF(G14=0,"New",(H14-G14)/G14)) -> -1
A15: PD340-קוצץ | B15: =IFERROR(INDEX('Source 2026'!$C:$C,MATCH($A15,'Source 2026'!$B:$B,0)),IFERROR(INDEX('Source 2025'!$C:$C,MATCH($A15,'Source 2025'!$B:$B,0)),"")) -> ציפורניים | C15: =SUMIFS('Source 2025'!$L:$L,'Source 2025'!$B:$B,$A15,'Source 2025'!$A:$A,"Quantity (units)") -> -5 | D15: =SUMIFS('Source 2026'!$L:$L,'Source 2026'!$B:$B,$A15,'Source 2026'!$A:$A,"Quantity (units)") -> 0 | E15: =D15-C15 -> 5 | F15: =IF(AND(C15=0,D15=0),0,IF(C15=0,"New",(D15-C15)/C15)) -> -1 | G15: =SUMIFS('Source 2025'!$L:$L,'Source 2025'!$B:$B,$A15,'Source 2025'!$A:$A,"Amount (NIS)") -> -65.8 | H15: =SUMIFS('Source 2026'!$L:$L,'Source 2026'!$B:$B,$A15,'Source 2026'!$A:$A,"Amount (NIS)") -> 0 | I15: =H15-G15 -> 65.8 | J15: =IF(AND(G15=0,H15=0),0,IF(G15=0,"New",(H15-G15)/G15)) -> -1
A16: 302SP | B16: =IFERROR(INDEX('Source 2026'!$C:$C,MATCH($A16,'Source 2026'!$B:$B,0)),IFERROR(INDEX('Source 2025'!$C:$C,MATCH($A16,'Source 2025'!$B:$B,0)),"")) -> M מדרס ג'ל ספורט לגבר | C16: =SUMIFS('Source 2025'!$L:$L,'Source 2025'!$B:$B,$A16,'Source 2025'!$A:$A,"Quantity (units)") -> -1 | D16: =SUMIFS('Source 2026'!$L:$L,'Source 2026'!$B:$B,$A16,'Source 2026'!$A:$A,"Quantity (units)") -> 0 | E16: =D16-C16 -> 1 | F16: =IF(AND(C16=0,D16=0),0,IF(C16=0,"New",(D16-C16)/C16)) -> -1 | G16: =SUMIFS('Source 2025'!$L:$L,'Source 2025'!$B:$B,$A16,'Source 2025'!$A:$A,"Amount (NIS)") -> -65.6 | H16: =SUMIFS('Source 2026'!$L:$L,'Source 2026'!$B:$B,$A16,'Source 2026'!$A:$A,"Amount (NIS)") -> 0 | I16: =H16-G16 -> 65.6 | J16: =IF(AND(G16=0,H16=0),0,IF(G16=0,"New",(H16-G16)/G16)) -> -1
A17: 308 | B17: =IFERROR(INDEX('Source 2026'!$C:$C,MATCH($A17,'Source 2026'!$B:$B,0)),IFERROR(INDEX('Source 2025'!$C:$C,MATCH($A17,'Source 2025'!$B:$B,0)),"")) -> Lעקבים סיליקון כחול לדורבן | C17: =SUMIFS('Source 2025'!$L:$L,'Source 2025'!$B:$B,$A17,'Source 2025'!$A:$A,"Quantity (units)") -> -1 | D17: =SUMIFS('Source 2026'!$L:$L,'Source 2026'!$B:$B,$A17,'Source 2026'!$A:$A,"Quantity (units)") -> 0 | E17: =D17-C17 -> 1 | F17: =IF(AND(C17=0,D17=0),0,IF(C17=0,"New",(D17-C17)/C17)) -> -1 | G17: =SUMIFS('Source 2025'!$L:$L,'Source 2025'!$B:$B,$A17,'Source 2025'!$A:$A,"Amount (NIS)") -> -54.5 | H17: =SUMIFS('Source 2026'!$L:$L,'Source 2026'!$B:$B,$A17,'Source 2026'!$A:$A,"Amount (NIS)") -> 0 | I17: =H17-G17 -> 54.5 | J17: =IF(AND(G17=0,H17=0),0,IF(G17=0,"New",(H17-G17)/G17)) -> -1
... A28: 806CB-BLACK | B28: =IFERROR(INDEX('Source 2026'!$C:$C,MATCH($A28,'Source 2026'!$B:$B,0)),IFERROR(INDEX('Source 2025'!$C:$C,MATCH($A28,'Source 2025'!$B:$B,0)),"")) -> תחבושת א.נצמ | C28: =SUMIFS('Source 2025'!$L:$L,'Source 2025'!$B:$B,$A28,'Source 2025'!$A:$A,"Quantity (units)") -> -1 | D28: =SUMIFS('Source 2026'!$L:$L,'Source 2026'!$B:$B,$A28,'Source 2026'!$A:$A,"Quantity (units)") -> 0 | E28: =D28-C28 -> 1 | F28: =IF(AND(C28=0,D28=0),0,IF(C28=0,"New",(D28-C28)/C28)) -> -1 | G28: =SUMIFS('Source 2025'!$L:$L,'Source 2025'!$B:$B,$A28,'Source 2025'!$A:$A,"Amount (NIS)") -> -11 | H28: =SUMIFS('Source 2026'!$L:$L,'Source 2026'!$B:$B,$A28,'Source 2026'!$A:$A,"Amount (NIS)") -> 0 | I28: =H28-G28 -> 11 | J28: =IF(AND(G28=0,H28=0),0,IF(G28=0,"New",(H28-G28)/G28)) -> -1
B30: TOTAL | C30: =SUM(C6:C28) -> -47 | D30: =SUM(D6:D28) -> -5 | E30: =SUM(E6:E28) -> 42 | F30: =IF(C30=0,"N/A",E30/C30) -> -0.89361702 | G30: =SUM(G6:G28) -> -2050 | H30: =SUM(H6:H28) -> -517.8 | I30: =SUM(I6:I28) -> 1532.2 | J30: =IF(G30=0,"N/A",I30/G30) -> -0.74741463

Sheet גוד פארם
A1: Sales Comparison 2025 vs 2026 - Customer: גוד פארם (by Product CODE)
A2: Calculation date: | B2: 46284
A3: Source: PPlay1 of uriel (Reporter) product x customer pivot reports for 2025 and 2026, customer column "גוד פארם" only (raw values in 'Source 2025'!$M:$M / 'Source 2026'!$M:$M). Each file has two data blocks: "נטו" (Net Amount, NIS) and "סהכ יחידות" (Total Units). Product CODE parsed as the first token of column B in the original file (before the first space); size/color variants sharing the same base CODE are summed together via SUMIFS. Rows below only include product codes with non-zero quantity or amount for this customer in at least one of the two years; codes that are 0 for this customer in both years (sold only to other customers) were excluded as not relevant to this comparison.
A5: Product Code | B5: Product Name | C5: Quantity 2025 | D5: Quantity 2026 | E5: Quantity Change | F5: Quantity Change % | G5: Amount 2025 (₪) | H5: Amount 2026 (₪) | I5: Amount Change (₪) | J5: Amount Change %
A6: 302 | B6: =IFERROR(INDEX('Source 2026'!$C:$C,MATCH($A6,'Source 2026'!$B:$B,0)),IFERROR(INDEX('Source 2025'!$C:$C,MATCH($A6,'Source 2025'!$B:$B,0)),"")) -> מדרס ג'ל לגבר | C6: =SUMIFS('Source 2025'!$M:$M,'Source 2025'!$B:$B,$A6,'Source 2025'!$A:$A,"Quantity (units)") -> 12 | D6: =SUMIFS('Source 2026'!$M:$M,'Source 2026'!$B:$B,$A6,'Source 2026'!$A:$A,"Quantity (units)") -> -5 | E6: =D6-C6 -> -17 | F6: =IF(AND(C6=0,D6=0),0,IF(C6=0,"New",(D6-C6)/C6)) -> -1.4166667 | G6: =SUMIFS('Source 2025'!$M:$M,'Source 2025'!$B:$B,$A6,'Source 2025'!$A:$A,"Amount (NIS)") -> 850.4 | H6: =SUMIFS('Source 2026'!$M:$M,'Source 2026'!$B:$B,$A6,'Source 2026'!$A:$A,"Amount (NIS)") -> -355 | I6: =H6-G6 -> -1205.4 | J6: =IF(AND(G6=0,H6=0),0,IF(G6=0,"New",(H6-G6)/G6)) -> -1.4174506
A7: FC335 | B7: =IFERROR(INDEX('Source 2026'!$C:$C,MATCH($A7,'Source 2026'!$B:$B,0)),IFERROR(INDEX('Source 2025'!$C:$C,MATCH($A7,'Source 2025'!$B:$B,0)),"")) -> טלק מעושר באלוורה | C7: =SUMIFS('Source 2025'!$M:$M,'Source 2025'!$B:$B,$A7,'Source 2025'!$A:$A,"Quantity (units)") -> 25 | D7: =SUMIFS('Source 2026'!$M:$M,'Source 2026'!$B:$B,$A7,'Source 2026'!$A:$A,"Quantity (units)") -> 3 | E7: =D7-C7 -> -22 | F7: =IF(AND(C7=0,D7=0),0,IF(C7=0,"New",(D7-C7)/C7)) -> -0.88 | G7: =SUMIFS('Source 2025'!$M:$M,'Source 2025'!$B:$B,$A7,'Source 2025'!$A:$A,"Amount (NIS)") -> 554.3 | H7: =SUMIFS('Source 2026'!$M:$M,'Source 2026'!$B:$B,$A7,'Source 2026'!$A:$A,"Amount (NIS)") -> 70.2 | I7: =H7-G7 -> -484.1 | J7: =IF(AND(G7=0,H7=0),0,IF(G7=0,"New",(H7-G7)/G7)) -> -0.87335378
A8: 307 | B8: =IFERROR(INDEX('Source 2026'!$C:$C,MATCH($A8,'Source 2026'!$B:$B,0)),IFERROR(INDEX('Source 2025'!$C:$C,MATCH($A8,'Source 2025'!$B:$B,0)),"")) -> L עקבים לדורבן-זוג כריות | C8: =SUMIFS('Source 2025'!$M:$M,'Source 2025'!$B:$B,$A8,'Source 2025'!$A:$A,"Quantity (units)") -> 5 | D8: =SUMIFS('Source 2026'!$M:$M,'Source 2026'!$B:$B,$A8,'Source 2026'!$A:$A,"Quantity (units)") -> 0 | E8: =D8-C8 -> -5 | F8: =IF(AND(C8=0,D8=0),0,IF(C8=0,"New",(D8-C8)/C8)) -> -1 | G8: =SUMIFS('Source 2025'!$M:$M,'Source 2025'!$B:$B,$A8,'Source 2025'!$A:$A,"Amount (NIS)") -> 461.2 | H8: =SUMIFS('Source 2026'!$M:$M,'Source 2026'!$B:$B,$A8,'Source 2026'!$A:$A,"Amount (NIS)") -> 0 | I8: =H8-G8 -> -461.2 | J8: =IF(AND(G8=0,H8=0),0,IF(G8=0,"New",(H8-G8)/G8)) -> -1
A9: AC45X | B9: =IFERROR(INDEX('Source 2026'!$C:$C,MATCH($A9,'Source 2026'!$B:$B,0)),IFERROR(INDEX('Source 2025'!$C:$C,MATCH($A9,'Source 2025'!$B:$B,0)),"")) -> מגן ברך עם תמיכות | C9: =SUMIFS('Source 2025'!$M:$M,'Source 2025'!$B:$B,$A9,'Source 2025'!$A:$A,"Quantity (units)") -> 11 | D9: =SUMIFS('Source 2026'!$M:$M,'Source 2026'!$B:$B,$A9,'Source 2026'!$A:$A,"Quantity (units)") -> 16 | E9: =D9-C9 -> 5 | F9: =IF(AND(C9=0,D9=0),0,IF(C9=0,"New",(D9-C9)/C9)) -> 0.45454545 | G9: =SUMIFS('Source 2025'!$M:$M,'Source 2025'!$B:$B,$A9,'Source 2025'!$A:$A,"Amount (NIS)") -> 795.8 | H9: =SUMIFS('Source 2026'!$M:$M,'Source 2026'!$B:$B,$A9,'Source 2026'!$A:$A,"Amount (NIS)") -> 1199.2 | I9: =H9-G9 -> 403.4 | J9: =IF(AND(G9=0,H9=0),0,IF(G9=0,"New",(H9-G9)/G9)) -> 0.50691128
A10: 85 | B10: =IFERROR(INDEX('Source 2026'!$C:$C,MATCH($A10,'Source 2026'!$B:$B,0)),IFERROR(INDEX('Source 2025'!$C:$C,MATCH($A10,'Source 2025'!$B:$B,0)),"")) -> L (מתלה ליד )כיס | C10: =SUMIFS('Source 2025'!$M:$M,'Source 2025'!$B:$B,$A10,'Source 2025'!$A:$A,"Quantity (units)") -> 6 | D10: =SUMIFS('Source 2026'!$M:$M,'Source 2026'!$B:$B,$A10,'Source 2026'!$A:$A,"Quantity (units)") -> 0 | E10: =D10-C10 -> -6 | F10: =IF(AND(C10=0,D10=0),0,IF(C10=0,"New",(D10-C10)/C10)) -> -1 | G10: =SUMIFS('Source 2025'!$M:$M,'Source 2025'!$B:$B,$A10,'Source 2025'!$A:$A,"Amount (NIS)") -> 340 | H10: =SUMIFS('Source 2026'!$M:$M,'Source 2026'!$B:$B,$A10,'Source 2026'!$A:$A,"Amount (NIS)") -> 0 | I10: =H10-G10 -> -340 | J10: =IF(AND(G10=0,H10=0),0,IF(G10=0,"New",(H10-G10)/G10)) -> -1
A11: AC75 | B11: =IFERROR(INDEX('Source 2026'!$C:$C,MATCH($A11,'Source 2026'!$B:$B,0)),IFERROR(INDEX('Source 2025'!$C:$C,MATCH($A11,'Source 2025'!$B:$B,0)),"")) -> מישר כתפיים אקטיב | C11: =SUMIFS('Source 2025'!$M:$M,'Source 2025'!$B:$B,$A11,'Source 2025'!$A:$A,"Quantity (units)") -> 0 | D11: =SUMIFS('Source 2026'!$M:$M,'Source 2026'!$B:$B,$A11,'Source 2026'!$A:$A,"Quantity (units)") -> 4 | E11: =D11-C11 -> 4 | F11: =IF(AND(C11=0,D11=0),0,IF(C11=0,"New",(D11-C11)/C11)) -> New | G11: =SUMIFS('Source 2025'!$M:$M,'Source 2025'!$B:$B,$A11,'Source 2025'!$A:$A,"Amount (NIS)") -> 0 | H11: =SUMIFS('Source 2026'!$M:$M,'Source 2026'!$B:$B,$A11,'Source 2026'!$A:$A,"Amount (NIS)") -> 318.5 | I11: =H11-G11 -> 318.5 | J11: =IF(AND(G11=0,H11=0),0,IF(G11=0,"New",(H11-G11)/G11)) -> New
A12: 85K | B12: =IFERROR(INDEX('Source 2026'!$C:$C,MATCH($A12,'Source 2026'!$B:$B,0)),IFERROR(INDEX('Source 2025'!$C:$C,MATCH($A12,'Source 2025'!$B:$B,0)),"")) -> מתלה ליד לילדים | C12: =SUMIFS('Source 2025'!$M:$M,'Source 2025'!$B:$B,$A12,'Source 2025'!$A:$A,"Quantity (units)") -> 5 | D12: =SUMIFS('Source 2026'!$M:$M,'Source 2026'!$B:$B,$A12,'Source 2026'!$A:$A,"Quantity (units)") -> 0 | E12: =D12-C12 -> -5 | F12: =IF(AND(C12=0,D12=0),0,IF(C12=0,"New",(D12-C12)/C12)) -> -1 | G12: =SUMIFS('Source 2025'!$M:$M,'Source 2025'!$B:$B,$A12,'Source 2025'!$A:$A,"Amount (NIS)") -> 259.8 | H12: =SUMIFS('Source 2026'!$M:$M,'Source 2026'!$B:$B,$A12,'Source 2026'!$A:$A,"Amount (NIS)") -> 0 | I12: =H12-G12 -> -259.8 | J12: =IF(AND(G12=0,H12=0),0,IF(G12=0,"New",(H12-G12)/G12)) -> -1
A13: FCתרסיס | B13: =IFERROR(INDEX('Source 2026'!$C:$C,MATCH($A13,'Source 2026'!$B:$B,0)),IFERROR(INDEX('Source 2025'!$C:$C,MATCH($A13,'Source 2025'!$B:$B,0)),"")) -> דאודורנט אנטיבק.נעל333 | C13: =SUMIFS('Source 2025'!$M:$M,'Source 2025'!$B:$B,$A13,'Source 2025'!$A:$A,"Quantity (units)") -> 12 | D13: =SUMIFS('Source 2026'!$M:$M,'Source 2026'!$B:$B,$A13,'Source 2026'!$A:$A,"Quantity (units)") -> 0 | E13: =D13-C13 -> -12 | F13: =IF(AND(C13=0,D13=0),0,IF(C13=0,"New",(D13-C13)/C13)) -> -1 | G13: =SUMIFS('Source 2025'!$M:$M,'Source 2025'!$B:$B,$A13,'Source 2025'!$A:$A,"Amount (NIS)") -> 212.3 | H13: =SUMIFS('Source 2026'!$M:$M,'Source 2026'!$B:$B,$A13,'Source 2026'!$A:$A,"Amount (NIS)") -> 0 | I13: =H13-G13 -> -212.3 | J13: =IF(AND(G13=0,H13=0),0,IF(G13=0,"New",(H13-G13)/G13)) -> -1
A14: 386 | B14: =IFERROR(INDEX('Source 2026'!$C:$C,MATCH($A14,'Source 2026'!$B:$B,0)),IFERROR(INDEX('Source 2025'!$C:$C,MATCH($A14,'Source 2025'!$B:$B,0)),"")) -> מיישר בוניון-האלוקס ולגוס | C14: =SUMIFS('Source 2025'!$M:$M,'Source 2025'!$B:$B,$A14,'Source 2025'!$A:$A,"Quantity (units)") -> 4 | D14: =SUMIFS('Source 2026'!$M:$M,'Source 2026'!$B:$B,$A14,'Source 2026'!$A:$A,"Quantity (units)") -> 0 | E14: =D14-C14 -> -4 | F14: =IF(AND(C14=0,D14=0),0,IF(C14=0,"New",(D14-C14)/C14)) -> -1 | G14: =SUMIFS('Source 2025'!$M:$M,'Source 2025'!$B:$B,$A14,'Source 2025'!$A:$A,"Amount (NIS)") -> 189 | H14: =SUMIFS('Source 2026'!$M:$M,'Source 2026'!$B:$B,$A14,'Source 2026'!$A:$A,"Amount (NIS)") -> 0 | I14: =H14-G14 -> -189 | J14: =IF(AND(G14=0,H14=0),0,IF(G14=0,"New",(H14-G14)/G14)) -> -1
A15: 238M | B15: =IFERROR(INDEX('Source 2026'!$C:$C,MATCH($A15,'Source 2026'!$B:$B,0)),IFERROR(INDEX('Source 2025'!$C:$C,MATCH($A15,'Source 2025'!$B:$B,0)),"")) -> סד ליישור אצבע | C15: =SUMIFS('Source 2025'!$M:$M,'Source 2025'!$B:$B,$A15,'Source 2025'!$A:$A,"Quantity (units)") -> 9 | D15: =SUMIFS('Source 2026'!$M:$M,'Source 2026'!$B:$B,$A15,'Source 2026'!$A:$A,"Quantity (units)") -> 0 | E15: =D15-C15 -> -9 | F15: =IF(AND(C15=0,D15=0),0,IF(C15=0,"New",(D15-C15)/C15)) -> -1 | G15: =SUMIFS('Source 2025'!$M:$M,'Source 2025'!$B:$B,$A15,'Source 2025'!$A:$A,"Amount (NIS)") -> 180.9 | H15: =SUMIFS('Source 2026'!$M:$M,'Source 2026'!$B:$B,$A15,'Source 2026'!$A:$A,"Amount (NIS)") -> 0 | I15: =H15-G15 -> -180.9 | J15: =IF(AND(G15=0,H15=0),0,IF(G15=0,"New",(H15-G15)/G15)) -> -1
A16: AC-28 | B16: =IFERROR(INDEX('Source 2026'!$C:$C,MATCH($A16,'Source 2026'!$B:$B,0)),IFERROR(INDEX('Source 2025'!$C:$C,MATCH($A16,'Source 2025'!$B:$B,0)),"")) -> סד לאגודל | C16: =SUMIFS('Source 2025'!$M:$M,'Source 2025'!$B:$B,$A16,'Source 2025'!$A:$A,"Quantity (units)") -> 9 | D16: =SUMIFS('Source 2026'!$M:$M,'Source 2026'!$B:$B,$A16,'Source 2026'!$A:$A,"Quantity (units)") -> 3 | E16: =D16-C16 -> -6 | F16: =IF(AND(C16=0,D16=0),0,IF(C16=0,"New",(D16-C16)/C16)) -> -0.66666667 | G16: =SUMIFS('Source 2025'!$M:$M,'Source 2025'!$B:$B,$A16,'Source 2025'!$A:$A,"Amount (NIS)") -> 268.9 | H16: =SUMIFS('Source 2026'!$M:$M,'Source 2026'!$B:$B,$A16,'Source 2026'!$A:$A,"Amount (NIS)") -> 126.4 | I16: =H16-G16 -> -142.5 | J16: =IF(AND(G16=0,H16=0),0,IF(G16=0,"New",(H16-G16)/G16)) -> -0.52993678
A17: 301JW | B17: =IFERROR(INDEX('Source 2026'!$C:$C,MATCH($A17,'Source 2026'!$B:$B,0)),IFERROR(INDEX('Source 2025'!$C:$C,MATCH($A17,'Source 2025'!$B:$B,0)),"")) -> רפידת ג'ל כחול36-40 | C17: =SUMIFS('Source 2025'!$M:$M,'Source 2025'!$B:$B,$A17,'Source 2025'!$A:$A,"Quantity (units)") -> 0 | D17: =SUMIFS('Source 2026'!$M:$M,'Source 2026'!$B:$B,$A17,'Source 2026'!$A:$A,"Quantity (units)") -> -2 | E17: =D17-C17 -> -2 | F17: =IF(AND(C17=0,D17=0),0,IF(C17=0,"New",(D17-C17)/C17)) -> New | G17: =SUMIFS('Source 2025'!$M:$M,'Source 2025'!$B:$B,$A17,'Source 2025'!$A:$A,"Amount (NIS)") -> -7.2 | H17: =SUMIFS('Source 2026'!$M:$M,'Source 2026'!$B:$B,$A17,'Source 2026'!$A:$A,"Amount (NIS)") -> -146.6 | I17: =H17-G17 -> -139.4 | J17: =IF(AND(G17=0,H17=0),0,IF(G17=0,"New",(H17-G17)/G17)) -> 19.361111
... A47: T25-חבק | B47: =IFERROR(INDEX('Source 2026'!$C:$C,MATCH($A47,'Source 2026'!$B:$B,0)),IFERROR(INDEX('Source 2025'!$C:$C,MATCH($A47,'Source 2025'!$B:$B,0)),"")) -> יד אגודלי | C47: =SUMIFS('Source 2025'!$M:$M,'Source 2025'!$B:$B,$A47,'Source 2025'!$A:$A,"Quantity (units)") -> 3 | D47: =SUMIFS('Source 2026'!$M:$M,'Source 2026'!$B:$B,$A47,'Source 2026'!$A:$A,"Quantity (units)") -> 3 | E47: =D47-C47 -> 0 | F47: =IF(AND(C47=0,D47=0),0,IF(C47=0,"New",(D47-C47)/C47)) -> 0 | G47: =SUMIFS('Source 2025'!$M:$M,'Source 2025'!$B:$B,$A47,'Source 2025'!$A:$A,"Amount (NIS)") -> 140.5 | H47: =SUMIFS('Source 2026'!$M:$M,'Source 2026'!$B:$B,$A47,'Source 2026'!$A:$A,"Amount (NIS)") -> 140.5 | I47: =H47-G47 -> 0 | J47: =IF(AND(G47=0,H47=0),0,IF(G47=0,"New",(H47-G47)/G47)) -> 0
B49: TOTAL | C49: =SUM(C6:C47) -> 211 | D49: =SUM(D6:D47) -> 125 | E49: =SUM(E6:E47) -> -86 | F49: =IF(C49=0,"N/A",E49/C49) -> -0.40758294 | G49: =SUM(G6:G47) -> 7329.5 | H49: =SUM(H6:H47) -> 4352.2 | I49: =SUM(I6:I47) -> -2977.3 | J49: =IF(G49=0,"N/A",I49/G49) -> -0.40620779

Sheet גוד פארם מרכז
A1: Sales Comparison 2025 vs 2026 - Customer: גוד פארם מרכז (by Product CODE)
A2: Calculation date: | B2: 46284
A3: Source: PPlay1 of uriel (Reporter) product x customer pivot reports for 2025 and 2026, customer column "גוד פארם מרכז" only (raw values in 'Source 2025'!$N:$N / 'Source 2026'!$N:$N). Each file has two data blocks: "נטו" (Net Amount, NIS) and "סהכ יחידות" (Total Units). Product CODE parsed as the first token of column B in the original file (before the first space); size/color variants sharing the same base CODE are summed together via SUMIFS. Rows below only include product codes with non-zero quantity or amount for this customer in at least one of the two years; codes that are 0 for this customer in both years (sold only to other customers) were excluded as not relevant to this comparison.
A5: Product Code | B5: Product Name | C5: Quantity 2025 | D5: Quantity 2026 | E5: Quantity Change | F5: Quantity Change % | G5: Amount 2025 (₪) | H5: Amount 2026 (₪) | I5: Amount Change (₪) | J5: Amount Change %
A6: AC75 | B6: =IFERROR(INDEX('Source 2026'!$C:$C,MATCH($A6,'Source 2026'!$B:$B,0)),IFERROR(INDEX('Source 2025'!$C:$C,MATCH($A6,'Source 2025'!$B:$B,0)),"")) -> מישר כתפיים אקטיב | C6: =SUMIFS('Source 2025'!$N:$N,'Source 2025'!$B:$B,$A6,'Source 2025'!$A:$A,"Quantity (units)") -> 13 | D6: =SUMIFS('Source 2026'!$N:$N,'Source 2026'!$B:$B,$A6,'Source 2026'!$A:$A,"Quantity (units)") -> 0 | E6: =D6-C6 -> -13 | F6: =IF(AND(C6=0,D6=0),0,IF(C6=0,"New",(D6-C6)/C6)) -> -1 | G6: =SUMIFS('Source 2025'!$N:$N,'Source 2025'!$B:$B,$A6,'Source 2025'!$A:$A,"Amount (NIS)") -> 921.2 | H6: =SUMIFS('Source 2026'!$N:$N,'Source 2026'!$B:$B,$A6,'Source 2026'!$A:$A,"Amount (NIS)") -> -7 | I6: =H6-G6 -> -928.2 | J6: =IF(AND(G6=0,H6=0),0,IF(G6=0,"New",(H6-G6)/G6)) -> -1.0075988
A7: 302 | B7: =IFERROR(INDEX('Source 2026'!$C:$C,MATCH($A7,'Source 2026'!$B:$B,0)),IFERROR(INDEX('Source 2025'!$C:$C,MATCH($A7,'Source 2025'!$B:$B,0)),"")) -> מדרס ג'ל לגבר | C7: =SUMIFS('Source 2025'!$N:$N,'Source 2025'!$B:$B,$A7,'Source 2025'!$A:$A,"Quantity (units)") -> -11 | D7: =SUMIFS('Source 2026'!$N:$N,'Source 2026'!$B:$B,$A7,'Source 2026'!$A:$A,"Quantity (units)") -> 0 | E7: =D7-C7 -> 11 | F7: =IF(AND(C7=0,D7=0),0,IF(C7=0,"New",(D7-C7)/C7)) -> -1 | G7: =SUMIFS('Source 2025'!$N:$N,'Source 2025'!$B:$B,$A7,'Source 2025'!$A:$A,"Amount (NIS)") -> -779.5 | H7: =SUMIFS('Source 2026'!$N:$N,'Source 2026'!$B:$B,$A7,'Source 2026'!$A:$A,"Amount (NIS)") -> 0 | I7: =H7-G7 -> 779.5 | J7: =IF(AND(G7=0,H7=0),0,IF(G7=0,"New",(H7-G7)/G7)) -> -1
A8: 307 | B8: =IFERROR(INDEX('Source 2026'!$C:$C,MATCH($A8,'Source 2026'!$B:$B,0)),IFERROR(INDEX('Source 2025'!$C:$C,MATCH($A8,'Source 2025'!$B:$B,0)),"")) -> L עקבים לדורבן-זוג כריות | C8: =SUMIFS('Source 2025'!$N:$N,'Source 2025'!$B:$B,$A8,'Source 2025'!$A:$A,"Quantity (units)") -> 15 | D8: =SUMIFS('Source 2026'!$N:$N,'Source 2026'!$B:$B,$A8,'Source 2026'!$A:$A,"Quantity (units)") -> 7 | E8: =D8-C8 -> -8 | F8: =IF(AND(C8=0,D8=0),0,IF(C8=0,"New",(D8-C8)/C8)) -> -0.53333333 | G8: =SUMIFS('Source 2025'!$N:$N,'Source 2025'!$B:$B,$A8,'Source 2025'!$A:$A,"Amount (NIS)") -> 1322.8 | H8: =SUMIFS('Source 2026'!$N:$N,'Source 2026'!$B:$B,$A8,'Source 2026'!$A:$A,"Amount (NIS)") -> 646.1 | I8: =H8-G8 -> -676.7 | J8: =IF(AND(G8=0,H8=0),0,IF(G8=0,"New",(H8-G8)/G8)) -> -0.51156637
A9: AC-07 | B9: =IFERROR(INDEX('Source 2026'!$C:$C,MATCH($A9,'Source 2026'!$B:$B,0)),IFERROR(INDEX('Source 2025'!$C:$C,MATCH($A9,'Source 2025'!$B:$B,0)),"")) -> חגורת גב עם תמיכות | C9: =SUMIFS('Source 2025'!$N:$N,'Source 2025'!$B:$B,$A9,'Source 2025'!$A:$A,"Quantity (units)") -> 6 | D9: =SUMIFS('Source 2026'!$N:$N,'Source 2026'!$B:$B,$A9,'Source 2026'!$A:$A,"Quantity (units)") -> 0 | E9: =D9-C9 -> -6 | F9: =IF(AND(C9=0,D9=0),0,IF(C9=0,"New",(D9-C9)/C9)) -> -1 | G9: =SUMIFS('Source 2025'!$N:$N,'Source 2025'!$B:$B,$A9,'Source 2025'!$A:$A,"Amount (NIS)") -> 562.2 | H9: =SUMIFS('Source 2026'!$N:$N,'Source 2026'!$B:$B,$A9,'Source 2026'!$A:$A,"Amount (NIS)") -> 0 | I9: =H9-G9 -> -562.2 | J9: =IF(AND(G9=0,H9=0),0,IF(G9=0,"New",(H9-G9)/G9)) -> -1
A10: 369 | B10: =IFERROR(INDEX('Source 2026'!$C:$C,MATCH($A10,'Source 2026'!$B:$B,0)),IFERROR(INDEX('Source 2025'!$C:$C,MATCH($A10,'Source 2025'!$B:$B,0)),"")) -> S-L אצבעון מסיליקון יחידה | C10: =SUMIFS('Source 2025'!$N:$N,'Source 2025'!$B:$B,$A10,'Source 2025'!$A:$A,"Quantity (units)") -> 0 | D10: =SUMIFS('Source 2026'!$N:$N,'Source 2026'!$B:$B,$A10,'Source 2026'!$A:$A,"Quantity (units)") -> 17 | E10: =D10-C10 -> 17 | F10: =IF(AND(C10=0,D10=0),0,IF(C10=0,"New",(D10-C10)/C10)) -> New | G10: =SUMIFS('Source 2025'!$N:$N,'Source 2025'!$B:$B,$A10,'Source 2025'!$A:$A,"Amount (NIS)") -> -49.6 | H10: =SUMIFS('Source 2026'!$N:$N,'Source 2026'!$B:$B,$A10,'Source 2026'!$A:$A,"Amount (NIS)") -> 431.3 | I10: =H10-G10 -> 480.9 | J10: =IF(AND(G10=0,H10=0),0,IF(G10=0,"New",(H10-G10)/G10)) -> -9.6955645
A11: 60 | B11: =IFERROR(INDEX('Source 2026'!$C:$C,MATCH($A11,'Source 2026'!$B:$B,0)),IFERROR(INDEX('Source 2025'!$C:$C,MATCH($A11,'Source 2025'!$B:$B,0)),"")) -> L צוארון ספוגי | C11: =SUMIFS('Source 2025'!$N:$N,'Source 2025'!$B:$B,$A11,'Source 2025'!$A:$A,"Quantity (units)") -> 7 | D11: =SUMIFS('Source 2026'!$N:$N,'Source 2026'!$B:$B,$A11,'Source 2026'!$A:$A,"Quantity (units)") -> 0 | E11: =D11-C11 -> -7 | F11: =IF(AND(C11=0,D11=0),0,IF(C11=0,"New",(D11-C11)/C11)) -> -1 | G11: =SUMIFS('Source 2025'!$N:$N,'Source 2025'!$B:$B,$A11,'Source 2025'!$A:$A,"Amount (NIS)") -> 347.2 | H11: =SUMIFS('Source 2026'!$N:$N,'Source 2026'!$B:$B,$A11,'Source 2026'!$A:$A,"Amount (NIS)") -> 0 | I11: =H11-G11 -> -347.2 | J11: =IF(AND(G11=0,H11=0),0,IF(G11=0,"New",(H11-G11)/G11)) -> -1
A12: FC335 | B12: =IFERROR(INDEX('Source 2026'!$C:$C,MATCH($A12,'Source 2026'!$B:$B,0)),IFERROR(INDEX('Source 2025'!$C:$C,MATCH($A12,'Source 2025'!$B:$B,0)),"")) -> טלק מעושר באלוורה | C12: =SUMIFS('Source 2025'!$N:$N,'Source 2025'!$B:$B,$A12,'Source 2025'!$A:$A,"Quantity (units)") -> 21 | D12: =SUMIFS('Source 2026'!$N:$N,'Source 2026'!$B:$B,$A12,'Source 2026'!$A:$A,"Quantity (units)") -> 3 | E12: =D12-C12 -> -18 | F12: =IF(AND(C12=0,D12=0),0,IF(C12=0,"New",(D12-C12)/C12)) -> -0.85714286 | G12: =SUMIFS('Source 2025'!$N:$N,'Source 2025'!$B:$B,$A12,'Source 2025'!$A:$A,"Amount (NIS)") -> 399.1 | H12: =SUMIFS('Source 2026'!$N:$N,'Source 2026'!$B:$B,$A12,'Source 2026'!$A:$A,"Amount (NIS)") -> 70.2 | I12: =H12-G12 -> -328.9 | J12: =IF(AND(G12=0,H12=0),0,IF(G12=0,"New",(H12-G12)/G12)) -> -0.82410423
A13: 91 | B13: =IFERROR(INDEX('Source 2026'!$C:$C,MATCH($A13,'Source 2026'!$B:$B,0)),IFERROR(INDEX('Source 2025'!$C:$C,MATCH($A13,'Source 2025'!$B:$B,0)),"")) -> חבק ""טניס אלבו רצועה | C13: =SUMIFS('Source 2025'!$N:$N,'Source 2025'!$B:$B,$A13,'Source 2025'!$A:$A,"Quantity (units)") -> 4 | D13: =SUMIFS('Source 2026'!$N:$N,'Source 2026'!$B:$B,$A13,'Source 2026'!$A:$A,"Quantity (units)") -> 0 | E13: =D13-C13 -> -4 | F13: =IF(AND(C13=0,D13=0),0,IF(C13=0,"New",(D13-C13)/C13)) -> -1 | G13: =SUMIFS('Source 2025'!$N:$N,'Source 2025'!$B:$B,$A13,'Source 2025'!$A:$A,"Amount (NIS)") -> 321.8 | H13: =SUMIFS('Source 2026'!$N:$N,'Source 2026'!$B:$B,$A13,'Source 2026'!$A:$A,"Amount (NIS)") -> 0 | I13: =H13-G13 -> -321.8 | J13: =IF(AND(G13=0,H13=0),0,IF(G13=0,"New",(H13-G13)/G13)) -> -1
A14: 305GA | B14: =IFERROR(INDEX('Source 2026'!$C:$C,MATCH($A14,'Source 2026'!$B:$B,0)),IFERROR(INDEX('Source 2025'!$C:$C,MATCH($A14,'Source 2025'!$B:$B,0)),"")) -> מדרס אורטופ.מתכוון35-36 | C14: =SUMIFS('Source 2025'!$N:$N,'Source 2025'!$B:$B,$A14,'Source 2025'!$A:$A,"Quantity (units)") -> -2 | D14: =SUMIFS('Source 2026'!$N:$N,'Source 2026'!$B:$B,$A14,'Source 2026'!$A:$A,"Quantity (units)") -> 0 | E14: =D14-C14 -> 2 | F14: =IF(AND(C14=0,D14=0),0,IF(C14=0,"New",(D14-C14)/C14)) -> -1 | G14: =SUMIFS('Source 2025'!$N:$N,'Source 2025'!$B:$B,$A14,'Source 2025'!$A:$A,"Amount (NIS)") -> -307.1 | H14: =SUMIFS('Source 2026'!$N:$N,'Source 2026'!$B:$B,$A14,'Source 2026'!$A:$A,"Amount (NIS)") -> 0 | I14: =H14-G14 -> 307.1 | J14: =IF(AND(G14=0,H14=0),0,IF(G14=0,"New",(H14-G14)/G14)) -> -1
A15: 397 | B15: =IFERROR(INDEX('Source 2026'!$C:$C,MATCH($A15,'Source 2026'!$B:$B,0)),IFERROR(INDEX('Source 2025'!$C:$C,MATCH($A15,'Source 2025'!$B:$B,0)),"")) -> 35-38 גרבי טיסה מידה | C15: =SUMIFS('Source 2025'!$N:$N,'Source 2025'!$B:$B,$A15,'Source 2025'!$A:$A,"Quantity (units)") -> 5 | D15: =SUMIFS('Source 2026'!$N:$N,'Source 2026'!$B:$B,$A15,'Source 2026'!$A:$A,"Quantity (units)") -> 0 | E15: =D15-C15 -> -5 | F15: =IF(AND(C15=0,D15=0),0,IF(C15=0,"New",(D15-C15)/C15)) -> -1 | G15: =SUMIFS('Source 2025'!$N:$N,'Source 2025'!$B:$B,$A15,'Source 2025'!$A:$A,"Amount (NIS)") -> 304.7 | H15: =SUMIFS('Source 2026'!$N:$N,'Source 2026'!$B:$B,$A15,'Source 2026'!$A:$A,"Amount (NIS)") -> 0 | I15: =H15-G15 -> -304.7 | J15: =IF(AND(G15=0,H15=0),0,IF(G15=0,"New",(H15-G15)/G15)) -> -1
A16: T25-חבק | B16: =IFERROR(INDEX('Source 2026'!$C:$C,MATCH($A16,'Source 2026'!$B:$B,0)),IFERROR(INDEX('Source 2025'!$C:$C,MATCH($A16,'Source 2025'!$B:$B,0)),"")) -> יד אגודלי | C16: =SUMIFS('Source 2025'!$N:$N,'Source 2025'!$B:$B,$A16,'Source 2025'!$A:$A,"Quantity (units)") -> 8 | D16: =SUMIFS('Source 2026'!$N:$N,'Source 2026'!$B:$B,$A16,'Source 2026'!$A:$A,"Quantity (units)") -> 2 | E16: =D16-C16 -> -6 | F16: =IF(AND(C16=0,D16=0),0,IF(C16=0,"New",(D16-C16)/C16)) -> -0.75 | G16: =SUMIFS('Source 2025'!$N:$N,'Source 2025'!$B:$B,$A16,'Source 2025'!$A:$A,"Amount (NIS)") -> 391.9 | H16: =SUMIFS('Source 2026'!$N:$N,'Source 2026'!$B:$B,$A16,'Source 2026'!$A:$A,"Amount (NIS)") -> 93.6 | I16: =H16-G16 -> -298.3 | J16: =IF(AND(G16=0,H16=0),0,IF(G16=0,"New",(H16-G16)/G16)) -> -0.76116356
A17: 45B | B17: =IFERROR(INDEX('Source 2026'!$C:$C,MATCH($A17,'Source 2026'!$B:$B,0)),IFERROR(INDEX('Source 2025'!$C:$C,MATCH($A17,'Source 2025'!$B:$B,0)),"")) -> L מגן ברך שחור | C17: =SUMIFS('Source 2025'!$N:$N,'Source 2025'!$B:$B,$A17,'Source 2025'!$A:$A,"Quantity (units)") -> 6 | D17: =SUMIFS('Source 2026'!$N:$N,'Source 2026'!$B:$B,$A17,'Source 2026'!$A:$A,"Quantity (units)") -> 14 | E17: =D17-C17 -> 8 | F17: =IF(AND(C17=0,D17=0),0,IF(C17=0,"New",(D17-C17)/C17)) -> 1.3333333 | G17: =SUMIFS('Source 2025'!$N:$N,'Source 2025'!$B:$B,$A17,'Source 2025'!$A:$A,"Amount (NIS)") -> 148.6 | H17: =SUMIFS('Source 2026'!$N:$N,'Source 2026'!$B:$B,$A17,'Source 2026'!$A:$A,"Amount (NIS)") -> 432.6 | I17: =H17-G17 -> 284 | J17: =IF(AND(G17=0,H17=0),0,IF(G17=0,"New",(H17-G17)/G17)) -> 1.9111709
... A104: 85K | B104: =IFERROR(INDEX('Source 2026'!$C:$C,MATCH($A104,'Source 2026'!$B:$B,0)),IFERROR(INDEX('Source 2025'!$C:$C,MATCH($A104,'Source 2025'!$B:$B,0)),"")) -> מתלה ליד לילדים | C104: =SUMIFS('Source 2025'!$N:$N,'Source 2025'!$B:$B,$A104,'Source 2025'!$A:$A,"Quantity (units)") -> 1 | D104: =SUMIFS('Source 2026'!$N:$N,'Source 2026'!$B:$B,$A104,'Source 2026'!$A:$A,"Quantity (units)") -> 1 | E104: =D104-C104 -> 0 | F104: =IF(AND(C104=0,D104=0),0,IF(C104=0,"New",(D104-C104)/C104)) -> 0 | G104: =SUMIFS('Source 2025'!$N:$N,'Source 2025'!$B:$B,$A104,'Source 2025'!$A:$A,"Amount (NIS)") -> 52 | H104: =SUMIFS('Source 2026'!$N:$N,'Source 2026'!$B:$B,$A104,'Source 2026'!$A:$A,"Amount (NIS)") -> 52 | I104: =H104-G104 -> 0 | J104: =IF(AND(G104=0,H104=0),0,IF(G104=0,"New",(H104-G104)/G104)) -> 0
B106: TOTAL | C106: =SUM(C6:C104) -> 444 | D106: =SUM(D6:D104) -> 310 | E106: =SUM(E6:E104) -> -134 | F106: =IF(C106=0,"N/A",E106/C106) -> -0.3018018 | G106: =SUM(G6:G104) -> 11837 | H106: =SUM(H6:H104) -> 8839.1 | I106: =SUM(I6:I104) -> -2997.9 | J106: =IF(G106=0,"N/A",I106/G106) -> -0.25326519

Sheet הפרכל הפרפארם
A1: Sales Comparison 2025 vs 2026 - Customer: הפרכל הפרפארם (by Product CODE)
A2: Calculation date: | B2: 46284
A3: Source: PPlay1 of uriel (Reporter) product x customer pivot reports for 2025 and 2026, customer column "הפרכל הפרפארם" only (raw values in 'Source 2025'!$O:$O / 'Source 2026'!$O:$O). Each file has two data blocks: "נטו" (Net Amount, NIS) and "סהכ יחידות" (Total Units). Product CODE parsed as the first token of column B in the original file (before the first space); size/color variants sharing the same base CODE are summed together via SUMIFS. Rows below only include product codes with non-zero quantity or amount for this customer in at least one of the two years; codes that are 0 for this customer in both years (sold only to other customers) were excluded as not relevant to this comparison.
A5: Product Code | B5: Product Name | C5: Quantity 2025 | D5: Quantity 2026 | E5: Quantity Change | F5: Quantity Change % | G5: Amount 2025 (₪) | H5: Amount 2026 (₪) | I5: Amount Change (₪) | J5: Amount Change %
A6: AC-07 | B6: =IFERROR(INDEX('Source 2026'!$C:$C,MATCH($A6,'Source 2026'!$B:$B,0)),IFERROR(INDEX('Source 2025'!$C:$C,MATCH($A6,'Source 2025'!$B:$B,0)),"")) -> חגורת גב עם תמיכות | C6: =SUMIFS('Source 2025'!$O:$O,'Source 2025'!$B:$B,$A6,'Source 2025'!$A:$A,"Quantity (units)") -> 11 | D6: =SUMIFS('Source 2026'!$O:$O,'Source 2026'!$B:$B,$A6,'Source 2026'!$A:$A,"Quantity (units)") -> 4 | E6: =D6-C6 -> -7 | F6: =IF(AND(C6=0,D6=0),0,IF(C6=0,"New",(D6-C6)/C6)) -> -0.63636364 | G6: =SUMIFS('Source 2025'!$O:$O,'Source 2025'!$B:$B,$A6,'Source 2025'!$A:$A,"Amount (NIS)") -> 1026 | H6: =SUMIFS('Source 2026'!$O:$O,'Source 2026'!$B:$B,$A6,'Source 2026'!$A:$A,"Amount (NIS)") -> 373.1 | I6: =H6-G6 -> -652.9 | J6: =IF(AND(G6=0,H6=0),0,IF(G6=0,"New",(H6-G6)/G6)) -> -0.63635478
A7: 302 | B7: =IFERROR(INDEX('Source 2026'!$C:$C,MATCH($A7,'Source 2026'!$B:$B,0)),IFERROR(INDEX('Source 2025'!$C:$C,MATCH($A7,'Source 2025'!$B:$B,0)),"")) -> מדרס ג'ל לגבר | C7: =SUMIFS('Source 2025'!$O:$O,'Source 2025'!$B:$B,$A7,'Source 2025'!$A:$A,"Quantity (units)") -> 3 | D7: =SUMIFS('Source 2026'!$O:$O,'Source 2026'!$B:$B,$A7,'Source 2026'!$A:$A,"Quantity (units)") -> 12 | E7: =D7-C7 -> 9 | F7: =IF(AND(C7=0,D7=0),0,IF(C7=0,"New",(D7-C7)/C7)) -> 3 | G7: =SUMIFS('Source 2025'!$O:$O,'Source 2025'!$B:$B,$A7,'Source 2025'!$A:$A,"Amount (NIS)") -> 196.9 | H7: =SUMIFS('Source 2026'!$O:$O,'Source 2026'!$B:$B,$A7,'Source 2026'!$A:$A,"Amount (NIS)") -> 787.5 | I7: =H7-G7 -> 590.6 | J7: =IF(AND(G7=0,H7=0),0,IF(G7=0,"New",(H7-G7)/G7)) -> 2.9994921
A8: 45C | B8: =IFERROR(INDEX('Source 2026'!$C:$C,MATCH($A8,'Source 2026'!$B:$B,0)),IFERROR(INDEX('Source 2025'!$C:$C,MATCH($A8,'Source 2025'!$B:$B,0)),"")) -> S מגן ברך חום | C8: =SUMIFS('Source 2025'!$O:$O,'Source 2025'!$B:$B,$A8,'Source 2025'!$A:$A,"Quantity (units)") -> 24 | D8: =SUMIFS('Source 2026'!$O:$O,'Source 2026'!$B:$B,$A8,'Source 2026'!$A:$A,"Quantity (units)") -> 9 | E8: =D8-C8 -> -15 | F8: =IF(AND(C8=0,D8=0),0,IF(C8=0,"New",(D8-C8)/C8)) -> -0.625 | G8: =SUMIFS('Source 2025'!$O:$O,'Source 2025'!$B:$B,$A8,'Source 2025'!$A:$A,"Amount (NIS)") -> 713.6 | H8: =SUMIFS('Source 2026'!$O:$O,'Source 2026'!$B:$B,$A8,'Source 2026'!$A:$A,"Amount (NIS)") -> 267.6 | I8: =H8-G8 -> -446 | J8: =IF(AND(G8=0,H8=0),0,IF(G8=0,"New",(H8-G8)/G8)) -> -0.625
A9: 45E | B9: =IFERROR(INDEX('Source 2026'!$C:$C,MATCH($A9,'Source 2026'!$B:$B,0)),IFERROR(INDEX('Source 2025'!$C:$C,MATCH($A9,'Source 2025'!$B:$B,0)),"")) -> Sמגן ברך ארוך לבן | C9: =SUMIFS('Source 2025'!$O:$O,'Source 2025'!$B:$B,$A9,'Source 2025'!$A:$A,"Quantity (units)") -> 15 | D9: =SUMIFS('Source 2026'!$O:$O,'Source 2026'!$B:$B,$A9,'Source 2026'!$A:$A,"Quantity (units)") -> 8 | E9: =D9-C9 -> -7 | F9: =IF(AND(C9=0,D9=0),0,IF(C9=0,"New",(D9-C9)/C9)) -> -0.46666667 | G9: =SUMIFS('Source 2025'!$O:$O,'Source 2025'!$B:$B,$A9,'Source 2025'!$A:$A,"Amount (NIS)") -> 561.5 | H9: =SUMIFS('Source 2026'!$O:$O,'Source 2026'!$B:$B,$A9,'Source 2026'!$A:$A,"Amount (NIS)") -> 287.1 | I9: =H9-G9 -> -274.4 | J9: =IF(AND(G9=0,H9=0),0,IF(G9=0,"New",(H9-G9)/G9)) -> -0.48869101
A10: 45 | B10: =IFERROR(INDEX('Source 2026'!$C:$C,MATCH($A10,'Source 2026'!$B:$B,0)),IFERROR(INDEX('Source 2025'!$C:$C,MATCH($A10,'Source 2025'!$B:$B,0)),"")) -> L מגן ברך לבן | C10: =SUMIFS('Source 2025'!$O:$O,'Source 2025'!$B:$B,$A10,'Source 2025'!$A:$A,"Quantity (units)") -> 13 | D10: =SUMIFS('Source 2026'!$O:$O,'Source 2026'!$B:$B,$A10,'Source 2026'!$A:$A,"Quantity (units)") -> 5 | E10: =D10-C10 -> -8 | F10: =IF(AND(C10=0,D10=0),0,IF(C10=0,"New",(D10-C10)/C10)) -> -0.61538462 | G10: =SUMIFS('Source 2025'!$O:$O,'Source 2025'!$B:$B,$A10,'Source 2025'!$A:$A,"Amount (NIS)") -> 386.6 | H10: =SUMIFS('Source 2026'!$O:$O,'Source 2026'!$B:$B,$A10,'Source 2026'!$A:$A,"Amount (NIS)") -> 148.5 | I10: =H10-G10 -> -238.1 | J10: =IF(AND(G10=0,H10=0),0,IF(G10=0,"New",(H10-G10)/G10)) -> -0.61588205
A11: 34 | B11: =IFERROR(INDEX('Source 2026'!$C:$C,MATCH($A11,'Source 2026'!$B:$B,0)),IFERROR(INDEX('Source 2025'!$C:$C,MATCH($A11,'Source 2025'!$B:$B,0)),"")) -> M מגן קרסול עקב סגור | C11: =SUMIFS('Source 2025'!$O:$O,'Source 2025'!$B:$B,$A11,'Source 2025'!$A:$A,"Quantity (units)") -> 4 | D11: =SUMIFS('Source 2026'!$O:$O,'Source 2026'!$B:$B,$A11,'Source 2026'!$A:$A,"Quantity (units)") -> 9 | E11: =D11-C11 -> 5 | F11: =IF(AND(C11=0,D11=0),0,IF(C11=0,"New",(D11-C11)/C11)) -> 1.25 | G11: =SUMIFS('Source 2025'!$O:$O,'Source 2025'!$B:$B,$A11,'Source 2025'!$A:$A,"Amount (NIS)") -> 173.6 | H11: =SUMIFS('Source 2026'!$O:$O,'Source 2026'!$B:$B,$A11,'Source 2026'!$A:$A,"Amount (NIS)") -> 390.4 | I11: =H11-G11 -> 216.8 | J11: =IF(AND(G11=0,H11=0),0,IF(G11=0,"New",(H11-G11)/G11)) -> 1.2488479
A12: 364S | B12: =IFERROR(INDEX('Source 2026'!$C:$C,MATCH($A12,'Source 2026'!$B:$B,0)),IFERROR(INDEX('Source 2025'!$C:$C,MATCH($A12,'Source 2025'!$B:$B,0)),"")) -> Lמפר.אצבע סיליק. ליבל.זוג | C12: =SUMIFS('Source 2025'!$O:$O,'Source 2025'!$B:$B,$A12,'Source 2025'!$A:$A,"Quantity (units)") -> 0 | D12: =SUMIFS('Source 2026'!$O:$O,'Source 2026'!$B:$B,$A12,'Source 2026'!$A:$A,"Quantity (units)") -> 14 | E12: =D12-C12 -> 14 | F12: =IF(AND(C12=0,D12=0),0,IF(C12=0,"New",(D12-C12)/C12)) -> New | G12: =SUMIFS('Source 2025'!$O:$O,'Source 2025'!$B:$B,$A12,'Source 2025'!$A:$A,"Amount (NIS)") -> 0 | H12: =SUMIFS('Source 2026'!$O:$O,'Source 2026'!$B:$B,$A12,'Source 2026'!$A:$A,"Amount (NIS)") -> 209.1 | I12: =H12-G12 -> 209.1 | J12: =IF(AND(G12=0,H12=0),0,IF(G12=0,"New",(H12-G12)/G12)) -> New
A13: 95 | B13: =IFERROR(INDEX('Source 2026'!$C:$C,MATCH($A13,'Source 2026'!$B:$B,0)),IFERROR(INDEX('Source 2025'!$C:$C,MATCH($A13,'Source 2025'!$B:$B,0)),"")) -> L מגן מרפק רגיל לבן | C13: =SUMIFS('Source 2025'!$O:$O,'Source 2025'!$B:$B,$A13,'Source 2025'!$A:$A,"Quantity (units)") -> 11 | D13: =SUMIFS('Source 2026'!$O:$O,'Source 2026'!$B:$B,$A13,'Source 2026'!$A:$A,"Quantity (units)") -> 4 | E13: =D13-C13 -> -7 | F13: =IF(AND(C13=0,D13=0),0,IF(C13=0,"New",(D13-C13)/C13)) -> -0.63636364 | G13: =SUMIFS('Source 2025'!$O:$O,'Source 2025'!$B:$B,$A13,'Source 2025'!$A:$A,"Amount (NIS)") -> 327.1 | H13: =SUMIFS('Source 2026'!$O:$O,'Source 2026'!$B:$B,$A13,'Source 2026'!$A:$A,"Amount (NIS)") -> 118.9 | I13: =H13-G13 -> -208.2 | J13: =IF(AND(G13=0,H13=0),0,IF(G13=0,"New",(H13-G13)/G13)) -> -0.6365026
A14: PD340-קוצץ | B14: =IFERROR(INDEX('Source 2026'!$C:$C,MATCH($A14,'Source 2026'!$B:$B,0)),IFERROR(INDEX('Source 2025'!$C:$C,MATCH($A14,'Source 2025'!$B:$B,0)),"")) -> ציפורניים | C14: =SUMIFS('Source 2025'!$O:$O,'Source 2025'!$B:$B,$A14,'Source 2025'!$A:$A,"Quantity (units)") -> 20 | D14: =SUMIFS('Source 2026'!$O:$O,'Source 2026'!$B:$B,$A14,'Source 2026'!$A:$A,"Quantity (units)") -> 5 | E14: =D14-C14 -> -15 | F14: =IF(AND(C14=0,D14=0),0,IF(C14=0,"New",(D14-C14)/C14)) -> -0.75 | G14: =SUMIFS('Source 2025'!$O:$O,'Source 2025'!$B:$B,$A14,'Source 2025'!$A:$A,"Amount (NIS)") -> 263 | H14: =SUMIFS('Source 2026'!$O:$O,'Source 2026'!$B:$B,$A14,'Source 2026'!$A:$A,"Amount (NIS)") -> 65.8 | I14: =H14-G14 -> -197.2 | J14: =IF(AND(G14=0,H14=0),0,IF(G14=0,"New",(H14-G14)/G14)) -> -0.74980989
A15: 60 | B15: =IFERROR(INDEX('Source 2026'!$C:$C,MATCH($A15,'Source 2026'!$B:$B,0)),IFERROR(INDEX('Source 2025'!$C:$C,MATCH($A15,'Source 2025'!$B:$B,0)),"")) -> L צוארון ספוגי | C15: =SUMIFS('Source 2025'!$O:$O,'Source 2025'!$B:$B,$A15,'Source 2025'!$A:$A,"Quantity (units)") -> 8 | D15: =SUMIFS('Source 2026'!$O:$O,'Source 2026'!$B:$B,$A15,'Source 2026'!$A:$A,"Quantity (units)") -> 3 | E15: =D15-C15 -> -5 | F15: =IF(AND(C15=0,D15=0),0,IF(C15=0,"New",(D15-C15)/C15)) -> -0.625 | G15: =SUMIFS('Source 2025'!$O:$O,'Source 2025'!$B:$B,$A15,'Source 2025'!$A:$A,"Amount (NIS)") -> 276.8 | H15: =SUMIFS('Source 2026'!$O:$O,'Source 2026'!$B:$B,$A15,'Source 2026'!$A:$A,"Amount (NIS)") -> 103.8 | I15: =H15-G15 -> -173 | J15: =IF(AND(G15=0,H15=0),0,IF(G15=0,"New",(H15-G15)/G15)) -> -0.625
A16: 801 | B16: =IFERROR(INDEX('Source 2026'!$C:$C,MATCH($A16,'Source 2026'!$B:$B,0)),IFERROR(INDEX('Source 2025'!$C:$C,MATCH($A16,'Source 2025'!$B:$B,0)),"")) -> תחבושת אלסטית מקררת | C16: =SUMIFS('Source 2025'!$O:$O,'Source 2025'!$B:$B,$A16,'Source 2025'!$A:$A,"Quantity (units)") -> 8 | D16: =SUMIFS('Source 2026'!$O:$O,'Source 2026'!$B:$B,$A16,'Source 2026'!$A:$A,"Quantity (units)") -> 0 | E16: =D16-C16 -> -8 | F16: =IF(AND(C16=0,D16=0),0,IF(C16=0,"New",(D16-C16)/C16)) -> -1 | G16: =SUMIFS('Source 2025'!$O:$O,'Source 2025'!$B:$B,$A16,'Source 2025'!$A:$A,"Amount (NIS)") -> 163.6 | H16: =SUMIFS('Source 2026'!$O:$O,'Source 2026'!$B:$B,$A16,'Source 2026'!$A:$A,"Amount (NIS)") -> 0 | I16: =H16-G16 -> -163.6 | J16: =IF(AND(G16=0,H16=0),0,IF(G16=0,"New",(H16-G16)/G16)) -> -1
A17: 3674 | B17: =IFERROR(INDEX('Source 2026'!$C:$C,MATCH($A17,'Source 2026'!$B:$B,0)),IFERROR(INDEX('Source 2025'!$C:$C,MATCH($A17,'Source 2025'!$B:$B,0)),"")) -> 0 מ.בוניון+מפריד אצבע | C17: =SUMIFS('Source 2025'!$O:$O,'Source 2025'!$B:$B,$A17,'Source 2025'!$A:$A,"Quantity (units)") -> 4 | D17: =SUMIFS('Source 2026'!$O:$O,'Source 2026'!$B:$B,$A17,'Source 2026'!$A:$A,"Quantity (units)") -> 0 | E17: =D17-C17 -> -4 | F17: =IF(AND(C17=0,D17=0),0,IF(C17=0,"New",(D17-C17)/C17)) -> -1 | G17: =SUMIFS('Source 2025'!$O:$O,'Source 2025'!$B:$B,$A17,'Source 2025'!$A:$A,"Amount (NIS)") -> 160.3 | H17: =SUMIFS('Source 2026'!$O:$O,'Source 2026'!$B:$B,$A17,'Source 2026'!$A:$A,"Amount (NIS)") -> 0 | I17: =H17-G17 -> -160.3 | J17: =IF(AND(G17=0,H17=0),0,IF(G17=0,"New",(H17-G17)/G17)) -> -1
... A57: 3611 | B57: =IFERROR(INDEX('Source 2026'!$C:$C,MATCH($A57,'Source 2026'!$B:$B,0)),IFERROR(INDEX('Source 2025'!$C:$C,MATCH($A57,'Source 2025'!$B:$B,0)),"")) -> שרוול מטטרזלי מסיליקון | C57: =SUMIFS('Source 2025'!$O:$O,'Source 2025'!$B:$B,$A57,'Source 2025'!$A:$A,"Quantity (units)") -> 1 | D57: =SUMIFS('Source 2026'!$O:$O,'Source 2026'!$B:$B,$A57,'Source 2026'!$A:$A,"Quantity (units)") -> 1 | E57: =D57-C57 -> 0 | F57: =IF(AND(C57=0,D57=0),0,IF(C57=0,"New",(D57-C57)/C57)) -> 0 | G57: =SUMIFS('Source 2025'!$O:$O,'Source 2025'!$B:$B,$A57,'Source 2025'!$A:$A,"Amount (NIS)") -> 56 | H57: =SUMIFS('Source 2026'!$O:$O,'Source 2026'!$B:$B,$A57,'Source 2026'!$A:$A,"Amount (NIS)") -> 56 | I57: =H57-G57 -> 0 | J57: =IF(AND(G57=0,H57=0),0,IF(G57=0,"New",(H57-G57)/G57)) -> 0
B59: TOTAL | C59: =SUM(C6:C57) -> 316 | D59: =SUM(D6:D57) -> 233 | E59: =SUM(E6:E57) -> -83 | F59: =IF(C59=0,"N/A",E59/C59) -> -0.26265823 | G59: =SUM(G6:G57) -> 9222.1 | H59: =SUM(H6:H57) -> 7173.6 | I59: =SUM(I6:I57) -> -2048.5 | J59: =IF(G59=0,"N/A",I59/G59) -> -0.22212945

Sheet זיכויים BE
A1: Sales Comparison 2025 vs 2026 - Customer: זיכויים BE (by Product CODE)
A2: Calculation date: | B2: 46284
A3: Source: PPlay1 of uriel (Reporter) product x customer pivot reports for 2025 and 2026, customer column "זיכויים BE" only (raw values in 'Source 2025'!$P:$P / 'Source 2026'!$P:$P). Each file has two data blocks: "נטו" (Net Amount, NIS) and "סהכ יחידות" (Total Units). Product CODE parsed as the first token of column B in the original file (before the first space); size/color variants sharing the same base CODE are summed together via SUMIFS. Rows below only include product codes with non-zero quantity or amount for this customer in at least one of the two years; codes that are 0 for this customer in both years (sold only to other customers) were excluded as not relevant to this comparison.
A5: Product Code | B5: Product Name | C5: Quantity 2025 | D5: Quantity 2026 | E5: Quantity Change | F5: Quantity Change % | G5: Amount 2025 (₪) | H5: Amount 2026 (₪) | I5: Amount Change (₪) | J5: Amount Change %
A6: SC422 | B6: =IFERROR(INDEX('Source 2026'!$C:$C,MATCH($A6,'Source 2026'!$B:$B,0)),IFERROR(INDEX('Source 2025'!$C:$C,MATCH($A6,'Source 2025'!$B:$B,0)),"")) -> S מגן ברך | C6: =SUMIFS('Source 2025'!$P:$P,'Source 2025'!$B:$B,$A6,'Source 2025'!$A:$A,"Quantity (units)") -> -23 | D6: =SUMIFS('Source 2026'!$P:$P,'Source 2026'!$B:$B,$A6,'Source 2026'!$A:$A,"Quantity (units)") -> 0 | E6: =D6-C6 -> 23 | F6: =IF(AND(C6=0,D6=0),0,IF(C6=0,"New",(D6-C6)/C6)) -> -1 | G6: =SUMIFS('Source 2025'!$P:$P,'Source 2025'!$B:$B,$A6,'Source 2025'!$A:$A,"Amount (NIS)") -> -3451.4 | H6: =SUMIFS('Source 2026'!$P:$P,'Source 2026'!$B:$B,$A6,'Source 2026'!$A:$A,"Amount (NIS)") -> 0 | I6: =H6-G6 -> 3451.4 | J6: =IF(AND(G6=0,H6=0),0,IF(G6=0,"New",(H6-G6)/G6)) -> -1
A7: 079 | B7: =IFERROR(INDEX('Source 2026'!$C:$C,MATCH($A7,'Source 2026'!$B:$B,0)),IFERROR(INDEX('Source 2025'!$C:$C,MATCH($A7,'Source 2025'!$B:$B,0)),"")) -> S ח.גב סג. כפולה שחור+אדום | C7: =SUMIFS('Source 2025'!$P:$P,'Source 2025'!$B:$B,$A7,'Source 2025'!$A:$A,"Quantity (units)") -> -36 | D7: =SUMIFS('Source 2026'!$P:$P,'Source 2026'!$B:$B,$A7,'Source 2026'!$A:$A,"Quantity (units)") -> -4 | E7: =D7-C7 -> 32 | F7: =IF(AND(C7=0,D7=0),0,IF(C7=0,"New",(D7-C7)/C7)) -> -0.88888889 | G7: =SUMIFS('Source 2025'!$P:$P,'Source 2025'!$B:$B,$A7,'Source 2025'!$A:$A,"Amount (NIS)") -> -3572.3 | H7: =SUMIFS('Source 2026'!$P:$P,'Source 2026'!$B:$B,$A7,'Source 2026'!$A:$A,"Amount (NIS)") -> -396.9 | I7: =H7-G7 -> 3175.4 | J7: =IF(AND(G7=0,H7=0),0,IF(G7=0,"New",(H7-G7)/G7)) -> -0.88889511
A8: 26 | B8: =IFERROR(INDEX('Source 2026'!$C:$C,MATCH($A8,'Source 2026'!$B:$B,0)),IFERROR(INDEX('Source 2025'!$C:$C,MATCH($A8,'Source 2025'!$B:$B,0)),"")) -> L סד ליד דו צדדי לאחר שבר | C8: =SUMIFS('Source 2025'!$P:$P,'Source 2025'!$B:$B,$A8,'Source 2025'!$A:$A,"Quantity (units)") -> -41 | D8: =SUMIFS('Source 2026'!$P:$P,'Source 2026'!$B:$B,$A8,'Source 2026'!$A:$A,"Quantity (units)") -> -9 | E8: =D8-C8 -> 32 | F8: =IF(AND(C8=0,D8=0),0,IF(C8=0,"New",(D8-C8)/C8)) -> -0.7804878 | G8: =SUMIFS('Source 2025'!$P:$P,'Source 2025'!$B:$B,$A8,'Source 2025'!$A:$A,"Amount (NIS)") -> -3782.8 | H8: =SUMIFS('Source 2026'!$P:$P,'Source 2026'!$B:$B,$A8,'Source 2026'!$A:$A,"Amount (NIS)") -> -843 | I8: =H8-G8 -> 2939.8 | J8: =IF(AND(G8=0,H8=0),0,IF(G8=0,"New",(H8-G8)/G8)) -> -0.7771492
A9: 75 | B9: =IFERROR(INDEX('Source 2026'!$C:$C,MATCH($A9,'Source 2026'!$B:$B,0)),IFERROR(INDEX('Source 2025'!$C:$C,MATCH($A9,'Source 2025'!$B:$B,0)),"")) -> Sמיישר כתף יציב יישור גב צר | C9: =SUMIFS('Source 2025'!$P:$P,'Source 2025'!$B:$B,$A9,'Source 2025'!$A:$A,"Quantity (units)") -> -38 | D9: =SUMIFS('Source 2026'!$P:$P,'Source 2026'!$B:$B,$A9,'Source 2026'!$A:$A,"Quantity (units)") -> -19 | E9: =D9-C9 -> 19 | F9: =IF(AND(C9=0,D9=0),0,IF(C9=0,"New",(D9-C9)/C9)) -> -0.5 | G9: =SUMIFS('Source 2025'!$P:$P,'Source 2025'!$B:$B,$A9,'Source 2025'!$A:$A,"Amount (NIS)") -> -5605.7 | H9: =SUMIFS('Source 2026'!$P:$P,'Source 2026'!$B:$B,$A9,'Source 2026'!$A:$A,"Amount (NIS)") -> -2759.4 | I9: =H9-G9 -> 2846.3 | J9: =IF(AND(G9=0,H9=0),0,IF(G9=0,"New",(H9-G9)/G9)) -> -0.50775104
A10: 11TO | B10: =IFERROR(INDEX('Source 2026'!$C:$C,MATCH($A10,'Source 2026'!$B:$B,0)),IFERROR(INDEX('Source 2025'!$C:$C,MATCH($A10,'Source 2025'!$B:$B,0)),"")) -> S חגורה למנותחי בית החזה | C10: =SUMIFS('Source 2025'!$P:$P,'Source 2025'!$B:$B,$A10,'Source 2025'!$A:$A,"Quantity (units)") -> -27 | D10: =SUMIFS('Source 2026'!$P:$P,'Source 2026'!$B:$B,$A10,'Source 2026'!$A:$A,"Quantity (units)") -> -14 | E10: =D10-C10 -> 13 | F10: =IF(AND(C10=0,D10=0),0,IF(C10=0,"New",(D10-C10)/C10)) -> -0.48148148 | G10: =SUMIFS('Source 2025'!$P:$P,'Source 2025'!$B:$B,$A10,'Source 2025'!$A:$A,"Amount (NIS)") -> -4429.2 | H10: =SUMIFS('Source 2026'!$P:$P,'Source 2026'!$B:$B,$A10,'Source 2026'!$A:$A,"Amount (NIS)") -> -2037.8 | I10: =H10-G10 -> 2391.4 | J10: =IF(AND(G10=0,H10=0),0,IF(G10=0,"New",(H10-G10)/G10)) -> -0.53991692
A11: SC39 | B11: =IFERROR(INDEX('Source 2026'!$C:$C,MATCH($A11,'Source 2026'!$B:$B,0)),IFERROR(INDEX('Source 2025'!$C:$C,MATCH($A11,'Source 2025'!$B:$B,0)),"")) -> S מגן שוק | C11: =SUMIFS('Source 2025'!$P:$P,'Source 2025'!$B:$B,$A11,'Source 2025'!$A:$A,"Quantity (units)") -> -15 | D11: =SUMIFS('Source 2026'!$P:$P,'Source 2026'!$B:$B,$A11,'Source 2026'!$A:$A,"Quantity (units)") -> -2 | E11: =D11-C11 -> 13 | F11: =IF(AND(C11=0,D11=0),0,IF(C11=0,"New",(D11-C11)/C11)) -> -0.86666667 | G11: =SUMIFS('Source 2025'!$P:$P,'Source 2025'!$B:$B,$A11,'Source 2025'!$A:$A,"Amount (NIS)") -> -2233.9 | H11: =SUMIFS('Source 2026'!$P:$P,'Source 2026'!$B:$B,$A11,'Source 2026'!$A:$A,"Amount (NIS)") -> -271.6 | I11: =H11-G11 -> 1962.3 | J11: =IF(AND(G11=0,H11=0),0,IF(G11=0,"New",(H11-G11)/G11)) -> -0.87841891
A12: 11 | B12: =IFERROR(INDEX('Source 2026'!$C:$C,MATCH($A12,'Source 2026'!$B:$B,0)),IFERROR(INDEX('Source 2025'!$C:$C,MATCH($A12,'Source 2025'!$B:$B,0)),"")) -> S""חגורת בטן""אורירית | C12: =SUMIFS('Source 2025'!$P:$P,'Source 2025'!$B:$B,$A12,'Source 2025'!$A:$A,"Quantity (units)") -> -33 | D12: =SUMIFS('Source 2026'!$P:$P,'Source 2026'!$B:$B,$A12,'Source 2026'!$A:$A,"Quantity (units)") -> -20 | E12: =D12-C12 -> 13 | F12: =IF(AND(C12=0,D12=0),0,IF(C12=0,"New",(D12-C12)/C12)) -> -0.39393939 | G12: =SUMIFS('Source 2025'!$P:$P,'Source 2025'!$B:$B,$A12,'Source 2025'!$A:$A,"Amount (NIS)") -> -3534.6 | H12: =SUMIFS('Source 2026'!$P:$P,'Source 2026'!$B:$B,$A12,'Source 2026'!$A:$A,"Amount (NIS)") -> -1940.7 | I12: =H12-G12 -> 1593.9 | J12: =IF(AND(G12=0,H12=0),0,IF(G12=0,"New",(H12-G12)/G12)) -> -0.45094212
A13: SC25 | B13: =IFERROR(INDEX('Source 2026'!$C:$C,MATCH($A13,'Source 2026'!$B:$B,0)),IFERROR(INDEX('Source 2025'!$C:$C,MATCH($A13,'Source 2025'!$B:$B,0)),"")) -> S חבק יד | C13: =SUMIFS('Source 2025'!$P:$P,'Source 2025'!$B:$B,$A13,'Source 2025'!$A:$A,"Quantity (units)") -> -14 | D13: =SUMIFS('Source 2026'!$P:$P,'Source 2026'!$B:$B,$A13,'Source 2026'!$A:$A,"Quantity (units)") -> 0 | E13: =D13-C13 -> 14 | F13: =IF(AND(C13=0,D13=0),0,IF(C13=0,"New",(D13-C13)/C13)) -> -1 | G13: =SUMIFS('Source 2025'!$P:$P,'Source 2025'!$B:$B,$A13,'Source 2025'!$A:$A,"Amount (NIS)") -> -1223.2 | H13: =SUMIFS('Source 2026'!$P:$P,'Source 2026'!$B:$B,$A13,'Source 2026'!$A:$A,"Amount (NIS)") -> 0 | I13: =H13-G13 -> 1223.2 | J13: =IF(AND(G13=0,H13=0),0,IF(G13=0,"New",(H13-G13)/G13)) -> -1
A14: SC35L | B14: =IFERROR(INDEX('Source 2026'!$C:$C,MATCH($A14,'Source 2026'!$B:$B,0)),IFERROR(INDEX('Source 2025'!$C:$C,MATCH($A14,'Source 2025'!$B:$B,0)),"")) -> S מגן קרסול שמאל | C14: =SUMIFS('Source 2025'!$P:$P,'Source 2025'!$B:$B,$A14,'Source 2025'!$A:$A,"Quantity (units)") -> -15 | D14: =SUMIFS('Source 2026'!$P:$P,'Source 2026'!$B:$B,$A14,'Source 2026'!$A:$A,"Quantity (units)") -> 0 | E14: =D14-C14 -> 15 | F14: =IF(AND(C14=0,D14=0),0,IF(C14=0,"New",(D14-C14)/C14)) -> -1 | G14: =SUMIFS('Source 2025'!$P:$P,'Source 2025'!$B:$B,$A14,'Source 2025'!$A:$A,"Amount (NIS)") -> -1222.6 | H14: =SUMIFS('Source 2026'!$P:$P,'Source 2026'!$B:$B,$A14,'Source 2026'!$A:$A,"Amount (NIS)") -> 0 | I14: =H14-G14 -> 1222.6 | J14: =IF(AND(G14=0,H14=0),0,IF(G14=0,"New",(H14-G14)/G14)) -> -1
A15: SC95 | B15: =IFERROR(INDEX('Source 2026'!$C:$C,MATCH($A15,'Source 2026'!$B:$B,0)),IFERROR(INDEX('Source 2025'!$C:$C,MATCH($A15,'Source 2025'!$B:$B,0)),"")) -> S מגן מרפק | C15: =SUMIFS('Source 2025'!$P:$P,'Source 2025'!$B:$B,$A15,'Source 2025'!$A:$A,"Quantity (units)") -> -14 | D15: =SUMIFS('Source 2026'!$P:$P,'Source 2026'!$B:$B,$A15,'Source 2026'!$A:$A,"Quantity (units)") -> 0 | E15: =D15-C15 -> 14 | F15: =IF(AND(C15=0,D15=0),0,IF(C15=0,"New",(D15-C15)/C15)) -> -1 | G15: =SUMIFS('Source 2025'!$P:$P,'Source 2025'!$B:$B,$A15,'Source 2025'!$A:$A,"Amount (NIS)") -> -1136.4 | H15: =SUMIFS('Source 2026'!$P:$P,'Source 2026'!$B:$B,$A15,'Source 2026'!$A:$A,"Amount (NIS)") -> 0 | I15: =H15-G15 -> 1136.4 | J15: =IF(AND(G15=0,H15=0),0,IF(G15=0,"New",(H15-G15)/G15)) -> -1
A16: SC35R | B16: =IFERROR(INDEX('Source 2026'!$C:$C,MATCH($A16,'Source 2026'!$B:$B,0)),IFERROR(INDEX('Source 2025'!$C:$C,MATCH($A16,'Source 2025'!$B:$B,0)),"")) -> S מגן קרסול ימין | C16: =SUMIFS('Source 2025'!$P:$P,'Source 2025'!$B:$B,$A16,'Source 2025'!$A:$A,"Quantity (units)") -> -13 | D16: =SUMIFS('Source 2026'!$P:$P,'Source 2026'!$B:$B,$A16,'Source 2026'!$A:$A,"Quantity (units)") -> 0 | E16: =D16-C16 -> 13 | F16: =IF(AND(C16=0,D16=0),0,IF(C16=0,"New",(D16-C16)/C16)) -> -1 | G16: =SUMIFS('Source 2025'!$P:$P,'Source 2025'!$B:$B,$A16,'Source 2025'!$A:$A,"Amount (NIS)") -> -1100 | H16: =SUMIFS('Source 2026'!$P:$P,'Source 2026'!$B:$B,$A16,'Source 2026'!$A:$A,"Amount (NIS)") -> 0 | I16: =H16-G16 -> 1100 | J16: =IF(AND(G16=0,H16=0),0,IF(G16=0,"New",(H16-G16)/G16)) -> -1
A17: 30 | B17: =IFERROR(INDEX('Source 2026'!$C:$C,MATCH($A17,'Source 2026'!$B:$B,0)),IFERROR(INDEX('Source 2025'!$C:$C,MATCH($A17,'Source 2025'!$B:$B,0)),"")) -> S מגן קרסול מתכוון עם סקוטש | C17: =SUMIFS('Source 2025'!$P:$P,'Source 2025'!$B:$B,$A17,'Source 2025'!$A:$A,"Quantity (units)") -> -25 | D17: =SUMIFS('Source 2026'!$P:$P,'Source 2026'!$B:$B,$A17,'Source 2026'!$A:$A,"Quantity (units)") -> -9 | E17: =D17-C17 -> 16 | F17: =IF(AND(C17=0,D17=0),0,IF(C17=0,"New",(D17-C17)/C17)) -> -0.64 | G17: =SUMIFS('Source 2025'!$P:$P,'Source 2025'!$B:$B,$A17,'Source 2025'!$A:$A,"Amount (NIS)") -> -1649.1 | H17: =SUMIFS('Source 2026'!$P:$P,'Source 2026'!$B:$B,$A17,'Source 2026'!$A:$A,"Amount (NIS)") -> -555.6 | I17: =H17-G17 -> 1093.5 | J17: =IF(AND(G17=0,H17=0),0,IF(G17=0,"New",(H17-G17)/G17)) -> -0.66308896
... A155: T20 | B155: =IFERROR(INDEX('Source 2026'!$C:$C,MATCH($A155,'Source 2026'!$B:$B,0)),IFERROR(INDEX('Source 2025'!$C:$C,MATCH($A155,'Source 2025'!$B:$B,0)),"")) -> S-M חבק יד עם צמדן | C155: =SUMIFS('Source 2025'!$P:$P,'Source 2025'!$B:$B,$A155,'Source 2025'!$A:$A,"Quantity (units)") -> -2 | D155: =SUMIFS('Source 2026'!$P:$P,'Source 2026'!$B:$B,$A155,'Source 2026'!$A:$A,"Quantity (units)") -> -2 | E155: =D155-C155 -> 0 | F155: =IF(AND(C155=0,D155=0),0,IF(C155=0,"New",(D155-C155)/C155)) -> 0 | G155: =SUMIFS('Source 2025'!$P:$P,'Source 2025'!$B:$B,$A155,'Source 2025'!$A:$A,"Amount (NIS)") -> -68.8 | H155: =SUMIFS('Source 2026'!$P:$P,'Source 2026'!$B:$B,$A155,'Source 2026'!$A:$A,"Amount (NIS)") -> -68.8 | I155: =H155-G155 -> 0 | J155: =IF(AND(G155=0,H155=0),0,IF(G155=0,"New",(H155-G155)/G155)) -> 0
B157: TOTAL | C157: =SUM(C6:C155) -> -1274 | D157: =SUM(D6:D155) -> -660 | E157: =SUM(E6:E155) -> 614 | F157: =IF(C157=0,"N/A",E157/C157) -> -0.48194662 | G157: =SUM(G6:G155) -> -78358.9 | H157: =SUM(H6:H155) -> -35015.9 | I157: =SUM(I6:I155) -> 43343 | J157: =IF(G157=0,"N/A",I157/G157) -> -0.55313436

Sheet שופרסל BE
A1: Sales Comparison 2025 vs 2026 - Customer: שופרסל BE (by Product CODE)
A2: Calculation date: | B2: 46284
A3: Source: PPlay1 of uriel (Reporter) product x customer pivot reports for 2025 and 2026, customer column "שופרסל BE" only (raw values in 'Source 2025'!$R:$R / 'Source 2026'!$R:$R). Each file has two data blocks: "נטו" (Net Amount, NIS) and "סהכ יחידות" (Total Units). Product CODE parsed as the first token of column B in the original file (before the first space); size/color variants sharing the same base CODE are summed together via SUMIFS. Rows below only include product codes with non-zero quantity or amount for this customer in at least one of the two years; codes that are 0 for this customer in both years (sold only to other customers) were excluded as not relevant to this comparison.
A5: Product Code | B5: Product Name | C5: Quantity 2025 | D5: Quantity 2026 | E5: Quantity Change | F5: Quantity Change % | G5: Amount 2025 (₪) | H5: Amount 2026 (₪) | I5: Amount Change (₪) | J5: Amount Change %
A6: 397 | B6: =IFERROR(INDEX('Source 2026'!$C:$C,MATCH($A6,'Source 2026'!$B:$B,0)),IFERROR(INDEX('Source 2025'!$C:$C,MATCH($A6,'Source 2025'!$B:$B,0)),"")) -> 35-38 גרבי טיסה מידה | C6: =SUMIFS('Source 2025'!$R:$R,'Source 2025'!$B:$B,$A6,'Source 2025'!$A:$A,"Quantity (units)") -> 535 | D6: =SUMIFS('Source 2026'!$R:$R,'Source 2026'!$B:$B,$A6,'Source 2026'!$A:$A,"Quantity (units)") -> 8 | E6: =D6-C6 -> -527 | F6: =IF(AND(C6=0,D6=0),0,IF(C6=0,"New",(D6-C6)/C6)) -> -0.98504673 | G6: =SUMIFS('Source 2025'!$R:$R,'Source 2025'!$B:$B,$A6,'Source 2025'!$A:$A,"Amount (NIS)") -> 30404 | H6: =SUMIFS('Source 2026'!$R:$R,'Source 2026'!$B:$B,$A6,'Source 2026'!$A:$A,"Amount (NIS)") -> 454.6 | I6: =H6-G6 -> -29949.4 | J6: =IF(AND(G6=0,H6=0),0,IF(G6=0,"New",(H6-G6)/G6)) -> -0.98504802
A7: 85 | B7: =IFERROR(INDEX('Source 2026'!$C:$C,MATCH($A7,'Source 2026'!$B:$B,0)),IFERROR(INDEX('Source 2025'!$C:$C,MATCH($A7,'Source 2025'!$B:$B,0)),"")) -> L (מתלה ליד )כיס | C7: =SUMIFS('Source 2025'!$R:$R,'Source 2025'!$B:$B,$A7,'Source 2025'!$A:$A,"Quantity (units)") -> 792 | D7: =SUMIFS('Source 2026'!$R:$R,'Source 2026'!$B:$B,$A7,'Source 2026'!$A:$A,"Quantity (units)") -> 515 | E7: =D7-C7 -> -277 | F7: =IF(AND(C7=0,D7=0),0,IF(C7=0,"New",(D7-C7)/C7)) -> -0.34974747 | G7: =SUMIFS('Source 2025'!$R:$R,'Source 2025'!$B:$B,$A7,'Source 2025'!$A:$A,"Amount (NIS)") -> 41592.7 | H7: =SUMIFS('Source 2026'!$R:$R,'Source 2026'!$B:$B,$A7,'Source 2026'!$A:$A,"Amount (NIS)") -> 27024.9 | I7: =H7-G7 -> -14567.8 | J7: =IF(AND(G7=0,H7=0),0,IF(G7=0,"New",(H7-G7)/G7)) -> -0.35024896
A8: 34 | B8: =IFERROR(INDEX('Source 2026'!$C:$C,MATCH($A8,'Source 2026'!$B:$B,0)),IFERROR(INDEX('Source 2025'!$C:$C,MATCH($A8,'Source 2025'!$B:$B,0)),"")) -> M מגן קרסול עקב סגור | C8: =SUMIFS('Source 2025'!$R:$R,'Source 2025'!$B:$B,$A8,'Source 2025'!$A:$A,"Quantity (units)") -> 668 | D8: =SUMIFS('Source 2026'!$R:$R,'Source 2026'!$B:$B,$A8,'Source 2026'!$A:$A,"Quantity (units)") -> 388 | E8: =D8-C8 -> -280 | F8: =IF(AND(C8=0,D8=0),0,IF(C8=0,"New",(D8-C8)/C8)) -> -0.41916168 | G8: =SUMIFS('Source 2025'!$R:$R,'Source 2025'!$B:$B,$A8,'Source 2025'!$A:$A,"Amount (NIS)") -> 27056.9 | H8: =SUMIFS('Source 2026'!$R:$R,'Source 2026'!$B:$B,$A8,'Source 2026'!$A:$A,"Amount (NIS)") -> 15719.8 | I8: =H8-G8 -> -11337.1 | J8: =IF(AND(G8=0,H8=0),0,IF(G8=0,"New",(H8-G8)/G8)) -> -0.41900957
A9: FC335 | B9: =IFERROR(INDEX('Source 2026'!$C:$C,MATCH($A9,'Source 2026'!$B:$B,0)),IFERROR(INDEX('Source 2025'!$C:$C,MATCH($A9,'Source 2025'!$B:$B,0)),"")) -> טלק מעושר באלוורה | C9: =SUMIFS('Source 2025'!$R:$R,'Source 2025'!$B:$B,$A9,'Source 2025'!$A:$A,"Quantity (units)") -> 1240 | D9: =SUMIFS('Source 2026'!$R:$R,'Source 2026'!$B:$B,$A9,'Source 2026'!$A:$A,"Quantity (units)") -> 642 | E9: =D9-C9 -> -598 | F9: =IF(AND(C9=0,D9=0),0,IF(C9=0,"New",(D9-C9)/C9)) -> -0.48225806 | G9: =SUMIFS('Source 2025'!$R:$R,'Source 2025'!$B:$B,$A9,'Source 2025'!$A:$A,"Amount (NIS)") -> 21698.8 | H9: =SUMIFS('Source 2026'!$R:$R,'Source 2026'!$B:$B,$A9,'Source 2026'!$A:$A,"Amount (NIS)") -> 11235 | I9: =H9-G9 -> -10463.8 | J9: =IF(AND(G9=0,H9=0),0,IF(G9=0,"New",(H9-G9)/G9)) -> -0.48222943
A10: 45C | B10: =IFERROR(INDEX('Source 2026'!$C:$C,MATCH($A10,'Source 2026'!$B:$B,0)),IFERROR(INDEX('Source 2025'!$C:$C,MATCH($A10,'Source 2025'!$B:$B,0)),"")) -> S מגן ברך חום | C10: =SUMIFS('Source 2025'!$R:$R,'Source 2025'!$B:$B,$A10,'Source 2025'!$A:$A,"Quantity (units)") -> 942 | D10: =SUMIFS('Source 2026'!$R:$R,'Source 2026'!$B:$B,$A10,'Source 2026'!$A:$A,"Quantity (units)") -> 616 | E10: =D10-C10 -> -326 | F10: =IF(AND(C10=0,D10=0),0,IF(C10=0,"New",(D10-C10)/C10)) -> -0.34607219 | G10: =SUMIFS('Source 2025'!$R:$R,'Source 2025'!$B:$B,$A10,'Source 2025'!$A:$A,"Amount (NIS)") -> 26165.7 | H10: =SUMIFS('Source 2026'!$R:$R,'Source 2026'!$B:$B,$A10,'Source 2026'!$A:$A,"Amount (NIS)") -> 17106.2 | I10: =H10-G10 -> -9059.5 | J10: =IF(AND(G10=0,H10=0),0,IF(G10=0,"New",(H10-G10)/G10)) -> -0.34623572
A11: 45 | B11: =IFERROR(INDEX('Source 2026'!$C:$C,MATCH($A11,'Source 2026'!$B:$B,0)),IFERROR(INDEX('Source 2025'!$C:$C,MATCH($A11,'Source 2025'!$B:$B,0)),"")) -> L מגן ברך לבן | C11: =SUMIFS('Source 2025'!$R:$R,'Source 2025'!$B:$B,$A11,'Source 2025'!$A:$A,"Quantity (units)") -> 787 | D11: =SUMIFS('Source 2026'!$R:$R,'Source 2026'!$B:$B,$A11,'Source 2026'!$A:$A,"Quantity (units)") -> 496 | E11: =D11-C11 -> -291 | F11: =IF(AND(C11=0,D11=0),0,IF(C11=0,"New",(D11-C11)/C11)) -> -0.36975858 | G11: =SUMIFS('Source 2025'!$R:$R,'Source 2025'!$B:$B,$A11,'Source 2025'!$A:$A,"Amount (NIS)") -> 21858.9 | H11: =SUMIFS('Source 2026'!$R:$R,'Source 2026'!$B:$B,$A11,'Source 2026'!$A:$A,"Amount (NIS)") -> 13784.7 | I11: =H11-G11 -> -8074.2 | J11: =IF(AND(G11=0,H11=0),0,IF(G11=0,"New",(H11-G11)/G11)) -> -0.36937815
A12: 35 | B12: =IFERROR(INDEX('Source 2026'!$C:$C,MATCH($A12,'Source 2026'!$B:$B,0)),IFERROR(INDEX('Source 2025'!$C:$C,MATCH($A12,'Source 2025'!$B:$B,0)),"")) -> S מגן קרסול לבן | C12: =SUMIFS('Source 2025'!$R:$R,'Source 2025'!$B:$B,$A12,'Source 2025'!$A:$A,"Quantity (units)") -> 854 | D12: =SUMIFS('Source 2026'!$R:$R,'Source 2026'!$B:$B,$A12,'Source 2026'!$A:$A,"Quantity (units)") -> 582 | E12: =D12-C12 -> -272 | F12: =IF(AND(C12=0,D12=0),0,IF(C12=0,"New",(D12-C12)/C12)) -> -0.31850117 | G12: =SUMIFS('Source 2025'!$R:$R,'Source 2025'!$B:$B,$A12,'Source 2025'!$A:$A,"Amount (NIS)") -> 23716.9 | H12: =SUMIFS('Source 2026'!$R:$R,'Source 2026'!$B:$B,$A12,'Source 2026'!$A:$A,"Amount (NIS)") -> 16156.2 | I12: =H12-G12 -> -7560.7 | J12: =IF(AND(G12=0,H12=0),0,IF(G12=0,"New",(H12-G12)/G12)) -> -0.31878956
A13: 21 | B13: =IFERROR(INDEX('Source 2026'!$C:$C,MATCH($A13,'Source 2026'!$B:$B,0)),IFERROR(INDEX('Source 2025'!$C:$C,MATCH($A13,'Source 2025'!$B:$B,0)),"")) -> S חבק יד ארוך | C13: =SUMIFS('Source 2025'!$R:$R,'Source 2025'!$B:$B,$A13,'Source 2025'!$A:$A,"Quantity (units)") -> 724 | D13: =SUMIFS('Source 2026'!$R:$R,'Source 2026'!$B:$B,$A13,'Source 2026'!$A:$A,"Quantity (units)") -> 510 | E13: =D13-C13 -> -214 | F13: =IF(AND(C13=0,D13=0),0,IF(C13=0,"New",(D13-C13)/C13)) -> -0.29558011 | G13: =SUMIFS('Source 2025'!$R:$R,'Source 2025'!$B:$B,$A13,'Source 2025'!$A:$A,"Amount (NIS)") -> 25528.6 | H13: =SUMIFS('Source 2026'!$R:$R,'Source 2026'!$B:$B,$A13,'Source 2026'!$A:$A,"Amount (NIS)") -> 17977.7 | I13: =H13-G13 -> -7550.9 | J13: =IF(AND(G13=0,H13=0),0,IF(G13=0,"New",(H13-G13)/G13)) -> -0.29578199
A14: 45E | B14: =IFERROR(INDEX('Source 2026'!$C:$C,MATCH($A14,'Source 2026'!$B:$B,0)),IFERROR(INDEX('Source 2025'!$C:$C,MATCH($A14,'Source 2025'!$B:$B,0)),"")) -> Sמגן ברך ארוך לבן | C14: =SUMIFS('Source 2025'!$R:$R,'Source 2025'!$B:$B,$A14,'Source 2025'!$A:$A,"Quantity (units)") -> 828 | D14: =SUMIFS('Source 2026'!$R:$R,'Source 2026'!$B:$B,$A14,'Source 2026'!$A:$A,"Quantity (units)") -> 629 | E14: =D14-C14 -> -199 | F14: =IF(AND(C14=0,D14=0),0,IF(C14=0,"New",(D14-C14)/C14)) -> -0.24033816 | G14: =SUMIFS('Source 2025'!$R:$R,'Source 2025'!$B:$B,$A14,'Source 2025'!$A:$A,"Amount (NIS)") -> 27739.4 | H14: =SUMIFS('Source 2026'!$R:$R,'Source 2026'!$B:$B,$A14,'Source 2026'!$A:$A,"Amount (NIS)") -> 21069.9 | I14: =H14-G14 -> -6669.5 | J14: =IF(AND(G14=0,H14=0),0,IF(G14=0,"New",(H14-G14)/G14)) -> -0.24043418
A15: 806CB-BEIGE | B15: =IFERROR(INDEX('Source 2026'!$C:$C,MATCH($A15,'Source 2026'!$B:$B,0)),IFERROR(INDEX('Source 2025'!$C:$C,MATCH($A15,'Source 2025'!$B:$B,0)),"")) -> תחבושת א.נצמ | C15: =SUMIFS('Source 2025'!$R:$R,'Source 2025'!$B:$B,$A15,'Source 2025'!$A:$A,"Quantity (units)") -> 781 | D15: =SUMIFS('Source 2026'!$R:$R,'Source 2026'!$B:$B,$A15,'Source 2026'!$A:$A,"Quantity (units)") -> 259 | E15: =D15-C15 -> -522 | F15: =IF(AND(C15=0,D15=0),0,IF(C15=0,"New",(D15-C15)/C15)) -> -0.66837388 | G15: =SUMIFS('Source 2025'!$R:$R,'Source 2025'!$B:$B,$A15,'Source 2025'!$A:$A,"Amount (NIS)") -> 8575.4 | H15: =SUMIFS('Source 2026'!$R:$R,'Source 2026'!$B:$B,$A15,'Source 2026'!$A:$A,"Amount (NIS)") -> 2843.8 | I15: =H15-G15 -> -5731.6 | J15: =IF(AND(G15=0,H15=0),0,IF(G15=0,"New",(H15-G15)/G15)) -> -0.66837699
A16: 302 | B16: =IFERROR(INDEX('Source 2026'!$C:$C,MATCH($A16,'Source 2026'!$B:$B,0)),IFERROR(INDEX('Source 2025'!$C:$C,MATCH($A16,'Source 2025'!$B:$B,0)),"")) -> מדרס ג'ל לגבר | C16: =SUMIFS('Source 2025'!$R:$R,'Source 2025'!$B:$B,$A16,'Source 2025'!$A:$A,"Quantity (units)") -> 296 | D16: =SUMIFS('Source 2026'!$R:$R,'Source 2026'!$B:$B,$A16,'Source 2026'!$A:$A,"Quantity (units)") -> 211 | E16: =D16-C16 -> -85 | F16: =IF(AND(C16=0,D16=0),0,IF(C16=0,"New",(D16-C16)/C16)) -> -0.28716216 | G16: =SUMIFS('Source 2025'!$R:$R,'Source 2025'!$B:$B,$A16,'Source 2025'!$A:$A,"Amount (NIS)") -> 19426.5 | H16: =SUMIFS('Source 2026'!$R:$R,'Source 2026'!$B:$B,$A16,'Source 2026'!$A:$A,"Amount (NIS)") -> 13848 | I16: =H16-G16 -> -5578.5 | J16: =IF(AND(G16=0,H16=0),0,IF(G16=0,"New",(H16-G16)/G16)) -> -0.28715929
A17: 35C | B17: =IFERROR(INDEX('Source 2026'!$C:$C,MATCH($A17,'Source 2026'!$B:$B,0)),IFERROR(INDEX('Source 2025'!$C:$C,MATCH($A17,'Source 2025'!$B:$B,0)),"")) -> S מגן קרסול חום | C17: =SUMIFS('Source 2025'!$R:$R,'Source 2025'!$B:$B,$A17,'Source 2025'!$A:$A,"Quantity (units)") -> 880 | D17: =SUMIFS('Source 2026'!$R:$R,'Source 2026'!$B:$B,$A17,'Source 2026'!$A:$A,"Quantity (units)") -> 697 | E17: =D17-C17 -> -183 | F17: =IF(AND(C17=0,D17=0),0,IF(C17=0,"New",(D17-C17)/C17)) -> -0.20795455 | G17: =SUMIFS('Source 2025'!$R:$R,'Source 2025'!$B:$B,$A17,'Source 2025'!$A:$A,"Amount (NIS)") -> 24448.5 | H17: =SUMIFS('Source 2026'!$R:$R,'Source 2026'!$B:$B,$A17,'Source 2026'!$A:$A,"Amount (NIS)") -> 19354.8 | I17: =H17-G17 -> -5093.7 | J17: =IF(AND(G17=0,H17=0),0,IF(G17=0,"New",(H17-G17)/G17)) -> -0.20834407
... A154: 386 | B154: =IFERROR(INDEX('Source 2026'!$C:$C,MATCH($A154,'Source 2026'!$B:$B,0)),IFERROR(INDEX('Source 2025'!$C:$C,MATCH($A154,'Source 2025'!$B:$B,0)),"")) -> מיישר בוניון-האלוקס ולגוס | C154: =SUMIFS('Source 2025'!$R:$R,'Source 2025'!$B:$B,$A154,'Source 2025'!$A:$A,"Quantity (units)") -> 25 | D154: =SUMIFS('Source 2026'!$R:$R,'Source 2026'!$B:$B,$A154,'Source 2026'!$A:$A,"Quantity (units)") -> 25 | E154: =D154-C154 -> 0 | F154: =IF(AND(C154=0,D154=0),0,IF(C154=0,"New",(D154-C154)/C154)) -> 0 | G154: =SUMIFS('Source 2025'!$R:$R,'Source 2025'!$B:$B,$A154,'Source 2025'!$A:$A,"Amount (NIS)") -> 1102 | H154: =SUMIFS('Source 2026'!$R:$R,'Source 2026'!$B:$B,$A154,'Source 2026'!$A:$A,"Amount (NIS)") -> 1102 | I154: =H154-G154 -> 0 | J154: =IF(AND(G154=0,H154=0),0,IF(G154=0,"New",(H154-G154)/G154)) -> 0
B156: TOTAL | C156: =SUM(C6:C154) -> 25880 | D156: =SUM(D6:D154) -> 18040 | E156: =SUM(E6:E154) -> -7840 | F156: =IF(C156=0,"N/A",E156/C156) -> -0.30293663 | G156: =SUM(G6:G154) -> 895106.5 | H156: =SUM(H6:H154) -> 655276.6 | I156: =SUM(I6:I154) -> -239829.9 | J156: =IF(G156=0,"N/A",I156/G156) -> -0.26793449

Sheet 0צרכנים פרטיים
A1: Sales Comparison 2025 vs 2026 - Customer: 0צרכנים פרטיים (by Product CODE)
A2: Calculation date: | B2: 46284
A3: Source: PPlay1 of uriel (Reporter) product x customer pivot reports for 2025 and 2026, customer column "0צרכנים פרטיים" only (raw values in 'Source 2025'!$S:$S / 'Source 2026'!$S:$S). Each file has two data blocks: "נטו" (Net Amount, NIS) and "סהכ יחידות" (Total Units). Product CODE parsed as the first token of column B in the original file (before the first space); size/color variants sharing the same base CODE are summed together via SUMIFS. Rows below only include product codes with non-zero quantity or amount for this customer in at least one of the two years; codes that are 0 for this customer in both years (sold only to other customers) were excluded as not relevant to this comparison.
A5: Product Code | B5: Product Name | C5: Quantity 2025 | D5: Quantity 2026 | E5: Quantity Change | F5: Quantity Change % | G5: Amount 2025 (₪) | H5: Amount 2026 (₪) | I5: Amount Change (₪) | J5: Amount Change %
A6: 14 | B6: =IFERROR(INDEX('Source 2026'!$C:$C,MATCH($A6,'Source 2026'!$B:$B,0)),IFERROR(INDEX('Source 2025'!$C:$C,MATCH($A6,'Source 2025'!$B:$B,0)),"")) -> 0 חגורה למנותחי בית חזה | C6: =SUMIFS('Source 2025'!$S:$S,'Source 2025'!$B:$B,$A6,'Source 2025'!$A:$A,"Quantity (units)") -> 1 | D6: =SUMIFS('Source 2026'!$S:$S,'Source 2026'!$B:$B,$A6,'Source 2026'!$A:$A,"Quantity (units)") -> 0 | E6: =D6-C6 -> -1 | F6: =IF(AND(C6=0,D6=0),0,IF(C6=0,"New",(D6-C6)/C6)) -> -1 | G6: =SUMIFS('Source 2025'!$S:$S,'Source 2025'!$B:$B,$A6,'Source 2025'!$A:$A,"Amount (NIS)") -> 225.3 | H6: =SUMIFS('Source 2026'!$S:$S,'Source 2026'!$B:$B,$A6,'Source 2026'!$A:$A,"Amount (NIS)") -> 0 | I6: =H6-G6 -> -225.3 | J6: =IF(AND(G6=0,H6=0),0,IF(G6=0,"New",(H6-G6)/G6)) -> -1
A7: SC25 | B7: =IFERROR(INDEX('Source 2026'!$C:$C,MATCH($A7,'Source 2026'!$B:$B,0)),IFERROR(INDEX('Source 2025'!$C:$C,MATCH($A7,'Source 2025'!$B:$B,0)),"")) -> S חבק יד | C7: =SUMIFS('Source 2025'!$S:$S,'Source 2025'!$B:$B,$A7,'Source 2025'!$A:$A,"Quantity (units)") -> 0 | D7: =SUMIFS('Source 2026'!$S:$S,'Source 2026'!$B:$B,$A7,'Source 2026'!$A:$A,"Quantity (units)") -> 2 | E7: =D7-C7 -> 2 | F7: =IF(AND(C7=0,D7=0),0,IF(C7=0,"New",(D7-C7)/C7)) -> New | G7: =SUMIFS('Source 2025'!$S:$S,'Source 2025'!$B:$B,$A7,'Source 2025'!$A:$A,"Amount (NIS)") -> 0 | H7: =SUMIFS('Source 2026'!$S:$S,'Source 2026'!$B:$B,$A7,'Source 2026'!$A:$A,"Amount (NIS)") -> 174.8 | I7: =H7-G7 -> 174.8 | J7: =IF(AND(G7=0,H7=0),0,IF(G7=0,"New",(H7-G7)/G7)) -> New
A8: 85 | B8: =IFERROR(INDEX('Source 2026'!$C:$C,MATCH($A8,'Source 2026'!$B:$B,0)),IFERROR(INDEX('Source 2025'!$C:$C,MATCH($A8,'Source 2025'!$B:$B,0)),"")) -> L (מתלה ליד )כיס | C8: =SUMIFS('Source 2025'!$S:$S,'Source 2025'!$B:$B,$A8,'Source 2025'!$A:$A,"Quantity (units)") -> 3 | D8: =SUMIFS('Source 2026'!$S:$S,'Source 2026'!$B:$B,$A8,'Source 2026'!$A:$A,"Quantity (units)") -> 0 | E8: =D8-C8 -> -3 | F8: =IF(AND(C8=0,D8=0),0,IF(C8=0,"New",(D8-C8)/C8)) -> -1 | G8: =SUMIFS('Source 2025'!$S:$S,'Source 2025'!$B:$B,$A8,'Source 2025'!$A:$A,"Amount (NIS)") -> 158.7 | H8: =SUMIFS('Source 2026'!$S:$S,'Source 2026'!$B:$B,$A8,'Source 2026'!$A:$A,"Amount (NIS)") -> 0 | I8: =H8-G8 -> -158.7 | J8: =IF(AND(G8=0,H8=0),0,IF(G8=0,"New",(H8-G8)/G8)) -> -1
A9: 06W | B9: =IFERROR(INDEX('Source 2026'!$C:$C,MATCH($A9,'Source 2026'!$B:$B,0)),IFERROR(INDEX('Source 2025'!$C:$C,MATCH($A9,'Source 2025'!$B:$B,0)),"")) -> S חגורת גב לנשים | C9: =SUMIFS('Source 2025'!$S:$S,'Source 2025'!$B:$B,$A9,'Source 2025'!$A:$A,"Quantity (units)") -> 1 | D9: =SUMIFS('Source 2026'!$S:$S,'Source 2026'!$B:$B,$A9,'Source 2026'!$A:$A,"Quantity (units)") -> 0 | E9: =D9-C9 -> -1 | F9: =IF(AND(C9=0,D9=0),0,IF(C9=0,"New",(D9-C9)/C9)) -> -1 | G9: =SUMIFS('Source 2025'!$S:$S,'Source 2025'!$B:$B,$A9,'Source 2025'!$A:$A,"Amount (NIS)") -> 154.4 | H9: =SUMIFS('Source 2026'!$S:$S,'Source 2026'!$B:$B,$A9,'Source 2026'!$A:$A,"Amount (NIS)") -> 0 | I9: =H9-G9 -> -154.4 | J9: =IF(AND(G9=0,H9=0),0,IF(G9=0,"New",(H9-G9)/G9)) -> -1
A10: T25C-חבק | B10: =IFERROR(INDEX('Source 2026'!$C:$C,MATCH($A10,'Source 2026'!$B:$B,0)),IFERROR(INDEX('Source 2025'!$C:$C,MATCH($A10,'Source 2025'!$B:$B,0)),"")) -> יד אגודלי | C10: =SUMIFS('Source 2025'!$S:$S,'Source 2025'!$B:$B,$A10,'Source 2025'!$A:$A,"Quantity (units)") -> 0 | D10: =SUMIFS('Source 2026'!$S:$S,'Source 2026'!$B:$B,$A10,'Source 2026'!$A:$A,"Quantity (units)") -> 3 | E10: =D10-C10 -> 3 | F10: =IF(AND(C10=0,D10=0),0,IF(C10=0,"New",(D10-C10)/C10)) -> New | G10: =SUMIFS('Source 2025'!$S:$S,'Source 2025'!$B:$B,$A10,'Source 2025'!$A:$A,"Amount (NIS)") -> 0 | H10: =SUMIFS('Source 2026'!$S:$S,'Source 2026'!$B:$B,$A10,'Source 2026'!$A:$A,"Amount (NIS)") -> 131.1 | I10: =H10-G10 -> 131.1 | J10: =IF(AND(G10=0,H10=0),0,IF(G10=0,"New",(H10-G10)/G10)) -> New
A11: AC75 | B11: =IFERROR(INDEX('Source 2026'!$C:$C,MATCH($A11,'Source 2026'!$B:$B,0)),IFERROR(INDEX('Source 2025'!$C:$C,MATCH($A11,'Source 2025'!$B:$B,0)),"")) -> מישר כתפיים אקטיב | C11: =SUMIFS('Source 2025'!$S:$S,'Source 2025'!$B:$B,$A11,'Source 2025'!$A:$A,"Quantity (units)") -> 3 | D11: =SUMIFS('Source 2026'!$S:$S,'Source 2026'!$B:$B,$A11,'Source 2026'!$A:$A,"Quantity (units)") -> 1 | E11: =D11-C11 -> -2 | F11: =IF(AND(C11=0,D11=0),0,IF(C11=0,"New",(D11-C11)/C11)) -> -0.66666667 | G11: =SUMIFS('Source 2025'!$S:$S,'Source 2025'!$B:$B,$A11,'Source 2025'!$A:$A,"Amount (NIS)") -> 203.3 | H11: =SUMIFS('Source 2026'!$S:$S,'Source 2026'!$B:$B,$A11,'Source 2026'!$A:$A,"Amount (NIS)") -> 74.3 | I11: =H11-G11 -> -129 | J11: =IF(AND(G11=0,H11=0),0,IF(G11=0,"New",(H11-G11)/G11)) -> -0.63453025
A12: 078G-XXLחגורת | B12: =IFERROR(INDEX('Source 2026'!$C:$C,MATCH($A12,'Source 2026'!$B:$B,0)),IFERROR(INDEX('Source 2025'!$C:$C,MATCH($A12,'Source 2025'!$B:$B,0)),"")) -> גב אפורה | C12: =SUMIFS('Source 2025'!$S:$S,'Source 2025'!$B:$B,$A12,'Source 2025'!$A:$A,"Quantity (units)") -> 1 | D12: =SUMIFS('Source 2026'!$S:$S,'Source 2026'!$B:$B,$A12,'Source 2026'!$A:$A,"Quantity (units)") -> 0 | E12: =D12-C12 -> -1 | F12: =IF(AND(C12=0,D12=0),0,IF(C12=0,"New",(D12-C12)/C12)) -> -1 | G12: =SUMIFS('Source 2025'!$S:$S,'Source 2025'!$B:$B,$A12,'Source 2025'!$A:$A,"Amount (NIS)") -> 109.3 | H12: =SUMIFS('Source 2026'!$S:$S,'Source 2026'!$B:$B,$A12,'Source 2026'!$A:$A,"Amount (NIS)") -> 0 | I12: =H12-G12 -> -109.3 | J12: =IF(AND(G12=0,H12=0),0,IF(G12=0,"New",(H12-G12)/G12)) -> -1
A13: 394W | B13: =IFERROR(INDEX('Source 2026'!$C:$C,MATCH($A13,'Source 2026'!$B:$B,0)),IFERROR(INDEX('Source 2025'!$C:$C,MATCH($A13,'Source 2025'!$B:$B,0)),"")) -> 35-38 גרב.כסף לסכרתים לבן | C13: =SUMIFS('Source 2025'!$S:$S,'Source 2025'!$B:$B,$A13,'Source 2025'!$A:$A,"Quantity (units)") -> 4 | D13: =SUMIFS('Source 2026'!$S:$S,'Source 2026'!$B:$B,$A13,'Source 2026'!$A:$A,"Quantity (units)") -> 0 | E13: =D13-C13 -> -4 | F13: =IF(AND(C13=0,D13=0),0,IF(C13=0,"New",(D13-C13)/C13)) -> -1 | G13: =SUMIFS('Source 2025'!$S:$S,'Source 2025'!$B:$B,$A13,'Source 2025'!$A:$A,"Amount (NIS)") -> 96.1 | H13: =SUMIFS('Source 2026'!$S:$S,'Source 2026'!$B:$B,$A13,'Source 2026'!$A:$A,"Amount (NIS)") -> 0 | I13: =H13-G13 -> -96.1 | J13: =IF(AND(G13=0,H13=0),0,IF(G13=0,"New",(H13-G13)/G13)) -> -1
A14: 394B | B14: =IFERROR(INDEX('Source 2026'!$C:$C,MATCH($A14,'Source 2026'!$B:$B,0)),IFERROR(INDEX('Source 2025'!$C:$C,MATCH($A14,'Source 2025'!$B:$B,0)),"")) -> גרב.כסף לסכרתים שחור35-38 | C14: =SUMIFS('Source 2025'!$S:$S,'Source 2025'!$B:$B,$A14,'Source 2025'!$A:$A,"Quantity (units)") -> 4 | D14: =SUMIFS('Source 2026'!$S:$S,'Source 2026'!$B:$B,$A14,'Source 2026'!$A:$A,"Quantity (units)") -> 0 | E14: =D14-C14 -> -4 | F14: =IF(AND(C14=0,D14=0),0,IF(C14=0,"New",(D14-C14)/C14)) -> -1 | G14: =SUMIFS('Source 2025'!$S:$S,'Source 2025'!$B:$B,$A14,'Source 2025'!$A:$A,"Amount (NIS)") -> 96.1 | H14: =SUMIFS('Source 2026'!$S:$S,'Source 2026'!$B:$B,$A14,'Source 2026'!$A:$A,"Amount (NIS)") -> 0 | I14: =H14-G14 -> -96.1 | J14: =IF(AND(G14=0,H14=0),0,IF(G14=0,"New",(H14-G14)/G14)) -> -1
A15: FC335 | B15: =IFERROR(INDEX('Source 2026'!$C:$C,MATCH($A15,'Source 2026'!$B:$B,0)),IFERROR(INDEX('Source 2025'!$C:$C,MATCH($A15,'Source 2025'!$B:$B,0)),"")) -> טלק מעושר באלוורה | C15: =SUMIFS('Source 2025'!$S:$S,'Source 2025'!$B:$B,$A15,'Source 2025'!$A:$A,"Quantity (units)") -> 4 | D15: =SUMIFS('Source 2026'!$S:$S,'Source 2026'!$B:$B,$A15,'Source 2026'!$A:$A,"Quantity (units)") -> 0 | E15: =D15-C15 -> -4 | F15: =IF(AND(C15=0,D15=0),0,IF(C15=0,"New",(D15-C15)/C15)) -> -1 | G15: =SUMIFS('Source 2025'!$S:$S,'Source 2025'!$B:$B,$A15,'Source 2025'!$A:$A,"Amount (NIS)") -> 85 | H15: =SUMIFS('Source 2026'!$S:$S,'Source 2026'!$B:$B,$A15,'Source 2026'!$A:$A,"Amount (NIS)") -> 0 | I15: =H15-G15 -> -85 | J15: =IF(AND(G15=0,H15=0),0,IF(G15=0,"New",(H15-G15)/G15)) -> -1
A16: 266 | B16: =IFERROR(INDEX('Source 2026'!$C:$C,MATCH($A16,'Source 2026'!$B:$B,0)),IFERROR(INDEX('Source 2025'!$C:$C,MATCH($A16,'Source 2025'!$B:$B,0)),"")) -> סד ליד דו צדדי | C16: =SUMIFS('Source 2025'!$S:$S,'Source 2025'!$B:$B,$A16,'Source 2025'!$A:$A,"Quantity (units)") -> 1 | D16: =SUMIFS('Source 2026'!$S:$S,'Source 2026'!$B:$B,$A16,'Source 2026'!$A:$A,"Quantity (units)") -> 0 | E16: =D16-C16 -> -1 | F16: =IF(AND(C16=0,D16=0),0,IF(C16=0,"New",(D16-C16)/C16)) -> -1 | G16: =SUMIFS('Source 2025'!$S:$S,'Source 2025'!$B:$B,$A16,'Source 2025'!$A:$A,"Amount (NIS)") -> 72.8 | H16: =SUMIFS('Source 2026'!$S:$S,'Source 2026'!$B:$B,$A16,'Source 2026'!$A:$A,"Amount (NIS)") -> 0 | I16: =H16-G16 -> -72.8 | J16: =IF(AND(G16=0,H16=0),0,IF(G16=0,"New",(H16-G16)/G16)) -> -1
A17: AC45X | B17: =IFERROR(INDEX('Source 2026'!$C:$C,MATCH($A17,'Source 2026'!$B:$B,0)),IFERROR(INDEX('Source 2025'!$C:$C,MATCH($A17,'Source 2025'!$B:$B,0)),"")) -> מגן ברך עם תמיכות | C17: =SUMIFS('Source 2025'!$S:$S,'Source 2025'!$B:$B,$A17,'Source 2025'!$A:$A,"Quantity (units)") -> 1 | D17: =SUMIFS('Source 2026'!$S:$S,'Source 2026'!$B:$B,$A17,'Source 2026'!$A:$A,"Quantity (units)") -> 0 | E17: =D17-C17 -> -1 | F17: =IF(AND(C17=0,D17=0),0,IF(C17=0,"New",(D17-C17)/C17)) -> -1 | G17: =SUMIFS('Source 2025'!$S:$S,'Source 2025'!$B:$B,$A17,'Source 2025'!$A:$A,"Amount (NIS)") -> 70 | H17: =SUMIFS('Source 2026'!$S:$S,'Source 2026'!$B:$B,$A17,'Source 2026'!$A:$A,"Amount (NIS)") -> 0 | I17: =H17-G17 -> -70 | J17: =IF(AND(G17=0,H17=0),0,IF(G17=0,"New",(H17-G17)/G17)) -> -1
... A28: 364S | B28: =IFERROR(INDEX('Source 2026'!$C:$C,MATCH($A28,'Source 2026'!$B:$B,0)),IFERROR(INDEX('Source 2025'!$C:$C,MATCH($A28,'Source 2025'!$B:$B,0)),"")) -> Lמפר.אצבע סיליק. ליבל.זוג | C28: =SUMIFS('Source 2025'!$S:$S,'Source 2025'!$B:$B,$A28,'Source 2025'!$A:$A,"Quantity (units)") -> 1 | D28: =SUMIFS('Source 2026'!$S:$S,'Source 2026'!$B:$B,$A28,'Source 2026'!$A:$A,"Quantity (units)") -> 0 | E28: =D28-C28 -> -1 | F28: =IF(AND(C28=0,D28=0),0,IF(C28=0,"New",(D28-C28)/C28)) -> -1 | G28: =SUMIFS('Source 2025'!$S:$S,'Source 2025'!$B:$B,$A28,'Source 2025'!$A:$A,"Amount (NIS)") -> 13.5 | H28: =SUMIFS('Source 2026'!$S:$S,'Source 2026'!$B:$B,$A28,'Source 2026'!$A:$A,"Amount (NIS)") -> 0 | I28: =H28-G28 -> -13.5 | J28: =IF(AND(G28=0,H28=0),0,IF(G28=0,"New",(H28-G28)/G28)) -> -1
B30: TOTAL | C30: =SUM(C6:C28) -> 34 | D30: =SUM(D6:D28) -> 8 | E30: =SUM(E6:E28) -> -26 | F30: =IF(C30=0,"N/A",E30/C30) -> -0.76470588 | G30: =SUM(G6:G28) -> 1620.1 | H30: =SUM(H6:H28) -> 454.5 | I30: =SUM(I6:I28) -> -1165.6 | J30: =IF(G30=0,"N/A",I30/G30) -> -0.71946176

Sheet 0קופות חולים
A1: Sales Comparison 2025 vs 2026 - Customer: 0קופות חולים (by Product CODE)
A2: Calculation date: | B2: 46284
A3: Source: PPlay1 of uriel (Reporter) product x customer pivot reports for 2025 and 2026, customer column "0קופות חולים" only (raw values in 'Source 2025'!$T:$T / 'Source 2026'!$T:$T). Each file has two data blocks: "נטו" (Net Amount, NIS) and "סהכ יחידות" (Total Units). Product CODE parsed as the first token of column B in the original file (before the first space); size/color variants sharing the same base CODE are summed together via SUMIFS. Rows below only include product codes with non-zero quantity or amount for this customer in at least one of the two years; codes that are 0 for this customer in both years (sold only to other customers) were excluded as not relevant to this comparison.
A5: Product Code | B5: Product Name | C5: Quantity 2025 | D5: Quantity 2026 | E5: Quantity Change | F5: Quantity Change % | G5: Amount 2025 (₪) | H5: Amount 2026 (₪) | I5: Amount Change (₪) | J5: Amount Change %
A6: 266 | B6: =IFERROR(INDEX('Source 2026'!$C:$C,MATCH($A6,'Source 2026'!$B:$B,0)),IFERROR(INDEX('Source 2025'!$C:$C,MATCH($A6,'Source 2025'!$B:$B,0)),"")) -> סד ליד דו צדדי | C6: =SUMIFS('Source 2025'!$T:$T,'Source 2025'!$B:$B,$A6,'Source 2025'!$A:$A,"Quantity (units)") -> 0 | D6: =SUMIFS('Source 2026'!$T:$T,'Source 2026'!$B:$B,$A6,'Source 2026'!$A:$A,"Quantity (units)") -> 648 | E6: =D6-C6 -> 648 | F6: =IF(AND(C6=0,D6=0),0,IF(C6=0,"New",(D6-C6)/C6)) -> New | G6: =SUMIFS('Source 2025'!$T:$T,'Source 2025'!$B:$B,$A6,'Source 2025'!$A:$A,"Amount (NIS)") -> 0 | H6: =SUMIFS('Source 2026'!$T:$T,'Source 2026'!$B:$B,$A6,'Source 2026'!$A:$A,"Amount (NIS)") -> 29484 | I6: =H6-G6 -> 29484 | J6: =IF(AND(G6=0,H6=0),0,IF(G6=0,"New",(H6-G6)/G6)) -> New
A7: 268 | B7: =IFERROR(INDEX('Source 2026'!$C:$C,MATCH($A7,'Source 2026'!$B:$B,0)),IFERROR(INDEX('Source 2025'!$C:$C,MATCH($A7,'Source 2025'!$B:$B,0)),"")) -> סד לאגודל | C7: =SUMIFS('Source 2025'!$T:$T,'Source 2025'!$B:$B,$A7,'Source 2025'!$A:$A,"Quantity (units)") -> 0 | D7: =SUMIFS('Source 2026'!$T:$T,'Source 2026'!$B:$B,$A7,'Source 2026'!$A:$A,"Quantity (units)") -> 274 | E7: =D7-C7 -> 274 | F7: =IF(AND(C7=0,D7=0),0,IF(C7=0,"New",(D7-C7)/C7)) -> New | G7: =SUMIFS('Source 2025'!$T:$T,'Source 2025'!$B:$B,$A7,'Source 2025'!$A:$A,"Amount (NIS)") -> 0 | H7: =SUMIFS('Source 2026'!$T:$T,'Source 2026'!$B:$B,$A7,'Source 2026'!$A:$A,"Amount (NIS)") -> 21317.2 | I7: =H7-G7 -> 21317.2 | J7: =IF(AND(G7=0,H7=0),0,IF(G7=0,"New",(H7-G7)/G7)) -> New
A8: 397A-גרבי | B8: =IFERROR(INDEX('Source 2026'!$C:$C,MATCH($A8,'Source 2026'!$B:$B,0)),IFERROR(INDEX('Source 2025'!$C:$C,MATCH($A8,'Source 2025'!$B:$B,0)),"")) -> טיסה אנטי בקטרי35-38 | C8: =SUMIFS('Source 2025'!$T:$T,'Source 2025'!$B:$B,$A8,'Source 2025'!$A:$A,"Quantity (units)") -> 0 | D8: =SUMIFS('Source 2026'!$T:$T,'Source 2026'!$B:$B,$A8,'Source 2026'!$A:$A,"Quantity (units)") -> 416 | E8: =D8-C8 -> 416 | F8: =IF(AND(C8=0,D8=0),0,IF(C8=0,"New",(D8-C8)/C8)) -> New | G8: =SUMIFS('Source 2025'!$T:$T,'Source 2025'!$B:$B,$A8,'Source 2025'!$A:$A,"Amount (NIS)") -> 0 | H8: =SUMIFS('Source 2026'!$T:$T,'Source 2026'!$B:$B,$A8,'Source 2026'!$A:$A,"Amount (NIS)") -> 17016.6 | I8: =H8-G8 -> 17016.6 | J8: =IF(AND(G8=0,H8=0),0,IF(G8=0,"New",(H8-G8)/G8)) -> New
A9: 307 | B9: =IFERROR(INDEX('Source 2026'!$C:$C,MATCH($A9,'Source 2026'!$B:$B,0)),IFERROR(INDEX('Source 2025'!$C:$C,MATCH($A9,'Source 2025'!$B:$B,0)),"")) -> L עקבים לדורבן-זוג כריות | C9: =SUMIFS('Source 2025'!$T:$T,'Source 2025'!$B:$B,$A9,'Source 2025'!$A:$A,"Quantity (units)") -> 0 | D9: =SUMIFS('Source 2026'!$T:$T,'Source 2026'!$B:$B,$A9,'Source 2026'!$A:$A,"Quantity (units)") -> 233 | E9: =D9-C9 -> 233 | F9: =IF(AND(C9=0,D9=0),0,IF(C9=0,"New",(D9-C9)/C9)) -> New | G9: =SUMIFS('Source 2025'!$T:$T,'Source 2025'!$B:$B,$A9,'Source 2025'!$A:$A,"Amount (NIS)") -> 0 | H9: =SUMIFS('Source 2026'!$T:$T,'Source 2026'!$B:$B,$A9,'Source 2026'!$A:$A,"Amount (NIS)") -> 14504.7 | I9: =H9-G9 -> 14504.7 | J9: =IF(AND(G9=0,H9=0),0,IF(G9=0,"New",(H9-G9)/G9)) -> New
A10: SH422 | B10: =IFERROR(INDEX('Source 2026'!$C:$C,MATCH($A10,'Source 2026'!$B:$B,0)),IFERROR(INDEX('Source 2025'!$C:$C,MATCH($A10,'Source 2025'!$B:$B,0)),"")) -> 1 תומך ברך גנושילד | C10: =SUMIFS('Source 2025'!$T:$T,'Source 2025'!$B:$B,$A10,'Source 2025'!$A:$A,"Quantity (units)") -> 0 | D10: =SUMIFS('Source 2026'!$T:$T,'Source 2026'!$B:$B,$A10,'Source 2026'!$A:$A,"Quantity (units)") -> 97 | E10: =D10-C10 -> 97 | F10: =IF(AND(C10=0,D10=0),0,IF(C10=0,"New",(D10-C10)/C10)) -> New | G10: =SUMIFS('Source 2025'!$T:$T,'Source 2025'!$B:$B,$A10,'Source 2025'!$A:$A,"Amount (NIS)") -> 0 | H10: =SUMIFS('Source 2026'!$T:$T,'Source 2026'!$B:$B,$A10,'Source 2026'!$A:$A,"Amount (NIS)") -> 12125 | I10: =H10-G10 -> 12125 | J10: =IF(AND(G10=0,H10=0),0,IF(G10=0,"New",(H10-G10)/G10)) -> New
A11: 34 | B11: =IFERROR(INDEX('Source 2026'!$C:$C,MATCH($A11,'Source 2026'!$B:$B,0)),IFERROR(INDEX('Source 2025'!$C:$C,MATCH($A11,'Source 2025'!$B:$B,0)),"")) -> M מגן קרסול עקב סגור | C11: =SUMIFS('Source 2025'!$T:$T,'Source 2025'!$B:$B,$A11,'Source 2025'!$A:$A,"Quantity (units)") -> 0 | D11: =SUMIFS('Source 2026'!$T:$T,'Source 2026'!$B:$B,$A11,'Source 2026'!$A:$A,"Quantity (units)") -> 391 | E11: =D11-C11 -> 391 | F11: =IF(AND(C11=0,D11=0),0,IF(C11=0,"New",(D11-C11)/C11)) -> New | G11: =SUMIFS('Source 2025'!$T:$T,'Source 2025'!$B:$B,$A11,'Source 2025'!$A:$A,"Amount (NIS)") -> 0 | H11: =SUMIFS('Source 2026'!$T:$T,'Source 2026'!$B:$B,$A11,'Source 2026'!$A:$A,"Amount (NIS)") -> 10884.8 | I11: =H11-G11 -> 10884.8 | J11: =IF(AND(G11=0,H11=0),0,IF(G11=0,"New",(H11-G11)/G11)) -> New
A12: 85 | B12: =IFERROR(INDEX('Source 2026'!$C:$C,MATCH($A12,'Source 2026'!$B:$B,0)),IFERROR(INDEX('Source 2025'!$C:$C,MATCH($A12,'Source 2025'!$B:$B,0)),"")) -> L (מתלה ליד )כיס | C12: =SUMIFS('Source 2025'!$T:$T,'Source 2025'!$B:$B,$A12,'Source 2025'!$A:$A,"Quantity (units)") -> 0 | D12: =SUMIFS('Source 2026'!$T:$T,'Source 2026'!$B:$B,$A12,'Source 2026'!$A:$A,"Quantity (units)") -> 323 | E12: =D12-C12 -> 323 | F12: =IF(AND(C12=0,D12=0),0,IF(C12=0,"New",(D12-C12)/C12)) -> New | G12: =SUMIFS('Source 2025'!$T:$T,'Source 2025'!$B:$B,$A12,'Source 2025'!$A:$A,"Amount (NIS)") -> 0 | H12: =SUMIFS('Source 2026'!$T:$T,'Source 2026'!$B:$B,$A12,'Source 2026'!$A:$A,"Amount (NIS)") -> 10806.4 | I12: =H12-G12 -> 10806.4 | J12: =IF(AND(G12=0,H12=0),0,IF(G12=0,"New",(H12-G12)/G12)) -> New
A13: 45 | B13: =IFERROR(INDEX('Source 2026'!$C:$C,MATCH($A13,'Source 2026'!$B:$B,0)),IFERROR(INDEX('Source 2025'!$C:$C,MATCH($A13,'Source 2025'!$B:$B,0)),"")) -> L מגן ברך לבן | C13: =SUMIFS('Source 2025'!$T:$T,'Source 2025'!$B:$B,$A13,'Source 2025'!$A:$A,"Quantity (units)") -> 0 | D13: =SUMIFS('Source 2026'!$T:$T,'Source 2026'!$B:$B,$A13,'Source 2026'!$A:$A,"Quantity (units)") -> 617 | E13: =D13-C13 -> 617 | F13: =IF(AND(C13=0,D13=0),0,IF(C13=0,"New",(D13-C13)/C13)) -> New | G13: =SUMIFS('Source 2025'!$T:$T,'Source 2025'!$B:$B,$A13,'Source 2025'!$A:$A,"Amount (NIS)") -> 0 | H13: =SUMIFS('Source 2026'!$T:$T,'Source 2026'!$B:$B,$A13,'Source 2026'!$A:$A,"Amount (NIS)") -> 10007.2 | I13: =H13-G13 -> 10007.2 | J13: =IF(AND(G13=0,H13=0),0,IF(G13=0,"New",(H13-G13)/G13)) -> New
A14: 21 | B14: =IFERROR(INDEX('Source 2026'!$C:$C,MATCH($A14,'Source 2026'!$B:$B,0)),IFERROR(INDEX('Source 2025'!$C:$C,MATCH($A14,'Source 2025'!$B:$B,0)),"")) -> S חבק יד ארוך | C14: =SUMIFS('Source 2025'!$T:$T,'Source 2025'!$B:$B,$A14,'Source 2025'!$A:$A,"Quantity (units)") -> 0 | D14: =SUMIFS('Source 2026'!$T:$T,'Source 2026'!$B:$B,$A14,'Source 2026'!$A:$A,"Quantity (units)") -> 382 | E14: =D14-C14 -> 382 | F14: =IF(AND(C14=0,D14=0),0,IF(C14=0,"New",(D14-C14)/C14)) -> New | G14: =SUMIFS('Source 2025'!$T:$T,'Source 2025'!$B:$B,$A14,'Source 2025'!$A:$A,"Amount (NIS)") -> 0 | H14: =SUMIFS('Source 2026'!$T:$T,'Source 2026'!$B:$B,$A14,'Source 2026'!$A:$A,"Amount (NIS)") -> 8812.9 | I14: =H14-G14 -> 8812.9 | J14: =IF(AND(G14=0,H14=0),0,IF(G14=0,"New",(H14-G14)/G14)) -> New
A15: 45E | B15: =IFERROR(INDEX('Source 2026'!$C:$C,MATCH($A15,'Source 2026'!$B:$B,0)),IFERROR(INDEX('Source 2025'!$C:$C,MATCH($A15,'Source 2025'!$B:$B,0)),"")) -> Sמגן ברך ארוך לבן | C15: =SUMIFS('Source 2025'!$T:$T,'Source 2025'!$B:$B,$A15,'Source 2025'!$A:$A,"Quantity (units)") -> 0 | D15: =SUMIFS('Source 2026'!$T:$T,'Source 2026'!$B:$B,$A15,'Source 2026'!$A:$A,"Quantity (units)") -> 442 | E15: =D15-C15 -> 442 | F15: =IF(AND(C15=0,D15=0),0,IF(C15=0,"New",(D15-C15)/C15)) -> New | G15: =SUMIFS('Source 2025'!$T:$T,'Source 2025'!$B:$B,$A15,'Source 2025'!$A:$A,"Amount (NIS)") -> 0 | H15: =SUMIFS('Source 2026'!$T:$T,'Source 2026'!$B:$B,$A15,'Source 2026'!$A:$A,"Amount (NIS)") -> 8727.8 | I15: =H15-G15 -> 8727.8 | J15: =IF(AND(G15=0,H15=0),0,IF(G15=0,"New",(H15-G15)/G15)) -> New
A16: 87 | B16: =IFERROR(INDEX('Source 2026'!$C:$C,MATCH($A16,'Source 2026'!$B:$B,0)),IFERROR(INDEX('Source 2025'!$C:$C,MATCH($A16,'Source 2025'!$B:$B,0)),"")) -> S מקבע כתף ויד | C16: =SUMIFS('Source 2025'!$T:$T,'Source 2025'!$B:$B,$A16,'Source 2025'!$A:$A,"Quantity (units)") -> 0 | D16: =SUMIFS('Source 2026'!$T:$T,'Source 2026'!$B:$B,$A16,'Source 2026'!$A:$A,"Quantity (units)") -> 65 | E16: =D16-C16 -> 65 | F16: =IF(AND(C16=0,D16=0),0,IF(C16=0,"New",(D16-C16)/C16)) -> New | G16: =SUMIFS('Source 2025'!$T:$T,'Source 2025'!$B:$B,$A16,'Source 2025'!$A:$A,"Amount (NIS)") -> 0 | H16: =SUMIFS('Source 2026'!$T:$T,'Source 2026'!$B:$B,$A16,'Source 2026'!$A:$A,"Amount (NIS)") -> 8001.2 | I16: =H16-G16 -> 8001.2 | J16: =IF(AND(G16=0,H16=0),0,IF(G16=0,"New",(H16-G16)/G16)) -> New
A17: 11 | B17: =IFERROR(INDEX('Source 2026'!$C:$C,MATCH($A17,'Source 2026'!$B:$B,0)),IFERROR(INDEX('Source 2025'!$C:$C,MATCH($A17,'Source 2025'!$B:$B,0)),"")) -> S""חגורת בטן""אורירית | C17: =SUMIFS('Source 2025'!$T:$T,'Source 2025'!$B:$B,$A17,'Source 2025'!$A:$A,"Quantity (units)") -> 0 | D17: =SUMIFS('Source 2026'!$T:$T,'Source 2026'!$B:$B,$A17,'Source 2026'!$A:$A,"Quantity (units)") -> 107 | E17: =D17-C17 -> 107 | F17: =IF(AND(C17=0,D17=0),0,IF(C17=0,"New",(D17-C17)/C17)) -> New | G17: =SUMIFS('Source 2025'!$T:$T,'Source 2025'!$B:$B,$A17,'Source 2025'!$A:$A,"Amount (NIS)") -> 0 | H17: =SUMIFS('Source 2026'!$T:$T,'Source 2026'!$B:$B,$A17,'Source 2026'!$A:$A,"Amount (NIS)") -> 7577.6 | I17: =H17-G17 -> 7577.6 | J17: =IF(AND(G17=0,H17=0),0,IF(G17=0,"New",(H17-G17)/G17)) -> New
... A112: LF377 | B112: =IFERROR(INDEX('Source 2026'!$C:$C,MATCH($A112,'Source 2026'!$B:$B,0)),IFERROR(INDEX('Source 2025'!$C:$C,MATCH($A112,'Source 2025'!$B:$B,0)),"")) -> L-מדרס סיליקון לנעלי עקב | C112: =SUMIFS('Source 2025'!$T:$T,'Source 2025'!$B:$B,$A112,'Source 2025'!$A:$A,"Quantity (units)") -> 0 | D112: =SUMIFS('Source 2026'!$T:$T,'Source 2026'!$B:$B,$A112,'Source 2026'!$A:$A,"Quantity (units)") -> 1 | E112: =D112-C112 -> 1 | F112: =IF(AND(C112=0,D112=0),0,IF(C112=0,"New",(D112-C112)/C112)) -> New | G112: =SUMIFS('Source 2025'!$T:$T,'Source 2025'!$B:$B,$A112,'Source 2025'!$A:$A,"Amount (NIS)") -> 0 | H112: =SUMIFS('Source 2026'!$T:$T,'Source 2026'!$B:$B,$A112,'Source 2026'!$A:$A,"Amount (NIS)") -> 32.1 | I112: =H112-G112 -> 32.1 | J112: =IF(AND(G112=0,H112=0),0,IF(G112=0,"New",(H112-G112)/G112)) -> New
B114: TOTAL | C114: =SUM(C6:C112) -> 0 | D114: =SUM(D6:D112) -> 10037 | E114: =SUM(E6:E112) -> 10037 | F114: =IF(C114=0,"N/A",E114/C114) -> N/A | G114: =SUM(G6:G112) -> 0 | H114: =SUM(H6:H112) -> 307514.4 | I114: =SUM(I6:I112) -> 307514.4 | J114: =IF(G114=0,"N/A",I114/G114) -> N/A

Sheet 0שונות
A1: Sales Comparison 2025 vs 2026 - Customer: 0שונות (by Product CODE)
A2: Calculation date: | B2: 46284
A3: Source: PPlay1 of uriel (Reporter) product x customer pivot reports for 2025 and 2026, customer column "0שונות" only (raw values in 'Source 2025'!$U:$U / 'Source 2026'!$U:$U). Each file has two data blocks: "נטו" (Net Amount, NIS) and "סהכ יחידות" (Total Units). Product CODE parsed as the first token of column B in the original file (before the first space); size/color variants sharing the same base CODE are summed together via SUMIFS. Rows below only include product codes with non-zero quantity or amount for this customer in at least one of the two years; codes that are 0 for this customer in both years (sold only to other customers) were excluded as not relevant to this comparison.
A5: Product Code | B5: Product Name | C5: Quantity 2025 | D5: Quantity 2026 | E5: Quantity Change | F5: Quantity Change % | G5: Amount 2025 (₪) | H5: Amount 2026 (₪) | I5: Amount Change (₪) | J5: Amount Change %
A6: T20C | B6: =IFERROR(INDEX('Source 2026'!$C:$C,MATCH($A6,'Source 2026'!$B:$B,0)),IFERROR(INDEX('Source 2025'!$C:$C,MATCH($A6,'Source 2025'!$B:$B,0)),"")) -> S-M חבק יד עם צמדןחום | C6: =SUMIFS('Source 2025'!$U:$U,'Source 2025'!$B:$B,$A6,'Source 2025'!$A:$A,"Quantity (units)") -> 0 | D6: =SUMIFS('Source 2026'!$U:$U,'Source 2026'!$B:$B,$A6,'Source 2026'!$A:$A,"Quantity (units)") -> -20 | E6: =D6-C6 -> -20 | F6: =IF(AND(C6=0,D6=0),0,IF(C6=0,"New",(D6-C6)/C6)) -> New | G6: =SUMIFS('Source 2025'!$U:$U,'Source 2025'!$B:$B,$A6,'Source 2025'!$A:$A,"Amount (NIS)") -> 0 | H6: =SUMIFS('Source 2026'!$U:$U,'Source 2026'!$B:$B,$A6,'Source 2026'!$A:$A,"Amount (NIS)") -> -948.6 | I6: =H6-G6 -> -948.6 | J6: =IF(AND(G6=0,H6=0),0,IF(G6=0,"New",(H6-G6)/G6)) -> New
A7: 95 | B7: =IFERROR(INDEX('Source 2026'!$C:$C,MATCH($A7,'Source 2026'!$B:$B,0)),IFERROR(INDEX('Source 2025'!$C:$C,MATCH($A7,'Source 2025'!$B:$B,0)),"")) -> L מגן מרפק רגיל לבן | C7: =SUMIFS('Source 2025'!$U:$U,'Source 2025'!$B:$B,$A7,'Source 2025'!$A:$A,"Quantity (units)") -> 0 | D7: =SUMIFS('Source 2026'!$U:$U,'Source 2026'!$B:$B,$A7,'Source 2026'!$A:$A,"Quantity (units)") -> -23 | E7: =D7-C7 -> -23 | F7: =IF(AND(C7=0,D7=0),0,IF(C7=0,"New",(D7-C7)/C7)) -> New | G7: =SUMIFS('Source 2025'!$U:$U,'Source 2025'!$B:$B,$A7,'Source 2025'!$A:$A,"Amount (NIS)") -> 0 | H7: =SUMIFS('Source 2026'!$U:$U,'Source 2026'!$B:$B,$A7,'Source 2026'!$A:$A,"Amount (NIS)") -> -947.4 | I7: =H7-G7 -> -947.4 | J7: =IF(AND(G7=0,H7=0),0,IF(G7=0,"New",(H7-G7)/G7)) -> New
A8: 11TO | B8: =IFERROR(INDEX('Source 2026'!$C:$C,MATCH($A8,'Source 2026'!$B:$B,0)),IFERROR(INDEX('Source 2025'!$C:$C,MATCH($A8,'Source 2025'!$B:$B,0)),"")) -> S חגורה למנותחי בית החזה | C8: =SUMIFS('Source 2025'!$U:$U,'Source 2025'!$B:$B,$A8,'Source 2025'!$A:$A,"Quantity (units)") -> -3 | D8: =SUMIFS('Source 2026'!$U:$U,'Source 2026'!$B:$B,$A8,'Source 2026'!$A:$A,"Quantity (units)") -> 0 | E8: =D8-C8 -> 3 | F8: =IF(AND(C8=0,D8=0),0,IF(C8=0,"New",(D8-C8)/C8)) -> -1 | G8: =SUMIFS('Source 2025'!$U:$U,'Source 2025'!$B:$B,$A8,'Source 2025'!$A:$A,"Amount (NIS)") -> -627.9 | H8: =SUMIFS('Source 2026'!$U:$U,'Source 2026'!$B:$B,$A8,'Source 2026'!$A:$A,"Amount (NIS)") -> 0 | I8: =H8-G8 -> 627.9 | J8: =IF(AND(G8=0,H8=0),0,IF(G8=0,"New",(H8-G8)/G8)) -> -1
A9: 26 | B9: =IFERROR(INDEX('Source 2026'!$C:$C,MATCH($A9,'Source 2026'!$B:$B,0)),IFERROR(INDEX('Source 2025'!$C:$C,MATCH($A9,'Source 2025'!$B:$B,0)),"")) -> L סד ליד דו צדדי לאחר שבר | C9: =SUMIFS('Source 2025'!$U:$U,'Source 2025'!$B:$B,$A9,'Source 2025'!$A:$A,"Quantity (units)") -> 0 | D9: =SUMIFS('Source 2026'!$U:$U,'Source 2026'!$B:$B,$A9,'Source 2026'!$A:$A,"Quantity (units)") -> -4 | E9: =D9-C9 -> -4 | F9: =IF(AND(C9=0,D9=0),0,IF(C9=0,"New",(D9-C9)/C9)) -> New | G9: =SUMIFS('Source 2025'!$U:$U,'Source 2025'!$B:$B,$A9,'Source 2025'!$A:$A,"Amount (NIS)") -> 0 | H9: =SUMIFS('Source 2026'!$U:$U,'Source 2026'!$B:$B,$A9,'Source 2026'!$A:$A,"Amount (NIS)") -> -549.7 | I9: =H9-G9 -> -549.7 | J9: =IF(AND(G9=0,H9=0),0,IF(G9=0,"New",(H9-G9)/G9)) -> New
A10: 95C | B10: =IFERROR(INDEX('Source 2026'!$C:$C,MATCH($A10,'Source 2026'!$B:$B,0)),IFERROR(INDEX('Source 2025'!$C:$C,MATCH($A10,'Source 2025'!$B:$B,0)),"")) -> M 'מגן מרפק בז | C10: =SUMIFS('Source 2025'!$U:$U,'Source 2025'!$B:$B,$A10,'Source 2025'!$A:$A,"Quantity (units)") -> 0 | D10: =SUMIFS('Source 2026'!$U:$U,'Source 2026'!$B:$B,$A10,'Source 2026'!$A:$A,"Quantity (units)") -> -12 | E10: =D10-C10 -> -12 | F10: =IF(AND(C10=0,D10=0),0,IF(C10=0,"New",(D10-C10)/C10)) -> New | G10: =SUMIFS('Source 2025'!$U:$U,'Source 2025'!$B:$B,$A10,'Source 2025'!$A:$A,"Amount (NIS)") -> 0 | H10: =SUMIFS('Source 2026'!$U:$U,'Source 2026'!$B:$B,$A10,'Source 2026'!$A:$A,"Amount (NIS)") -> -494.3 | I10: =H10-G10 -> -494.3 | J10: =IF(AND(G10=0,H10=0),0,IF(G10=0,"New",(H10-G10)/G10)) -> New
A11: 21 | B11: =IFERROR(INDEX('Source 2026'!$C:$C,MATCH($A11,'Source 2026'!$B:$B,0)),IFERROR(INDEX('Source 2025'!$C:$C,MATCH($A11,'Source 2025'!$B:$B,0)),"")) -> S חבק יד ארוך | C11: =SUMIFS('Source 2025'!$U:$U,'Source 2025'!$B:$B,$A11,'Source 2025'!$A:$A,"Quantity (units)") -> 0 | D11: =SUMIFS('Source 2026'!$U:$U,'Source 2026'!$B:$B,$A11,'Source 2026'!$A:$A,"Quantity (units)") -> -9 | E11: =D11-C11 -> -9 | F11: =IF(AND(C11=0,D11=0),0,IF(C11=0,"New",(D11-C11)/C11)) -> New | G11: =SUMIFS('Source 2025'!$U:$U,'Source 2025'!$B:$B,$A11,'Source 2025'!$A:$A,"Amount (NIS)") -> 0 | H11: =SUMIFS('Source 2026'!$U:$U,'Source 2026'!$B:$B,$A11,'Source 2026'!$A:$A,"Amount (NIS)") -> -477.6 | I11: =H11-G11 -> -477.6 | J11: =IF(AND(G11=0,H11=0),0,IF(G11=0,"New",(H11-G11)/G11)) -> New
A12: 079 | B12: =IFERROR(INDEX('Source 2026'!$C:$C,MATCH($A12,'Source 2026'!$B:$B,0)),IFERROR(INDEX('Source 2025'!$C:$C,MATCH($A12,'Source 2025'!$B:$B,0)),"")) -> S ח.גב סג. כפולה שחור+אדום | C12: =SUMIFS('Source 2025'!$U:$U,'Source 2025'!$B:$B,$A12,'Source 2025'!$A:$A,"Quantity (units)") -> -3 | D12: =SUMIFS('Source 2026'!$U:$U,'Source 2026'!$B:$B,$A12,'Source 2026'!$A:$A,"Quantity (units)") -> 0 | E12: =D12-C12 -> 3 | F12: =IF(AND(C12=0,D12=0),0,IF(C12=0,"New",(D12-C12)/C12)) -> -1 | G12: =SUMIFS('Source 2025'!$U:$U,'Source 2025'!$B:$B,$A12,'Source 2025'!$A:$A,"Amount (NIS)") -> -434.7 | H12: =SUMIFS('Source 2026'!$U:$U,'Source 2026'!$B:$B,$A12,'Source 2026'!$A:$A,"Amount (NIS)") -> 0 | I12: =H12-G12 -> 434.7 | J12: =IF(AND(G12=0,H12=0),0,IF(G12=0,"New",(H12-G12)/G12)) -> -1
A13: AC75 | B13: =IFERROR(INDEX('Source 2026'!$C:$C,MATCH($A13,'Source 2026'!$B:$B,0)),IFERROR(INDEX('Source 2025'!$C:$C,MATCH($A13,'Source 2025'!$B:$B,0)),"")) -> מישר כתפיים אקטיב | C13: =SUMIFS('Source 2025'!$U:$U,'Source 2025'!$B:$B,$A13,'Source 2025'!$A:$A,"Quantity (units)") -> 0 | D13: =SUMIFS('Source 2026'!$U:$U,'Source 2026'!$B:$B,$A13,'Source 2026'!$A:$A,"Quantity (units)") -> -3 | E13: =D13-C13 -> -3 | F13: =IF(AND(C13=0,D13=0),0,IF(C13=0,"New",(D13-C13)/C13)) -> New | G13: =SUMIFS('Source 2025'!$U:$U,'Source 2025'!$B:$B,$A13,'Source 2025'!$A:$A,"Amount (NIS)") -> 0 | H13: =SUMIFS('Source 2026'!$U:$U,'Source 2026'!$B:$B,$A13,'Source 2026'!$A:$A,"Amount (NIS)") -> -318.5 | I13: =H13-G13 -> -318.5 | J13: =IF(AND(G13=0,H13=0),0,IF(G13=0,"New",(H13-G13)/G13)) -> New
A14: 078G-M | B14: =IFERROR(INDEX('Source 2026'!$C:$C,MATCH($A14,'Source 2026'!$B:$B,0)),IFERROR(INDEX('Source 2025'!$C:$C,MATCH($A14,'Source 2025'!$B:$B,0)),"")) -> חגורת גב אפורה | C14: =SUMIFS('Source 2025'!$U:$U,'Source 2025'!$B:$B,$A14,'Source 2025'!$A:$A,"Quantity (units)") -> 0 | D14: =SUMIFS('Source 2026'!$U:$U,'Source 2026'!$B:$B,$A14,'Source 2026'!$A:$A,"Quantity (units)") -> -2 | E14: =D14-C14 -> -2 | F14: =IF(AND(C14=0,D14=0),0,IF(C14=0,"New",(D14-C14)/C14)) -> New | G14: =SUMIFS('Source 2025'!$U:$U,'Source 2025'!$B:$B,$A14,'Source 2025'!$A:$A,"Amount (NIS)") -> 0 | H14: =SUMIFS('Source 2026'!$U:$U,'Source 2026'!$B:$B,$A14,'Source 2026'!$A:$A,"Amount (NIS)") -> -312.4 | I14: =H14-G14 -> -312.4 | J14: =IF(AND(G14=0,H14=0),0,IF(G14=0,"New",(H14-G14)/G14)) -> New
A15: 078G-XLחגורת | B15: =IFERROR(INDEX('Source 2026'!$C:$C,MATCH($A15,'Source 2026'!$B:$B,0)),IFERROR(INDEX('Source 2025'!$C:$C,MATCH($A15,'Source 2025'!$B:$B,0)),"")) -> גב אפורה | C15: =SUMIFS('Source 2025'!$U:$U,'Source 2025'!$B:$B,$A15,'Source 2025'!$A:$A,"Quantity (units)") -> 0 | D15: =SUMIFS('Source 2026'!$U:$U,'Source 2026'!$B:$B,$A15,'Source 2026'!$A:$A,"Quantity (units)") -> -2 | E15: =D15-C15 -> -2 | F15: =IF(AND(C15=0,D15=0),0,IF(C15=0,"New",(D15-C15)/C15)) -> New | G15: =SUMIFS('Source 2025'!$U:$U,'Source 2025'!$B:$B,$A15,'Source 2025'!$A:$A,"Amount (NIS)") -> 0 | H15: =SUMIFS('Source 2026'!$U:$U,'Source 2026'!$B:$B,$A15,'Source 2026'!$A:$A,"Amount (NIS)") -> -312.4 | I15: =H15-G15 -> -312.4 | J15: =IF(AND(G15=0,H15=0),0,IF(G15=0,"New",(H15-G15)/G15)) -> New
A16: T28A | B16: =IFERROR(INDEX('Source 2026'!$C:$C,MATCH($A16,'Source 2026'!$B:$B,0)),IFERROR(INDEX('Source 2025'!$C:$C,MATCH($A16,'Source 2025'!$B:$B,0)),"")) -> S-M סד לאגודל | C16: =SUMIFS('Source 2025'!$U:$U,'Source 2025'!$B:$B,$A16,'Source 2025'!$A:$A,"Quantity (units)") -> 0 | D16: =SUMIFS('Source 2026'!$U:$U,'Source 2026'!$B:$B,$A16,'Source 2026'!$A:$A,"Quantity (units)") -> -3 | E16: =D16-C16 -> -3 | F16: =IF(AND(C16=0,D16=0),0,IF(C16=0,"New",(D16-C16)/C16)) -> New | G16: =SUMIFS('Source 2025'!$U:$U,'Source 2025'!$B:$B,$A16,'Source 2025'!$A:$A,"Amount (NIS)") -> 0 | H16: =SUMIFS('Source 2026'!$U:$U,'Source 2026'!$B:$B,$A16,'Source 2026'!$A:$A,"Amount (NIS)") -> -281 | I16: =H16-G16 -> -281 | J16: =IF(AND(G16=0,H16=0),0,IF(G16=0,"New",(H16-G16)/G16)) -> New
A17: 35C | B17: =IFERROR(INDEX('Source 2026'!$C:$C,MATCH($A17,'Source 2026'!$B:$B,0)),IFERROR(INDEX('Source 2025'!$C:$C,MATCH($A17,'Source 2025'!$B:$B,0)),"")) -> S מגן קרסול חום | C17: =SUMIFS('Source 2025'!$U:$U,'Source 2025'!$B:$B,$A17,'Source 2025'!$A:$A,"Quantity (units)") -> -2 | D17: =SUMIFS('Source 2026'!$U:$U,'Source 2026'!$B:$B,$A17,'Source 2026'!$A:$A,"Quantity (units)") -> -8 | E17: =D17-C17 -> -6 | F17: =IF(AND(C17=0,D17=0),0,IF(C17=0,"New",(D17-C17)/C17)) -> 3 | G17: =SUMIFS('Source 2025'!$U:$U,'Source 2025'!$B:$B,$A17,'Source 2025'!$A:$A,"Amount (NIS)") -> -82.4 | H17: =SUMIFS('Source 2026'!$U:$U,'Source 2026'!$B:$B,$A17,'Source 2026'!$A:$A,"Amount (NIS)") -> -329.6 | I17: =H17-G17 -> -247.2 | J17: =IF(AND(G17=0,H17=0),0,IF(G17=0,"New",(H17-G17)/G17)) -> 3
... A44: 75 | B44: =IFERROR(INDEX('Source 2026'!$C:$C,MATCH($A44,'Source 2026'!$B:$B,0)),IFERROR(INDEX('Source 2025'!$C:$C,MATCH($A44,'Source 2025'!$B:$B,0)),"")) -> Sמיישר כתף יציב יישור גב צר | C44: =SUMIFS('Source 2025'!$U:$U,'Source 2025'!$B:$B,$A44,'Source 2025'!$A:$A,"Quantity (units)") -> -1 | D44: =SUMIFS('Source 2026'!$U:$U,'Source 2026'!$B:$B,$A44,'Source 2026'!$A:$A,"Quantity (units)") -> -1 | E44: =D44-C44 -> 0 | F44: =IF(AND(C44=0,D44=0),0,IF(C44=0,"New",(D44-C44)/C44)) -> 0 | G44: =SUMIFS('Source 2025'!$U:$U,'Source 2025'!$B:$B,$A44,'Source 2025'!$A:$A,"Amount (NIS)") -> -218.7 | H44: =SUMIFS('Source 2026'!$U:$U,'Source 2026'!$B:$B,$A44,'Source 2026'!$A:$A,"Amount (NIS)") -> -218.7 | I44: =H44-G44 -> 0 | J44: =IF(AND(G44=0,H44=0),0,IF(G44=0,"New",(H44-G44)/G44)) -> 0
B46: TOTAL | C46: =SUM(C6:C44) -> -39 | D46: =SUM(D6:D44) -> -128 | E46: =SUM(E6:E44) -> -89 | F46: =IF(C46=0,"N/A",E46/C46) -> 2.2820513 | G46: =SUM(G6:G44) -> -3696.5 | H46: =SUM(H6:H44) -> -7567.7 | I46: =SUM(I6:I44) -> -3871.2 | J46: =IF(G46=0,"N/A",I46/G46) -> 1.0472609

Sheet Source 2025
A1: נתוני מקור גולמיים - 2025 - כל 18 עמודות הלקוח (מתוך דוח PPlay1 of uriel, Reporter), ללא שינוי לשורות/ערכים עצמם - רק עמודה A (ריקה) ועמודה C המקורית (תווית "Customers") הושמטו
A2: Block | B2: CODE | C2: Item description (raw) | D2: 0בתי טבע | E2: 0בתי טבע רשתות | F2: 0בתי מרקחת | G2: 0כללי | H2: 0מפיצי משנה | I2: 0פארמים | J2: BE | K2: אילת BE | L2: אילת זיכויי BE | M2: גוד פארם | N2: גוד פארם מרכז | O2: הפרכל הפרפארם | P2: זיכויים BE | Q2: סופרפארם | R2: שופרסל BE | S2: 0צרכנים פרטיים | T2: 0קופות חולים | U2: 0שונות
A3: Amount (NIS) | B3: 369 | C3: S-L אצבעון מסיליקון יחידה | D3: 0 | E3: 0 | F3: 7481.9 | G3: 0 | H3: 0 | I3: 25066.4 | J3: 0 | K3: 264.2 | L3: 0 | M3: 0 | N3: -23.6 | O3: 0 | P3: -172 | Q3: 22376.6 | R3: 2621.3 | S3: 0 | T3: 0 | U3: 0
A4: Amount (NIS) | B4: 369 | C4: XL אצבעון מסיליקון יחידה | D4: 0 | E4: 0 | F4: 10290.8 | G4: 0 | H4: 0 | I4: 29622.5 | J4: 0 | K4: 109.2 | L4: 0 | M4: 0 | N4: -26 | O4: 49.1 | P4: -302.8 | Q4: 25972.9 | R4: 3820.2 | S4: 0 | T4: 0 | U4: 0
A5: Amount (NIS) | B5: PD | C5: 344-אבן טבעית להסרת עור קשה | D5: 0 | E5: 0 | F5: 2239.4 | G5: 0 | H5: 0 | I5: 843.4 | J5: 0 | K5: 57.8 | L5: 0 | M5: 0 | N5: -8.5 | O5: 101 | P5: -14.4 | Q5: 0 | R5: 707.6 | S5: 0 | T5: 0 | U5: 0
A6: Amount (NIS) | B6: 805AT-Cאתלטיק | C6: טייפ בז' 20מ""מ20 | D6: 0 | E6: 0 | F6: 1089.5 | G6: 0 | H6: 0 | I6: 0 | J6: 0 | K6: 0 | L6: 0 | M6: 0 | N6: 0 | O6: 0 | P6: 0 | Q6: 0 | R6: 0 | S6: 0 | T6: 0 | U6: 0
A7: Amount (NIS) | B7: 805AT-B | C7: אתלטיק טייפ שחור 20מ""מ | D7: 0 | E7: 0 | F7: 318.7 | G7: 0 | H7: 0 | I7: 0 | J7: 0 | K7: 0 | L7: 0 | M7: 0 | N7: 0 | O7: 0 | P7: 0 | Q7: 0 | R7: 0 | S7: 0 | T7: 0 | U7: 0
A8: Amount (NIS) | B8: 805AT-BLאתלטיק | C8: טייפ כחול 20מ""מ | D8: 0 | E8: 0 | F8: 301.4 | G8: 0 | H8: 0 | I8: 0 | J8: 0 | K8: 0 | L8: 0 | M8: 0 | N8: 0 | O8: 0 | P8: 0 | Q8: 0 | R8: 0 | S8: 0 | T8: 0 | U8: 0
A9: Amount (NIS) | B9: 805AT-W | C9: אתלטיק טייפ לבן 20מ""מ | D9: 0 | E9: 0 | F9: 719.1 | G9: 0 | H9: 0 | I9: 0 | J9: 0 | K9: 0 | L9: 0 | M9: 0 | N9: 0 | O9: 0 | P9: 0 | Q9: 0 | R9: 0 | S9: 0 | T9: 0 | U9: 0
A10: Amount (NIS) | B10: 363 | C10: בננה לתמיכת אצבעות ז.כרית | D10: 0 | E10: 0 | F10: 3246.9 | G10: 0 | H10: 0 | I10: 5544.2 | J10: 0 | K10: 165.1 | L10: 0 | M10: 0 | N10: -26 | O10: 0 | P10: -94.3 | Q10: 4320.4 | R10: 1179 | S10: 0 | T10: 0 | U10: 0
A11: Amount (NIS) | B11: 320 | C11: בליסטר פלסטר | D11: 0 | E11: 0 | F11: 5509.9 | G11: 0 | H11: 708.9 | I11: 36835 | J11: 0 | K11: 383.4 | L11: -19.2 | M11: 58.9 | N11: 10.9 | O11: 0 | P11: -95.9 | Q11: 33927.9 | R11: 2568.9 | S11: 0 | T11: 0 | U11: 0
A12: Amount (NIS) | B12: 390B | C12: גרב.כסף לסכרתים שחור35-38 | D12: 0 | E12: 0 | F12: 614.1 | G12: 0 | H12: 0 | I12: 882.1 | J12: 0 | K12: 0 | L12: 0 | M12: 0 | N12: 0 | O12: 0 | P12: -62.9 | Q12: 882.1 | R12: 62.9 | S12: 0 | T12: 0 | U12: 0
A13: Amount (NIS) | B13: 390B | C13: 39-42.גרב.כסף לסכרתיים שח | D13: 0 | E13: 0 | F13: 1277.4 | G13: 0 | H13: 0 | I13: 2619.5 | J13: 0 | K13: 0 | L13: 0 | M13: 0 | N13: 0 | O13: 0 | P13: 0 | Q13: 2179.1 | R13: 440.4 | S13: 0 | T13: 0 | U13: 0
A14: Amount (NIS) | B14: 390B | C14: 43-46.גרב.כסף לסכרתיים שח | D14: 0 | E14: 0 | F14: 2296 | G14: 0 | H14: 0 | I14: 3357.9 | J14: 0 | K14: 157.3 | L14: 0 | M14: 0 | N14: 0 | O14: 0 | P14: -94.4 | Q14: 2791.6 | R14: 503.4 | S14: 0 | T14: 0 | U14: 0
... A1181: Quantity (units) | B1181: SH422 | C1181: 5 תומך ברך גנושילד | D1181: 0 | E1181: 0 | F1181: 6 | G1181: 0 | H1181: 0 | I1181: 0 | J1181: 0 | K1181: 0 | L1181: 0 | M1181: 0 | N1181: 0 | O1181: 0 | P1181: 0 | Q1181: 0 | R1181: 0 | S1181: 0 | T1181: 0 | U1181: 0

Sheet Source 2026
A1: נתוני מקור גולמיים - 2026 - כל 18 עמודות הלקוח (מתוך דוח PPlay1 of uriel, Reporter), ללא שינוי לשורות/ערכים עצמם - רק עמודה A (ריקה) ועמודה C המקורית (תווית "Customers") הושמטו
A2: Block | B2: CODE | C2: Item description (raw) | D2: 0בתי טבע | E2: 0בתי טבע רשתות | F2: 0בתי מרקחת | G2: 0כללי | H2: 0מפיצי משנה | I2: 0פארמים | J2: BE | K2: אילת BE | L2: אילת זיכויי BE | M2: גוד פארם | N2: גוד פארם מרכז | O2: הפרכל הפרפארם | P2: זיכויים BE | Q2: סופרפארם | R2: שופרסל BE | S2: 0צרכנים פרטיים | T2: 0קופות חולים | U2: 0שונות
A3: Amount (NIS) | B3: 369 | C3: S-L אצבעון מסיליקון יחידה | D3: 0 | E3: 0 | F3: 5489.3 | G3: 0 | H3: 20.7 | I3: 18346.8 | J3: 0 | K3: 162.6 | L3: 0 | M3: 0 | N3: 143.1 | O3: 0 | P3: -20.3 | Q3: 16354.5 | R3: 1706.9 | S3: 0 | T3: 870.8 | U3: 0
A4: Amount (NIS) | B4: 369 | C4: XL אצבעון מסיליקון יחידה | D4: 0 | E4: 0 | F4: 6889.9 | G4: 0 | H4: 0 | I4: 20591.7 | J4: 0 | K4: 327.5 | L4: 0 | M4: 0 | N4: 288.2 | O4: 0 | P4: -43.7 | Q4: 18338.8 | R4: 1680.9 | S4: 0 | T4: 1492.4 | U4: 0
A5: Amount (NIS) | B5: PD | C5: 344-אבן טבעית להסרת עור קשה | D5: 0 | E5: 0 | F5: 1552 | G5: 0 | H5: 0 | I5: 1181.8 | J5: 0 | K5: 36.1 | L5: 0 | M5: 0 | N5: 26.6 | O5: 43.3 | P5: -14.4 | Q5: 0 | R5: 1090.2 | S5: 0 | T5: 771.2 | U5: 0
A6: Amount (NIS) | B6: 805AT-Cאתלטיק | C6: טייפ בז' 20מ""מ20 | D6: 0 | E6: 0 | F6: 788.6 | G6: 0 | H6: 0 | I6: 0 | J6: 0 | K6: 0 | L6: 0 | M6: 0 | N6: 0 | O6: 0 | P6: 0 | Q6: 0 | R6: 0 | S6: 0 | T6: 0 | U6: 0
A7: Amount (NIS) | B7: 805AT-B | C7: אתלטיק טייפ שחור 20מ""מ | D7: 0 | E7: 0 | F7: 358.6 | G7: 0 | H7: 0 | I7: 0 | J7: 0 | K7: 0 | L7: 0 | M7: 0 | N7: 0 | O7: 0 | P7: 0 | Q7: 0 | R7: 0 | S7: 0 | T7: 0 | U7: 0
A8: Amount (NIS) | B8: 805AT-BLאתלטיק | C8: טייפ כחול 20מ""מ | D8: 0 | E8: 0 | F8: 319.4 | G8: 0 | H8: 0 | I8: 0 | J8: 0 | K8: 0 | L8: 0 | M8: 0 | N8: 0 | O8: 0 | P8: 0 | Q8: 0 | R8: 0 | S8: 0 | T8: 0 | U8: 0
A9: Amount (NIS) | B9: 805AT-W | C9: אתלטיק טייפ לבן 20מ""מ | D9: 0 | E9: 0 | F9: 665.2 | G9: 0 | H9: 0 | I9: 0 | J9: 0 | K9: 0 | L9: 0 | M9: 0 | N9: 0 | O9: 0 | P9: 0 | Q9: 0 | R9: 0 | S9: 0 | T9: 0 | U9: 0
A10: Amount (NIS) | B10: 363 | C10: בננה לתמיכת אצבעות ז.כרית | D10: 0 | E10: 0 | F10: 2749.1 | G10: 0 | H10: 0 | I10: 2790.2 | J10: 0 | K10: 47.2 | L10: 0 | M10: 0 | N10: 0 | O10: 0 | P10: -47.2 | Q10: 2224.3 | R10: 565.9 | S10: 0 | T10: 668 | U10: 0
A11: Amount (NIS) | B11: 320 | C11: בליסטר פלסטר | D11: 0 | E11: 0 | F11: 3827.3 | G11: 0 | H11: 51.1 | I11: 24943.6 | J11: 0 | K11: 191.7 | L11: 0 | M11: 157.1 | N11: 117.8 | O11: 0 | P11: -57.5 | Q11: 23901.8 | R11: 632.6 | S11: 0 | T11: 939.1 | U11: -78.6
A12: Amount (NIS) | B12: S-XLST422 | C12: מגן ברך+כרית ג'ל | D12: 0 | E12: 0 | F12: 0 | G12: 0 | H12: 0 | I12: 0 | J12: 0 | K12: 0 | L12: 0 | M12: 0 | N12: 0 | O12: 0 | P12: 0 | Q12: 0 | R12: 0 | S12: 0 | T12: 2875.6 | U12: 0
A13: Amount (NIS) | B13: 390B | C13: גרב.כסף לסכרתים שחור35-38 | D13: 0 | E13: 0 | F13: 360.4 | G13: 0 | H13: 0 | I13: 337.1 | J13: 0 | K13: 0 | L13: 0 | M13: 0 | N13: 0 | O13: 0 | P13: -31.5 | Q13: 211.3 | R13: 157.3 | S13: 0 | T13: 41.3 | U13: 0
A14: Amount (NIS) | B14: 390B | C14: 39-42.גרב.כסף לסכרתיים שח | D14: 0 | E14: 0 | F14: 507.9 | G14: 0 | H14: 0 | I14: 891.5 | J14: 0 | K14: 0 | L14: 0 | M14: 0 | N14: 0 | O14: 0 | P14: -62.9 | Q14: 828.6 | R14: 125.8 | S14: 0 | T14: 112.1 | U14: 0
... A1108: Quantity (units) | B1108: SH422 | C1108: 6 תומך ברך גנושילד | D1108: 0 | E1108: 0 | F1108: 12 | G1108: 0 | H1108: 0 | I1108: 14 | J1108: 0 | K1108: 0 | L1108: 0 | M1108: 0 | N1108: 0 | O1108: 0 | P1108: 0 | Q1108: 14 | R1108: 0 | S1108: 0 | T1108: 17 | U1108: 0
