Workbook

Sheet Index
A1: Sales Comparison 2025 vs 2026 - by Customer (NetSuite "1-Sales: Customer by Item")
A2: Calculation date: | B2: 46284
A3: Same 18-column format as Index in 2026-09-19-grouped-2025-vs-2026.xlsx (no annualized columns here - annualization lives inside each customer sheet only). "# Raw categories" is not meaningful for a single NetSuite customer - shown as N/A. Excludes Chemipal (150000, largest customer, explicitly out of scope per the user) and "- No Customer/Project -" (not a real customer).
A5: Group | B5: Sheet | C5: # Raw categories | D5: # Product Codes | E5: # Product Codes 2025 | F5: # Product Codes 2026 | G5: # DROP (sold 2025, 0 in 2026) | H5: # NEW (sold 2026, 0 in 2025) | I5: DROP — Quantity 2025 | J5: DROP — Amount 2025 (₪) | K5: NEW — Quantity 2026 | L5: NEW — Amount 2026 (₪) | M5: Quantity 2025 | N5: Quantity 2026 | O5: Qty Change % | P5: Amount 2025 (₪) | Q5: Amount 2026 (₪) | R5: Amount Change %
A6: 152501 קופ"ח כללית 1203-9 | B6: קופת חולים כללית | C6: N/A | D6: =COUNTA('קופת חולים כללית'!$A$9:$A$41) -> 33 | E6: =SUMPRODUCT(--(('קופת חולים כללית'!$C$9:$C$41<>0)+('קופת חולים כללית'!$H$9:$H$41<>0)>0)) -> 32 | F6: =SUMPRODUCT(--(('קופת חולים כללית'!$D$9:$D$41<>0)+('קופת חולים כללית'!$I$9:$I$41<>0)>0)) -> 32 | G6: ='קופת חולים כללית'!B5 -> 1 | H6: ='קופת חולים כללית'!D5 -> 1 | I6: ='קופת חולים כללית'!B6 -> -1 | J6: ='קופת חולים כללית'!D6 -> -62.43 | K6: ='קופת חולים כללית'!F6 -> -2 | L6: ='קופת חולים כללית'!H6 -> -1176 | M6: ='קופת חולים כללית'!C43 -> 152395 | N6: ='קופת חולים כללית'!D43 -> 110137 | O6: =IF('קופת חולים כללית'!C43=0,"N/A",('קופת חולים כללית'!D43-'קופת חולים כללית'!C43)/'קופת חולים כללית'!C43) -> -0.27729256 | P6: ='קופת חולים כללית'!H43 -> 3809616.4 | Q6: ='קופת חולים כללית'!I43 -> 2569653 | R6: =IF('קופת חולים כללית'!H43=0,"N/A",('קופת חולים כללית'!I43-'קופת חולים כללית'!H43)/'קופת חולים כללית'!H43) -> -0.32548247
A7: 155138 לקוח אינטרנט | B7: 155138 לקוח אינטרנט | C7: N/A | D7: =COUNTA('155138 לקוח אינטרנט'!$A$9:$A$728) -> 720 | E7: =SUMPRODUCT(--(('155138 לקוח אינטרנט'!$C$9:$C$728<>0)+('155138 לקוח אינטרנט'!$H$9:$H$728<>0)>0)) -> 618 | F7: =SUMPRODUCT(--(('155138 לקוח אינטרנט'!$D$9:$D$728<>0)+('155138 לקוח אינטרנט'!$I$9:$I$728<>0)>0)) -> 632 | G7: ='155138 לקוח אינטרנט'!B5 -> 88 | H7: ='155138 לקוח אינטרנט'!D5 -> 102 | I7: ='155138 לקוח אינטרנט'!B6 -> 580 | J7: ='155138 לקוח אינטרנט'!D6 -> 69822.79 | K7: ='155138 לקוח אינטרנט'!F6 -> 2375 | L7: ='155138 לקוח אינטרנט'!H6 -> 147591.2 | M7: ='155138 לקוח אינטרנט'!C730 -> 20444 | N7: ='155138 לקוח אינטרנט'!D730 -> 28580 | O7: =IF('155138 לקוח אינטרנט'!C730=0,"N/A",('155138 לקוח אינטרנט'!D730-'155138 לקוח אינטרנט'!C730)/'155138 לקוח אינטרנט'!C730) -> 0.39796517 | P7: ='155138 לקוח אינטרנט'!H730 -> 1655344.3 | Q7: ='155138 לקוח אינטרנט'!I730 -> 3196334.6 | R7: =IF('155138 לקוח אינטרנט'!H730=0,"N/A",('155138 לקוח אינטרנט'!I730-'155138 לקוח אינטרנט'!H730)/'155138 לקוח אינטרנט'!H730) -> 0.93091833
A8: 160251 AMAZON | B8: 160251 AMAZON | C8: N/A | D8: =COUNTA('160251 AMAZON'!$A$9:$A$87) -> 79 | E8: =SUMPRODUCT(--(('160251 AMAZON'!$C$9:$C$87<>0)+('160251 AMAZON'!$H$9:$H$87<>0)>0)) -> 73 | F8: =SUMPRODUCT(--(('160251 AMAZON'!$D$9:$D$87<>0)+('160251 AMAZON'!$I$9:$I$87<>0)>0)) -> 62 | G8: ='160251 AMAZON'!B5 -> 17 | H8: ='160251 AMAZON'!D5 -> 6 | I8: ='160251 AMAZON'!B6 -> 448 | J8: ='160251 AMAZON'!D6 -> 94856.4 | K8: ='160251 AMAZON'!F6 -> 47 | L8: ='160251 AMAZON'!H6 -> 3274.06 | M8: ='160251 AMAZON'!C89 -> 27158 | N8: ='160251 AMAZON'!D89 -> 18808 | O8: =IF('160251 AMAZON'!C89=0,"N/A",('160251 AMAZON'!D89-'160251 AMAZON'!C89)/'160251 AMAZON'!C89) -> -0.30746005 | P8: ='160251 AMAZON'!H89 -> 2705391.2 | Q8: ='160251 AMAZON'!I89 -> 1632890.8 | R8: =IF('160251 AMAZON'!H89=0,"N/A",('160251 AMAZON'!I89-'160251 AMAZON'!H89)/'160251 AMAZON'!H89) -> -0.3964308
A9: 150390 סופר פארם ישראל | B9: 150390 סופר פארם ישראל | C9: N/A | D9: =COUNTA('150390 סופר פארם ישראל'!$A$9:$A$29) -> 21 | E9: =SUMPRODUCT(--(('150390 סופר פארם ישראל'!$C$9:$C$29<>0)+('150390 סופר פארם ישראל'!$H$9:$H$29<>0)>0)) -> 21 | F9: =SUMPRODUCT(--(('150390 סופר פארם ישראל'!$D$9:$D$29<>0)+('150390 סופר פארם ישראל'!$I$9:$I$29<>0)>0)) -> 20 | G9: ='150390 סופר פארם ישראל'!B5 -> 1 | H9: ='150390 סופר פארם ישראל'!D5 -> 0 | I9: ='150390 סופר פארם ישראל'!B6 -> 0 | J9: ='150390 סופר פארם ישראל'!D6 -> 7427.59 | K9: ='150390 סופר פארם ישראל'!F6 -> 0 | L9: ='150390 סופר פארם ישראל'!H6 -> 0 | M9: ='150390 סופר פארם ישראל'!C31 -> 118392 | N9: ='150390 סופר פארם ישראל'!D31 -> 62455 | O9: =IF('150390 סופר פארם ישראל'!C31=0,"N/A",('150390 סופר פארם ישראל'!D31-'150390 סופר פארם ישראל'!C31)/'150390 סופר פארם ישראל'!C31) -> -0.4724728 | P9: ='150390 סופר פארם ישראל'!H31 -> 1708656.9 | Q9: ='150390 סופר פארם ישראל'!I31 -> 1113833.9 | R9: =IF('150390 סופר פארם ישראל'!H31=0,"N/A",('150390 סופר פארם ישראל'!I31-'150390 סופר פארם ישראל'!H31)/'150390 סופר פארם ישראל'!H31) -> -0.34812315
A10: 160134 SUPER-PHARM HOLDING. SP.ZO.O | B10: 160134 SUPER-PHARM HOLDING. SP | C10: N/A | D10: =COUNTA('160134 SUPER-PHARM HOLDING. SP'!$A$9:$A$143) -> 135 | E10: =SUMPRODUCT(--(('160134 SUPER-PHARM HOLDING. SP'!$C$9:$C$143<>0)+('160134 SUPER-PHARM HOLDING. SP'!$H$9:$H$143<>0)>0)) -> 130 | F10: =SUMPRODUCT(--(('160134 SUPER-PHARM HOLDING. SP'!$D$9:$D$143<>0)+('160134 SUPER-PHARM HOLDING. SP'!$I$9:$I$143<>0)>0)) -> 123 | G10: ='160134 SUPER-PHARM HOLDING. SP'!B5 -> 12 | H10: ='160134 SUPER-PHARM HOLDING. SP'!D5 -> 5 | I10: ='160134 SUPER-PHARM HOLDING. SP'!B6 -> 3550 | J10: ='160134 SUPER-PHARM HOLDING. SP'!D6 -> 92320.46 | K10: ='160134 SUPER-PHARM HOLDING. SP'!F6 -> 250 | L10: ='160134 SUPER-PHARM HOLDING. SP'!H6 -> 11540.57 | M10: ='160134 SUPER-PHARM HOLDING. SP'!C145 -> 48363 | N10: ='160134 SUPER-PHARM HOLDING. SP'!D145 -> 28188 | O10: =IF('160134 SUPER-PHARM HOLDING. SP'!C145=0,"N/A",('160134 SUPER-PHARM HOLDING. SP'!D145-'160134 SUPER-PHARM HOLDING. SP'!C145)/'160134 SUPER-PHARM HOLDING. SP'!C145) -> -0.41715774 | P10: ='160134 SUPER-PHARM HOLDING. SP'!H145 -> 902537.64 | Q10: ='160134 SUPER-PHARM HOLDING. SP'!I145 -> 474182.59 | R10: =IF('160134 SUPER-PHARM HOLDING. SP'!H145=0,"N/A",('160134 SUPER-PHARM HOLDING. SP'!I145-'160134 SUPER-PHARM HOLDING. SP'!H145)/'160134 SUPER-PHARM HOLDING. SP'!H145) -> -0.47461184
A11: 160351 ORTHO- PARTNER AG. | B11: 160351 ORTHO- PARTNER AG. | C11: N/A | D11: =COUNTA('160351 ORTHO- PARTNER AG.'!$A$9:$A$119) -> 111 | E11: =SUMPRODUCT(--(('160351 ORTHO- PARTNER AG.'!$C$9:$C$119<>0)+('160351 ORTHO- PARTNER AG.'!$H$9:$H$119<>0)>0)) -> 99 | F11: =SUMPRODUCT(--(('160351 ORTHO- PARTNER AG.'!$D$9:$D$119<>0)+('160351 ORTHO- PARTNER AG.'!$I$9:$I$119<>0)>0)) -> 78 | G11: ='160351 ORTHO- PARTNER AG.'!B5 -> 33 | H11: ='160351 ORTHO- PARTNER AG.'!D5 -> 12 | I11: ='160351 ORTHO- PARTNER AG.'!B6 -> 563 | J11: ='160351 ORTHO- PARTNER AG.'!D6 -> 21452.36 | K11: ='160351 ORTHO- PARTNER AG.'!F6 -> 131 | L11: ='160351 ORTHO- PARTNER AG.'!H6 -> 4054.38 | M11: ='160351 ORTHO- PARTNER AG.'!C121 -> 6959 | N11: ='160351 ORTHO- PARTNER AG.'!D121 -> 6740 | O11: =IF('160351 ORTHO- PARTNER AG.'!C121=0,"N/A",('160351 ORTHO- PARTNER AG.'!D121-'160351 ORTHO- PARTNER AG.'!C121)/'160351 ORTHO- PARTNER AG.'!C121) -> -0.031470039 | P11: ='160351 ORTHO- PARTNER AG.'!H121 -> 405920.85 | Q11: ='160351 ORTHO- PARTNER AG.'!I121 -> 344263.09 | R11: =IF('160351 ORTHO- PARTNER AG.'!H121=0,"N/A",('160351 ORTHO- PARTNER AG.'!I121-'160351 ORTHO- PARTNER AG.'!H121)/'160351 ORTHO- PARTNER AG.'!H121) -> -0.15189602
A12: 160955 ORTOPROFIL PROD. ROMANIA | B12: 160955 ORTOPROFIL PROD. ROMANIA | C12: N/A | D12: =COUNTA('160955 ORTOPROFIL PROD. ROMANIA'!$A$9:$A$99) -> 91 | E12: =SUMPRODUCT(--(('160955 ORTOPROFIL PROD. ROMANIA'!$C$9:$C$99<>0)+('160955 ORTOPROFIL PROD. ROMANIA'!$H$9:$H$99<>0)>0)) -> 83 | F12: =SUMPRODUCT(--(('160955 ORTOPROFIL PROD. ROMANIA'!$D$9:$D$99<>0)+('160955 ORTOPROFIL PROD. ROMANIA'!$I$9:$I$99<>0)>0)) -> 74 | G12: ='160955 ORTOPROFIL PROD. ROMANIA'!B5 -> 17 | H12: ='160955 ORTOPROFIL PROD. ROMANIA'!D5 -> 8 | I12: ='160955 ORTOPROFIL PROD. ROMANIA'!B6 -> 184 | J12: ='160955 ORTOPROFIL PROD. ROMANIA'!D6 -> 2098.73 | K12: ='160955 ORTOPROFIL PROD. ROMANIA'!F6 -> 147 | L12: ='160955 ORTOPROFIL PROD. ROMANIA'!H6 -> 6167.14 | M12: ='160955 ORTOPROFIL PROD. ROMANIA'!C101 -> 13479 | N12: ='160955 ORTOPROFIL PROD. ROMANIA'!D101 -> 9703 | O12: =IF('160955 ORTOPROFIL PROD. ROMANIA'!C101=0,"N/A",('160955 ORTOPROFIL PROD. ROMANIA'!D101-'160955 ORTOPROFIL PROD. ROMANIA'!C101)/'160955 ORTOPROFIL PROD. ROMANIA'!C101) -> -0.28013948 | P12: ='160955 ORTOPROFIL PROD. ROMANIA'!H101 -> 407234.61 | Q12: ='160955 ORTOPROFIL PROD. ROMANIA'!I101 -> 300835.19 | R12: =IF('160955 ORTOPROFIL PROD. ROMANIA'!H101=0,"N/A",('160955 ORTOPROFIL PROD. ROMANIA'!I101-'160955 ORTOPROFIL PROD. ROMANIA'!H101)/'160955 ORTOPROFIL PROD. ROMANIA'!H101) -> -0.26127303
A13: C02266 SANAFLEX L.P | B13: C02266 SANAFLEX L.P | C13: N/A | D13: =COUNTA('C02266 SANAFLEX L.P'!$A$9:$A$212) -> 204 | E13: =SUMPRODUCT(--(('C02266 SANAFLEX L.P'!$C$9:$C$212<>0)+('C02266 SANAFLEX L.P'!$H$9:$H$212<>0)>0)) -> 185 | F13: =SUMPRODUCT(--(('C02266 SANAFLEX L.P'!$D$9:$D$212<>0)+('C02266 SANAFLEX L.P'!$I$9:$I$212<>0)>0)) -> 173 | G13: ='C02266 SANAFLEX L.P'!B5 -> 31 | H13: ='C02266 SANAFLEX L.P'!D5 -> 19 | I13: ='C02266 SANAFLEX L.P'!B6 -> 347 | J13: ='C02266 SANAFLEX L.P'!D6 -> 10736.31 | K13: ='C02266 SANAFLEX L.P'!F6 -> 154 | L13: ='C02266 SANAFLEX L.P'!H6 -> 3246.9 | M13: ='C02266 SANAFLEX L.P'!C214 -> 20757 | N13: ='C02266 SANAFLEX L.P'!D214 -> 18128 | O13: =IF('C02266 SANAFLEX L.P'!C214=0,"N/A",('C02266 SANAFLEX L.P'!D214-'C02266 SANAFLEX L.P'!C214)/'C02266 SANAFLEX L.P'!C214) -> -0.12665607 | P13: ='C02266 SANAFLEX L.P'!H214 -> 395351.38 | Q13: ='C02266 SANAFLEX L.P'!I214 -> 307055.17 | R13: =IF('C02266 SANAFLEX L.P'!H214=0,"N/A",('C02266 SANAFLEX L.P'!I214-'C02266 SANAFLEX L.P'!H214)/'C02266 SANAFLEX L.P'!H214) -> -0.22333604
A14: 160920 SALUS | B14: 160920 SALUS | C14: N/A | D14: =COUNTA('160920 SALUS'!$A$9:$A$225) -> 217 | E14: =SUMPRODUCT(--(('160920 SALUS'!$C$9:$C$225<>0)+('160920 SALUS'!$H$9:$H$225<>0)>0)) -> 195 | F14: =SUMPRODUCT(--(('160920 SALUS'!$D$9:$D$225<>0)+('160920 SALUS'!$I$9:$I$225<>0)>0)) -> 151 | G14: ='160920 SALUS'!B5 -> 66 | H14: ='160920 SALUS'!D5 -> 22 | I14: ='160920 SALUS'!B6 -> 797 | J14: ='160920 SALUS'!D6 -> 28651.54 | K14: ='160920 SALUS'!F6 -> 991 | L14: ='160920 SALUS'!H6 -> 14625 | M14: ='160920 SALUS'!C227 -> 18268 | N14: ='160920 SALUS'!D227 -> 20601 | O14: =IF('160920 SALUS'!C227=0,"N/A",('160920 SALUS'!D227-'160920 SALUS'!C227)/'160920 SALUS'!C227) -> 0.12770966 | P14: ='160920 SALUS'!H227 -> 319558.55 | Q14: ='160920 SALUS'!I227 -> 365555.25 | R14: =IF('160920 SALUS'!H227=0,"N/A",('160920 SALUS'!I227-'160920 SALUS'!H227)/'160920 SALUS'!H227) -> 0.14393825
A15: 160951 MEDIPAL COMPANY | B15: 160951 MEDIPAL COMPANY | C15: N/A | D15: =COUNTA('160951 MEDIPAL COMPANY'!$A$9:$A$98) -> 90 | E15: =SUMPRODUCT(--(('160951 MEDIPAL COMPANY'!$C$9:$C$98<>0)+('160951 MEDIPAL COMPANY'!$H$9:$H$98<>0)>0)) -> 90 | F15: =SUMPRODUCT(--(('160951 MEDIPAL COMPANY'!$D$9:$D$98<>0)+('160951 MEDIPAL COMPANY'!$I$9:$I$98<>0)>0)) -> 0 | G15: ='160951 MEDIPAL COMPANY'!B5 -> 90 | H15: ='160951 MEDIPAL COMPANY'!D5 -> 0 | I15: ='160951 MEDIPAL COMPANY'!B6 -> 6687 | J15: ='160951 MEDIPAL COMPANY'!D6 -> 256772.1 | K15: ='160951 MEDIPAL COMPANY'!F6 -> 0 | L15: ='160951 MEDIPAL COMPANY'!H6 -> 0 | M15: ='160951 MEDIPAL COMPANY'!C100 -> 6687 | N15: ='160951 MEDIPAL COMPANY'!D100 -> 0 | O15: =IF('160951 MEDIPAL COMPANY'!C100=0,"N/A",('160951 MEDIPAL COMPANY'!D100-'160951 MEDIPAL COMPANY'!C100)/'160951 MEDIPAL COMPANY'!C100) -> -1 | P15: ='160951 MEDIPAL COMPANY'!H100 -> 256772.1 | Q15: ='160951 MEDIPAL COMPANY'!I100 -> 0 | R15: =IF('160951 MEDIPAL COMPANY'!H100=0,"N/A",('160951 MEDIPAL COMPANY'!I100-'160951 MEDIPAL COMPANY'!H100)/'160951 MEDIPAL COMPANY'!H100) -> -1
A16: 160226 HEALTH CARE PROD. GMBH | B16: 160226 HEALTH CARE PROD. GMBH | C16: N/A | D16: =COUNTA('160226 HEALTH CARE PROD. GMBH'!$A$9:$A$45) -> 37 | E16: =SUMPRODUCT(--(('160226 HEALTH CARE PROD. GMBH'!$C$9:$C$45<>0)+('160226 HEALTH CARE PROD. GMBH'!$H$9:$H$45<>0)>0)) -> 37 | F16: =SUMPRODUCT(--(('160226 HEALTH CARE PROD. GMBH'!$D$9:$D$45<>0)+('160226 HEALTH CARE PROD. GMBH'!$I$9:$I$45<>0)>0)) -> 23 | G16: ='160226 HEALTH CARE PROD. GMBH'!B5 -> 14 | H16: ='160226 HEALTH CARE PROD. GMBH'!D5 -> 0 | I16: ='160226 HEALTH CARE PROD. GMBH'!B6 -> 653 | J16: ='160226 HEALTH CARE PROD. GMBH'!D6 -> 14501.3 | K16: ='160226 HEALTH CARE PROD. GMBH'!F6 -> 0 | L16: ='160226 HEALTH CARE PROD. GMBH'!H6 -> 0 | M16: ='160226 HEALTH CARE PROD. GMBH'!C47 -> 12986 | N16: ='160226 HEALTH CARE PROD. GMBH'!D47 -> 12906 | O16: =IF('160226 HEALTH CARE PROD. GMBH'!C47=0,"N/A",('160226 HEALTH CARE PROD. GMBH'!D47-'160226 HEALTH CARE PROD. GMBH'!C47)/'160226 HEALTH CARE PROD. GMBH'!C47) -> -0.0061604805 | P16: ='160226 HEALTH CARE PROD. GMBH'!H47 -> 122339 | Q16: ='160226 HEALTH CARE PROD. GMBH'!I47 -> 96129.82 | R16: =IF('160226 HEALTH CARE PROD. GMBH'!H47=0,"N/A",('160226 HEALTH CARE PROD. GMBH'!I47-'160226 HEALTH CARE PROD. GMBH'!H47)/'160226 HEALTH CARE PROD. GMBH'!H47) -> -0.21423405
A17: 160150 MAX KONNARIS LTD | B17: 160150 MAX KONNARIS LTD | C17: N/A | D17: =COUNTA('160150 MAX KONNARIS LTD'!$A$9:$A$253) -> 245 | E17: =SUMPRODUCT(--(('160150 MAX KONNARIS LTD'!$C$9:$C$253<>0)+('160150 MAX KONNARIS LTD'!$H$9:$H$253<>0)>0)) -> 177 | F17: =SUMPRODUCT(--(('160150 MAX KONNARIS LTD'!$D$9:$D$253<>0)+('160150 MAX KONNARIS LTD'!$I$9:$I$253<>0)>0)) -> 154 | G17: ='160150 MAX KONNARIS LTD'!B5 -> 91 | H17: ='160150 MAX KONNARIS LTD'!D5 -> 68 | I17: ='160150 MAX KONNARIS LTD'!B6 -> 1696 | J17: ='160150 MAX KONNARIS LTD'!D6 -> 47367.29 | K17: ='160150 MAX KONNARIS LTD'!F6 -> 754 | L17: ='160150 MAX KONNARIS LTD'!H6 -> 27727.77 | M17: ='160150 MAX KONNARIS LTD'!C255 -> 3507 | N17: ='160150 MAX KONNARIS LTD'!D255 -> 2337 | O17: =IF('160150 MAX KONNARIS LTD'!C255=0,"N/A",('160150 MAX KONNARIS LTD'!D255-'160150 MAX KONNARIS LTD'!C255)/'160150 MAX KONNARIS LTD'!C255) -> -0.33361848 | P17: ='160150 MAX KONNARIS LTD'!H255 -> 86855.65 | Q17: ='160150 MAX KONNARIS LTD'!I255 -> 60462.39 | R17: =IF('160150 MAX KONNARIS LTD'!H255=0,"N/A",('160150 MAX KONNARIS LTD'!I255-'160150 MAX KONNARIS LTD'!H255)/'160150 MAX KONNARIS LTD'!H255) -> -0.30387499
A18: 151209 רוני אורטופדיה בע"מ - רמבם | B18: 151209 רוני אורטופדיה בע"מ - | C18: N/A | D18: =COUNTA('151209 רוני אורטופדיה בע"מ -'!$A$9:$A$173) -> 165 | E18: =SUMPRODUCT(--(('151209 רוני אורטופדיה בע"מ -'!$C$9:$C$173<>0)+('151209 רוני אורטופדיה בע"מ -'!$H$9:$H$173<>0)>0)) -> 148 | F18: =SUMPRODUCT(--(('151209 רוני אורטופדיה בע"מ -'!$D$9:$D$173<>0)+('151209 רוני אורטופדיה בע"מ -'!$I$9:$I$173<>0)>0)) -> 82 | G18: ='151209 רוני אורטופדיה בע"מ -'!B5 -> 83 | H18: ='151209 רוני אורטופדיה בע"מ -'!D5 -> 17 | I18: ='151209 רוני אורטופדיה בע"מ -'!B6 -> 243 | J18: ='151209 רוני אורטופדיה בע"מ -'!D6 -> 13460.59 | K18: ='151209 רוני אורטופדיה בע"מ -'!F6 -> 52 | L18: ='151209 רוני אורטופדיה בע"מ -'!H6 -> 3461.13 | M18: ='151209 רוני אורטופדיה בע"מ -'!C175 -> 600 | N18: ='151209 רוני אורטופדיה בע"מ -'!D175 -> 502 | O18: =IF('151209 רוני אורטופדיה בע"מ -'!C175=0,"N/A",('151209 רוני אורטופדיה בע"מ -'!D175-'151209 רוני אורטופדיה בע"מ -'!C175)/'151209 רוני אורטופדיה בע"מ -'!C175) -> -0.16333333 | P18: ='151209 רוני אורטופדיה בע"מ -'!H175 -> 54526.13 | Q18: ='151209 רוני אורטופדיה בע"מ -'!I175 -> 63540.64 | R18: =IF('151209 רוני אורטופדיה בע"מ -'!H175=0,"N/A",('151209 רוני אורטופדיה בע"מ -'!I175-'151209 רוני אורטופדיה בע"מ -'!H175)/'151209 רוני אורטופדיה בע"מ -'!H175) -> 0.16532459
A19: 160450 OY. EA. AB. | B19: 160450 OY. EA. AB. | C19: N/A | D19: =COUNTA('160450 OY. EA. AB.'!$A$9:$A$191) -> 183 | E19: =SUMPRODUCT(--(('160450 OY. EA. AB.'!$C$9:$C$191<>0)+('160450 OY. EA. AB.'!$H$9:$H$191<>0)>0)) -> 128 | F19: =SUMPRODUCT(--(('160450 OY. EA. AB.'!$D$9:$D$191<>0)+('160450 OY. EA. AB.'!$I$9:$I$191<>0)>0)) -> 145 | G19: ='160450 OY. EA. AB.'!B5 -> 38 | H19: ='160450 OY. EA. AB.'!D5 -> 55 | I19: ='160450 OY. EA. AB.'!B6 -> 533 | J19: ='160450 OY. EA. AB.'!D6 -> 15504.74 | K19: ='160450 OY. EA. AB.'!F6 -> 360 | L19: ='160450 OY. EA. AB.'!H6 -> 16342.42 | M19: ='160450 OY. EA. AB.'!C193 -> 2672 | N19: ='160450 OY. EA. AB.'!D193 -> 1516 | O19: =IF('160450 OY. EA. AB.'!C193=0,"N/A",('160450 OY. EA. AB.'!D193-'160450 OY. EA. AB.'!C193)/'160450 OY. EA. AB.'!C193) -> -0.43263473 | P19: ='160450 OY. EA. AB.'!H193 -> 64554.59 | Q19: ='160450 OY. EA. AB.'!I193 -> 43116.44 | R19: =IF('160450 OY. EA. AB.'!H193=0,"N/A",('160450 OY. EA. AB.'!I193-'160450 OY. EA. AB.'!H193)/'160450 OY. EA. AB.'!H193) -> -0.33209335
A20: 150366 א.א.אורטופדיה איתי-יהוד | B20: 150366 א.א.אורטופדיה איתי-יהוד | C20: N/A | D20: =COUNTA('150366 א.א.אורטופדיה איתי-יהוד'!$A$9:$A$104) -> 96 | E20: =SUMPRODUCT(--(('150366 א.א.אורטופדיה איתי-יהוד'!$C$9:$C$104<>0)+('150366 א.א.אורטופדיה איתי-יהוד'!$H$9:$H$104<>0)>0)) -> 68 | F20: =SUMPRODUCT(--(('150366 א.א.אורטופדיה איתי-יהוד'!$D$9:$D$104<>0)+('150366 א.א.אורטופדיה איתי-יהוד'!$I$9:$I$104<>0)>0)) -> 63 | G20: ='150366 א.א.אורטופדיה איתי-יהוד'!B5 -> 33 | H20: ='150366 א.א.אורטופדיה איתי-יהוד'!D5 -> 28 | I20: ='150366 א.א.אורטופדיה איתי-יהוד'!B6 -> 187 | J20: ='150366 א.א.אורטופדיה איתי-יהוד'!D6 -> 12103.28 | K20: ='150366 א.א.אורטופדיה איתי-יהוד'!F6 -> -30 | L20: ='150366 א.א.אורטופדיה איתי-יהוד'!H6 -> 695.09 | M20: ='150366 א.א.אורטופדיה איתי-יהוד'!C106 -> 864 | N20: ='150366 א.א.אורטופדיה איתי-יהוד'!D106 -> 588 | O20: =IF('150366 א.א.אורטופדיה איתי-יהוד'!C106=0,"N/A",('150366 א.א.אורטופדיה איתי-יהוד'!D106-'150366 א.א.אורטופדיה איתי-יהוד'!C106)/'150366 א.א.אורטופדיה איתי-יהוד'!C106) -> -0.31944444 | P20: ='150366 א.א.אורטופדיה איתי-יהוד'!H106 -> 58517.41 | Q20: ='150366 א.א.אורטופדיה איתי-יהוד'!I106 -> 46019.93 | R20: =IF('150366 א.א.אורטופדיה איתי-יהוד'!H106=0,"N/A",('150366 א.א.אורטופדיה איתי-יהוד'!I106-'150366 א.א.אורטופדיה איתי-יהוד'!H106)/'150366 א.א.אורטופדיה איתי-יהוד'!H106) -> -0.21356858
A21: 157464 מדיקל הצפון ב.מ-חורי | B21: 157464 מדיקל הצפון ב.מ-חורי | C21: N/A | D21: =COUNTA('157464 מדיקל הצפון ב.מ-חורי'!$A$9:$A$220) -> 212 | E21: =SUMPRODUCT(--(('157464 מדיקל הצפון ב.מ-חורי'!$C$9:$C$220<>0)+('157464 מדיקל הצפון ב.מ-חורי'!$H$9:$H$220<>0)>0)) -> 168 | F21: =SUMPRODUCT(--(('157464 מדיקל הצפון ב.מ-חורי'!$D$9:$D$220<>0)+('157464 מדיקל הצפון ב.מ-חורי'!$I$9:$I$220<>0)>0)) -> 147 | G21: ='157464 מדיקל הצפון ב.מ-חורי'!B5 -> 65 | H21: ='157464 מדיקל הצפון ב.מ-חורי'!D5 -> 44 | I21: ='157464 מדיקל הצפון ב.מ-חורי'!B6 -> 188 | J21: ='157464 מדיקל הצפון ב.מ-חורי'!D6 -> 13951.94 | K21: ='157464 מדיקל הצפון ב.מ-חורי'!F6 -> 123 | L21: ='157464 מדיקל הצפון ב.מ-חורי'!H6 -> 10518.59 | M21: ='157464 מדיקל הצפון ב.מ-חורי'!C222 -> 589 | N21: ='157464 מדיקל הצפון ב.מ-חורי'!D222 -> 617 | O21: =IF('157464 מדיקל הצפון ב.מ-חורי'!C222=0,"N/A",('157464 מדיקל הצפון ב.מ-חורי'!D222-'157464 מדיקל הצפון ב.מ-חורי'!C222)/'157464 מדיקל הצפון ב.מ-חורי'!C222) -> 0.0475382 | P21: ='157464 מדיקל הצפון ב.מ-חורי'!H222 -> 46725.38 | Q21: ='157464 מדיקל הצפון ב.מ-חורי'!I222 -> 50813.46 | R21: =IF('157464 מדיקל הצפון ב.מ-חורי'!H222=0,"N/A",('157464 מדיקל הצפון ב.מ-חורי'!I222-'157464 מדיקל הצפון ב.מ-חורי'!H222)/'157464 מדיקל הצפון ב.מ-חורי'!H222) -> 0.087491637

Sheet קופת חולים כללית
A1: Sales Comparison 2025 vs 2026 (Annualized) - Customer: 152501 קופ"ח כללית 1203-9 (by Product CODE)
A2: Calculation date: | B2: 46284
A3: Source: NetSuite report "1-Sales: Customer by Item" (01/01/2025-31/12/2026), customer = "152501 קופ"ח כללית 1203-9" only (exact match on the "Customer" column). Product CODE = column "Item: Name" (F in the original report) - NOT "Item: Name (Grouped)" (E), which carries a PARENT prefix. 2025 = columns J/K (Quantity/Amount Net); 2026 = columns O/P. Multiple rows per CODE per customer (one per unit-price tier) are summed (SUMIFS) per CODE, not taken from a single row. Raw rows kept unchanged in the shared "Source" sheet (filtered to only these 16 customers, not the full 32,141-row report). IMPORTANT: the source file’s own header states the report range as "01 January 2025 - 31 December 2026", but has no per-row date/timestamp field, so the exact 2026 cutoff cannot be verified from the data itself. Same assumption used across this whole workbook for consistency: 2026 actual covers approximately 9.5 months (1 Jan - 15 Sep).
A4: Annualization note: 2026 actual data is assumed to cover approximately 9.5 months (1 Jan - 15 Sep 2026), consistent with the rest of this workbook. Scaled to a full year via a simple linear factor = 12 / 9.5 (≈ 1.263158) - straight-line extrapolation, does NOT account for seasonality. Treat as an estimate. | I4: Months in full year: | J4: 12 | K4: Months covered by 2026 actual (assumed 1/1–15/9): | L4: 9.5
A5: # DROP (sold 2025, 0 in 2026): | B5: =SUMPRODUCT(--(((C9:C41<>0)+(H9:H41<>0)>0)*((D9:D41=0)*(I9:I41=0)))) -> 1 | C5: # NEW (sold 2026, 0 in 2025): | D5: =SUMPRODUCT(--(((D9:D41<>0)+(I9:I41<>0)>0)*((C9:C41=0)*(H9:H41=0)))) -> 1 | I5: Normalization factor (J4/L4): | J5: =J4/L4 -> 1.2631579
A6: DROP — Quantity 2025: | B6: =SUMPRODUCT(--(((C9:C41<>0)+(H9:H41<>0)>0)*((D9:D41=0)*(I9:I41=0)))*C9:C41) -> -1 | C6: DROP — Amount 2025 (₪): | D6: =SUMPRODUCT(--(((C9:C41<>0)+(H9:H41<>0)>0)*((D9:D41=0)*(I9:I41=0)))*H9:H41) -> -62.43 | E6: NEW — Quantity 2026: | F6: =SUMPRODUCT(--(((D9:D41<>0)+(I9:I41<>0)>0)*((C9:C41=0)*(H9:H41=0)))*D9:D41) -> -2 | G6: NEW — Amount 2026 (₪): | H6: =SUMPRODUCT(--(((D9:D41<>0)+(I9:I41<>0)>0)*((C9:C41=0)*(H9:H41=0)))*I9:I41) -> -1176
A8: Product Code | B8: Item Display Name | C8: Quantity 2025 | D8: Quantity 2026 (Actual, partial year) | E8: Quantity 2026 (Annualized) | F8: Quantity Change (Annualized vs 2025) | G8: Quantity Change % (Annualized vs 2025) | H8: Amount 2025 (₪) | I8: Amount 2026 (Actual, partial year) (₪) | J8: Amount 2026 (Annualized) (₪) | K8: Amount Change (Annualized vs 2025) (₪) | L8: Amount Change % (Annualized vs 2025) | M8: Note
A9: KST422 0 | B9: =IFERROR(INDEX('Source'!$C:$C,MATCH($A9,'Source'!$B:$B,0)),"") -> מגן ברך עם כרית ג'ל | C9: =SUMIFS('Source'!$D:$D,'Source'!$A:$A,"152501 קופ""ח כללית 1203-9",'Source'!$B:$B,$A9) -> 13299 | D9: =SUMIFS('Source'!$F:$F,'Source'!$A:$A,"152501 קופ""ח כללית 1203-9",'Source'!$B:$B,$A9) -> 9589 | E9: =D9*$J$5 -> 12112.421 | F9: =E9-C9 -> -1186.5789 | G9: =IF(AND(C9=0,E9=0),0,IF(C9=0,"New",(E9-C9)/C9)) -> -0.089223171 | H9: =SUMIFS('Source'!$E:$E,'Source'!$A:$A,"152501 קופ""ח כללית 1203-9",'Source'!$B:$B,$A9) -> 577794.6 | I9: =SUMIFS('Source'!$G:$G,'Source'!$A:$A,"152501 קופ""ח כללית 1203-9",'Source'!$B:$B,$A9) -> 396984.6 | J9: =I9*$J$5 -> 501454.23 | K9: =J9-H9 -> -76340.368 | L9: =IF(AND(H9=0,J9=0),0,IF(H9=0,"New",(J9-H9)/H9)) -> -0.13212371 | M9: =IF(AND(OR(C9<>0,H9<>0),D9=0,I9=0),"DROP",IF(AND(OR(D9<>0,I9<>0),C9=0,H9=0),"NEW",""))
A10: K078 L | B10: =IFERROR(INDEX('Source'!$C:$C,MATCH($A10,'Source'!$B:$B,0)),"") -> חגורת גב+סגירה כפולה | C10: =SUMIFS('Source'!$D:$D,'Source'!$A:$A,"152501 קופ""ח כללית 1203-9",'Source'!$B:$B,$A10) -> 7450 | D10: =SUMIFS('Source'!$F:$F,'Source'!$A:$A,"152501 קופ""ח כללית 1203-9",'Source'!$B:$B,$A10) -> 5000 | E10: =D10*$J$5 -> 6315.7895 | F10: =E10-C10 -> -1134.2105 | G10: =IF(AND(C10=0,E10=0),0,IF(C10=0,"New",(E10-C10)/C10)) -> -0.15224302 | H10: =SUMIFS('Source'!$E:$E,'Source'!$A:$A,"152501 קופ""ח כללית 1203-9",'Source'!$B:$B,$A10) -> 422328 | I10: =SUMIFS('Source'!$G:$G,'Source'!$A:$A,"152501 קופ""ח כללית 1203-9",'Source'!$B:$B,$A10) -> 272050 | J10: =I10*$J$5 -> 343642.11 | K10: =J10-H10 -> -78685.895 | L10: =IF(AND(H10=0,J10=0),0,IF(H10=0,"New",(J10-H10)/H10)) -> -0.18631465 | M10: =IF(AND(OR(C10<>0,H10<>0),D10=0,I10=0),"DROP",IF(AND(OR(D10<>0,I10<>0),C10=0,H10=0),"NEW",""))
A11: K078 XL | B11: =IFERROR(INDEX('Source'!$C:$C,MATCH($A11,'Source'!$B:$B,0)),"") -> חגורת גב+סגירה כפולה | C11: =SUMIFS('Source'!$D:$D,'Source'!$A:$A,"152501 קופ""ח כללית 1203-9",'Source'!$B:$B,$A11) -> 5850 | D11: =SUMIFS('Source'!$F:$F,'Source'!$A:$A,"152501 קופ""ח כללית 1203-9",'Source'!$B:$B,$A11) -> 3700 | E11: =D11*$J$5 -> 4673.6842 | F11: =E11-C11 -> -1176.3158 | G11: =IF(AND(C11=0,E11=0),0,IF(C11=0,"New",(E11-C11)/C11)) -> -0.20107962 | H11: =SUMIFS('Source'!$E:$E,'Source'!$A:$A,"152501 קופ""ח כללית 1203-9",'Source'!$B:$B,$A11) -> 332000 | I11: =SUMIFS('Source'!$G:$G,'Source'!$A:$A,"152501 קופ""ח כללית 1203-9",'Source'!$B:$B,$A11) -> 201317 | J11: =I11*$J$5 -> 254295.16 | K11: =J11-H11 -> -77704.842 | L11: =IF(AND(H11=0,J11=0),0,IF(H11=0,"New",(J11-H11)/H11)) -> -0.23405073 | M11: =IF(AND(OR(C11<>0,H11<>0),D11=0,I11=0),"DROP",IF(AND(OR(D11<>0,I11<>0),C11=0,H11=0),"NEW",""))
A12: KST25 0 | B12: =IFERROR(INDEX('Source'!$C:$C,MATCH($A12,'Source'!$B:$B,0)),"") -> חבק יד | C12: =SUMIFS('Source'!$D:$D,'Source'!$A:$A,"152501 קופ""ח כללית 1203-9",'Source'!$B:$B,$A12) -> 21480 | D12: =SUMIFS('Source'!$F:$F,'Source'!$A:$A,"152501 קופ""ח כללית 1203-9",'Source'!$B:$B,$A12) -> 15110 | E12: =D12*$J$5 -> 19086.316 | F12: =E12-C12 -> -2393.6842 | G12: =IF(AND(C12=0,E12=0),0,IF(C12=0,"New",(E12-C12)/C12)) -> -0.11143781 | H12: =SUMIFS('Source'!$E:$E,'Source'!$A:$A,"152501 קופ""ח כללית 1203-9",'Source'!$B:$B,$A12) -> 344287.2 | I12: =SUMIFS('Source'!$G:$G,'Source'!$A:$A,"152501 קופ""ח כללית 1203-9",'Source'!$B:$B,$A12) -> 227103.3 | J12: =I12*$J$5 -> 286867.33 | K12: =J12-H12 -> -57419.874 | L12: =IF(AND(H12=0,J12=0),0,IF(H12=0,"New",(J12-H12)/H12)) -> -0.166779 | M12: =IF(AND(OR(C12<>0,H12<>0),D12=0,I12=0),"DROP",IF(AND(OR(D12<>0,I12<>0),C12=0,H12=0),"NEW",""))
A13: K078 M | B13: =IFERROR(INDEX('Source'!$C:$C,MATCH($A13,'Source'!$B:$B,0)),"") -> חגורת גב+סגירה כפולה | C13: =SUMIFS('Source'!$D:$D,'Source'!$A:$A,"152501 קופ""ח כללית 1203-9",'Source'!$B:$B,$A13) -> 3800 | D13: =SUMIFS('Source'!$F:$F,'Source'!$A:$A,"152501 קופ""ח כללית 1203-9",'Source'!$B:$B,$A13) -> 2200 | E13: =D13*$J$5 -> 2778.9474 | F13: =E13-C13 -> -1021.0526 | G13: =IF(AND(C13=0,E13=0),0,IF(C13=0,"New",(E13-C13)/C13)) -> -0.26869806 | H13: =SUMIFS('Source'!$E:$E,'Source'!$A:$A,"152501 קופ""ח כללית 1203-9",'Source'!$B:$B,$A13) -> 215142.5 | I13: =SUMIFS('Source'!$G:$G,'Source'!$A:$A,"152501 קופ""ח כללית 1203-9",'Source'!$B:$B,$A13) -> 119702 | J13: =I13*$J$5 -> 151202.53 | K13: =J13-H13 -> -63939.974 | L13: =IF(AND(H13=0,J13=0),0,IF(H13=0,"New",(J13-H13)/H13)) -> -0.29719825 | M13: =IF(AND(OR(C13<>0,H13<>0),D13=0,I13=0),"DROP",IF(AND(OR(D13<>0,I13<>0),C13=0,H13=0),"NEW",""))
A14: K078 XXL | B14: =IFERROR(INDEX('Source'!$C:$C,MATCH($A14,'Source'!$B:$B,0)),"") -> חגורת גב+סגירה כפולה | C14: =SUMIFS('Source'!$D:$D,'Source'!$A:$A,"152501 קופ""ח כללית 1203-9",'Source'!$B:$B,$A14) -> 2565 | D14: =SUMIFS('Source'!$F:$F,'Source'!$A:$A,"152501 קופ""ח כללית 1203-9",'Source'!$B:$B,$A14) -> 1305 | E14: =D14*$J$5 -> 1648.4211 | F14: =E14-C14 -> -916.57895 | G14: =IF(AND(C14=0,E14=0),0,IF(C14=0,"New",(E14-C14)/C14)) -> -0.35734072 | H14: =SUMIFS('Source'!$E:$E,'Source'!$A:$A,"152501 קופ""ח כללית 1203-9",'Source'!$B:$B,$A14) -> 146555.55 | I14: =SUMIFS('Source'!$G:$G,'Source'!$A:$A,"152501 קופ""ח כללית 1203-9",'Source'!$B:$B,$A14) -> 71005.05 | J14: =I14*$J$5 -> 89690.589 | K14: =J14-H14 -> -56864.961 | L14: =IF(AND(H14=0,J14=0),0,IF(H14=0,"New",(J14-H14)/H14)) -> -0.3880096 | M14: =IF(AND(OR(C14<>0,H14<>0),D14=0,I14=0),"DROP",IF(AND(OR(D14<>0,I14<>0),C14=0,H14=0),"NEW",""))
A15: KST27R 0 | B15: =IFERROR(INDEX('Source'!$C:$C,MATCH($A15,'Source'!$B:$B,0)),"") -> סד יד | C15: =SUMIFS('Source'!$D:$D,'Source'!$A:$A,"152501 קופ""ח כללית 1203-9",'Source'!$B:$B,$A15) -> 5600 | D15: =SUMIFS('Source'!$F:$F,'Source'!$A:$A,"152501 קופ""ח כללית 1203-9",'Source'!$B:$B,$A15) -> 3920 | E15: =D15*$J$5 -> 4951.5789 | F15: =E15-C15 -> -648.42105 | G15: =IF(AND(C15=0,E15=0),0,IF(C15=0,"New",(E15-C15)/C15)) -> -0.11578947 | H15: =SUMIFS('Source'!$E:$E,'Source'!$A:$A,"152501 קופ""ח כללית 1203-9",'Source'!$B:$B,$A15) -> 135200 | I15: =SUMIFS('Source'!$G:$G,'Source'!$A:$A,"152501 קופ""ח כללית 1203-9",'Source'!$B:$B,$A15) -> 88200 | J15: =I15*$J$5 -> 111410.53 | K15: =J15-H15 -> -23789.474 | L15: =IF(AND(H15=0,J15=0),0,IF(H15=0,"New",(J15-H15)/H15)) -> -0.17595765 | M15: =IF(AND(OR(C15<>0,H15<>0),D15=0,I15=0),"DROP",IF(AND(OR(D15<>0,I15<>0),C15=0,H15=0),"NEW",""))
A16: KST95 0 | B16: =IFERROR(INDEX('Source'!$C:$C,MATCH($A16,'Source'!$B:$B,0)),"") -> מגן מרפק | C16: =SUMIFS('Source'!$D:$D,'Source'!$A:$A,"152501 קופ""ח כללית 1203-9",'Source'!$B:$B,$A16) -> 5040 | D16: =SUMIFS('Source'!$F:$F,'Source'!$A:$A,"152501 קופ""ח כללית 1203-9",'Source'!$B:$B,$A16) -> 3360 | E16: =D16*$J$5 -> 4244.2105 | F16: =E16-C16 -> -795.78947 | G16: =IF(AND(C16=0,E16=0),0,IF(C16=0,"New",(E16-C16)/C16)) -> -0.15789474 | H16: =SUMIFS('Source'!$E:$E,'Source'!$A:$A,"152501 קופ""ח כללית 1203-9",'Source'!$B:$B,$A16) -> 114775.2 | I16: =SUMIFS('Source'!$G:$G,'Source'!$A:$A,"152501 קופ""ח כללית 1203-9",'Source'!$B:$B,$A16) -> 71467.2 | J16: =I16*$J$5 -> 90274.358 | K16: =J16-H16 -> -24500.842 | L16: =IF(AND(H16=0,J16=0),0,IF(H16=0,"New",(J16-H16)/H16)) -> -0.21346808 | M16: =IF(AND(OR(C16<>0,H16<>0),D16=0,I16=0),"DROP",IF(AND(OR(D16<>0,I16<>0),C16=0,H16=0),"NEW",""))
A17: K45 XL | B17: =IFERROR(INDEX('Source'!$C:$C,MATCH($A17,'Source'!$B:$B,0)),"") -> מגן ברך רגיל | C17: =SUMIFS('Source'!$D:$D,'Source'!$A:$A,"152501 קופ""ח כללית 1203-9",'Source'!$B:$B,$A17) -> 9960 | D17: =SUMIFS('Source'!$F:$F,'Source'!$A:$A,"152501 קופ""ח כללית 1203-9",'Source'!$B:$B,$A17) -> 6840 | E17: =D17*$J$5 -> 8640 | F17: =E17-C17 -> -1320 | G17: =IF(AND(C17=0,E17=0),0,IF(C17=0,"New",(E17-C17)/C17)) -> -0.13253012 | H17: =SUMIFS('Source'!$E:$E,'Source'!$A:$A,"152501 קופ""ח כללית 1203-9",'Source'!$B:$B,$A17) -> 124737.6 | I17: =SUMIFS('Source'!$G:$G,'Source'!$A:$A,"152501 קופ""ח כללית 1203-9",'Source'!$B:$B,$A17) -> 81806.4 | J17: =I17*$J$5 -> 103334.4 | K17: =J17-H17 -> -21403.2 | L17: =IF(AND(H17=0,J17=0),0,IF(H17=0,"New",(J17-H17)/H17)) -> -0.17158579 | M17: =IF(AND(OR(C17<>0,H17<>0),D17=0,I17=0),"DROP",IF(AND(OR(D17<>0,I17<>0),C17=0,H17=0),"NEW",""))
A18: K35 L | B18: =IFERROR(INDEX('Source'!$C:$C,MATCH($A18,'Source'!$B:$B,0)),"") -> מגן קרסול פתוח | C18: =SUMIFS('Source'!$D:$D,'Source'!$A:$A,"152501 קופ""ח כללית 1203-9",'Source'!$B:$B,$A18) -> 7320 | D18: =SUMIFS('Source'!$F:$F,'Source'!$A:$A,"152501 קופ""ח כללית 1203-9",'Source'!$B:$B,$A18) -> 4200 | E18: =D18*$J$5 -> 5305.2632 | F18: =E18-C18 -> -2014.7368 | G18: =IF(AND(C18=0,E18=0),0,IF(C18=0,"New",(E18-C18)/C18)) -> -0.27523727 | H18: =SUMIFS('Source'!$E:$E,'Source'!$A:$A,"152501 קופ""ח כללית 1203-9",'Source'!$B:$B,$A18) -> 92964 | I18: =SUMIFS('Source'!$G:$G,'Source'!$A:$A,"152501 קופ""ח כללית 1203-9",'Source'!$B:$B,$A18) -> 53340 | J18: =I18*$J$5 -> 67376.842 | K18: =J18-H18 -> -25587.158 | L18: =IF(AND(H18=0,J18=0),0,IF(H18=0,"New",(J18-H18)/H18)) -> -0.27523727 | M18: =IF(AND(OR(C18<>0,H18<>0),D18=0,I18=0),"DROP",IF(AND(OR(D18<>0,I18<>0),C18=0,H18=0),"NEW",""))
A19: KST37 0 | B19: =IFERROR(INDEX('Source'!$C:$C,MATCH($A19,'Source'!$B:$B,0)),"") -> מגן קרסול | C19: =SUMIFS('Source'!$D:$D,'Source'!$A:$A,"152501 קופ""ח כללית 1203-9",'Source'!$B:$B,$A19) -> 7800 | D19: =SUMIFS('Source'!$F:$F,'Source'!$A:$A,"152501 קופ""ח כללית 1203-9",'Source'!$B:$B,$A19) -> 6120 | E19: =D19*$J$5 -> 7730.5263 | F19: =E19-C19 -> -69.473684 | G19: =IF(AND(C19=0,E19=0),0,IF(C19=0,"New",(E19-C19)/C19)) -> -0.0089068826 | H19: =SUMIFS('Source'!$E:$E,'Source'!$A:$A,"152501 קופ""ח כללית 1203-9",'Source'!$B:$B,$A19) -> 145066.8 | I19: =SUMIFS('Source'!$G:$G,'Source'!$A:$A,"152501 קופ""ח כללית 1203-9",'Source'!$B:$B,$A19) -> 107283.6 | J19: =I19*$J$5 -> 135516.13 | K19: =J19-H19 -> -9550.6737 | L19: =IF(AND(H19=0,J19=0),0,IF(H19=0,"New",(J19-H19)/H19)) -> -0.065836385 | M19: =IF(AND(OR(C19<>0,H19<>0),D19=0,I19=0),"DROP",IF(AND(OR(D19<>0,I19<>0),C19=0,H19=0),"NEW",""))
A20: KST28 0 | B20: =IFERROR(INDEX('Source'!$C:$C,MATCH($A20,'Source'!$B:$B,0)),"") -> סד יד | C20: =SUMIFS('Source'!$D:$D,'Source'!$A:$A,"152501 קופ""ח כללית 1203-9",'Source'!$B:$B,$A20) -> 6240 | D20: =SUMIFS('Source'!$F:$F,'Source'!$A:$A,"152501 קופ""ח כללית 1203-9",'Source'!$B:$B,$A20) -> 4956 | E20: =D20*$J$5 -> 6260.2105 | F20: =E20-C20 -> 20.210526 | G20: =IF(AND(C20=0,E20=0),0,IF(C20=0,"New",(E20-C20)/C20)) -> 0.0032388664 | H20: =SUMIFS('Source'!$E:$E,'Source'!$A:$A,"152501 קופ""ח כללית 1203-9",'Source'!$B:$B,$A20) -> 119520 | I20: =SUMIFS('Source'!$G:$G,'Source'!$A:$A,"152501 קופ""ח כללית 1203-9",'Source'!$B:$B,$A20) -> 88216.8 | J20: =I20*$J$5 -> 111431.75 | K20: =J20-H20 -> -8088.2526 | L20: =IF(AND(H20=0,J20=0),0,IF(H20=0,"New",(J20-H20)/H20)) -> -0.067672796 | M20: =IF(AND(OR(C20<>0,H20<>0),D20=0,I20=0),"DROP",IF(AND(OR(D20<>0,I20<>0),C20=0,H20=0),"NEW",""))
... A41: ST27L 0 | B41: =IFERROR(INDEX('Source'!$C:$C,MATCH($A41,'Source'!$B:$B,0)),"") -> סד יד | C41: =SUMIFS('Source'!$D:$D,'Source'!$A:$A,"152501 קופ""ח כללית 1203-9",'Source'!$B:$B,$A41) -> -1 | D41: =SUMIFS('Source'!$F:$F,'Source'!$A:$A,"152501 קופ""ח כללית 1203-9",'Source'!$B:$B,$A41) -> 0 | E41: =D41*$J$5 -> 0 | F41: =E41-C41 -> 1 | G41: =IF(AND(C41=0,E41=0),0,IF(C41=0,"New",(E41-C41)/C41)) -> -1 | H41: =SUMIFS('Source'!$E:$E,'Source'!$A:$A,"152501 קופ""ח כללית 1203-9",'Source'!$B:$B,$A41) -> -62.43 | I41: =SUMIFS('Source'!$G:$G,'Source'!$A:$A,"152501 קופ""ח כללית 1203-9",'Source'!$B:$B,$A41) -> 0 | J41: =I41*$J$5 -> 0 | K41: =J41-H41 -> 62.43 | L41: =IF(AND(H41=0,J41=0),0,IF(H41=0,"New",(J41-H41)/H41)) -> -1 | M41: =IF(AND(OR(C41<>0,H41<>0),D41=0,I41=0),"DROP",IF(AND(OR(D41<>0,I41<>0),C41=0,H41=0),"NEW","")) -> DROP
B43: TOTAL | C43: =SUM(C9:C41) -> 152395 | D43: =SUM(D9:D41) -> 110137 | E43: =SUM(E9:E41) -> 139120.42 | F43: =SUM(F9:F41) -> -13274.579 | G43: =IF(C43=0,"N/A",F43/C43) -> -0.087106394 | H43: =SUM(H9:H41) -> 3809616.4 | I43: =SUM(I9:I41) -> 2569653 | J43: =SUM(J9:J41) -> 3245877.5 | K43: =SUM(K9:K41) -> -563738.88 | L43: =IF(H43=0,"N/A",K43/H43) -> -0.14797786

Sheet 155138 לקוח אינטרנט
A1: Sales Comparison 2025 vs 2026 (Annualized) - Customer: 155138 לקוח אינטרנט (by Product CODE)
A2: Calculation date: | B2: 46284
A3: Source: NetSuite report "1-Sales: Customer by Item" (01/01/2025-31/12/2026), customer = "155138 לקוח אינטרנט" only (exact match on the "Customer" column). Product CODE = column "Item: Name" (F in the original report) - NOT "Item: Name (Grouped)" (E), which carries a PARENT prefix. 2025 = columns J/K (Quantity/Amount Net); 2026 = columns O/P. Multiple rows per CODE per customer (one per unit-price tier) are summed (SUMIFS) per CODE, not taken from a single row. Raw rows kept unchanged in the shared "Source" sheet (filtered to only these 16 customers, not the full 32,141-row report). IMPORTANT: the source file’s own header states the report range as "01 January 2025 - 31 December 2026", but has no per-row date/timestamp field, so the exact 2026 cutoff cannot be verified from the data itself. Same assumption used across this whole workbook for consistency: 2026 actual covers approximately 9.5 months (1 Jan - 15 Sep).
A4: Annualization note: 2026 actual data is assumed to cover approximately 9.5 months (1 Jan - 15 Sep 2026), consistent with the rest of this workbook. Scaled to a full year via a simple linear factor = 12 / 9.5 (≈ 1.263158) - straight-line extrapolation, does NOT account for seasonality. Treat as an estimate. | I4: Months in full year: | J4: 12 | K4: Months covered by 2026 actual (assumed 1/1–15/9): | L4: 9.5
A5: # DROP (sold 2025, 0 in 2026): | B5: =SUMPRODUCT(--(((C9:C728<>0)+(H9:H728<>0)>0)*((D9:D728=0)*(I9:I728=0)))) -> 88 | C5: # NEW (sold 2026, 0 in 2025): | D5: =SUMPRODUCT(--(((D9:D728<>0)+(I9:I728<>0)>0)*((C9:C728=0)*(H9:H728=0)))) -> 102 | I5: Normalization factor (J4/L4): | J5: =J4/L4 -> 1.2631579
A6: DROP — Quantity 2025: | B6: =SUMPRODUCT(--(((C9:C728<>0)+(H9:H728<>0)>0)*((D9:D728=0)*(I9:I728=0)))*C9:C728) -> 580 | C6: DROP — Amount 2025 (₪): | D6: =SUMPRODUCT(--(((C9:C728<>0)+(H9:H728<>0)>0)*((D9:D728=0)*(I9:I728=0)))*H9:H728) -> 69822.79 | E6: NEW — Quantity 2026: | F6: =SUMPRODUCT(--(((D9:D728<>0)+(I9:I728<>0)>0)*((C9:C728=0)*(H9:H728=0)))*D9:D728) -> 2375 | G6: NEW — Amount 2026 (₪): | H6: =SUMPRODUCT(--(((D9:D728<>0)+(I9:I728<>0)>0)*((C9:C728=0)*(H9:H728=0)))*I9:I728) -> 147591.2
A8: Product Code | B8: Item Display Name | C8: Quantity 2025 | D8: Quantity 2026 (Actual, partial year) | E8: Quantity 2026 (Annualized) | F8: Quantity Change (Annualized vs 2025) | G8: Quantity Change % (Annualized vs 2025) | H8: Amount 2025 (₪) | I8: Amount 2026 (Actual, partial year) (₪) | J8: Amount 2026 (Annualized) (₪) | K8: Amount Change (Annualized vs 2025) (₪) | L8: Amount Change % (Annualized vs 2025) | M8: Note
A9: 67 0 | B9: =IFERROR(INDEX('Source'!$C:$C,MATCH($A9,'Source'!$B:$B,0)),"") -> כרית שינה חלומית | C9: =SUMIFS('Source'!$D:$D,'Source'!$A:$A,"155138 לקוח אינטרנט",'Source'!$B:$B,$A9) -> 231 | D9: =SUMIFS('Source'!$F:$F,'Source'!$A:$A,"155138 לקוח אינטרנט",'Source'!$B:$B,$A9) -> 3486 | E9: =D9*$J$5 -> 4403.3684 | F9: =E9-C9 -> 4172.3684 | G9: =IF(AND(C9=0,E9=0),0,IF(C9=0,"New",(E9-C9)/C9)) -> 18.062201 | H9: =SUMIFS('Source'!$E:$E,'Source'!$A:$A,"155138 לקוח אינטרנט",'Source'!$B:$B,$A9) -> 59147.42 | I9: =SUMIFS('Source'!$G:$G,'Source'!$A:$A,"155138 לקוח אינטרנט",'Source'!$B:$B,$A9) -> 946061.13 | J9: =I9*$J$5 -> 1195024.6 | K9: =J9-H9 -> 1135877.2 | L9: =IF(AND(H9=0,J9=0),0,IF(H9=0,"New",(J9-H9)/H9)) -> 19.204171 | M9: =IF(AND(OR(C9<>0,H9<>0),D9=0,I9=0),"DROP",IF(AND(OR(D9<>0,I9<>0),C9=0,H9=0),"NEW",""))
A10: AC75-S-XL | B10: =IFERROR(INDEX('Source'!$C:$C,MATCH($A10,'Source'!$B:$B,0)),"") -> מיישר כתפיים | C10: =SUMIFS('Source'!$D:$D,'Source'!$A:$A,"155138 לקוח אינטרנט",'Source'!$B:$B,$A10) -> 489 | D10: =SUMIFS('Source'!$F:$F,'Source'!$A:$A,"155138 לקוח אינטרנט",'Source'!$B:$B,$A10) -> 5248 | E10: =D10*$J$5 -> 6629.0526 | F10: =E10-C10 -> 6140.0526 | G10: =IF(AND(C10=0,E10=0),0,IF(C10=0,"New",(E10-C10)/C10)) -> 12.556345 | H10: =SUMIFS('Source'!$E:$E,'Source'!$A:$A,"155138 לקוח אינטרנט",'Source'!$B:$B,$A10) -> 59910.55 | I10: =SUMIFS('Source'!$G:$G,'Source'!$A:$A,"155138 לקוח אינטרנט",'Source'!$B:$B,$A10) -> 711931.41 | J10: =I10*$J$5 -> 899281.78 | K10: =J10-H10 -> 839371.23 | L10: =IF(AND(H10=0,J10=0),0,IF(H10=0,"New",(J10-H10)/H10)) -> 14.010408 | M10: =IF(AND(OR(C10<>0,H10<>0),D10=0,I10=0),"DROP",IF(AND(OR(D10<>0,I10<>0),C10=0,H10=0),"NEW",""))
A11: WEB-AC75-S-XL | B11: =IFERROR(INDEX('Source'!$C:$C,MATCH($A11,'Source'!$B:$B,0)),"") -> מיישר כתפיים | C11: =SUMIFS('Source'!$D:$D,'Source'!$A:$A,"155138 לקוח אינטרנט",'Source'!$B:$B,$A11) -> 1815 | D11: =SUMIFS('Source'!$F:$F,'Source'!$A:$A,"155138 לקוח אינטרנט",'Source'!$B:$B,$A11) -> 20 | E11: =D11*$J$5 -> 25.263158 | F11: =E11-C11 -> -1789.7368 | G11: =IF(AND(C11=0,E11=0),0,IF(C11=0,"New",(E11-C11)/C11)) -> -0.9860809 | H11: =SUMIFS('Source'!$E:$E,'Source'!$A:$A,"155138 לקוח אינטרנט",'Source'!$B:$B,$A11) -> 240271.27 | I11: =SUMIFS('Source'!$G:$G,'Source'!$A:$A,"155138 לקוח אינטרנט",'Source'!$B:$B,$A11) -> 2706.8 | J11: =I11*$J$5 -> 3419.1158 | K11: =J11-H11 -> -236852.15 | L11: =IF(AND(H11=0,J11=0),0,IF(H11=0,"New",(J11-H11)/H11)) -> -0.98576977 | M11: =IF(AND(OR(C11<>0,H11<>0),D11=0,I11=0),"DROP",IF(AND(OR(D11<>0,I11<>0),C11=0,H11=0),"NEW",""))
A12: AC75 XXL | B12: =IFERROR(INDEX('Source'!$C:$C,MATCH($A12,'Source'!$B:$B,0)),"") -> מיישר כתפיים | C12: =SUMIFS('Source'!$D:$D,'Source'!$A:$A,"155138 לקוח אינטרנט",'Source'!$B:$B,$A12) -> 128 | D12: =SUMIFS('Source'!$F:$F,'Source'!$A:$A,"155138 לקוח אינטרנט",'Source'!$B:$B,$A12) -> 903 | E12: =D12*$J$5 -> 1140.6316 | F12: =E12-C12 -> 1012.6316 | G12: =IF(AND(C12=0,E12=0),0,IF(C12=0,"New",(E12-C12)/C12)) -> 7.9111842 | H12: =SUMIFS('Source'!$E:$E,'Source'!$A:$A,"155138 לקוח אינטרנט",'Source'!$B:$B,$A12) -> 15662.12 | I12: =SUMIFS('Source'!$G:$G,'Source'!$A:$A,"155138 לקוח אינטרנט",'Source'!$B:$B,$A12) -> 121131.92 | J12: =I12*$J$5 -> 153008.74 | K12: =J12-H12 -> 137346.62 | L12: =IF(AND(H12=0,J12=0),0,IF(H12=0,"New",(J12-H12)/H12)) -> 8.7693506 | M12: =IF(AND(OR(C12<>0,H12<>0),D12=0,I12=0),"DROP",IF(AND(OR(D12<>0,I12<>0),C12=0,H12=0),"NEW",""))
A13: 397A-39-42 | B13: =IFERROR(INDEX('Source'!$C:$C,MATCH($A13,'Source'!$B:$B,0)),"") -> גרבי נסיעות אנטיבקטריאלי | C13: =SUMIFS('Source'!$D:$D,'Source'!$A:$A,"155138 לקוח אינטרנט",'Source'!$B:$B,$A13) -> 21 | D13: =SUMIFS('Source'!$F:$F,'Source'!$A:$A,"155138 לקוח אינטרנט",'Source'!$B:$B,$A13) -> 488 | E13: =D13*$J$5 -> 616.42105 | F13: =E13-C13 -> 595.42105 | G13: =IF(AND(C13=0,E13=0),0,IF(C13=0,"New",(E13-C13)/C13)) -> 28.353383 | H13: =SUMIFS('Source'!$E:$E,'Source'!$A:$A,"155138 לקוח אינטרנט",'Source'!$B:$B,$A13) -> 2194.94 | I13: =SUMIFS('Source'!$G:$G,'Source'!$A:$A,"155138 לקוח אינטרנט",'Source'!$B:$B,$A13) -> 50859.04 | J13: =I13*$J$5 -> 64242.998 | K13: =J13-H13 -> 62048.058 | L13: =IF(AND(H13=0,J13=0),0,IF(H13=0,"New",(J13-H13)/H13)) -> 28.268681 | M13: =IF(AND(OR(C13<>0,H13<>0),D13=0,I13=0),"DROP",IF(AND(OR(D13<>0,I13<>0),C13=0,H13=0),"NEW",""))
A14: WEB-AC75 XXL | B14: =IFERROR(INDEX('Source'!$C:$C,MATCH($A14,'Source'!$B:$B,0)),"") -> מיישר כתפיים | C14: =SUMIFS('Source'!$D:$D,'Source'!$A:$A,"155138 לקוח אינטרנט",'Source'!$B:$B,$A14) -> 342 | D14: =SUMIFS('Source'!$F:$F,'Source'!$A:$A,"155138 לקוח אינטרנט",'Source'!$B:$B,$A14) -> 4 | E14: =D14*$J$5 -> 5.0526316 | F14: =E14-C14 -> -336.94737 | G14: =IF(AND(C14=0,E14=0),0,IF(C14=0,"New",(E14-C14)/C14)) -> -0.98522622 | H14: =SUMIFS('Source'!$E:$E,'Source'!$A:$A,"155138 לקוח אינטרנט",'Source'!$B:$B,$A14) -> 45417.98 | I14: =SUMIFS('Source'!$G:$G,'Source'!$A:$A,"155138 לקוח אינטרנט",'Source'!$B:$B,$A14) -> 532.72 | J14: =I14*$J$5 -> 672.90947 | K14: =J14-H14 -> -44745.071 | L14: =IF(AND(H14=0,J14=0),0,IF(H14=0,"New",(J14-H14)/H14)) -> -0.98518407 | M14: =IF(AND(OR(C14<>0,H14<>0),D14=0,I14=0),"DROP",IF(AND(OR(D14<>0,I14<>0),C14=0,H14=0),"NEW",""))
A15: 397A-43-46 | B15: =IFERROR(INDEX('Source'!$C:$C,MATCH($A15,'Source'!$B:$B,0)),"") -> גרבי נסיעות אנטיבקטריאלי | C15: =SUMIFS('Source'!$D:$D,'Source'!$A:$A,"155138 לקוח אינטרנט",'Source'!$B:$B,$A15) -> 15 | D15: =SUMIFS('Source'!$F:$F,'Source'!$A:$A,"155138 לקוח אינטרנט",'Source'!$B:$B,$A15) -> 348 | E15: =D15*$J$5 -> 439.57895 | F15: =E15-C15 -> 424.57895 | G15: =IF(AND(C15=0,E15=0),0,IF(C15=0,"New",(E15-C15)/C15)) -> 28.305263 | H15: =SUMIFS('Source'!$E:$E,'Source'!$A:$A,"155138 לקוח אינטרנט",'Source'!$B:$B,$A15) -> 1497.59 | I15: =SUMIFS('Source'!$G:$G,'Source'!$A:$A,"155138 לקוח אינטרנט",'Source'!$B:$B,$A15) -> 35869.72 | J15: =I15*$J$5 -> 45309.12 | K15: =J15-H15 -> 43811.53 | L15: =IF(AND(H15=0,J15=0),0,IF(H15=0,"New",(J15-H15)/H15)) -> 29.254689 | M15: =IF(AND(OR(C15<>0,H15<>0),D15=0,I15=0),"DROP",IF(AND(OR(D15<>0,I15<>0),C15=0,H15=0),"NEW",""))
A16: M95 | B16: =IFERROR(INDEX('Source'!$C:$C,MATCH($A16,'Source'!$B:$B,0)),"") -> איסוף מנקודת מסירה | C16: =SUMIFS('Source'!$D:$D,'Source'!$A:$A,"155138 לקוח אינטרנט",'Source'!$B:$B,$A16) -> 4978 | D16: =SUMIFS('Source'!$F:$F,'Source'!$A:$A,"155138 לקוח אינטרנט",'Source'!$B:$B,$A16) -> 3342 | E16: =D16*$J$5 -> 4221.4737 | F16: =E16-C16 -> -756.52632 | G16: =IF(AND(C16=0,E16=0),0,IF(C16=0,"New",(E16-C16)/C16)) -> -0.15197395 | H16: =SUMIFS('Source'!$E:$E,'Source'!$A:$A,"155138 לקוח אינטרנט",'Source'!$B:$B,$A16) -> 83925.83 | I16: =SUMIFS('Source'!$G:$G,'Source'!$A:$A,"155138 לקוח אינטרנט",'Source'!$B:$B,$A16) -> 51232.76 | J16: =I16*$J$5 -> 64715.065 | K16: =J16-H16 -> -19210.765 | L16: =IF(AND(H16=0,J16=0),0,IF(H16=0,"New",(J16-H16)/H16)) -> -0.22890169 | M16: =IF(AND(OR(C16<>0,H16<>0),D16=0,I16=0),"DROP",IF(AND(OR(D16<>0,I16<>0),C16=0,H16=0),"NEW",""))
A17: M94 | B17: =IFERROR(INDEX('Source'!$C:$C,MATCH($A17,'Source'!$B:$B,0)),"") -> משלוח מהיר | C17: =SUMIFS('Source'!$D:$D,'Source'!$A:$A,"155138 לקוח אינטרנט",'Source'!$B:$B,$A17) -> 1942 | D17: =SUMIFS('Source'!$F:$F,'Source'!$A:$A,"155138 לקוח אינטרנט",'Source'!$B:$B,$A17) -> 1329 | E17: =D17*$J$5 -> 1678.7368 | F17: =E17-C17 -> -263.26316 | G17: =IF(AND(C17=0,E17=0),0,IF(C17=0,"New",(E17-C17)/C17)) -> -0.1355629 | H17: =SUMIFS('Source'!$E:$E,'Source'!$A:$A,"155138 לקוח אינטרנט",'Source'!$B:$B,$A17) -> 82126.22 | I17: =SUMIFS('Source'!$G:$G,'Source'!$A:$A,"155138 לקוח אינטרנט",'Source'!$B:$B,$A17) -> 54328.93 | J17: =I17*$J$5 -> 68626.017 | K17: =J17-H17 -> -13500.203 | L17: =IF(AND(H17=0,J17=0),0,IF(H17=0,"New",(J17-H17)/H17)) -> -0.16438359 | M17: =IF(AND(OR(C17<>0,H17<>0),D17=0,I17=0),"DROP",IF(AND(OR(D17<>0,I17<>0),C17=0,H17=0),"NEW",""))
A18: MSG001FB 0 | B18: =IFERROR(INDEX('Source'!$C:$C,MATCH($A18,'Source'!$B:$B,0)),"") -> מכשיר עיסוי ויטלימד פלקסי - פלוס שחור | C18: =SUMIFS('Source'!$D:$D,'Source'!$A:$A,"155138 לקוח אינטרנט",'Source'!$B:$B,$A18) -> 0 | D18: =SUMIFS('Source'!$F:$F,'Source'!$A:$A,"155138 לקוח אינטרנט",'Source'!$B:$B,$A18) -> 25 | E18: =D18*$J$5 -> 31.578947 | F18: =E18-C18 -> 31.578947 | G18: =IF(AND(C18=0,E18=0),0,IF(C18=0,"New",(E18-C18)/C18)) -> New | H18: =SUMIFS('Source'!$E:$E,'Source'!$A:$A,"155138 לקוח אינטרנט",'Source'!$B:$B,$A18) -> 0 | I18: =SUMIFS('Source'!$G:$G,'Source'!$A:$A,"155138 לקוח אינטרנט",'Source'!$B:$B,$A18) -> 23150.68 | J18: =I18*$J$5 -> 29242.964 | K18: =J18-H18 -> 29242.964 | L18: =IF(AND(H18=0,J18=0),0,IF(H18=0,"New",(J18-H18)/H18)) -> New | M18: =IF(AND(OR(C18<>0,H18<>0),D18=0,I18=0),"DROP",IF(AND(OR(D18<>0,I18<>0),C18=0,H18=0),"NEW","")) -> NEW
A19: 397A-35-38 | B19: =IFERROR(INDEX('Source'!$C:$C,MATCH($A19,'Source'!$B:$B,0)),"") -> גרבי נסיעות אנטיבקטריאלי | C19: =SUMIFS('Source'!$D:$D,'Source'!$A:$A,"155138 לקוח אינטרנט",'Source'!$B:$B,$A19) -> 12 | D19: =SUMIFS('Source'!$F:$F,'Source'!$A:$A,"155138 לקוח אינטרנט",'Source'!$B:$B,$A19) -> 216 | E19: =D19*$J$5 -> 272.84211 | F19: =E19-C19 -> 260.84211 | G19: =IF(AND(C19=0,E19=0),0,IF(C19=0,"New",(E19-C19)/C19)) -> 21.736842 | H19: =SUMIFS('Source'!$E:$E,'Source'!$A:$A,"155138 לקוח אינטרנט",'Source'!$B:$B,$A19) -> 1234.64 | I19: =SUMIFS('Source'!$G:$G,'Source'!$A:$A,"155138 לקוח אינטרנט",'Source'!$B:$B,$A19) -> 22588 | J19: =I19*$J$5 -> 28532.211 | K19: =J19-H19 -> 27297.571 | L19: =IF(AND(H19=0,J19=0),0,IF(H19=0,"New",(J19-H19)/H19)) -> 22.109741 | M19: =IF(AND(OR(C19<>0,H19<>0),D19=0,I19=0),"DROP",IF(AND(OR(D19<>0,I19<>0),C19=0,H19=0),"NEW",""))
A20: 397-39-42 | B20: =IFERROR(INDEX('Source'!$C:$C,MATCH($A20,'Source'!$B:$B,0)),"") -> גרבי טיסה | C20: =SUMIFS('Source'!$D:$D,'Source'!$A:$A,"155138 לקוח אינטרנט",'Source'!$B:$B,$A20) -> 174 | D20: =SUMIFS('Source'!$F:$F,'Source'!$A:$A,"155138 לקוח אינטרנט",'Source'!$B:$B,$A20) -> 1 | E20: =D20*$J$5 -> 1.2631579 | F20: =E20-C20 -> -172.73684 | G20: =IF(AND(C20=0,E20=0),0,IF(C20=0,"New",(E20-C20)/C20)) -> -0.99274047 | H20: =SUMIFS('Source'!$E:$E,'Source'!$A:$A,"155138 לקוח אינטרנט",'Source'!$B:$B,$A20) -> 17260.97 | I20: =SUMIFS('Source'!$G:$G,'Source'!$A:$A,"155138 לקוח אינטרנט",'Source'!$B:$B,$A20) -> 97.17 | J20: =I20*$J$5 -> 122.74105 | K20: =J20-H20 -> -17138.229 | L20: =IF(AND(H20=0,J20=0),0,IF(H20=0,"New",(J20-H20)/H20)) -> -0.9928891 | M20: =IF(AND(OR(C20<>0,H20<>0),D20=0,I20=0),"DROP",IF(AND(OR(D20<>0,I20<>0),C20=0,H20=0),"NEW",""))
... A728: 422EB XL | B728: =IFERROR(INDEX('Source'!$C:$C,MATCH($A728,'Source'!$B:$B,0)),"") -> מגן ברך סיליקון - אנטומיק | C728: =SUMIFS('Source'!$D:$D,'Source'!$A:$A,"155138 לקוח אינטרנט",'Source'!$B:$B,$A728) -> 1 | D728: =SUMIFS('Source'!$F:$F,'Source'!$A:$A,"155138 לקוח אינטרנט",'Source'!$B:$B,$A728) -> 1 | E728: =D728*$J$5 -> 1.2631579 | F728: =E728-C728 -> 0.26315789 | G728: =IF(AND(C728=0,E728=0),0,IF(C728=0,"New",(E728-C728)/C728)) -> 0.26315789 | H728: =SUMIFS('Source'!$E:$E,'Source'!$A:$A,"155138 לקוח אינטרנט",'Source'!$B:$B,$A728) -> 367.71 | I728: =SUMIFS('Source'!$G:$G,'Source'!$A:$A,"155138 לקוח אינטרנט",'Source'!$B:$B,$A728) -> 367.71 | J728: =I728*$J$5 -> 464.47579 | K728: =J728-H728 -> 96.765789 | L728: =IF(AND(H728=0,J728=0),0,IF(H728=0,"New",(J728-H728)/H728)) -> 0.26315789 | M728: =IF(AND(OR(C728<>0,H728<>0),D728=0,I728=0),"DROP",IF(AND(OR(D728<>0,I728<>0),C728=0,H728=0),"NEW",""))
B730: TOTAL | C730: =SUM(C9:C728) -> 20444 | D730: =SUM(D9:D728) -> 28580 | E730: =SUM(E9:E728) -> 36101.053 | F730: =SUM(F9:F728) -> 15657.053 | G730: =IF(C730=0,"N/A",F730/C730) -> 0.76585075 | H730: =SUM(H9:H728) -> 1655344.3 | I730: =SUM(I9:I728) -> 3196334.6 | J730: =SUM(J9:J728) -> 4037475.3 | K730: =SUM(K9:K728) -> 2382131 | L730: =IF(H730=0,"N/A",K730/H730) -> 1.4390547

Sheet 160251 AMAZON
A1: Sales Comparison 2025 vs 2026 (Annualized) - Customer: 160251 AMAZON (by Product CODE)
A2: Calculation date: | B2: 46284
A3: Source: NetSuite report "1-Sales: Customer by Item" (01/01/2025-31/12/2026), customer = "160251 AMAZON" only (exact match on the "Customer" column). Product CODE = column "Item: Name" (F in the original report) - NOT "Item: Name (Grouped)" (E), which carries a PARENT prefix. 2025 = columns J/K (Quantity/Amount Net); 2026 = columns O/P. Multiple rows per CODE per customer (one per unit-price tier) are summed (SUMIFS) per CODE, not taken from a single row. Raw rows kept unchanged in the shared "Source" sheet (filtered to only these 16 customers, not the full 32,141-row report). IMPORTANT: the source file’s own header states the report range as "01 January 2025 - 31 December 2026", but has no per-row date/timestamp field, so the exact 2026 cutoff cannot be verified from the data itself. Same assumption used across this whole workbook for consistency: 2026 actual covers approximately 9.5 months (1 Jan - 15 Sep).
A4: Annualization note: 2026 actual data is assumed to cover approximately 9.5 months (1 Jan - 15 Sep 2026), consistent with the rest of this workbook. Scaled to a full year via a simple linear factor = 12 / 9.5 (≈ 1.263158) - straight-line extrapolation, does NOT account for seasonality. Treat as an estimate. | I4: Months in full year: | J4: 12 | K4: Months covered by 2026 actual (assumed 1/1–15/9): | L4: 9.5
A5: # DROP (sold 2025, 0 in 2026): | B5: =SUMPRODUCT(--(((C9:C87<>0)+(H9:H87<>0)>0)*((D9:D87=0)*(I9:I87=0)))) -> 17 | C5: # NEW (sold 2026, 0 in 2025): | D5: =SUMPRODUCT(--(((D9:D87<>0)+(I9:I87<>0)>0)*((C9:C87=0)*(H9:H87=0)))) -> 6 | I5: Normalization factor (J4/L4): | J5: =J4/L4 -> 1.2631579
A6: DROP — Quantity 2025: | B6: =SUMPRODUCT(--(((C9:C87<>0)+(H9:H87<>0)>0)*((D9:D87=0)*(I9:I87=0)))*C9:C87) -> 448 | C6: DROP — Amount 2025 (₪): | D6: =SUMPRODUCT(--(((C9:C87<>0)+(H9:H87<>0)>0)*((D9:D87=0)*(I9:I87=0)))*H9:H87) -> 94856.4 | E6: NEW — Quantity 2026: | F6: =SUMPRODUCT(--(((D9:D87<>0)+(I9:I87<>0)>0)*((C9:C87=0)*(H9:H87=0)))*D9:D87) -> 47 | G6: NEW — Amount 2026 (₪): | H6: =SUMPRODUCT(--(((D9:D87<>0)+(I9:I87<>0)>0)*((C9:C87=0)*(H9:H87=0)))*I9:I87) -> 3274.06
A8: Product Code | B8: Item Display Name | C8: Quantity 2025 | D8: Quantity 2026 (Actual, partial year) | E8: Quantity 2026 (Annualized) | F8: Quantity Change (Annualized vs 2025) | G8: Quantity Change % (Annualized vs 2025) | H8: Amount 2025 (₪) | I8: Amount 2026 (Actual, partial year) (₪) | J8: Amount 2026 (Annualized) (₪) | K8: Amount Change (Annualized vs 2025) (₪) | L8: Amount Change % (Annualized vs 2025) | M8: Note
A9: FC342 0 | B9: =IFERROR(INDEX('Source'!$C:$C,MATCH($A9,'Source'!$B:$B,0)),"") -> נוזל לריכוך ציפורן חודרנית | C9: =SUMIFS('Source'!$D:$D,'Source'!$A:$A,"160251 AMAZON",'Source'!$B:$B,$A9) -> 16341 | D9: =SUMIFS('Source'!$F:$F,'Source'!$A:$A,"160251 AMAZON",'Source'!$B:$B,$A9) -> 11785 | E9: =D9*$J$5 -> 14886.316 | F9: =E9-C9 -> -1454.6842 | G9: =IF(AND(C9=0,E9=0),0,IF(C9=0,"New",(E9-C9)/C9)) -> -0.089020513 | H9: =SUMIFS('Source'!$E:$E,'Source'!$A:$A,"160251 AMAZON",'Source'!$B:$B,$A9) -> 1097384.5 | I9: =SUMIFS('Source'!$G:$G,'Source'!$A:$A,"160251 AMAZON",'Source'!$B:$B,$A9) -> 705962.26 | J9: =I9*$J$5 -> 891741.8 | K9: =J9-H9 -> -205642.68 | L9: =IF(AND(H9=0,J9=0),0,IF(H9=0,"New",(J9-H9)/H9)) -> -0.18739346 | M9: =IF(AND(OR(C9<>0,H9<>0),D9=0,I9=0),"DROP",IF(AND(OR(D9<>0,I9<>0),C9=0,H9=0),"NEW",""))
A10: EC-59R M | B10: =IFERROR(INDEX('Source'!$C:$C,MATCH($A10,'Source'!$B:$B,0)),"") -> חגורת שבר | C10: =SUMIFS('Source'!$D:$D,'Source'!$A:$A,"160251 AMAZON",'Source'!$B:$B,$A10) -> 1141 | D10: =SUMIFS('Source'!$F:$F,'Source'!$A:$A,"160251 AMAZON",'Source'!$B:$B,$A10) -> 343 | E10: =D10*$J$5 -> 433.26316 | F10: =E10-C10 -> -707.73684 | G10: =IF(AND(C10=0,E10=0),0,IF(C10=0,"New",(E10-C10)/C10)) -> -0.62027769 | H10: =SUMIFS('Source'!$E:$E,'Source'!$A:$A,"160251 AMAZON",'Source'!$B:$B,$A10) -> 191075.16 | I10: =SUMIFS('Source'!$G:$G,'Source'!$A:$A,"160251 AMAZON",'Source'!$B:$B,$A10) -> 55207.3 | J10: =I10*$J$5 -> 69735.537 | K10: =J10-H10 -> -121339.62 | L10: =IF(AND(H10=0,J10=0),0,IF(H10=0,"New",(J10-H10)/H10)) -> -0.63503609 | M10: =IF(AND(OR(C10<>0,H10<>0),D10=0,I10=0),"DROP",IF(AND(OR(D10<>0,I10<>0),C10=0,H10=0),"NEW",""))
A11: EC-59L M | B11: =IFERROR(INDEX('Source'!$C:$C,MATCH($A11,'Source'!$B:$B,0)),"") -> חגורת שבר | C11: =SUMIFS('Source'!$D:$D,'Source'!$A:$A,"160251 AMAZON",'Source'!$B:$B,$A11) -> 670 | D11: =SUMIFS('Source'!$F:$F,'Source'!$A:$A,"160251 AMAZON",'Source'!$B:$B,$A11) -> 313 | E11: =D11*$J$5 -> 395.36842 | F11: =E11-C11 -> -274.63158 | G11: =IF(AND(C11=0,E11=0),0,IF(C11=0,"New",(E11-C11)/C11)) -> -0.40989788 | H11: =SUMIFS('Source'!$E:$E,'Source'!$A:$A,"160251 AMAZON",'Source'!$B:$B,$A11) -> 119782.01 | I11: =SUMIFS('Source'!$G:$G,'Source'!$A:$A,"160251 AMAZON",'Source'!$B:$B,$A11) -> 49927.51 | J11: =I11*$J$5 -> 63066.328 | K11: =J11-H11 -> -56715.682 | L11: =IF(AND(H11=0,J11=0),0,IF(H11=0,"New",(J11-H11)/H11)) -> -0.47349082 | M11: =IF(AND(OR(C11<>0,H11<>0),D11=0,I11=0),"DROP",IF(AND(OR(D11<>0,I11<>0),C11=0,H11=0),"NEW",""))
A12: EC-59R S | B12: =IFERROR(INDEX('Source'!$C:$C,MATCH($A12,'Source'!$B:$B,0)),"") -> חגורת שבר | C12: =SUMIFS('Source'!$D:$D,'Source'!$A:$A,"160251 AMAZON",'Source'!$B:$B,$A12) -> 502 | D12: =SUMIFS('Source'!$F:$F,'Source'!$A:$A,"160251 AMAZON",'Source'!$B:$B,$A12) -> 189 | E12: =D12*$J$5 -> 238.73684 | F12: =E12-C12 -> -263.26316 | G12: =IF(AND(C12=0,E12=0),0,IF(C12=0,"New",(E12-C12)/C12)) -> -0.5244286 | H12: =SUMIFS('Source'!$E:$E,'Source'!$A:$A,"160251 AMAZON",'Source'!$B:$B,$A12) -> 92438.48 | I12: =SUMIFS('Source'!$G:$G,'Source'!$A:$A,"160251 AMAZON",'Source'!$B:$B,$A12) -> 30425.69 | J12: =I12*$J$5 -> 38432.451 | K12: =J12-H12 -> -54006.029 | L12: =IF(AND(H12=0,J12=0),0,IF(H12=0,"New",(J12-H12)/H12)) -> -0.58423753 | M12: =IF(AND(OR(C12<>0,H12<>0),D12=0,I12=0),"DROP",IF(AND(OR(D12<>0,I12<>0),C12=0,H12=0),"NEW",""))
A13: FC3422 0 | B13: =IFERROR(INDEX('Source'!$C:$C,MATCH($A13,'Source'!$B:$B,0)),"") -> נוזל לריכוך ציפורן חודרנית | C13: =SUMIFS('Source'!$D:$D,'Source'!$A:$A,"160251 AMAZON",'Source'!$B:$B,$A13) -> 1355 | D13: =SUMIFS('Source'!$F:$F,'Source'!$A:$A,"160251 AMAZON",'Source'!$B:$B,$A13) -> 750 | E13: =D13*$J$5 -> 947.36842 | F13: =E13-C13 -> -407.63158 | G13: =IF(AND(C13=0,E13=0),0,IF(C13=0,"New",(E13-C13)/C13)) -> -0.30083511 | H13: =SUMIFS('Source'!$E:$E,'Source'!$A:$A,"160251 AMAZON",'Source'!$B:$B,$A13) -> 109768.29 | I13: =SUMIFS('Source'!$G:$G,'Source'!$A:$A,"160251 AMAZON",'Source'!$B:$B,$A13) -> 56592.53 | J13: =I13*$J$5 -> 71485.301 | K13: =J13-H13 -> -38282.989 | L13: =IF(AND(H13=0,J13=0),0,IF(H13=0,"New",(J13-H13)/H13)) -> -0.34876182 | M13: =IF(AND(OR(C13<>0,H13<>0),D13=0,I13=0),"DROP",IF(AND(OR(D13<>0,I13<>0),C13=0,H13=0),"NEW",""))
A14: FC342K 0 | B14: =IFERROR(INDEX('Source'!$C:$C,MATCH($A14,'Source'!$B:$B,0)),"") -> קיט טיפות + 365 XL | C14: =SUMIFS('Source'!$D:$D,'Source'!$A:$A,"160251 AMAZON",'Source'!$B:$B,$A14) -> 1189 | D14: =SUMIFS('Source'!$F:$F,'Source'!$A:$A,"160251 AMAZON",'Source'!$B:$B,$A14) -> 475 | E14: =D14*$J$5 -> 600 | F14: =E14-C14 -> -589 | G14: =IF(AND(C14=0,E14=0),0,IF(C14=0,"New",(E14-C14)/C14)) -> -0.49537426 | H14: =SUMIFS('Source'!$E:$E,'Source'!$A:$A,"160251 AMAZON",'Source'!$B:$B,$A14) -> 85731.85 | I14: =SUMIFS('Source'!$G:$G,'Source'!$A:$A,"160251 AMAZON",'Source'!$B:$B,$A14) -> 32628.14 | J14: =I14*$J$5 -> 41214.493 | K14: =J14-H14 -> -44517.357 | L14: =IF(AND(H14=0,J14=0),0,IF(H14=0,"New",(J14-H14)/H14)) -> -0.51926276 | M14: =IF(AND(OR(C14<>0,H14<>0),D14=0,I14=0),"DROP",IF(AND(OR(D14<>0,I14<>0),C14=0,H14=0),"NEW",""))
A15: EC-59R L | B15: =IFERROR(INDEX('Source'!$C:$C,MATCH($A15,'Source'!$B:$B,0)),"") -> חגורת שבר | C15: =SUMIFS('Source'!$D:$D,'Source'!$A:$A,"160251 AMAZON",'Source'!$B:$B,$A15) -> 403 | D15: =SUMIFS('Source'!$F:$F,'Source'!$A:$A,"160251 AMAZON",'Source'!$B:$B,$A15) -> 141 | E15: =D15*$J$5 -> 178.10526 | F15: =E15-C15 -> -224.89474 | G15: =IF(AND(C15=0,E15=0),0,IF(C15=0,"New",(E15-C15)/C15)) -> -0.55805146 | H15: =SUMIFS('Source'!$E:$E,'Source'!$A:$A,"160251 AMAZON",'Source'!$B:$B,$A15) -> 73333.84 | I15: =SUMIFS('Source'!$G:$G,'Source'!$A:$A,"160251 AMAZON",'Source'!$B:$B,$A15) -> 22516.1 | J15: =I15*$J$5 -> 28441.389 | K15: =J15-H15 -> -44892.451 | L15: =IF(AND(H15=0,J15=0),0,IF(H15=0,"New",(J15-H15)/H15)) -> -0.61216555 | M15: =IF(AND(OR(C15<>0,H15<>0),D15=0,I15=0),"DROP",IF(AND(OR(D15<>0,I15<>0),C15=0,H15=0),"NEW",""))
A16: EC-59RB M | B16: =IFERROR(INDEX('Source'!$C:$C,MATCH($A16,'Source'!$B:$B,0)),"") -> חגורת שבר שחור | C16: =SUMIFS('Source'!$D:$D,'Source'!$A:$A,"160251 AMAZON",'Source'!$B:$B,$A16) -> 769 | D16: =SUMIFS('Source'!$F:$F,'Source'!$A:$A,"160251 AMAZON",'Source'!$B:$B,$A16) -> 1146 | E16: =D16*$J$5 -> 1447.5789 | F16: =E16-C16 -> 678.57895 | G16: =IF(AND(C16=0,E16=0),0,IF(C16=0,"New",(E16-C16)/C16)) -> 0.88241736 | H16: =SUMIFS('Source'!$E:$E,'Source'!$A:$A,"160251 AMAZON",'Source'!$B:$B,$A16) -> 135894.77 | I16: =SUMIFS('Source'!$G:$G,'Source'!$A:$A,"160251 AMAZON",'Source'!$B:$B,$A16) -> 183863.79 | J16: =I16*$J$5 -> 232249 | K16: =J16-H16 -> 96354.228 | L16: =IF(AND(H16=0,J16=0),0,IF(H16=0,"New",(J16-H16)/H16)) -> 0.70903559 | M16: =IF(AND(OR(C16<>0,H16<>0),D16=0,I16=0),"DROP",IF(AND(OR(D16<>0,I16<>0),C16=0,H16=0),"NEW",""))
A17: EC-DIFF | B17: =IFERROR(INDEX('Source'!$C:$C,MATCH($A17,'Source'!$B:$B,0)),"") -> הפרשים אמזון | C17: =SUMIFS('Source'!$D:$D,'Source'!$A:$A,"160251 AMAZON",'Source'!$B:$B,$A17) -> 0 | D17: =SUMIFS('Source'!$F:$F,'Source'!$A:$A,"160251 AMAZON",'Source'!$B:$B,$A17) -> 0 | E17: =D17*$J$5 -> 0 | F17: =E17-C17 -> 0 | G17: =IF(AND(C17=0,E17=0),0,IF(C17=0,"New",(E17-C17)/C17)) -> 0 | H17: =SUMIFS('Source'!$E:$E,'Source'!$A:$A,"160251 AMAZON",'Source'!$B:$B,$A17) -> 42266.02 | I17: =SUMIFS('Source'!$G:$G,'Source'!$A:$A,"160251 AMAZON",'Source'!$B:$B,$A17) -> 0 | J17: =I17*$J$5 -> 0 | K17: =J17-H17 -> -42266.02 | L17: =IF(AND(H17=0,J17=0),0,IF(H17=0,"New",(J17-H17)/H17)) -> -1 | M17: =IF(AND(OR(C17<>0,H17<>0),D17=0,I17=0),"DROP",IF(AND(OR(D17<>0,I17<>0),C17=0,H17=0),"NEW","")) -> DROP
A18: EC-59D M | B18: =IFERROR(INDEX('Source'!$C:$C,MATCH($A18,'Source'!$B:$B,0)),"") -> חגורת שבר | C18: =SUMIFS('Source'!$D:$D,'Source'!$A:$A,"160251 AMAZON",'Source'!$B:$B,$A18) -> 346 | D18: =SUMIFS('Source'!$F:$F,'Source'!$A:$A,"160251 AMAZON",'Source'!$B:$B,$A18) -> 147 | E18: =D18*$J$5 -> 185.68421 | F18: =E18-C18 -> -160.31579 | G18: =IF(AND(C18=0,E18=0),0,IF(C18=0,"New",(E18-C18)/C18)) -> -0.46334043 | H18: =SUMIFS('Source'!$E:$E,'Source'!$A:$A,"160251 AMAZON",'Source'!$B:$B,$A18) -> 66008.37 | I18: =SUMIFS('Source'!$G:$G,'Source'!$A:$A,"160251 AMAZON",'Source'!$B:$B,$A18) -> 24805.76 | J18: =I18*$J$5 -> 31333.592 | K18: =J18-H18 -> -34674.778 | L18: =IF(AND(H18=0,J18=0),0,IF(H18=0,"New",(J18-H18)/H18)) -> -0.52530881 | M18: =IF(AND(OR(C18<>0,H18<>0),D18=0,I18=0),"DROP",IF(AND(OR(D18<>0,I18<>0),C18=0,H18=0),"NEW",""))
A19: EC-11STO XXL | B19: =IFERROR(INDEX('Source'!$C:$C,MATCH($A19,'Source'!$B:$B,0)),"") -> חגורה אחרי ניתוח | C19: =SUMIFS('Source'!$D:$D,'Source'!$A:$A,"160251 AMAZON",'Source'!$B:$B,$A19) -> 224 | D19: =SUMIFS('Source'!$F:$F,'Source'!$A:$A,"160251 AMAZON",'Source'!$B:$B,$A19) -> 61 | E19: =D19*$J$5 -> 77.052632 | F19: =E19-C19 -> -146.94737 | G19: =IF(AND(C19=0,E19=0),0,IF(C19=0,"New",(E19-C19)/C19)) -> -0.65601504 | H19: =SUMIFS('Source'!$E:$E,'Source'!$A:$A,"160251 AMAZON",'Source'!$B:$B,$A19) -> 30949.19 | I19: =SUMIFS('Source'!$G:$G,'Source'!$A:$A,"160251 AMAZON",'Source'!$B:$B,$A19) -> 8220.14 | J19: =I19*$J$5 -> 10383.335 | K19: =J19-H19 -> -20565.855 | L19: =IF(AND(H19=0,J19=0),0,IF(H19=0,"New",(J19-H19)/H19)) -> -0.66450383 | M19: =IF(AND(OR(C19<>0,H19<>0),D19=0,I19=0),"DROP",IF(AND(OR(D19<>0,I19<>0),C19=0,H19=0),"NEW",""))
A20: EC-59L L | B20: =IFERROR(INDEX('Source'!$C:$C,MATCH($A20,'Source'!$B:$B,0)),"") -> חגורת שבר | C20: =SUMIFS('Source'!$D:$D,'Source'!$A:$A,"160251 AMAZON",'Source'!$B:$B,$A20) -> 225 | D20: =SUMIFS('Source'!$F:$F,'Source'!$A:$A,"160251 AMAZON",'Source'!$B:$B,$A20) -> 114 | E20: =D20*$J$5 -> 144 | F20: =E20-C20 -> -81 | G20: =IF(AND(C20=0,E20=0),0,IF(C20=0,"New",(E20-C20)/C20)) -> -0.36 | H20: =SUMIFS('Source'!$E:$E,'Source'!$A:$A,"160251 AMAZON",'Source'!$B:$B,$A20) -> 41045.21 | I20: =SUMIFS('Source'!$G:$G,'Source'!$A:$A,"160251 AMAZON",'Source'!$B:$B,$A20) -> 18620.98 | J20: =I20*$J$5 -> 23521.238 | K20: =J20-H20 -> -17523.972 | L20: =IF(AND(H20=0,J20=0),0,IF(H20=0,"New",(J20-H20)/H20)) -> -0.42694317 | M20: =IF(AND(OR(C20<>0,H20<>0),D20=0,I20=0),"DROP",IF(AND(OR(D20<>0,I20<>0),C20=0,H20=0),"NEW",""))
... A87: FC3162 0 | B87: =IFERROR(INDEX('Source'!$C:$C,MATCH($A87,'Source'!$B:$B,0)),"") -> קרם לרגלים X 3 | C87: =SUMIFS('Source'!$D:$D,'Source'!$A:$A,"160251 AMAZON",'Source'!$B:$B,$A87) -> 1 | D87: =SUMIFS('Source'!$F:$F,'Source'!$A:$A,"160251 AMAZON",'Source'!$B:$B,$A87) -> 0 | E87: =D87*$J$5 -> 0 | F87: =E87-C87 -> -1 | G87: =IF(AND(C87=0,E87=0),0,IF(C87=0,"New",(E87-C87)/C87)) -> -1 | H87: =SUMIFS('Source'!$E:$E,'Source'!$A:$A,"160251 AMAZON",'Source'!$B:$B,$A87) -> 46.39 | I87: =SUMIFS('Source'!$G:$G,'Source'!$A:$A,"160251 AMAZON",'Source'!$B:$B,$A87) -> 0 | J87: =I87*$J$5 -> 0 | K87: =J87-H87 -> -46.39 | L87: =IF(AND(H87=0,J87=0),0,IF(H87=0,"New",(J87-H87)/H87)) -> -1 | M87: =IF(AND(OR(C87<>0,H87<>0),D87=0,I87=0),"DROP",IF(AND(OR(D87<>0,I87<>0),C87=0,H87=0),"NEW","")) -> DROP
B89: TOTAL | C89: =SUM(C9:C87) -> 27158 | D89: =SUM(D9:D87) -> 18808 | E89: =SUM(E9:E87) -> 23757.474 | F89: =SUM(F9:F87) -> -3400.5263 | G89: =IF(C89=0,"N/A",F89/C89) -> -0.12521269 | H89: =SUM(H9:H87) -> 2705391.2 | I89: =SUM(I9:I87) -> 1632890.8 | J89: =SUM(J9:J87) -> 2062598.9 | K89: =SUM(K9:K87) -> -642792.29 | L89: =IF(H89=0,"N/A",K89/H89) -> -0.2375968

Sheet 150390 סופר פארם ישראל
A1: Sales Comparison 2025 vs 2026 (Annualized) - Customer: 150390 סופר פארם ישראל (by Product CODE)
A2: Calculation date: | B2: 46284
A3: Source: NetSuite report "1-Sales: Customer by Item" (01/01/2025-31/12/2026), customer = "150390 סופר פארם ישראל" only (exact match on the "Customer" column). Product CODE = column "Item: Name" (F in the original report) - NOT "Item: Name (Grouped)" (E), which carries a PARENT prefix. 2025 = columns J/K (Quantity/Amount Net); 2026 = columns O/P. Multiple rows per CODE per customer (one per unit-price tier) are summed (SUMIFS) per CODE, not taken from a single row. Raw rows kept unchanged in the shared "Source" sheet (filtered to only these 16 customers, not the full 32,141-row report). IMPORTANT: the source file’s own header states the report range as "01 January 2025 - 31 December 2026", but has no per-row date/timestamp field, so the exact 2026 cutoff cannot be verified from the data itself. Same assumption used across this whole workbook for consistency: 2026 actual covers approximately 9.5 months (1 Jan - 15 Sep).
A4: Annualization note: 2026 actual data is assumed to cover approximately 9.5 months (1 Jan - 15 Sep 2026), consistent with the rest of this workbook. Scaled to a full year via a simple linear factor = 12 / 9.5 (≈ 1.263158) - straight-line extrapolation, does NOT account for seasonality. Treat as an estimate. | I4: Months in full year: | J4: 12 | K4: Months covered by 2026 actual (assumed 1/1–15/9): | L4: 9.5
A5: # DROP (sold 2025, 0 in 2026): | B5: =SUMPRODUCT(--(((C9:C29<>0)+(H9:H29<>0)>0)*((D9:D29=0)*(I9:I29=0)))) -> 1 | C5: # NEW (sold 2026, 0 in 2025): | D5: =SUMPRODUCT(--(((D9:D29<>0)+(I9:I29<>0)>0)*((C9:C29=0)*(H9:H29=0)))) -> 0 | I5: Normalization factor (J4/L4): | J5: =J4/L4 -> 1.2631579
A6: DROP — Quantity 2025: | B6: =SUMPRODUCT(--(((C9:C29<>0)+(H9:H29<>0)>0)*((D9:D29=0)*(I9:I29=0)))*C9:C29) -> 0 | C6: DROP — Amount 2025 (₪): | D6: =SUMPRODUCT(--(((C9:C29<>0)+(H9:H29<>0)>0)*((D9:D29=0)*(I9:I29=0)))*H9:H29) -> 7427.59 | E6: NEW — Quantity 2026: | F6: =SUMPRODUCT(--(((D9:D29<>0)+(I9:I29<>0)>0)*((C9:C29=0)*(H9:H29=0)))*D9:D29) -> 0 | G6: NEW — Amount 2026 (₪): | H6: =SUMPRODUCT(--(((D9:D29<>0)+(I9:I29<>0)>0)*((C9:C29=0)*(H9:H29=0)))*I9:I29) -> 0
A8: Product Code | B8: Item Display Name | C8: Quantity 2025 | D8: Quantity 2026 (Actual, partial year) | E8: Quantity 2026 (Annualized) | F8: Quantity Change (Annualized vs 2025) | G8: Quantity Change % (Annualized vs 2025) | H8: Amount 2025 (₪) | I8: Amount 2026 (Actual, partial year) (₪) | J8: Amount 2026 (Annualized) (₪) | K8: Amount Change (Annualized vs 2025) (₪) | L8: Amount Change % (Annualized vs 2025) | M8: Note
A9: LU3655 0 | B9: =IFERROR(INDEX('Source'!$C:$C,MATCH($A9,'Source'!$B:$B,0)),"") -> שרוול מסיליקון ל | C9: =SUMIFS('Source'!$D:$D,'Source'!$A:$A,"150390 סופר פארם ישראל",'Source'!$B:$B,$A9) -> 17820 | D9: =SUMIFS('Source'!$F:$F,'Source'!$A:$A,"150390 סופר פארם ישראל",'Source'!$B:$B,$A9) -> 3000 | E9: =D9*$J$5 -> 3789.4737 | F9: =E9-C9 -> -14030.526 | G9: =IF(AND(C9=0,E9=0),0,IF(C9=0,"New",(E9-C9)/C9)) -> -0.78734716 | H9: =SUMIFS('Source'!$E:$E,'Source'!$A:$A,"150390 סופר פארם ישראל",'Source'!$B:$B,$A9) -> 219007.8 | I9: =SUMIFS('Source'!$G:$G,'Source'!$A:$A,"150390 סופר פארם ישראל",'Source'!$B:$B,$A9) -> 36870 | J9: =I9*$J$5 -> 46572.632 | K9: =J9-H9 -> -172435.17 | L9: =IF(AND(H9=0,J9=0),0,IF(H9=0,"New",(J9-H9)/H9)) -> -0.78734716 | M9: =IF(AND(OR(C9<>0,H9<>0),D9=0,I9=0),"DROP",IF(AND(OR(D9<>0,I9<>0),C9=0,H9=0),"NEW",""))
A10: LU370 0 | B10: =IFERROR(INDEX('Source'!$C:$C,MATCH($A10,'Source'!$B:$B,0)),"") -> רפידת נוחות | C10: =SUMIFS('Source'!$D:$D,'Source'!$A:$A,"150390 סופר פארם ישראל",'Source'!$B:$B,$A10) -> 14000 | D10: =SUMIFS('Source'!$F:$F,'Source'!$A:$A,"150390 סופר פארם ישראל",'Source'!$B:$B,$A10) -> 6000 | E10: =D10*$J$5 -> 7578.9474 | F10: =E10-C10 -> -6421.0526 | G10: =IF(AND(C10=0,E10=0),0,IF(C10=0,"New",(E10-C10)/C10)) -> -0.45864662 | H10: =SUMIFS('Source'!$E:$E,'Source'!$A:$A,"150390 סופר פארם ישראל",'Source'!$B:$B,$A10) -> 105840 | I10: =SUMIFS('Source'!$G:$G,'Source'!$A:$A,"150390 סופר פארם ישראל",'Source'!$B:$B,$A10) -> 45360 | J10: =I10*$J$5 -> 57296.842 | K10: =J10-H10 -> -48543.158 | L10: =IF(AND(H10=0,J10=0),0,IF(H10=0,"New",(J10-H10)/H10)) -> -0.45864662 | M10: =IF(AND(OR(C10<>0,H10<>0),D10=0,I10=0),"DROP",IF(AND(OR(D10<>0,I10<>0),C10=0,H10=0),"NEW",""))
A11: LU372 0 | B11: =IFERROR(INDEX('Source'!$C:$C,MATCH($A11,'Source'!$B:$B,0)),"") -> רפידת אנטי-ריח | C11: =SUMIFS('Source'!$D:$D,'Source'!$A:$A,"150390 סופר פארם ישראל",'Source'!$B:$B,$A11) -> 9600 | D11: =SUMIFS('Source'!$F:$F,'Source'!$A:$A,"150390 סופר פארם ישראל",'Source'!$B:$B,$A11) -> 4800 | E11: =D11*$J$5 -> 6063.1579 | F11: =E11-C11 -> -3536.8421 | G11: =IF(AND(C11=0,E11=0),0,IF(C11=0,"New",(E11-C11)/C11)) -> -0.36842105 | H11: =SUMIFS('Source'!$E:$E,'Source'!$A:$A,"150390 סופר פארם ישראל",'Source'!$B:$B,$A11) -> 93888 | I11: =SUMIFS('Source'!$G:$G,'Source'!$A:$A,"150390 סופר פארם ישראל",'Source'!$B:$B,$A11) -> 46944 | J11: =I11*$J$5 -> 59297.684 | K11: =J11-H11 -> -34590.316 | L11: =IF(AND(H11=0,J11=0),0,IF(H11=0,"New",(J11-H11)/H11)) -> -0.36842105 | M11: =IF(AND(OR(C11<>0,H11<>0),D11=0,I11=0),"DROP",IF(AND(OR(D11<>0,I11<>0),C11=0,H11=0),"NEW",""))
A12: LU3641 0 | B12: =IFERROR(INDEX('Source'!$C:$C,MATCH($A12,'Source'!$B:$B,0)),"") -> מיישר בוהן | C12: =SUMIFS('Source'!$D:$D,'Source'!$A:$A,"150390 סופר פארם ישראל",'Source'!$B:$B,$A12) -> 3780 | D12: =SUMIFS('Source'!$F:$F,'Source'!$A:$A,"150390 סופר פארם ישראל",'Source'!$B:$B,$A12) -> 1010 | E12: =D12*$J$5 -> 1275.7895 | F12: =E12-C12 -> -2504.2105 | G12: =IF(AND(C12=0,E12=0),0,IF(C12=0,"New",(E12-C12)/C12)) -> -0.66248956 | H12: =SUMIFS('Source'!$E:$E,'Source'!$A:$A,"150390 סופר פארם ישראל",'Source'!$B:$B,$A12) -> 53751.6 | I12: =SUMIFS('Source'!$G:$G,'Source'!$A:$A,"150390 סופר פארם ישראל",'Source'!$B:$B,$A12) -> 14362.2 | J12: =I12*$J$5 -> 18141.726 | K12: =J12-H12 -> -35609.874 | L12: =IF(AND(H12=0,J12=0),0,IF(H12=0,"New",(J12-H12)/H12)) -> -0.66248956 | M12: =IF(AND(OR(C12<>0,H12<>0),D12=0,I12=0),"DROP",IF(AND(OR(D12<>0,I12<>0),C12=0,H12=0),"NEW",""))
A13: LUPD340 0 | B13: =IFERROR(INDEX('Source'!$C:$C,MATCH($A13,'Source'!$B:$B,0)),"") -> קוצץ ציפורניים | C13: =SUMIFS('Source'!$D:$D,'Source'!$A:$A,"150390 סופר פארם ישראל",'Source'!$B:$B,$A13) -> 5400 | D13: =SUMIFS('Source'!$F:$F,'Source'!$A:$A,"150390 סופר פארם ישראל",'Source'!$B:$B,$A13) -> 1800 | E13: =D13*$J$5 -> 2273.6842 | F13: =E13-C13 -> -3126.3158 | G13: =IF(AND(C13=0,E13=0),0,IF(C13=0,"New",(E13-C13)/C13)) -> -0.57894737 | H13: =SUMIFS('Source'!$E:$E,'Source'!$A:$A,"150390 סופר פארם ישראל",'Source'!$B:$B,$A13) -> 47844 | I13: =SUMIFS('Source'!$G:$G,'Source'!$A:$A,"150390 סופר פארם ישראל",'Source'!$B:$B,$A13) -> 15948 | J13: =I13*$J$5 -> 20144.842 | K13: =J13-H13 -> -27699.158 | L13: =IF(AND(H13=0,J13=0),0,IF(H13=0,"New",(J13-H13)/H13)) -> -0.57894737 | M13: =IF(AND(OR(C13<>0,H13<>0),D13=0,I13=0),"DROP",IF(AND(OR(D13<>0,I13<>0),C13=0,H13=0),"NEW",""))
A14: LUPD342 0 | B14: =IFERROR(INDEX('Source'!$C:$C,MATCH($A14,'Source'!$B:$B,0)),"") -> פומפיה להסרת עור | C14: =SUMIFS('Source'!$D:$D,'Source'!$A:$A,"150390 סופר פארם ישראל",'Source'!$B:$B,$A14) -> 4152 | D14: =SUMIFS('Source'!$F:$F,'Source'!$A:$A,"150390 סופר פארם ישראל",'Source'!$B:$B,$A14) -> 2400 | E14: =D14*$J$5 -> 3031.5789 | F14: =E14-C14 -> -1120.4211 | G14: =IF(AND(C14=0,E14=0),0,IF(C14=0,"New",(E14-C14)/C14)) -> -0.26985093 | H14: =SUMIFS('Source'!$E:$E,'Source'!$A:$A,"150390 סופר פארם ישראל",'Source'!$B:$B,$A14) -> 73822.56 | I14: =SUMIFS('Source'!$G:$G,'Source'!$A:$A,"150390 סופר פארם ישראל",'Source'!$B:$B,$A14) -> 42672 | J14: =I14*$J$5 -> 53901.474 | K14: =J14-H14 -> -19921.086 | L14: =IF(AND(H14=0,J14=0),0,IF(H14=0,"New",(J14-H14)/H14)) -> -0.26985093 | M14: =IF(AND(OR(C14<>0,H14<>0),D14=0,I14=0),"DROP",IF(AND(OR(D14<>0,I14<>0),C14=0,H14=0),"NEW",""))
A15: LU374 0 | B15: =IFERROR(INDEX('Source'!$C:$C,MATCH($A15,'Source'!$B:$B,0)),"") -> רפידה בולמת זעזועים | C15: =SUMIFS('Source'!$D:$D,'Source'!$A:$A,"150390 סופר פארם ישראל",'Source'!$B:$B,$A15) -> 9000 | D15: =SUMIFS('Source'!$F:$F,'Source'!$A:$A,"150390 סופר פארם ישראל",'Source'!$B:$B,$A15) -> 6000 | E15: =D15*$J$5 -> 7578.9474 | F15: =E15-C15 -> -1421.0526 | G15: =IF(AND(C15=0,E15=0),0,IF(C15=0,"New",(E15-C15)/C15)) -> -0.15789474 | H15: =SUMIFS('Source'!$E:$E,'Source'!$A:$A,"150390 סופר פארם ישראל",'Source'!$B:$B,$A15) -> 88020 | I15: =SUMIFS('Source'!$G:$G,'Source'!$A:$A,"150390 סופר פארם ישראל",'Source'!$B:$B,$A15) -> 58680 | J15: =I15*$J$5 -> 74122.105 | K15: =J15-H15 -> -13897.895 | L15: =IF(AND(H15=0,J15=0),0,IF(H15=0,"New",(J15-H15)/H15)) -> -0.15789474 | M15: =IF(AND(OR(C15<>0,H15<>0),D15=0,I15=0),"DROP",IF(AND(OR(D15<>0,I15<>0),C15=0,H15=0),"NEW",""))
A16: LU364-S-L | B16: =IFERROR(INDEX('Source'!$C:$C,MATCH($A16,'Source'!$B:$B,0)),"") -> כ.הפרדת אצבעות ס | C16: =SUMIFS('Source'!$D:$D,'Source'!$A:$A,"150390 סופר פארם ישראל",'Source'!$B:$B,$A16) -> 8100 | D16: =SUMIFS('Source'!$F:$F,'Source'!$A:$A,"150390 סופר פארם ישראל",'Source'!$B:$B,$A16) -> 5400 | E16: =D16*$J$5 -> 6821.0526 | F16: =E16-C16 -> -1278.9474 | G16: =IF(AND(C16=0,E16=0),0,IF(C16=0,"New",(E16-C16)/C16)) -> -0.15789474 | H16: =SUMIFS('Source'!$E:$E,'Source'!$A:$A,"150390 סופר פארם ישראל",'Source'!$B:$B,$A16) -> 81891 | I16: =SUMIFS('Source'!$G:$G,'Source'!$A:$A,"150390 סופר פארם ישראל",'Source'!$B:$B,$A16) -> 54594 | J16: =I16*$J$5 -> 68960.842 | K16: =J16-H16 -> -12930.158 | L16: =IF(AND(H16=0,J16=0),0,IF(H16=0,"New",(J16-H16)/H16)) -> -0.15789474 | M16: =IF(AND(OR(C16<>0,H16<>0),D16=0,I16=0),"DROP",IF(AND(OR(D16<>0,I16<>0),C16=0,H16=0),"NEW",""))
A17: LU364 XL | B17: =IFERROR(INDEX('Source'!$C:$C,MATCH($A17,'Source'!$B:$B,0)),"") -> כרית להפרדת אצבע | C17: =SUMIFS('Source'!$D:$D,'Source'!$A:$A,"150390 סופר פארם ישראל",'Source'!$B:$B,$A17) -> 4050 | D17: =SUMIFS('Source'!$F:$F,'Source'!$A:$A,"150390 סופר פארם ישראל",'Source'!$B:$B,$A17) -> 1350 | E17: =D17*$J$5 -> 1705.2632 | F17: =E17-C17 -> -2344.7368 | G17: =IF(AND(C17=0,E17=0),0,IF(C17=0,"New",(E17-C17)/C17)) -> -0.57894737 | H17: =SUMIFS('Source'!$E:$E,'Source'!$A:$A,"150390 סופר פארם ישראל",'Source'!$B:$B,$A17) -> 40945.5 | I17: =SUMIFS('Source'!$G:$G,'Source'!$A:$A,"150390 סופר פארם ישראל",'Source'!$B:$B,$A17) -> 13648.5 | J17: =I17*$J$5 -> 17240.211 | K17: =J17-H17 -> -23705.289 | L17: =IF(AND(H17=0,J17=0),0,IF(H17=0,"New",(J17-H17)/H17)) -> -0.57894737 | M17: =IF(AND(OR(C17<>0,H17<>0),D17=0,I17=0),"DROP",IF(AND(OR(D17<>0,I17<>0),C17=0,H17=0),"NEW",""))
A18: LU365-S-L | B18: =IFERROR(INDEX('Source'!$C:$C,MATCH($A18,'Source'!$B:$B,0)),"") -> טבעת אלסטית מסי | C18: =SUMIFS('Source'!$D:$D,'Source'!$A:$A,"150390 סופר פארם ישראל",'Source'!$B:$B,$A18) -> 4860 | D18: =SUMIFS('Source'!$F:$F,'Source'!$A:$A,"150390 סופר פארם ישראל",'Source'!$B:$B,$A18) -> 2160 | E18: =D18*$J$5 -> 2728.4211 | F18: =E18-C18 -> -2131.5789 | G18: =IF(AND(C18=0,E18=0),0,IF(C18=0,"New",(E18-C18)/C18)) -> -0.43859649 | H18: =SUMIFS('Source'!$E:$E,'Source'!$A:$A,"150390 סופר פארם ישראל",'Source'!$B:$B,$A18) -> 47239.2 | I18: =SUMIFS('Source'!$G:$G,'Source'!$A:$A,"150390 סופר פארם ישראל",'Source'!$B:$B,$A18) -> 20995.2 | J18: =I18*$J$5 -> 26520.253 | K18: =J18-H18 -> -20718.947 | L18: =IF(AND(H18=0,J18=0),0,IF(H18=0,"New",(J18-H18)/H18)) -> -0.43859649 | M18: =IF(AND(OR(C18<>0,H18<>0),D18=0,I18=0),"DROP",IF(AND(OR(D18<>0,I18<>0),C18=0,H18=0),"NEW",""))
A19: LU366S 0 | B19: =IFERROR(INDEX('Source'!$C:$C,MATCH($A19,'Source'!$B:$B,0)),"") -> מדבקה רב פעמית ל | C19: =SUMIFS('Source'!$D:$D,'Source'!$A:$A,"150390 סופר פארם ישראל",'Source'!$B:$B,$A19) -> 4860 | D19: =SUMIFS('Source'!$F:$F,'Source'!$A:$A,"150390 סופר פארם ישראל",'Source'!$B:$B,$A19) -> 2430 | E19: =D19*$J$5 -> 3069.4737 | F19: =E19-C19 -> -1790.5263 | G19: =IF(AND(C19=0,E19=0),0,IF(C19=0,"New",(E19-C19)/C19)) -> -0.36842105 | H19: =SUMIFS('Source'!$E:$E,'Source'!$A:$A,"150390 סופר פארם ישראל",'Source'!$B:$B,$A19) -> 47239.2 | I19: =SUMIFS('Source'!$G:$G,'Source'!$A:$A,"150390 סופר פארם ישראל",'Source'!$B:$B,$A19) -> 23619.6 | J19: =I19*$J$5 -> 29835.284 | K19: =J19-H19 -> -17403.916 | L19: =IF(AND(H19=0,J19=0),0,IF(H19=0,"New",(J19-H19)/H19)) -> -0.36842105 | M19: =IF(AND(OR(C19<>0,H19<>0),D19=0,I19=0),"DROP",IF(AND(OR(D19<>0,I19<>0),C19=0,H19=0),"NEW",""))
A20: LULF370 0 | B20: =IFERROR(INDEX('Source'!$C:$C,MATCH($A20,'Source'!$B:$B,0)),"") -> ריפוד סיליקון לעקב אחורי | C20: =SUMIFS('Source'!$D:$D,'Source'!$A:$A,"150390 סופר פארם ישראל",'Source'!$B:$B,$A20) -> 3200 | D20: =SUMIFS('Source'!$F:$F,'Source'!$A:$A,"150390 סופר פארם ישראל",'Source'!$B:$B,$A20) -> 1600 | E20: =D20*$J$5 -> 2021.0526 | F20: =E20-C20 -> -1178.9474 | G20: =IF(AND(C20=0,E20=0),0,IF(C20=0,"New",(E20-C20)/C20)) -> -0.36842105 | H20: =SUMIFS('Source'!$E:$E,'Source'!$A:$A,"150390 סופר פארם ישראל",'Source'!$B:$B,$A20) -> 45856 | I20: =SUMIFS('Source'!$G:$G,'Source'!$A:$A,"150390 סופר פארם ישראל",'Source'!$B:$B,$A20) -> 22928 | J20: =I20*$J$5 -> 28961.684 | K20: =J20-H20 -> -16894.316 | L20: =IF(AND(H20=0,J20=0),0,IF(H20=0,"New",(J20-H20)/H20)) -> -0.36842105 | M20: =IF(AND(OR(C20<>0,H20<>0),D20=0,I20=0),"DROP",IF(AND(OR(D20<>0,I20<>0),C20=0,H20=0),"NEW",""))
... A29: LU308 M | B29: =IFERROR(INDEX('Source'!$C:$C,MATCH($A29,'Source'!$B:$B,0)),"") -> עקב סיליקון שטוח | C29: =SUMIFS('Source'!$D:$D,'Source'!$A:$A,"150390 סופר פארם ישראל",'Source'!$B:$B,$A29) -> 2400 | D29: =SUMIFS('Source'!$F:$F,'Source'!$A:$A,"150390 סופר פארם ישראל",'Source'!$B:$B,$A29) -> 2400 | E29: =D29*$J$5 -> 3031.5789 | F29: =E29-C29 -> 631.57895 | G29: =IF(AND(C29=0,E29=0),0,IF(C29=0,"New",(E29-C29)/C29)) -> 0.26315789 | H29: =SUMIFS('Source'!$E:$E,'Source'!$A:$A,"150390 סופר פארם ישראל",'Source'!$B:$B,$A29) -> 94656 | I29: =SUMIFS('Source'!$G:$G,'Source'!$A:$A,"150390 סופר פארם ישראל",'Source'!$B:$B,$A29) -> 94656 | J29: =I29*$J$5 -> 119565.47 | K29: =J29-H29 -> 24909.474 | L29: =IF(AND(H29=0,J29=0),0,IF(H29=0,"New",(J29-H29)/H29)) -> 0.26315789 | M29: =IF(AND(OR(C29<>0,H29<>0),D29=0,I29=0),"DROP",IF(AND(OR(D29<>0,I29<>0),C29=0,H29=0),"NEW",""))
B31: TOTAL | C31: =SUM(C9:C29) -> 118392 | D31: =SUM(D9:D29) -> 62455 | E31: =SUM(E9:E29) -> 78890.526 | F31: =SUM(F9:F29) -> -39501.474 | G31: =IF(C31=0,"N/A",F31/C31) -> -0.33364986 | H31: =SUM(H9:H29) -> 1708656.9 | I31: =SUM(I9:I29) -> 1113833.9 | J31: =SUM(J9:J29) -> 1406948 | K31: =SUM(K9:K29) -> -301708.83 | L31: =IF(H31=0,"N/A",K31/H31) -> -0.17657661

Sheet 160134 SUPER-PHARM HOLDING. SP
A1: Sales Comparison 2025 vs 2026 (Annualized) - Customer: 160134 SUPER-PHARM HOLDING. SP.ZO.O (by Product CODE)
A2: Calculation date: | B2: 46284
A3: Source: NetSuite report "1-Sales: Customer by Item" (01/01/2025-31/12/2026), customer = "160134 SUPER-PHARM HOLDING. SP.ZO.O" only (exact match on the "Customer" column). Product CODE = column "Item: Name" (F in the original report) - NOT "Item: Name (Grouped)" (E), which carries a PARENT prefix. 2025 = columns J/K (Quantity/Amount Net); 2026 = columns O/P. Multiple rows per CODE per customer (one per unit-price tier) are summed (SUMIFS) per CODE, not taken from a single row. Raw rows kept unchanged in the shared "Source" sheet (filtered to only these 16 customers, not the full 32,141-row report). IMPORTANT: the source file’s own header states the report range as "01 January 2025 - 31 December 2026", but has no per-row date/timestamp field, so the exact 2026 cutoff cannot be verified from the data itself. Same assumption used across this whole workbook for consistency: 2026 actual covers approximately 9.5 months (1 Jan - 15 Sep).
A4: Annualization note: 2026 actual data is assumed to cover approximately 9.5 months (1 Jan - 15 Sep 2026), consistent with the rest of this workbook. Scaled to a full year via a simple linear factor = 12 / 9.5 (≈ 1.263158) - straight-line extrapolation, does NOT account for seasonality. Treat as an estimate. | I4: Months in full year: | J4: 12 | K4: Months covered by 2026 actual (assumed 1/1–15/9): | L4: 9.5
A5: # DROP (sold 2025, 0 in 2026): | B5: =SUMPRODUCT(--(((C9:C143<>0)+(H9:H143<>0)>0)*((D9:D143=0)*(I9:I143=0)))) -> 12 | C5: # NEW (sold 2026, 0 in 2025): | D5: =SUMPRODUCT(--(((D9:D143<>0)+(I9:I143<>0)>0)*((C9:C143=0)*(H9:H143=0)))) -> 5 | I5: Normalization factor (J4/L4): | J5: =J4/L4 -> 1.2631579
A6: DROP — Quantity 2025: | B6: =SUMPRODUCT(--(((C9:C143<>0)+(H9:H143<>0)>0)*((D9:D143=0)*(I9:I143=0)))*C9:C143) -> 3550 | C6: DROP — Amount 2025 (₪): | D6: =SUMPRODUCT(--(((C9:C143<>0)+(H9:H143<>0)>0)*((D9:D143=0)*(I9:I143=0)))*H9:H143) -> 92320.46 | E6: NEW — Quantity 2026: | F6: =SUMPRODUCT(--(((D9:D143<>0)+(I9:I143<>0)>0)*((C9:C143=0)*(H9:H143=0)))*D9:D143) -> 250 | G6: NEW — Amount 2026 (₪): | H6: =SUMPRODUCT(--(((D9:D143<>0)+(I9:I143<>0)>0)*((C9:C143=0)*(H9:H143=0)))*I9:I143) -> 11540.57
A8: Product Code | B8: Item Display Name | C8: Quantity 2025 | D8: Quantity 2026 (Actual, partial year) | E8: Quantity 2026 (Annualized) | F8: Quantity Change (Annualized vs 2025) | G8: Quantity Change % (Annualized vs 2025) | H8: Amount 2025 (₪) | I8: Amount 2026 (Actual, partial year) (₪) | J8: Amount 2026 (Annualized) (₪) | K8: Amount Change (Annualized vs 2025) (₪) | L8: Amount Change % (Annualized vs 2025) | M8: Note
A9: 397-39-42 | B9: =IFERROR(INDEX('Source'!$C:$C,MATCH($A9,'Source'!$B:$B,0)),"") -> גרבי טיסה | C9: =SUMIFS('Source'!$D:$D,'Source'!$A:$A,"160134 SUPER-PHARM HOLDING. SP.ZO.O",'Source'!$B:$B,$A9) -> 510 | D9: =SUMIFS('Source'!$F:$F,'Source'!$A:$A,"160134 SUPER-PHARM HOLDING. SP.ZO.O",'Source'!$B:$B,$A9) -> 0 | E9: =D9*$J$5 -> 0 | F9: =E9-C9 -> -510 | G9: =IF(AND(C9=0,E9=0),0,IF(C9=0,"New",(E9-C9)/C9)) -> -1 | H9: =SUMIFS('Source'!$E:$E,'Source'!$A:$A,"160134 SUPER-PHARM HOLDING. SP.ZO.O",'Source'!$B:$B,$A9) -> 17600.36 | I9: =SUMIFS('Source'!$G:$G,'Source'!$A:$A,"160134 SUPER-PHARM HOLDING. SP.ZO.O",'Source'!$B:$B,$A9) -> 0 | J9: =I9*$J$5 -> 0 | K9: =J9-H9 -> -17600.36 | L9: =IF(AND(H9=0,J9=0),0,IF(H9=0,"New",(J9-H9)/H9)) -> -1 | M9: =IF(AND(OR(C9<>0,H9<>0),D9=0,I9=0),"DROP",IF(AND(OR(D9<>0,I9<>0),C9=0,H9=0),"NEW","")) -> DROP
A10: 397-35-38 | B10: =IFERROR(INDEX('Source'!$C:$C,MATCH($A10,'Source'!$B:$B,0)),"") -> גרבי טיסה | C10: =SUMIFS('Source'!$D:$D,'Source'!$A:$A,"160134 SUPER-PHARM HOLDING. SP.ZO.O",'Source'!$B:$B,$A10) -> 440 | D10: =SUMIFS('Source'!$F:$F,'Source'!$A:$A,"160134 SUPER-PHARM HOLDING. SP.ZO.O",'Source'!$B:$B,$A10) -> 0 | E10: =D10*$J$5 -> 0 | F10: =E10-C10 -> -440 | G10: =IF(AND(C10=0,E10=0),0,IF(C10=0,"New",(E10-C10)/C10)) -> -1 | H10: =SUMIFS('Source'!$E:$E,'Source'!$A:$A,"160134 SUPER-PHARM HOLDING. SP.ZO.O",'Source'!$B:$B,$A10) -> 15215.67 | I10: =SUMIFS('Source'!$G:$G,'Source'!$A:$A,"160134 SUPER-PHARM HOLDING. SP.ZO.O",'Source'!$B:$B,$A10) -> 0 | J10: =I10*$J$5 -> 0 | K10: =J10-H10 -> -15215.67 | L10: =IF(AND(H10=0,J10=0),0,IF(H10=0,"New",(J10-H10)/H10)) -> -1 | M10: =IF(AND(OR(C10<>0,H10<>0),D10=0,I10=0),"DROP",IF(AND(OR(D10<>0,I10<>0),C10=0,H10=0),"NEW","")) -> DROP
A11: 397-43-46 | B11: =IFERROR(INDEX('Source'!$C:$C,MATCH($A11,'Source'!$B:$B,0)),"") -> גרבי טיסה | C11: =SUMIFS('Source'!$D:$D,'Source'!$A:$A,"160134 SUPER-PHARM HOLDING. SP.ZO.O",'Source'!$B:$B,$A11) -> 430 | D11: =SUMIFS('Source'!$F:$F,'Source'!$A:$A,"160134 SUPER-PHARM HOLDING. SP.ZO.O",'Source'!$B:$B,$A11) -> 0 | E11: =D11*$J$5 -> 0 | F11: =E11-C11 -> -430 | G11: =IF(AND(C11=0,E11=0),0,IF(C11=0,"New",(E11-C11)/C11)) -> -1 | H11: =SUMIFS('Source'!$E:$E,'Source'!$A:$A,"160134 SUPER-PHARM HOLDING. SP.ZO.O",'Source'!$B:$B,$A11) -> 14809.75 | I11: =SUMIFS('Source'!$G:$G,'Source'!$A:$A,"160134 SUPER-PHARM HOLDING. SP.ZO.O",'Source'!$B:$B,$A11) -> 0 | J11: =I11*$J$5 -> 0 | K11: =J11-H11 -> -14809.75 | L11: =IF(AND(H11=0,J11=0),0,IF(H11=0,"New",(J11-H11)/H11)) -> -1 | M11: =IF(AND(OR(C11<>0,H11<>0),D11=0,I11=0),"DROP",IF(AND(OR(D11<>0,I11<>0),C11=0,H11=0),"NEW","")) -> DROP
A12: 397A-43-46 | B12: =IFERROR(INDEX('Source'!$C:$C,MATCH($A12,'Source'!$B:$B,0)),"") -> גרבי נסיעות אנטיבקטריאלי | C12: =SUMIFS('Source'!$D:$D,'Source'!$A:$A,"160134 SUPER-PHARM HOLDING. SP.ZO.O",'Source'!$B:$B,$A12) -> 100 | D12: =SUMIFS('Source'!$F:$F,'Source'!$A:$A,"160134 SUPER-PHARM HOLDING. SP.ZO.O",'Source'!$B:$B,$A12) -> 600 | E12: =D12*$J$5 -> 757.89474 | F12: =E12-C12 -> 657.89474 | G12: =IF(AND(C12=0,E12=0),0,IF(C12=0,"New",(E12-C12)/C12)) -> 6.5789474 | H12: =SUMIFS('Source'!$E:$E,'Source'!$A:$A,"160134 SUPER-PHARM HOLDING. SP.ZO.O",'Source'!$B:$B,$A12) -> 3325.21 | I12: =SUMIFS('Source'!$G:$G,'Source'!$A:$A,"160134 SUPER-PHARM HOLDING. SP.ZO.O",'Source'!$B:$B,$A12) -> 17534.24 | J12: =I12*$J$5 -> 22148.514 | K12: =J12-H12 -> 18823.304 | L12: =IF(AND(H12=0,J12=0),0,IF(H12=0,"New",(J12-H12)/H12)) -> 5.6607864 | M12: =IF(AND(OR(C12<>0,H12<>0),D12=0,I12=0),"DROP",IF(AND(OR(D12<>0,I12<>0),C12=0,H12=0),"NEW",""))
A13: 808KTP-B | B13: =IFERROR(INDEX('Source'!$C:$C,MATCH($A13,'Source'!$B:$B,0)),"") -> קינזיולוגי טייפ | C13: =SUMIFS('Source'!$D:$D,'Source'!$A:$A,"160134 SUPER-PHARM HOLDING. SP.ZO.O",'Source'!$B:$B,$A13) -> 1800 | D13: =SUMIFS('Source'!$F:$F,'Source'!$A:$A,"160134 SUPER-PHARM HOLDING. SP.ZO.O",'Source'!$B:$B,$A13) -> 1300 | E13: =D13*$J$5 -> 1642.1053 | F13: =E13-C13 -> -157.89474 | G13: =IF(AND(C13=0,E13=0),0,IF(C13=0,"New",(E13-C13)/C13)) -> -0.087719298 | H13: =SUMIFS('Source'!$E:$E,'Source'!$A:$A,"160134 SUPER-PHARM HOLDING. SP.ZO.O",'Source'!$B:$B,$A13) -> 33646.56 | I13: =SUMIFS('Source'!$G:$G,'Source'!$A:$A,"160134 SUPER-PHARM HOLDING. SP.ZO.O",'Source'!$B:$B,$A13) -> 21555.45 | J13: =I13*$J$5 -> 27227.937 | K13: =J13-H13 -> -6418.6232 | L13: =IF(AND(H13=0,J13=0),0,IF(H13=0,"New",(J13-H13)/H13)) -> -0.1907661 | M13: =IF(AND(OR(C13<>0,H13<>0),D13=0,I13=0),"DROP",IF(AND(OR(D13<>0,I13<>0),C13=0,H13=0),"NEW",""))
A14: 397A-35-38 | B14: =IFERROR(INDEX('Source'!$C:$C,MATCH($A14,'Source'!$B:$B,0)),"") -> גרבי נסיעות אנטיבקטריאלי | C14: =SUMIFS('Source'!$D:$D,'Source'!$A:$A,"160134 SUPER-PHARM HOLDING. SP.ZO.O",'Source'!$B:$B,$A14) -> 100 | D14: =SUMIFS('Source'!$F:$F,'Source'!$A:$A,"160134 SUPER-PHARM HOLDING. SP.ZO.O",'Source'!$B:$B,$A14) -> 450 | E14: =D14*$J$5 -> 568.42105 | F14: =E14-C14 -> 468.42105 | G14: =IF(AND(C14=0,E14=0),0,IF(C14=0,"New",(E14-C14)/C14)) -> 4.6842105 | H14: =SUMIFS('Source'!$E:$E,'Source'!$A:$A,"160134 SUPER-PHARM HOLDING. SP.ZO.O",'Source'!$B:$B,$A14) -> 3325.21 | I14: =SUMIFS('Source'!$G:$G,'Source'!$A:$A,"160134 SUPER-PHARM HOLDING. SP.ZO.O",'Source'!$B:$B,$A14) -> 14361.95 | J14: =I14*$J$5 -> 18141.411 | K14: =J14-H14 -> 14816.201 | L14: =IF(AND(H14=0,J14=0),0,IF(H14=0,"New",(J14-H14)/H14)) -> 4.4557187 | M14: =IF(AND(OR(C14<>0,H14<>0),D14=0,I14=0),"DROP",IF(AND(OR(D14<>0,I14<>0),C14=0,H14=0),"NEW",""))
A15: 808KT-C | B15: =IFERROR(INDEX('Source'!$C:$C,MATCH($A15,'Source'!$B:$B,0)),"") -> קינזיולוגי טייפ | C15: =SUMIFS('Source'!$D:$D,'Source'!$A:$A,"160134 SUPER-PHARM HOLDING. SP.ZO.O",'Source'!$B:$B,$A15) -> 600 | D15: =SUMIFS('Source'!$F:$F,'Source'!$A:$A,"160134 SUPER-PHARM HOLDING. SP.ZO.O",'Source'!$B:$B,$A15) -> 0 | E15: =D15*$J$5 -> 0 | F15: =E15-C15 -> -600 | G15: =IF(AND(C15=0,E15=0),0,IF(C15=0,"New",(E15-C15)/C15)) -> -1 | H15: =SUMIFS('Source'!$E:$E,'Source'!$A:$A,"160134 SUPER-PHARM HOLDING. SP.ZO.O",'Source'!$B:$B,$A15) -> 10800.29 | I15: =SUMIFS('Source'!$G:$G,'Source'!$A:$A,"160134 SUPER-PHARM HOLDING. SP.ZO.O",'Source'!$B:$B,$A15) -> 0 | J15: =I15*$J$5 -> 0 | K15: =J15-H15 -> -10800.29 | L15: =IF(AND(H15=0,J15=0),0,IF(H15=0,"New",(J15-H15)/H15)) -> -1 | M15: =IF(AND(OR(C15<>0,H15<>0),D15=0,I15=0),"DROP",IF(AND(OR(D15<>0,I15<>0),C15=0,H15=0),"NEW","")) -> DROP
A16: 806CB-B | B16: =IFERROR(INDEX('Source'!$C:$C,MATCH($A16,'Source'!$B:$B,0)),"") -> תחבושת אלסטית נצמדת צבע שחור | C16: =SUMIFS('Source'!$D:$D,'Source'!$A:$A,"160134 SUPER-PHARM HOLDING. SP.ZO.O",'Source'!$B:$B,$A16) -> 2700 | D16: =SUMIFS('Source'!$F:$F,'Source'!$A:$A,"160134 SUPER-PHARM HOLDING. SP.ZO.O",'Source'!$B:$B,$A16) -> 1500 | E16: =D16*$J$5 -> 1894.7368 | F16: =E16-C16 -> -805.26316 | G16: =IF(AND(C16=0,E16=0),0,IF(C16=0,"New",(E16-C16)/C16)) -> -0.29824561 | H16: =SUMIFS('Source'!$E:$E,'Source'!$A:$A,"160134 SUPER-PHARM HOLDING. SP.ZO.O",'Source'!$B:$B,$A16) -> 20880.68 | I16: =SUMIFS('Source'!$G:$G,'Source'!$A:$A,"160134 SUPER-PHARM HOLDING. SP.ZO.O",'Source'!$B:$B,$A16) -> 10415.22 | J16: =I16*$J$5 -> 13156.067 | K16: =J16-H16 -> -7724.6126 | L16: =IF(AND(H16=0,J16=0),0,IF(H16=0,"New",(J16-H16)/H16)) -> -0.36994066 | M16: =IF(AND(OR(C16<>0,H16<>0),D16=0,I16=0),"DROP",IF(AND(OR(D16<>0,I16<>0),C16=0,H16=0),"NEW",""))
A17: 397A-39-42 | B17: =IFERROR(INDEX('Source'!$C:$C,MATCH($A17,'Source'!$B:$B,0)),"") -> גרבי נסיעות אנטיבקטריאלי | C17: =SUMIFS('Source'!$D:$D,'Source'!$A:$A,"160134 SUPER-PHARM HOLDING. SP.ZO.O",'Source'!$B:$B,$A17) -> 151 | D17: =SUMIFS('Source'!$F:$F,'Source'!$A:$A,"160134 SUPER-PHARM HOLDING. SP.ZO.O",'Source'!$B:$B,$A17) -> 520 | E17: =D17*$J$5 -> 656.84211 | F17: =E17-C17 -> 505.84211 | G17: =IF(AND(C17=0,E17=0),0,IF(C17=0,"New",(E17-C17)/C17)) -> 3.3499477 | H17: =SUMIFS('Source'!$E:$E,'Source'!$A:$A,"160134 SUPER-PHARM HOLDING. SP.ZO.O",'Source'!$B:$B,$A17) -> 4987.86 | I17: =SUMIFS('Source'!$G:$G,'Source'!$A:$A,"160134 SUPER-PHARM HOLDING. SP.ZO.O",'Source'!$B:$B,$A17) -> 15042.79 | J17: =I17*$J$5 -> 19001.419 | K17: =J17-H17 -> 14013.559 | L17: =IF(AND(H17=0,J17=0),0,IF(H17=0,"New",(J17-H17)/H17)) -> 2.8095333 | M17: =IF(AND(OR(C17<>0,H17<>0),D17=0,I17=0),"DROP",IF(AND(OR(D17<>0,I17<>0),C17=0,H17=0),"NEW",""))
A18: AC43D 0 | B18: =IFERROR(INDEX('Source'!$C:$C,MATCH($A18,'Source'!$B:$B,0)),"") -> מגן ברך + צירים | C18: =SUMIFS('Source'!$D:$D,'Source'!$A:$A,"160134 SUPER-PHARM HOLDING. SP.ZO.O",'Source'!$B:$B,$A18) -> 360 | D18: =SUMIFS('Source'!$F:$F,'Source'!$A:$A,"160134 SUPER-PHARM HOLDING. SP.ZO.O",'Source'!$B:$B,$A18) -> 220 | E18: =D18*$J$5 -> 277.89474 | F18: =E18-C18 -> -82.105263 | G18: =IF(AND(C18=0,E18=0),0,IF(C18=0,"New",(E18-C18)/C18)) -> -0.22807018 | H18: =SUMIFS('Source'!$E:$E,'Source'!$A:$A,"160134 SUPER-PHARM HOLDING. SP.ZO.O",'Source'!$B:$B,$A18) -> 20957.82 | I18: =SUMIFS('Source'!$G:$G,'Source'!$A:$A,"160134 SUPER-PHARM HOLDING. SP.ZO.O",'Source'!$B:$B,$A18) -> 11484.69 | J18: =I18*$J$5 -> 14506.977 | K18: =J18-H18 -> -6450.8432 | L18: =IF(AND(H18=0,J18=0),0,IF(H18=0,"New",(J18-H18)/H18)) -> -0.30780125 | M18: =IF(AND(OR(C18<>0,H18<>0),D18=0,I18=0),"DROP",IF(AND(OR(D18<>0,I18<>0),C18=0,H18=0),"NEW",""))
A19: 307 M | B19: =IFERROR(INDEX('Source'!$C:$C,MATCH($A19,'Source'!$B:$B,0)),"") -> כרית סיליקון לעקב | C19: =SUMIFS('Source'!$D:$D,'Source'!$A:$A,"160134 SUPER-PHARM HOLDING. SP.ZO.O",'Source'!$B:$B,$A19) -> 360 | D19: =SUMIFS('Source'!$F:$F,'Source'!$A:$A,"160134 SUPER-PHARM HOLDING. SP.ZO.O",'Source'!$B:$B,$A19) -> 140 | E19: =D19*$J$5 -> 176.84211 | F19: =E19-C19 -> -183.15789 | G19: =IF(AND(C19=0,E19=0),0,IF(C19=0,"New",(E19-C19)/C19)) -> -0.50877193 | H19: =SUMIFS('Source'!$E:$E,'Source'!$A:$A,"160134 SUPER-PHARM HOLDING. SP.ZO.O",'Source'!$B:$B,$A19) -> 14231.89 | I19: =SUMIFS('Source'!$G:$G,'Source'!$A:$A,"160134 SUPER-PHARM HOLDING. SP.ZO.O",'Source'!$B:$B,$A19) -> 4902.66 | J19: =I19*$J$5 -> 6192.8337 | K19: =J19-H19 -> -8039.0563 | L19: =IF(AND(H19=0,J19=0),0,IF(H19=0,"New",(J19-H19)/H19)) -> -0.56486217 | M19: =IF(AND(OR(C19<>0,H19<>0),D19=0,I19=0),"DROP",IF(AND(OR(D19<>0,I19<>0),C19=0,H19=0),"NEW",""))
A20: 808KTP-C | B20: =IFERROR(INDEX('Source'!$C:$C,MATCH($A20,'Source'!$B:$B,0)),"") -> קינזיולוגי טייפ | C20: =SUMIFS('Source'!$D:$D,'Source'!$A:$A,"160134 SUPER-PHARM HOLDING. SP.ZO.O",'Source'!$B:$B,$A20) -> 1700 | D20: =SUMIFS('Source'!$F:$F,'Source'!$A:$A,"160134 SUPER-PHARM HOLDING. SP.ZO.O",'Source'!$B:$B,$A20) -> 1400 | E20: =D20*$J$5 -> 1768.4211 | F20: =E20-C20 -> 68.421053 | G20: =IF(AND(C20=0,E20=0),0,IF(C20=0,"New",(E20-C20)/C20)) -> 0.040247678 | H20: =SUMIFS('Source'!$E:$E,'Source'!$A:$A,"160134 SUPER-PHARM HOLDING. SP.ZO.O",'Source'!$B:$B,$A20) -> 32023.54 | I20: =SUMIFS('Source'!$G:$G,'Source'!$A:$A,"160134 SUPER-PHARM HOLDING. SP.ZO.O",'Source'!$B:$B,$A20) -> 22980.19 | J20: =I20*$J$5 -> 29027.608 | K20: =J20-H20 -> -2995.9316 | L20: =IF(AND(H20=0,J20=0),0,IF(H20=0,"New",(J20-H20)/H20)) -> -0.093554041 | M20: =IF(AND(OR(C20<>0,H20<>0),D20=0,I20=0),"DROP",IF(AND(OR(D20<>0,I20<>0),C20=0,H20=0),"NEW",""))
... A143: 395B-39-42 | B143: =IFERROR(INDEX('Source'!$C:$C,MATCH($A143,'Source'!$B:$B,0)),"") -> גרבי קיץ אנטיבקטריאלי שחור | C143: =SUMIFS('Source'!$D:$D,'Source'!$A:$A,"160134 SUPER-PHARM HOLDING. SP.ZO.O",'Source'!$B:$B,$A143) -> 1 | D143: =SUMIFS('Source'!$F:$F,'Source'!$A:$A,"160134 SUPER-PHARM HOLDING. SP.ZO.O",'Source'!$B:$B,$A143) -> 0 | E143: =D143*$J$5 -> 0 | F143: =E143-C143 -> -1 | G143: =IF(AND(C143=0,E143=0),0,IF(C143=0,"New",(E143-C143)/C143)) -> -1 | H143: =SUMIFS('Source'!$E:$E,'Source'!$A:$A,"160134 SUPER-PHARM HOLDING. SP.ZO.O",'Source'!$B:$B,$A143) -> 0.04 | I143: =SUMIFS('Source'!$G:$G,'Source'!$A:$A,"160134 SUPER-PHARM HOLDING. SP.ZO.O",'Source'!$B:$B,$A143) -> 0 | J143: =I143*$J$5 -> 0 | K143: =J143-H143 -> -0.04 | L143: =IF(AND(H143=0,J143=0),0,IF(H143=0,"New",(J143-H143)/H143)) -> -1 | M143: =IF(AND(OR(C143<>0,H143<>0),D143=0,I143=0),"DROP",IF(AND(OR(D143<>0,I143<>0),C143=0,H143=0),"NEW","")) -> DROP
B145: TOTAL | C145: =SUM(C9:C143) -> 48363 | D145: =SUM(D9:D143) -> 28188 | E145: =SUM(E9:E143) -> 35605.895 | F145: =SUM(F9:F143) -> -12757.105 | G145: =IF(C145=0,"N/A",F145/C145) -> -0.2637782 | H145: =SUM(H9:H143) -> 902537.64 | I145: =SUM(I9:I143) -> 474182.59 | J145: =SUM(J9:J143) -> 598967.48 | K145: =SUM(K9:K143) -> -303570.16 | L145: =IF(H145=0,"N/A",K145/H145) -> -0.3363518

Sheet 160351 ORTHO- PARTNER AG.
A1: Sales Comparison 2025 vs 2026 (Annualized) - Customer: 160351 ORTHO- PARTNER AG. (by Product CODE)
A2: Calculation date: | B2: 46284
A3: Source: NetSuite report "1-Sales: Customer by Item" (01/01/2025-31/12/2026), customer = "160351 ORTHO- PARTNER AG." only (exact match on the "Customer" column). Product CODE = column "Item: Name" (F in the original report) - NOT "Item: Name (Grouped)" (E), which carries a PARENT prefix. 2025 = columns J/K (Quantity/Amount Net); 2026 = columns O/P. Multiple rows per CODE per customer (one per unit-price tier) are summed (SUMIFS) per CODE, not taken from a single row. Raw rows kept unchanged in the shared "Source" sheet (filtered to only these 16 customers, not the full 32,141-row report). IMPORTANT: the source file’s own header states the report range as "01 January 2025 - 31 December 2026", but has no per-row date/timestamp field, so the exact 2026 cutoff cannot be verified from the data itself. Same assumption used across this whole workbook for consistency: 2026 actual covers approximately 9.5 months (1 Jan - 15 Sep).
A4: Annualization note: 2026 actual data is assumed to cover approximately 9.5 months (1 Jan - 15 Sep 2026), consistent with the rest of this workbook. Scaled to a full year via a simple linear factor = 12 / 9.5 (≈ 1.263158) - straight-line extrapolation, does NOT account for seasonality. Treat as an estimate. | I4: Months in full year: | J4: 12 | K4: Months covered by 2026 actual (assumed 1/1–15/9): | L4: 9.5
A5: # DROP (sold 2025, 0 in 2026): | B5: =SUMPRODUCT(--(((C9:C119<>0)+(H9:H119<>0)>0)*((D9:D119=0)*(I9:I119=0)))) -> 33 | C5: # NEW (sold 2026, 0 in 2025): | D5: =SUMPRODUCT(--(((D9:D119<>0)+(I9:I119<>0)>0)*((C9:C119=0)*(H9:H119=0)))) -> 12 | I5: Normalization factor (J4/L4): | J5: =J4/L4 -> 1.2631579
A6: DROP — Quantity 2025: | B6: =SUMPRODUCT(--(((C9:C119<>0)+(H9:H119<>0)>0)*((D9:D119=0)*(I9:I119=0)))*C9:C119) -> 563 | C6: DROP — Amount 2025 (₪): | D6: =SUMPRODUCT(--(((C9:C119<>0)+(H9:H119<>0)>0)*((D9:D119=0)*(I9:I119=0)))*H9:H119) -> 21452.36 | E6: NEW — Quantity 2026: | F6: =SUMPRODUCT(--(((D9:D119<>0)+(I9:I119<>0)>0)*((C9:C119=0)*(H9:H119=0)))*D9:D119) -> 131 | G6: NEW — Amount 2026 (₪): | H6: =SUMPRODUCT(--(((D9:D119<>0)+(I9:I119<>0)>0)*((C9:C119=0)*(H9:H119=0)))*I9:I119) -> 4054.38
A8: Product Code | B8: Item Display Name | C8: Quantity 2025 | D8: Quantity 2026 (Actual, partial year) | E8: Quantity 2026 (Annualized) | F8: Quantity Change (Annualized vs 2025) | G8: Quantity Change % (Annualized vs 2025) | H8: Amount 2025 (₪) | I8: Amount 2026 (Actual, partial year) (₪) | J8: Amount 2026 (Annualized) (₪) | K8: Amount Change (Annualized vs 2025) (₪) | L8: Amount Change % (Annualized vs 2025) | M8: Note
A9: 49PS L | B9: =IFERROR(INDEX('Source'!$C:$C,MATCH($A9,'Source'!$B:$B,0)),"") -> מגן ירך לאחר ניתוח | C9: =SUMIFS('Source'!$D:$D,'Source'!$A:$A,"160351 ORTHO- PARTNER AG.",'Source'!$B:$B,$A9) -> 961 | D9: =SUMIFS('Source'!$F:$F,'Source'!$A:$A,"160351 ORTHO- PARTNER AG.",'Source'!$B:$B,$A9) -> 1595 | E9: =D9*$J$5 -> 2014.7368 | F9: =E9-C9 -> 1053.7368 | G9: =IF(AND(C9=0,E9=0),0,IF(C9=0,"New",(E9-C9)/C9)) -> 1.0965004 | H9: =SUMIFS('Source'!$E:$E,'Source'!$A:$A,"160351 ORTHO- PARTNER AG.",'Source'!$B:$B,$A9) -> 56565.47 | I9: =SUMIFS('Source'!$G:$G,'Source'!$A:$A,"160351 ORTHO- PARTNER AG.",'Source'!$B:$B,$A9) -> 88667.91 | J9: =I9*$J$5 -> 112001.57 | K9: =J9-H9 -> 55436.101 | L9: =IF(AND(H9=0,J9=0),0,IF(H9=0,"New",(J9-H9)/H9)) -> 0.9800343 | M9: =IF(AND(OR(C9<>0,H9<>0),D9=0,I9=0),"DROP",IF(AND(OR(D9<>0,I9<>0),C9=0,H9=0),"NEW",""))
A10: T43V M | B10: =IFERROR(INDEX('Source'!$C:$C,MATCH($A10,'Source'!$B:$B,0)),"") -> מגן ברך משופר עם צ | C10: =SUMIFS('Source'!$D:$D,'Source'!$A:$A,"160351 ORTHO- PARTNER AG.",'Source'!$B:$B,$A10) -> 252 | D10: =SUMIFS('Source'!$F:$F,'Source'!$A:$A,"160351 ORTHO- PARTNER AG.",'Source'!$B:$B,$A10) -> 55 | E10: =D10*$J$5 -> 69.473684 | F10: =E10-C10 -> -182.52632 | G10: =IF(AND(C10=0,E10=0),0,IF(C10=0,"New",(E10-C10)/C10)) -> -0.72431078 | H10: =SUMIFS('Source'!$E:$E,'Source'!$A:$A,"160351 ORTHO- PARTNER AG.",'Source'!$B:$B,$A10) -> 29952.79 | I10: =SUMIFS('Source'!$G:$G,'Source'!$A:$A,"160351 ORTHO- PARTNER AG.",'Source'!$B:$B,$A10) -> 6419.73 | J10: =I10*$J$5 -> 8109.1326 | K10: =J10-H10 -> -21843.657 | L10: =IF(AND(H10=0,J10=0),0,IF(H10=0,"New",(J10-H10)/H10)) -> -0.72926954 | M10: =IF(AND(OR(C10<>0,H10<>0),D10=0,I10=0),"DROP",IF(AND(OR(D10<>0,I10<>0),C10=0,H10=0),"NEW",""))
A11: 49PS M | B11: =IFERROR(INDEX('Source'!$C:$C,MATCH($A11,'Source'!$B:$B,0)),"") -> מגן ירך לאחר ניתוח | C11: =SUMIFS('Source'!$D:$D,'Source'!$A:$A,"160351 ORTHO- PARTNER AG.",'Source'!$B:$B,$A11) -> 1201 | D11: =SUMIFS('Source'!$F:$F,'Source'!$A:$A,"160351 ORTHO- PARTNER AG.",'Source'!$B:$B,$A11) -> 936 | E11: =D11*$J$5 -> 1182.3158 | F11: =E11-C11 -> -18.684211 | G11: =IF(AND(C11=0,E11=0),0,IF(C11=0,"New",(E11-C11)/C11)) -> -0.015557211 | H11: =SUMIFS('Source'!$E:$E,'Source'!$A:$A,"160351 ORTHO- PARTNER AG.",'Source'!$B:$B,$A11) -> 71527.56 | I11: =SUMIFS('Source'!$G:$G,'Source'!$A:$A,"160351 ORTHO- PARTNER AG.",'Source'!$B:$B,$A11) -> 51233.33 | J11: =I11*$J$5 -> 64715.785 | K11: =J11-H11 -> -6811.7747 | L11: =IF(AND(H11=0,J11=0),0,IF(H11=0,"New",(J11-H11)/H11)) -> -0.095232869 | M11: =IF(AND(OR(C11<>0,H11<>0),D11=0,I11=0),"DROP",IF(AND(OR(D11<>0,I11<>0),C11=0,H11=0),"NEW",""))
A12: T43V L | B12: =IFERROR(INDEX('Source'!$C:$C,MATCH($A12,'Source'!$B:$B,0)),"") -> מגן ברך משופר עם צ | C12: =SUMIFS('Source'!$D:$D,'Source'!$A:$A,"160351 ORTHO- PARTNER AG.",'Source'!$B:$B,$A12) -> 264 | D12: =SUMIFS('Source'!$F:$F,'Source'!$A:$A,"160351 ORTHO- PARTNER AG.",'Source'!$B:$B,$A12) -> 115 | E12: =D12*$J$5 -> 145.26316 | F12: =E12-C12 -> -118.73684 | G12: =IF(AND(C12=0,E12=0),0,IF(C12=0,"New",(E12-C12)/C12)) -> -0.44976077 | H12: =SUMIFS('Source'!$E:$E,'Source'!$A:$A,"160351 ORTHO- PARTNER AG.",'Source'!$B:$B,$A12) -> 31736.14 | I12: =SUMIFS('Source'!$G:$G,'Source'!$A:$A,"160351 ORTHO- PARTNER AG.",'Source'!$B:$B,$A12) -> 12910.86 | J12: =I12*$J$5 -> 16308.455 | K12: =J12-H12 -> -15427.685 | L12: =IF(AND(H12=0,J12=0),0,IF(H12=0,"New",(J12-H12)/H12)) -> -0.48612356 | M12: =IF(AND(OR(C12<>0,H12<>0),D12=0,I12=0),"DROP",IF(AND(OR(D12<>0,I12<>0),C12=0,H12=0),"NEW",""))
A13: T43V XL | B13: =IFERROR(INDEX('Source'!$C:$C,MATCH($A13,'Source'!$B:$B,0)),"") -> מגן ברך משופר עם צ | C13: =SUMIFS('Source'!$D:$D,'Source'!$A:$A,"160351 ORTHO- PARTNER AG.",'Source'!$B:$B,$A13) -> 156 | D13: =SUMIFS('Source'!$F:$F,'Source'!$A:$A,"160351 ORTHO- PARTNER AG.",'Source'!$B:$B,$A13) -> 66 | E13: =D13*$J$5 -> 83.368421 | F13: =E13-C13 -> -72.631579 | G13: =IF(AND(C13=0,E13=0),0,IF(C13=0,"New",(E13-C13)/C13)) -> -0.46558704 | H13: =SUMIFS('Source'!$E:$E,'Source'!$A:$A,"160351 ORTHO- PARTNER AG.",'Source'!$B:$B,$A13) -> 19580.51 | I13: =SUMIFS('Source'!$G:$G,'Source'!$A:$A,"160351 ORTHO- PARTNER AG.",'Source'!$B:$B,$A13) -> 7703.67 | J13: =I13*$J$5 -> 9730.9516 | K13: =J13-H13 -> -9849.5584 | L13: =IF(AND(H13=0,J13=0),0,IF(H13=0,"New",(J13-H13)/H13)) -> -0.5030287 | M13: =IF(AND(OR(C13<>0,H13<>0),D13=0,I13=0),"DROP",IF(AND(OR(D13<>0,I13<>0),C13=0,H13=0),"NEW",""))
A14: T43V S | B14: =IFERROR(INDEX('Source'!$C:$C,MATCH($A14,'Source'!$B:$B,0)),"") -> מגן ברך משופר עם צ | C14: =SUMIFS('Source'!$D:$D,'Source'!$A:$A,"160351 ORTHO- PARTNER AG.",'Source'!$B:$B,$A14) -> 96 | D14: =SUMIFS('Source'!$F:$F,'Source'!$A:$A,"160351 ORTHO- PARTNER AG.",'Source'!$B:$B,$A14) -> 22 | E14: =D14*$J$5 -> 27.789474 | F14: =E14-C14 -> -68.210526 | G14: =IF(AND(C14=0,E14=0),0,IF(C14=0,"New",(E14-C14)/C14)) -> -0.71052632 | H14: =SUMIFS('Source'!$E:$E,'Source'!$A:$A,"160351 ORTHO- PARTNER AG.",'Source'!$B:$B,$A14) -> 11266.98 | I14: =SUMIFS('Source'!$G:$G,'Source'!$A:$A,"160351 ORTHO- PARTNER AG.",'Source'!$B:$B,$A14) -> 2508.3 | J14: =I14*$J$5 -> 3168.3789 | K14: =J14-H14 -> -8098.6011 | L14: =IF(AND(H14=0,J14=0),0,IF(H14=0,"New",(J14-H14)/H14)) -> -0.71879075 | M14: =IF(AND(OR(C14<>0,H14<>0),D14=0,I14=0),"DROP",IF(AND(OR(D14<>0,I14<>0),C14=0,H14=0),"NEW",""))
A15: T43V XXL | B15: =IFERROR(INDEX('Source'!$C:$C,MATCH($A15,'Source'!$B:$B,0)),"") -> מגן ברך משופר עם צ | C15: =SUMIFS('Source'!$D:$D,'Source'!$A:$A,"160351 ORTHO- PARTNER AG.",'Source'!$B:$B,$A15) -> 132 | D15: =SUMIFS('Source'!$F:$F,'Source'!$A:$A,"160351 ORTHO- PARTNER AG.",'Source'!$B:$B,$A15) -> 66 | E15: =D15*$J$5 -> 83.368421 | F15: =E15-C15 -> -48.631579 | G15: =IF(AND(C15=0,E15=0),0,IF(C15=0,"New",(E15-C15)/C15)) -> -0.36842105 | H15: =SUMIFS('Source'!$E:$E,'Source'!$A:$A,"160351 ORTHO- PARTNER AG.",'Source'!$B:$B,$A15) -> 16148.34 | I15: =SUMIFS('Source'!$G:$G,'Source'!$A:$A,"160351 ORTHO- PARTNER AG.",'Source'!$B:$B,$A15) -> 7673.88 | J15: =I15*$J$5 -> 9693.3221 | K15: =J15-H15 -> -6455.0179 | L15: =IF(AND(H15=0,J15=0),0,IF(H15=0,"New",(J15-H15)/H15)) -> -0.3997326 | M15: =IF(AND(OR(C15<>0,H15<>0),D15=0,I15=0),"DROP",IF(AND(OR(D15<>0,I15<>0),C15=0,H15=0),"NEW",""))
A16: 11 L | B16: =IFERROR(INDEX('Source'!$C:$C,MATCH($A16,'Source'!$B:$B,0)),"") -> חגורת בטן | C16: =SUMIFS('Source'!$D:$D,'Source'!$A:$A,"160351 ORTHO- PARTNER AG.",'Source'!$B:$B,$A16) -> 48 | D16: =SUMIFS('Source'!$F:$F,'Source'!$A:$A,"160351 ORTHO- PARTNER AG.",'Source'!$B:$B,$A16) -> 190 | E16: =D16*$J$5 -> 240 | F16: =E16-C16 -> 192 | G16: =IF(AND(C16=0,E16=0),0,IF(C16=0,"New",(E16-C16)/C16)) -> 4 | H16: =SUMIFS('Source'!$E:$E,'Source'!$A:$A,"160351 ORTHO- PARTNER AG.",'Source'!$B:$B,$A16) -> 2083.24 | I16: =SUMIFS('Source'!$G:$G,'Source'!$A:$A,"160351 ORTHO- PARTNER AG.",'Source'!$B:$B,$A16) -> 8127.63 | J16: =I16*$J$5 -> 10266.48 | K16: =J16-H16 -> 8183.24 | L16: =IF(AND(H16=0,J16=0),0,IF(H16=0,"New",(J16-H16)/H16)) -> 3.9281312 | M16: =IF(AND(OR(C16<>0,H16<>0),D16=0,I16=0),"DROP",IF(AND(OR(D16<>0,I16<>0),C16=0,H16=0),"NEW",""))
A17: 86U L | B17: =IFERROR(INDEX('Source'!$C:$C,MATCH($A17,'Source'!$B:$B,0)),"") -> מיתלה שרוול | C17: =SUMIFS('Source'!$D:$D,'Source'!$A:$A,"160351 ORTHO- PARTNER AG.",'Source'!$B:$B,$A17) -> 192 | D17: =SUMIFS('Source'!$F:$F,'Source'!$A:$A,"160351 ORTHO- PARTNER AG.",'Source'!$B:$B,$A17) -> 140 | E17: =D17*$J$5 -> 176.84211 | F17: =E17-C17 -> -15.157895 | G17: =IF(AND(C17=0,E17=0),0,IF(C17=0,"New",(E17-C17)/C17)) -> -0.078947368 | H17: =SUMIFS('Source'!$E:$E,'Source'!$A:$A,"160351 ORTHO- PARTNER AG.",'Source'!$B:$B,$A17) -> 17774.47 | I17: =SUMIFS('Source'!$G:$G,'Source'!$A:$A,"160351 ORTHO- PARTNER AG.",'Source'!$B:$B,$A17) -> 12019.86 | J17: =I17*$J$5 -> 15182.981 | K17: =J17-H17 -> -2591.4889 | L17: =IF(AND(H17=0,J17=0),0,IF(H17=0,"New",(J17-H17)/H17)) -> -0.14579838 | M17: =IF(AND(OR(C17<>0,H17<>0),D17=0,I17=0),"DROP",IF(AND(OR(D17<>0,I17<>0),C17=0,H17=0),"NEW",""))
A18: 49PS XL | B18: =IFERROR(INDEX('Source'!$C:$C,MATCH($A18,'Source'!$B:$B,0)),"") -> מגן ירך לאחר ניתוח | C18: =SUMIFS('Source'!$D:$D,'Source'!$A:$A,"160351 ORTHO- PARTNER AG.",'Source'!$B:$B,$A18) -> 457 | D18: =SUMIFS('Source'!$F:$F,'Source'!$A:$A,"160351 ORTHO- PARTNER AG.",'Source'!$B:$B,$A18) -> 550 | E18: =D18*$J$5 -> 694.73684 | F18: =E18-C18 -> 237.73684 | G18: =IF(AND(C18=0,E18=0),0,IF(C18=0,"New",(E18-C18)/C18)) -> 0.52021191 | H18: =SUMIFS('Source'!$E:$E,'Source'!$A:$A,"160351 ORTHO- PARTNER AG.",'Source'!$B:$B,$A18) -> 26963.79 | I18: =SUMIFS('Source'!$G:$G,'Source'!$A:$A,"160351 ORTHO- PARTNER AG.",'Source'!$B:$B,$A18) -> 31868.69 | J18: =I18*$J$5 -> 40255.187 | K18: =J18-H18 -> 13291.397 | L18: =IF(AND(H18=0,J18=0),0,IF(H18=0,"New",(J18-H18)/H18)) -> 0.49293506 | M18: =IF(AND(OR(C18<>0,H18<>0),D18=0,I18=0),"DROP",IF(AND(OR(D18<>0,I18<>0),C18=0,H18=0),"NEW",""))
A19: AC43D 0 | B19: =IFERROR(INDEX('Source'!$C:$C,MATCH($A19,'Source'!$B:$B,0)),"") -> מגן ברך + צירים | C19: =SUMIFS('Source'!$D:$D,'Source'!$A:$A,"160351 ORTHO- PARTNER AG.",'Source'!$B:$B,$A19) -> 24 | D19: =SUMIFS('Source'!$F:$F,'Source'!$A:$A,"160351 ORTHO- PARTNER AG.",'Source'!$B:$B,$A19) -> 117 | E19: =D19*$J$5 -> 147.78947 | F19: =E19-C19 -> 123.78947 | G19: =IF(AND(C19=0,E19=0),0,IF(C19=0,"New",(E19-C19)/C19)) -> 5.1578947 | H19: =SUMIFS('Source'!$E:$E,'Source'!$A:$A,"160351 ORTHO- PARTNER AG.",'Source'!$B:$B,$A19) -> 1177.97 | I19: =SUMIFS('Source'!$G:$G,'Source'!$A:$A,"160351 ORTHO- PARTNER AG.",'Source'!$B:$B,$A19) -> 5965.53 | J19: =I19*$J$5 -> 7535.4063 | K19: =J19-H19 -> 6357.4363 | L19: =IF(AND(H19=0,J19=0),0,IF(H19=0,"New",(J19-H19)/H19)) -> 5.3969425 | M19: =IF(AND(OR(C19<>0,H19<>0),D19=0,I19=0),"DROP",IF(AND(OR(D19<>0,I19<>0),C19=0,H19=0),"NEW",""))
A20: 11 M | B20: =IFERROR(INDEX('Source'!$C:$C,MATCH($A20,'Source'!$B:$B,0)),"") -> חגורת בטן | C20: =SUMIFS('Source'!$D:$D,'Source'!$A:$A,"160351 ORTHO- PARTNER AG.",'Source'!$B:$B,$A20) -> 24 | D20: =SUMIFS('Source'!$F:$F,'Source'!$A:$A,"160351 ORTHO- PARTNER AG.",'Source'!$B:$B,$A20) -> 134 | E20: =D20*$J$5 -> 169.26316 | F20: =E20-C20 -> 145.26316 | G20: =IF(AND(C20=0,E20=0),0,IF(C20=0,"New",(E20-C20)/C20)) -> 6.0526316 | H20: =SUMIFS('Source'!$E:$E,'Source'!$A:$A,"160351 ORTHO- PARTNER AG.",'Source'!$B:$B,$A20) -> 1046.86 | I20: =SUMIFS('Source'!$G:$G,'Source'!$A:$A,"160351 ORTHO- PARTNER AG.",'Source'!$B:$B,$A20) -> 5745.53 | J20: =I20*$J$5 -> 7257.5116 | K20: =J20-H20 -> 6210.6516 | L20: =IF(AND(H20=0,J20=0),0,IF(H20=0,"New",(J20-H20)/H20)) -> 5.9326477 | M20: =IF(AND(OR(C20<>0,H20<>0),D20=0,I20=0),"DROP",IF(AND(OR(D20<>0,I20<>0),C20=0,H20=0),"NEW",""))
... A119: SC95 L | B119: =IFERROR(INDEX('Source'!$C:$C,MATCH($A119,'Source'!$B:$B,0)),"") -> מגן מרפק SC95 | C119: =SUMIFS('Source'!$D:$D,'Source'!$A:$A,"160351 ORTHO- PARTNER AG.",'Source'!$B:$B,$A119) -> 0 | D119: =SUMIFS('Source'!$F:$F,'Source'!$A:$A,"160351 ORTHO- PARTNER AG.",'Source'!$B:$B,$A119) -> 1 | E119: =D119*$J$5 -> 1.2631579 | F119: =E119-C119 -> 1.2631579 | G119: =IF(AND(C119=0,E119=0),0,IF(C119=0,"New",(E119-C119)/C119)) -> New | H119: =SUMIFS('Source'!$E:$E,'Source'!$A:$A,"160351 ORTHO- PARTNER AG.",'Source'!$B:$B,$A119) -> 0 | I119: =SUMIFS('Source'!$G:$G,'Source'!$A:$A,"160351 ORTHO- PARTNER AG.",'Source'!$B:$B,$A119) -> 0.03 | J119: =I119*$J$5 -> 0.037894737 | K119: =J119-H119 -> 0.037894737 | L119: =IF(AND(H119=0,J119=0),0,IF(H119=0,"New",(J119-H119)/H119)) -> New | M119: =IF(AND(OR(C119<>0,H119<>0),D119=0,I119=0),"DROP",IF(AND(OR(D119<>0,I119<>0),C119=0,H119=0),"NEW","")) -> NEW
B121: TOTAL | C121: =SUM(C9:C119) -> 6959 | D121: =SUM(D9:D119) -> 6740 | E121: =SUM(E9:E119) -> 8513.6842 | F121: =SUM(F9:F119) -> 1554.6842 | G121: =IF(C121=0,"N/A",F121/C121) -> 0.22340627 | H121: =SUM(H9:H119) -> 405920.85 | I121: =SUM(I9:I119) -> 344263.09 | J121: =SUM(J9:J119) -> 434858.64 | K121: =SUM(K9:K119) -> 28937.79 | L121: =IF(H121=0,"N/A",K121/H121) -> 0.071289243

Sheet 160955 ORTOPROFIL PROD. ROMANIA
A1: Sales Comparison 2025 vs 2026 (Annualized) - Customer: 160955 ORTOPROFIL PROD. ROMANIA (by Product CODE)
A2: Calculation date: | B2: 46284
A3: Source: NetSuite report "1-Sales: Customer by Item" (01/01/2025-31/12/2026), customer = "160955 ORTOPROFIL PROD. ROMANIA" only (exact match on the "Customer" column). Product CODE = column "Item: Name" (F in the original report) - NOT "Item: Name (Grouped)" (E), which carries a PARENT prefix. 2025 = columns J/K (Quantity/Amount Net); 2026 = columns O/P. Multiple rows per CODE per customer (one per unit-price tier) are summed (SUMIFS) per CODE, not taken from a single row. Raw rows kept unchanged in the shared "Source" sheet (filtered to only these 16 customers, not the full 32,141-row report). IMPORTANT: the source file’s own header states the report range as "01 January 2025 - 31 December 2026", but has no per-row date/timestamp field, so the exact 2026 cutoff cannot be verified from the data itself. Same assumption used across this whole workbook for consistency: 2026 actual covers approximately 9.5 months (1 Jan - 15 Sep).
A4: Annualization note: 2026 actual data is assumed to cover approximately 9.5 months (1 Jan - 15 Sep 2026), consistent with the rest of this workbook. Scaled to a full year via a simple linear factor = 12 / 9.5 (≈ 1.263158) - straight-line extrapolation, does NOT account for seasonality. Treat as an estimate. | I4: Months in full year: | J4: 12 | K4: Months covered by 2026 actual (assumed 1/1–15/9): | L4: 9.5
A5: # DROP (sold 2025, 0 in 2026): | B5: =SUMPRODUCT(--(((C9:C99<>0)+(H9:H99<>0)>0)*((D9:D99=0)*(I9:I99=0)))) -> 17 | C5: # NEW (sold 2026, 0 in 2025): | D5: =SUMPRODUCT(--(((D9:D99<>0)+(I9:I99<>0)>0)*((C9:C99=0)*(H9:H99=0)))) -> 8 | I5: Normalization factor (J4/L4): | J5: =J4/L4 -> 1.2631579
A6: DROP — Quantity 2025: | B6: =SUMPRODUCT(--(((C9:C99<>0)+(H9:H99<>0)>0)*((D9:D99=0)*(I9:I99=0)))*C9:C99) -> 184 | C6: DROP — Amount 2025 (₪): | D6: =SUMPRODUCT(--(((C9:C99<>0)+(H9:H99<>0)>0)*((D9:D99=0)*(I9:I99=0)))*H9:H99) -> 2098.73 | E6: NEW — Quantity 2026: | F6: =SUMPRODUCT(--(((D9:D99<>0)+(I9:I99<>0)>0)*((C9:C99=0)*(H9:H99=0)))*D9:D99) -> 147 | G6: NEW — Amount 2026 (₪): | H6: =SUMPRODUCT(--(((D9:D99<>0)+(I9:I99<>0)>0)*((C9:C99=0)*(H9:H99=0)))*I9:I99) -> 6167.14
A8: Product Code | B8: Item Display Name | C8: Quantity 2025 | D8: Quantity 2026 (Actual, partial year) | E8: Quantity 2026 (Annualized) | F8: Quantity Change (Annualized vs 2025) | G8: Quantity Change % (Annualized vs 2025) | H8: Amount 2025 (₪) | I8: Amount 2026 (Actual, partial year) (₪) | J8: Amount 2026 (Annualized) (₪) | K8: Amount Change (Annualized vs 2025) (₪) | L8: Amount Change % (Annualized vs 2025) | M8: Note
A9: 14 0 | B9: =IFERROR(INDEX('Source'!$C:$C,MATCH($A9,'Source'!$B:$B,0)),"") -> חגורה למנותחי בית חזה | C9: =SUMIFS('Source'!$D:$D,'Source'!$A:$A,"160955 ORTOPROFIL PROD. ROMANIA",'Source'!$B:$B,$A9) -> 1215 | D9: =SUMIFS('Source'!$F:$F,'Source'!$A:$A,"160955 ORTOPROFIL PROD. ROMANIA",'Source'!$B:$B,$A9) -> 915 | E9: =D9*$J$5 -> 1155.7895 | F9: =E9-C9 -> -59.210526 | G9: =IF(AND(C9=0,E9=0),0,IF(C9=0,"New",(E9-C9)/C9)) -> -0.048732943 | H9: =SUMIFS('Source'!$E:$E,'Source'!$A:$A,"160955 ORTOPROFIL PROD. ROMANIA",'Source'!$B:$B,$A9) -> 97417.62 | I9: =SUMIFS('Source'!$G:$G,'Source'!$A:$A,"160955 ORTOPROFIL PROD. ROMANIA",'Source'!$B:$B,$A9) -> 73196.96 | J9: =I9*$J$5 -> 92459.318 | K9: =J9-H9 -> -4958.3021 | L9: =IF(AND(H9=0,J9=0),0,IF(H9=0,"New",(J9-H9)/H9)) -> -0.050897385 | M9: =IF(AND(OR(C9<>0,H9<>0),D9=0,I9=0),"DROP",IF(AND(OR(D9<>0,I9<>0),C9=0,H9=0),"NEW",""))
A10: 11STO M | B10: =IFERROR(INDEX('Source'!$C:$C,MATCH($A10,'Source'!$B:$B,0)),"") -> חגורה אחרי ניתוח | C10: =SUMIFS('Source'!$D:$D,'Source'!$A:$A,"160955 ORTOPROFIL PROD. ROMANIA",'Source'!$B:$B,$A10) -> 373 | D10: =SUMIFS('Source'!$F:$F,'Source'!$A:$A,"160955 ORTOPROFIL PROD. ROMANIA",'Source'!$B:$B,$A10) -> 250 | E10: =D10*$J$5 -> 315.78947 | F10: =E10-C10 -> -57.210526 | G10: =IF(AND(C10=0,E10=0),0,IF(C10=0,"New",(E10-C10)/C10)) -> -0.15337943 | H10: =SUMIFS('Source'!$E:$E,'Source'!$A:$A,"160955 ORTOPROFIL PROD. ROMANIA",'Source'!$B:$B,$A10) -> 22938.97 | I10: =SUMIFS('Source'!$G:$G,'Source'!$A:$A,"160955 ORTOPROFIL PROD. ROMANIA",'Source'!$B:$B,$A10) -> 15564.33 | J10: =I10*$J$5 -> 19660.206 | K10: =J10-H10 -> -3278.7637 | L10: =IF(AND(H10=0,J10=0),0,IF(H10=0,"New",(J10-H10)/H10)) -> -0.14293422 | M10: =IF(AND(OR(C10<>0,H10<>0),D10=0,I10=0),"DROP",IF(AND(OR(D10<>0,I10<>0),C10=0,H10=0),"NEW",""))
A11: 11STO XXL | B11: =IFERROR(INDEX('Source'!$C:$C,MATCH($A11,'Source'!$B:$B,0)),"") -> חגורה אחרי ניתוח | C11: =SUMIFS('Source'!$D:$D,'Source'!$A:$A,"160955 ORTOPROFIL PROD. ROMANIA",'Source'!$B:$B,$A11) -> 227 | D11: =SUMIFS('Source'!$F:$F,'Source'!$A:$A,"160955 ORTOPROFIL PROD. ROMANIA",'Source'!$B:$B,$A11) -> 107 | E11: =D11*$J$5 -> 135.15789 | F11: =E11-C11 -> -91.842105 | G11: =IF(AND(C11=0,E11=0),0,IF(C11=0,"New",(E11-C11)/C11)) -> -0.40459077 | H11: =SUMIFS('Source'!$E:$E,'Source'!$A:$A,"160955 ORTOPROFIL PROD. ROMANIA",'Source'!$B:$B,$A11) -> 13992.86 | I11: =SUMIFS('Source'!$G:$G,'Source'!$A:$A,"160955 ORTOPROFIL PROD. ROMANIA",'Source'!$B:$B,$A11) -> 6670.85 | J11: =I11*$J$5 -> 8426.3368 | K11: =J11-H11 -> -5566.5232 | L11: =IF(AND(H11=0,J11=0),0,IF(H11=0,"New",(J11-H11)/H11)) -> -0.39781168 | M11: =IF(AND(OR(C11<>0,H11<>0),D11=0,I11=0),"DROP",IF(AND(OR(D11<>0,I11<>0),C11=0,H11=0),"NEW",""))
A12: 11STO L | B12: =IFERROR(INDEX('Source'!$C:$C,MATCH($A12,'Source'!$B:$B,0)),"") -> חגורה אחרי ניתוח | C12: =SUMIFS('Source'!$D:$D,'Source'!$A:$A,"160955 ORTOPROFIL PROD. ROMANIA",'Source'!$B:$B,$A12) -> 495 | D12: =SUMIFS('Source'!$F:$F,'Source'!$A:$A,"160955 ORTOPROFIL PROD. ROMANIA",'Source'!$B:$B,$A12) -> 397 | E12: =D12*$J$5 -> 501.47368 | F12: =E12-C12 -> 6.4736842 | G12: =IF(AND(C12=0,E12=0),0,IF(C12=0,"New",(E12-C12)/C12)) -> 0.01307815 | H12: =SUMIFS('Source'!$E:$E,'Source'!$A:$A,"160955 ORTOPROFIL PROD. ROMANIA",'Source'!$B:$B,$A12) -> 30513.16 | I12: =SUMIFS('Source'!$G:$G,'Source'!$A:$A,"160955 ORTOPROFIL PROD. ROMANIA",'Source'!$B:$B,$A12) -> 24523.1 | J12: =I12*$J$5 -> 30976.547 | K12: =J12-H12 -> 463.38737 | L12: =IF(AND(H12=0,J12=0),0,IF(H12=0,"New",(J12-H12)/H12)) -> 0.015186476 | M12: =IF(AND(OR(C12<>0,H12<>0),D12=0,I12=0),"DROP",IF(AND(OR(D12<>0,I12<>0),C12=0,H12=0),"NEW",""))
A13: 11STO XL | B13: =IFERROR(INDEX('Source'!$C:$C,MATCH($A13,'Source'!$B:$B,0)),"") -> חגורה אחרי ניתוח | C13: =SUMIFS('Source'!$D:$D,'Source'!$A:$A,"160955 ORTOPROFIL PROD. ROMANIA",'Source'!$B:$B,$A13) -> 350 | D13: =SUMIFS('Source'!$F:$F,'Source'!$A:$A,"160955 ORTOPROFIL PROD. ROMANIA",'Source'!$B:$B,$A13) -> 255 | E13: =D13*$J$5 -> 322.10526 | F13: =E13-C13 -> -27.894737 | G13: =IF(AND(C13=0,E13=0),0,IF(C13=0,"New",(E13-C13)/C13)) -> -0.079699248 | H13: =SUMIFS('Source'!$E:$E,'Source'!$A:$A,"160955 ORTOPROFIL PROD. ROMANIA",'Source'!$B:$B,$A13) -> 21625.17 | I13: =SUMIFS('Source'!$G:$G,'Source'!$A:$A,"160955 ORTOPROFIL PROD. ROMANIA",'Source'!$B:$B,$A13) -> 15856.84 | J13: =I13*$J$5 -> 20029.693 | K13: =J13-H13 -> -1595.4774 | L13: =IF(AND(H13=0,J13=0),0,IF(H13=0,"New",(J13-H13)/H13)) -> -0.07377872 | M13: =IF(AND(OR(C13<>0,H13<>0),D13=0,I13=0),"DROP",IF(AND(OR(D13<>0,I13<>0),C13=0,H13=0),"NEW",""))
A14: 305-37-38 | B14: =IFERROR(INDEX('Source'!$C:$C,MATCH($A14,'Source'!$B:$B,0)),"") -> מדרס מתכוונן | C14: =SUMIFS('Source'!$D:$D,'Source'!$A:$A,"160955 ORTOPROFIL PROD. ROMANIA",'Source'!$B:$B,$A14) -> 382 | D14: =SUMIFS('Source'!$F:$F,'Source'!$A:$A,"160955 ORTOPROFIL PROD. ROMANIA",'Source'!$B:$B,$A14) -> 238 | E14: =D14*$J$5 -> 300.63158 | F14: =E14-C14 -> -81.368421 | G14: =IF(AND(C14=0,E14=0),0,IF(C14=0,"New",(E14-C14)/C14)) -> -0.21300634 | H14: =SUMIFS('Source'!$E:$E,'Source'!$A:$A,"160955 ORTOPROFIL PROD. ROMANIA",'Source'!$B:$B,$A14) -> 13310.26 | I14: =SUMIFS('Source'!$G:$G,'Source'!$A:$A,"160955 ORTOPROFIL PROD. ROMANIA",'Source'!$B:$B,$A14) -> 8295.91 | J14: =I14*$J$5 -> 10479.044 | K14: =J14-H14 -> -2831.2158 | L14: =IF(AND(H14=0,J14=0),0,IF(H14=0,"New",(J14-H14)/H14)) -> -0.21270928 | M14: =IF(AND(OR(C14<>0,H14<>0),D14=0,I14=0),"DROP",IF(AND(OR(D14<>0,I14<>0),C14=0,H14=0),"NEW",""))
A15: 388BL 0 | B15: =IFERROR(INDEX('Source'!$C:$C,MATCH($A15,'Source'!$B:$B,0)),"") -> סד לילה לבוהן | C15: =SUMIFS('Source'!$D:$D,'Source'!$A:$A,"160955 ORTOPROFIL PROD. ROMANIA",'Source'!$B:$B,$A15) -> 337 | D15: =SUMIFS('Source'!$F:$F,'Source'!$A:$A,"160955 ORTOPROFIL PROD. ROMANIA",'Source'!$B:$B,$A15) -> 239 | E15: =D15*$J$5 -> 301.89474 | F15: =E15-C15 -> -35.105263 | G15: =IF(AND(C15=0,E15=0),0,IF(C15=0,"New",(E15-C15)/C15)) -> -0.10416992 | H15: =SUMIFS('Source'!$E:$E,'Source'!$A:$A,"160955 ORTOPROFIL PROD. ROMANIA",'Source'!$B:$B,$A15) -> 11873.87 | I15: =SUMIFS('Source'!$G:$G,'Source'!$A:$A,"160955 ORTOPROFIL PROD. ROMANIA",'Source'!$B:$B,$A15) -> 7470.49 | J15: =I15*$J$5 -> 9436.4084 | K15: =J15-H15 -> -2437.4616 | L15: =IF(AND(H15=0,J15=0),0,IF(H15=0,"New",(J15-H15)/H15)) -> -0.20527946 | M15: =IF(AND(OR(C15<>0,H15<>0),D15=0,I15=0),"DROP",IF(AND(OR(D15<>0,I15<>0),C15=0,H15=0),"NEW",""))
A16: 379COM-39-42 | B16: =IFERROR(INDEX('Source'!$C:$C,MATCH($A16,'Source'!$B:$B,0)),"") -> מדרסי ג'ל קומפורט | C16: =SUMIFS('Source'!$D:$D,'Source'!$A:$A,"160955 ORTOPROFIL PROD. ROMANIA",'Source'!$B:$B,$A16) -> 125 | D16: =SUMIFS('Source'!$F:$F,'Source'!$A:$A,"160955 ORTOPROFIL PROD. ROMANIA",'Source'!$B:$B,$A16) -> 37 | E16: =D16*$J$5 -> 46.736842 | F16: =E16-C16 -> -78.263158 | G16: =IF(AND(C16=0,E16=0),0,IF(C16=0,"New",(E16-C16)/C16)) -> -0.62610526 | H16: =SUMIFS('Source'!$E:$E,'Source'!$A:$A,"160955 ORTOPROFIL PROD. ROMANIA",'Source'!$B:$B,$A16) -> 5731.88 | I16: =SUMIFS('Source'!$G:$G,'Source'!$A:$A,"160955 ORTOPROFIL PROD. ROMANIA",'Source'!$B:$B,$A16) -> 1497.79 | J16: =I16*$J$5 -> 1891.9453 | K16: =J16-H16 -> -3839.9347 | L16: =IF(AND(H16=0,J16=0),0,IF(H16=0,"New",(J16-H16)/H16)) -> -0.66992588 | M16: =IF(AND(OR(C16<>0,H16<>0),D16=0,I16=0),"DROP",IF(AND(OR(D16<>0,I16<>0),C16=0,H16=0),"NEW",""))
A17: 379COM-43-46 | B17: =IFERROR(INDEX('Source'!$C:$C,MATCH($A17,'Source'!$B:$B,0)),"") -> מדרסי ג'ל קומפורט | C17: =SUMIFS('Source'!$D:$D,'Source'!$A:$A,"160955 ORTOPROFIL PROD. ROMANIA",'Source'!$B:$B,$A17) -> 101 | D17: =SUMIFS('Source'!$F:$F,'Source'!$A:$A,"160955 ORTOPROFIL PROD. ROMANIA",'Source'!$B:$B,$A17) -> 11 | E17: =D17*$J$5 -> 13.894737 | F17: =E17-C17 -> -87.105263 | G17: =IF(AND(C17=0,E17=0),0,IF(C17=0,"New",(E17-C17)/C17)) -> -0.86242835 | H17: =SUMIFS('Source'!$E:$E,'Source'!$A:$A,"160955 ORTOPROFIL PROD. ROMANIA",'Source'!$B:$B,$A17) -> 4660.82 | I17: =SUMIFS('Source'!$G:$G,'Source'!$A:$A,"160955 ORTOPROFIL PROD. ROMANIA",'Source'!$B:$B,$A17) -> 445.19 | J17: =I17*$J$5 -> 562.34526 | K17: =J17-H17 -> -4098.4747 | L17: =IF(AND(H17=0,J17=0),0,IF(H17=0,"New",(J17-H17)/H17)) -> -0.87934628 | M17: =IF(AND(OR(C17<>0,H17<>0),D17=0,I17=0),"DROP",IF(AND(OR(D17<>0,I17<>0),C17=0,H17=0),"NEW",""))
A18: 388BR 0 | B18: =IFERROR(INDEX('Source'!$C:$C,MATCH($A18,'Source'!$B:$B,0)),"") -> סד לילה לבוהן | C18: =SUMIFS('Source'!$D:$D,'Source'!$A:$A,"160955 ORTOPROFIL PROD. ROMANIA",'Source'!$B:$B,$A18) -> 336 | D18: =SUMIFS('Source'!$F:$F,'Source'!$A:$A,"160955 ORTOPROFIL PROD. ROMANIA",'Source'!$B:$B,$A18) -> 259 | E18: =D18*$J$5 -> 327.15789 | F18: =E18-C18 -> -8.8421053 | G18: =IF(AND(C18=0,E18=0),0,IF(C18=0,"New",(E18-C18)/C18)) -> -0.026315789 | H18: =SUMIFS('Source'!$E:$E,'Source'!$A:$A,"160955 ORTOPROFIL PROD. ROMANIA",'Source'!$B:$B,$A18) -> 11888.73 | I18: =SUMIFS('Source'!$G:$G,'Source'!$A:$A,"160955 ORTOPROFIL PROD. ROMANIA",'Source'!$B:$B,$A18) -> 8116.07 | J18: =I18*$J$5 -> 10251.878 | K18: =J18-H18 -> -1636.8521 | L18: =IF(AND(H18=0,J18=0),0,IF(H18=0,"New",(J18-H18)/H18)) -> -0.13768099 | M18: =IF(AND(OR(C18<>0,H18<>0),D18=0,I18=0),"DROP",IF(AND(OR(D18<>0,I18<>0),C18=0,H18=0),"NEW",""))
A19: 379COM-35-38 | B19: =IFERROR(INDEX('Source'!$C:$C,MATCH($A19,'Source'!$B:$B,0)),"") -> מדרסי ג'ל קומפורט | C19: =SUMIFS('Source'!$D:$D,'Source'!$A:$A,"160955 ORTOPROFIL PROD. ROMANIA",'Source'!$B:$B,$A19) -> 105 | D19: =SUMIFS('Source'!$F:$F,'Source'!$A:$A,"160955 ORTOPROFIL PROD. ROMANIA",'Source'!$B:$B,$A19) -> 46 | E19: =D19*$J$5 -> 58.105263 | F19: =E19-C19 -> -46.894737 | G19: =IF(AND(C19=0,E19=0),0,IF(C19=0,"New",(E19-C19)/C19)) -> -0.44661654 | H19: =SUMIFS('Source'!$E:$E,'Source'!$A:$A,"160955 ORTOPROFIL PROD. ROMANIA",'Source'!$B:$B,$A19) -> 4839.78 | I19: =SUMIFS('Source'!$G:$G,'Source'!$A:$A,"160955 ORTOPROFIL PROD. ROMANIA",'Source'!$B:$B,$A19) -> 1854.41 | J19: =I19*$J$5 -> 2342.4126 | K19: =J19-H19 -> -2497.3674 | L19: =IF(AND(H19=0,J19=0),0,IF(H19=0,"New",(J19-H19)/H19)) -> -0.51600845 | M19: =IF(AND(OR(C19<>0,H19<>0),D19=0,I19=0),"DROP",IF(AND(OR(D19<>0,I19<>0),C19=0,H19=0),"NEW",""))
A20: 11STO S | B20: =IFERROR(INDEX('Source'!$C:$C,MATCH($A20,'Source'!$B:$B,0)),"") -> חגורה אחרי ניתוח | C20: =SUMIFS('Source'!$D:$D,'Source'!$A:$A,"160955 ORTOPROFIL PROD. ROMANIA",'Source'!$B:$B,$A20) -> 82 | D20: =SUMIFS('Source'!$F:$F,'Source'!$A:$A,"160955 ORTOPROFIL PROD. ROMANIA",'Source'!$B:$B,$A20) -> 37 | E20: =D20*$J$5 -> 46.736842 | F20: =E20-C20 -> -35.263158 | G20: =IF(AND(C20=0,E20=0),0,IF(C20=0,"New",(E20-C20)/C20)) -> -0.43003851 | H20: =SUMIFS('Source'!$E:$E,'Source'!$A:$A,"160955 ORTOPROFIL PROD. ROMANIA",'Source'!$B:$B,$A20) -> 5125.13 | I20: =SUMIFS('Source'!$G:$G,'Source'!$A:$A,"160955 ORTOPROFIL PROD. ROMANIA",'Source'!$B:$B,$A20) -> 2282.87 | J20: =I20*$J$5 -> 2883.6253 | K20: =J20-H20 -> -2241.5047 | L20: =IF(AND(H20=0,J20=0),0,IF(H20=0,"New",(J20-H20)/H20)) -> -0.43735568 | M20: =IF(AND(OR(C20<>0,H20<>0),D20=0,I20=0),"DROP",IF(AND(OR(D20<>0,I20<>0),C20=0,H20=0),"NEW",""))
... A99: 239P-S-M | B99: =IFERROR(INDEX('Source'!$C:$C,MATCH($A99,'Source'!$B:$B,0)),"") -> URIEL STRAP4U PINK S-M | C99: =SUMIFS('Source'!$D:$D,'Source'!$A:$A,"160955 ORTOPROFIL PROD. ROMANIA",'Source'!$B:$B,$A99) -> 0 | D99: =SUMIFS('Source'!$F:$F,'Source'!$A:$A,"160955 ORTOPROFIL PROD. ROMANIA",'Source'!$B:$B,$A99) -> 1 | E99: =D99*$J$5 -> 1.2631579 | F99: =E99-C99 -> 1.2631579 | G99: =IF(AND(C99=0,E99=0),0,IF(C99=0,"New",(E99-C99)/C99)) -> New | H99: =SUMIFS('Source'!$E:$E,'Source'!$A:$A,"160955 ORTOPROFIL PROD. ROMANIA",'Source'!$B:$B,$A99) -> 0 | I99: =SUMIFS('Source'!$G:$G,'Source'!$A:$A,"160955 ORTOPROFIL PROD. ROMANIA",'Source'!$B:$B,$A99) -> 0.03 | J99: =I99*$J$5 -> 0.037894737 | K99: =J99-H99 -> 0.037894737 | L99: =IF(AND(H99=0,J99=0),0,IF(H99=0,"New",(J99-H99)/H99)) -> New | M99: =IF(AND(OR(C99<>0,H99<>0),D99=0,I99=0),"DROP",IF(AND(OR(D99<>0,I99<>0),C99=0,H99=0),"NEW","")) -> NEW
B101: TOTAL | C101: =SUM(C9:C99) -> 13479 | D101: =SUM(D9:D99) -> 9703 | E101: =SUM(E9:E99) -> 12256.421 | F101: =SUM(F9:F99) -> -1222.5789 | G101: =IF(C101=0,"N/A",F101/C101) -> -0.090702496 | H101: =SUM(H9:H99) -> 407234.61 | I101: =SUM(I9:I99) -> 300835.19 | J101: =SUM(J9:J99) -> 380002.35 | K101: =SUM(K9:K99) -> -27232.265 | L101: =IF(H101=0,"N/A",K101/H101) -> -0.066871194

Sheet C02266 SANAFLEX L.P
A1: Sales Comparison 2025 vs 2026 (Annualized) - Customer: C02266 SANAFLEX L.P (by Product CODE)
A2: Calculation date: | B2: 46284
A3: Source: NetSuite report "1-Sales: Customer by Item" (01/01/2025-31/12/2026), customer = "C02266 SANAFLEX L.P" only (exact match on the "Customer" column). Product CODE = column "Item: Name" (F in the original report) - NOT "Item: Name (Grouped)" (E), which carries a PARENT prefix. 2025 = columns J/K (Quantity/Amount Net); 2026 = columns O/P. Multiple rows per CODE per customer (one per unit-price tier) are summed (SUMIFS) per CODE, not taken from a single row. Raw rows kept unchanged in the shared "Source" sheet (filtered to only these 16 customers, not the full 32,141-row report). IMPORTANT: the source file’s own header states the report range as "01 January 2025 - 31 December 2026", but has no per-row date/timestamp field, so the exact 2026 cutoff cannot be verified from the data itself. Same assumption used across this whole workbook for consistency: 2026 actual covers approximately 9.5 months (1 Jan - 15 Sep).
A4: Annualization note: 2026 actual data is assumed to cover approximately 9.5 months (1 Jan - 15 Sep 2026), consistent with the rest of this workbook. Scaled to a full year via a simple linear factor = 12 / 9.5 (≈ 1.263158) - straight-line extrapolation, does NOT account for seasonality. Treat as an estimate. | I4: Months in full year: | J4: 12 | K4: Months covered by 2026 actual (assumed 1/1–15/9): | L4: 9.5
A5: # DROP (sold 2025, 0 in 2026): | B5: =SUMPRODUCT(--(((C9:C212<>0)+(H9:H212<>0)>0)*((D9:D212=0)*(I9:I212=0)))) -> 31 | C5: # NEW (sold 2026, 0 in 2025): | D5: =SUMPRODUCT(--(((D9:D212<>0)+(I9:I212<>0)>0)*((C9:C212=0)*(H9:H212=0)))) -> 19 | I5: Normalization factor (J4/L4): | J5: =J4/L4 -> 1.2631579
A6: DROP — Quantity 2025: | B6: =SUMPRODUCT(--(((C9:C212<>0)+(H9:H212<>0)>0)*((D9:D212=0)*(I9:I212=0)))*C9:C212) -> 347 | C6: DROP — Amount 2025 (₪): | D6: =SUMPRODUCT(--(((C9:C212<>0)+(H9:H212<>0)>0)*((D9:D212=0)*(I9:I212=0)))*H9:H212) -> 10736.31 | E6: NEW — Quantity 2026: | F6: =SUMPRODUCT(--(((D9:D212<>0)+(I9:I212<>0)>0)*((C9:C212=0)*(H9:H212=0)))*D9:D212) -> 154 | G6: NEW — Amount 2026 (₪): | H6: =SUMPRODUCT(--(((D9:D212<>0)+(I9:I212<>0)>0)*((C9:C212=0)*(H9:H212=0)))*I9:I212) -> 3246.9
A8: Product Code | B8: Item Display Name | C8: Quantity 2025 | D8: Quantity 2026 (Actual, partial year) | E8: Quantity 2026 (Annualized) | F8: Quantity Change (Annualized vs 2025) | G8: Quantity Change % (Annualized vs 2025) | H8: Amount 2025 (₪) | I8: Amount 2026 (Actual, partial year) (₪) | J8: Amount 2026 (Annualized) (₪) | K8: Amount Change (Annualized vs 2025) (₪) | L8: Amount Change % (Annualized vs 2025) | M8: Note
A9: AC11 0 | B9: =IFERROR(INDEX('Source'!$C:$C,MATCH($A9,'Source'!$B:$B,0)),"") -> חגורת בטן קלה | C9: =SUMIFS('Source'!$D:$D,'Source'!$A:$A,"C02266 SANAFLEX L.P",'Source'!$B:$B,$A9) -> 390 | D9: =SUMIFS('Source'!$F:$F,'Source'!$A:$A,"C02266 SANAFLEX L.P",'Source'!$B:$B,$A9) -> 210 | E9: =D9*$J$5 -> 265.26316 | F9: =E9-C9 -> -124.73684 | G9: =IF(AND(C9=0,E9=0),0,IF(C9=0,"New",(E9-C9)/C9)) -> -0.31983806 | H9: =SUMIFS('Source'!$E:$E,'Source'!$A:$A,"C02266 SANAFLEX L.P",'Source'!$B:$B,$A9) -> 13356.8 | I9: =SUMIFS('Source'!$G:$G,'Source'!$A:$A,"C02266 SANAFLEX L.P",'Source'!$B:$B,$A9) -> 6522.55 | J9: =I9*$J$5 -> 8239.0105 | K9: =J9-H9 -> -5117.7895 | L9: =IF(AND(H9=0,J9=0),0,IF(H9=0,"New",(J9-H9)/H9)) -> -0.38315985 | M9: =IF(AND(OR(C9<>0,H9<>0),D9=0,I9=0),"DROP",IF(AND(OR(D9<>0,I9<>0),C9=0,H9=0),"NEW",""))
A10: 268 0 | B10: =IFERROR(INDEX('Source'!$C:$C,MATCH($A10,'Source'!$B:$B,0)),"") -> סד לתמיכה פרק כף יד ואגודל | C10: =SUMIFS('Source'!$D:$D,'Source'!$A:$A,"C02266 SANAFLEX L.P",'Source'!$B:$B,$A10) -> 400 | D10: =SUMIFS('Source'!$F:$F,'Source'!$A:$A,"C02266 SANAFLEX L.P",'Source'!$B:$B,$A10) -> 280 | E10: =D10*$J$5 -> 353.68421 | F10: =E10-C10 -> -46.315789 | G10: =IF(AND(C10=0,E10=0),0,IF(C10=0,"New",(E10-C10)/C10)) -> -0.11578947 | H10: =SUMIFS('Source'!$E:$E,'Source'!$A:$A,"C02266 SANAFLEX L.P",'Source'!$B:$B,$A10) -> 13613.37 | I10: =SUMIFS('Source'!$G:$G,'Source'!$A:$A,"C02266 SANAFLEX L.P",'Source'!$B:$B,$A10) -> 8584.17 | J10: =I10*$J$5 -> 10843.162 | K10: =J10-H10 -> -2770.2079 | L10: =IF(AND(H10=0,J10=0),0,IF(H10=0,"New",(J10-H10)/H10)) -> -0.20349171 | M10: =IF(AND(OR(C10<>0,H10<>0),D10=0,I10=0),"DROP",IF(AND(OR(D10<>0,I10<>0),C10=0,H10=0),"NEW",""))
A11: AC43D 0 | B11: =IFERROR(INDEX('Source'!$C:$C,MATCH($A11,'Source'!$B:$B,0)),"") -> מגן ברך + צירים | C11: =SUMIFS('Source'!$D:$D,'Source'!$A:$A,"C02266 SANAFLEX L.P",'Source'!$B:$B,$A11) -> 310 | D11: =SUMIFS('Source'!$F:$F,'Source'!$A:$A,"C02266 SANAFLEX L.P",'Source'!$B:$B,$A11) -> 250 | E11: =D11*$J$5 -> 315.78947 | F11: =E11-C11 -> 5.7894737 | G11: =IF(AND(C11=0,E11=0),0,IF(C11=0,"New",(E11-C11)/C11)) -> 0.018675722 | H11: =SUMIFS('Source'!$E:$E,'Source'!$A:$A,"C02266 SANAFLEX L.P",'Source'!$B:$B,$A11) -> 13299.71 | I11: =SUMIFS('Source'!$G:$G,'Source'!$A:$A,"C02266 SANAFLEX L.P",'Source'!$B:$B,$A11) -> 9809.78 | J11: =I11*$J$5 -> 12391.301 | K11: =J11-H11 -> -908.40895 | L11: =IF(AND(H11=0,J11=0),0,IF(H11=0,"New",(J11-H11)/H11)) -> -0.068302914 | M11: =IF(AND(OR(C11<>0,H11<>0),D11=0,I11=0),"DROP",IF(AND(OR(D11<>0,I11<>0),C11=0,H11=0),"NEW",""))
A12: 376-41-43 | B12: =IFERROR(INDEX('Source'!$C:$C,MATCH($A12,'Source'!$B:$B,0)),"") -> רפידת זיכרון 376 | C12: =SUMIFS('Source'!$D:$D,'Source'!$A:$A,"C02266 SANAFLEX L.P",'Source'!$B:$B,$A12) -> 410 | D12: =SUMIFS('Source'!$F:$F,'Source'!$A:$A,"C02266 SANAFLEX L.P",'Source'!$B:$B,$A12) -> 190 | E12: =D12*$J$5 -> 240 | F12: =E12-C12 -> -170 | G12: =IF(AND(C12=0,E12=0),0,IF(C12=0,"New",(E12-C12)/C12)) -> -0.41463415 | H12: =SUMIFS('Source'!$E:$E,'Source'!$A:$A,"C02266 SANAFLEX L.P",'Source'!$B:$B,$A12) -> 5992.02 | I12: =SUMIFS('Source'!$G:$G,'Source'!$A:$A,"C02266 SANAFLEX L.P",'Source'!$B:$B,$A12) -> 2504.54 | J12: =I12*$J$5 -> 3163.6295 | K12: =J12-H12 -> -2828.3905 | L12: =IF(AND(H12=0,J12=0),0,IF(H12=0,"New",(J12-H12)/H12)) -> -0.47202622 | M12: =IF(AND(OR(C12<>0,H12<>0),D12=0,I12=0),"DROP",IF(AND(OR(D12<>0,I12<>0),C12=0,H12=0),"NEW",""))
A13: 266 0 | B13: =IFERROR(INDEX('Source'!$C:$C,MATCH($A13,'Source'!$B:$B,0)),"") -> סד יד דו צדדי | C13: =SUMIFS('Source'!$D:$D,'Source'!$A:$A,"C02266 SANAFLEX L.P",'Source'!$B:$B,$A13) -> 630 | D13: =SUMIFS('Source'!$F:$F,'Source'!$A:$A,"C02266 SANAFLEX L.P",'Source'!$B:$B,$A13) -> 540 | E13: =D13*$J$5 -> 682.10526 | F13: =E13-C13 -> 52.105263 | G13: =IF(AND(C13=0,E13=0),0,IF(C13=0,"New",(E13-C13)/C13)) -> 0.082706767 | H13: =SUMIFS('Source'!$E:$E,'Source'!$A:$A,"C02266 SANAFLEX L.P",'Source'!$B:$B,$A13) -> 13891.34 | I13: =SUMIFS('Source'!$G:$G,'Source'!$A:$A,"C02266 SANAFLEX L.P",'Source'!$B:$B,$A13) -> 10651.8 | J13: =I13*$J$5 -> 13454.905 | K13: =J13-H13 -> -436.43474 | L13: =IF(AND(H13=0,J13=0),0,IF(H13=0,"New",(J13-H13)/H13)) -> -0.031417756 | M13: =IF(AND(OR(C13<>0,H13<>0),D13=0,I13=0),"DROP",IF(AND(OR(D13<>0,I13<>0),C13=0,H13=0),"NEW",""))
A14: 67 0 | B14: =IFERROR(INDEX('Source'!$C:$C,MATCH($A14,'Source'!$B:$B,0)),"") -> כרית שינה חלומית | C14: =SUMIFS('Source'!$D:$D,'Source'!$A:$A,"C02266 SANAFLEX L.P",'Source'!$B:$B,$A14) -> 31 | D14: =SUMIFS('Source'!$F:$F,'Source'!$A:$A,"C02266 SANAFLEX L.P",'Source'!$B:$B,$A14) -> 0 | E14: =D14*$J$5 -> 0 | F14: =E14-C14 -> -31 | G14: =IF(AND(C14=0,E14=0),0,IF(C14=0,"New",(E14-C14)/C14)) -> -1 | H14: =SUMIFS('Source'!$E:$E,'Source'!$A:$A,"C02266 SANAFLEX L.P",'Source'!$B:$B,$A14) -> 3006.36 | I14: =SUMIFS('Source'!$G:$G,'Source'!$A:$A,"C02266 SANAFLEX L.P",'Source'!$B:$B,$A14) -> 0 | J14: =I14*$J$5 -> 0 | K14: =J14-H14 -> -3006.36 | L14: =IF(AND(H14=0,J14=0),0,IF(H14=0,"New",(J14-H14)/H14)) -> -1 | M14: =IF(AND(OR(C14<>0,H14<>0),D14=0,I14=0),"DROP",IF(AND(OR(D14<>0,I14<>0),C14=0,H14=0),"NEW","")) -> DROP
A15: AC25 0 | B15: =IFERROR(INDEX('Source'!$C:$C,MATCH($A15,'Source'!$B:$B,0)),"") -> חבק לשורש כף היד | C15: =SUMIFS('Source'!$D:$D,'Source'!$A:$A,"C02266 SANAFLEX L.P",'Source'!$B:$B,$A15) -> 1080 | D15: =SUMIFS('Source'!$F:$F,'Source'!$A:$A,"C02266 SANAFLEX L.P",'Source'!$B:$B,$A15) -> 990 | E15: =D15*$J$5 -> 1250.5263 | F15: =E15-C15 -> 170.52632 | G15: =IF(AND(C15=0,E15=0),0,IF(C15=0,"New",(E15-C15)/C15)) -> 0.15789474 | H15: =SUMIFS('Source'!$E:$E,'Source'!$A:$A,"C02266 SANAFLEX L.P",'Source'!$B:$B,$A15) -> 16006.91 | I15: =SUMIFS('Source'!$G:$G,'Source'!$A:$A,"C02266 SANAFLEX L.P",'Source'!$B:$B,$A15) -> 13225.04 | J15: =I15*$J$5 -> 16705.314 | K15: =J15-H15 -> 698.40368 | L15: =IF(AND(H15=0,J15=0),0,IF(H15=0,"New",(J15-H15)/H15)) -> 0.043631387 | M15: =IF(AND(OR(C15<>0,H15<>0),D15=0,I15=0),"DROP",IF(AND(OR(D15<>0,I15<>0),C15=0,H15=0),"NEW",""))
A16: 26 L | B16: =IFERROR(INDEX('Source'!$C:$C,MATCH($A16,'Source'!$B:$B,0)),"") -> סד יד דו צדדי | C16: =SUMIFS('Source'!$D:$D,'Source'!$A:$A,"C02266 SANAFLEX L.P",'Source'!$B:$B,$A16) -> 78 | D16: =SUMIFS('Source'!$F:$F,'Source'!$A:$A,"C02266 SANAFLEX L.P",'Source'!$B:$B,$A16) -> 20 | E16: =D16*$J$5 -> 25.263158 | F16: =E16-C16 -> -52.736842 | G16: =IF(AND(C16=0,E16=0),0,IF(C16=0,"New",(E16-C16)/C16)) -> -0.67611336 | H16: =SUMIFS('Source'!$E:$E,'Source'!$A:$A,"C02266 SANAFLEX L.P",'Source'!$B:$B,$A16) -> 3401.19 | I16: =SUMIFS('Source'!$G:$G,'Source'!$A:$A,"C02266 SANAFLEX L.P",'Source'!$B:$B,$A16) -> 780.96 | J16: =I16*$J$5 -> 986.47579 | K16: =J16-H16 -> -2414.7142 | L16: =IF(AND(H16=0,J16=0),0,IF(H16=0,"New",(J16-H16)/H16)) -> -0.70996158 | M16: =IF(AND(OR(C16<>0,H16<>0),D16=0,I16=0),"DROP",IF(AND(OR(D16<>0,I16<>0),C16=0,H16=0),"NEW",""))
A17: 55 L | B17: =IFERROR(INDEX('Source'!$C:$C,MATCH($A17,'Source'!$B:$B,0)),"") -> סופורטר | C17: =SUMIFS('Source'!$D:$D,'Source'!$A:$A,"C02266 SANAFLEX L.P",'Source'!$B:$B,$A17) -> 100 | D17: =SUMIFS('Source'!$F:$F,'Source'!$A:$A,"C02266 SANAFLEX L.P",'Source'!$B:$B,$A17) -> 18 | E17: =D17*$J$5 -> 22.736842 | F17: =E17-C17 -> -77.263158 | G17: =IF(AND(C17=0,E17=0),0,IF(C17=0,"New",(E17-C17)/C17)) -> -0.77263158 | H17: =SUMIFS('Source'!$E:$E,'Source'!$A:$A,"C02266 SANAFLEX L.P",'Source'!$B:$B,$A17) -> 3135.24 | I17: =SUMIFS('Source'!$G:$G,'Source'!$A:$A,"C02266 SANAFLEX L.P",'Source'!$B:$B,$A17) -> 522.81 | J17: =I17*$J$5 -> 660.39158 | K17: =J17-H17 -> -2474.8484 | L17: =IF(AND(H17=0,J17=0),0,IF(H17=0,"New",(J17-H17)/H17)) -> -0.7893649 | M17: =IF(AND(OR(C17<>0,H17<>0),D17=0,I17=0),"DROP",IF(AND(OR(D17<>0,I17<>0),C17=0,H17=0),"NEW",""))
A18: 251 0 | B18: =IFERROR(INDEX('Source'!$C:$C,MATCH($A18,'Source'!$B:$B,0)),"") -> שרוול לגבס ארוך יד | C18: =SUMIFS('Source'!$D:$D,'Source'!$A:$A,"C02266 SANAFLEX L.P",'Source'!$B:$B,$A18) -> 325 | D18: =SUMIFS('Source'!$F:$F,'Source'!$A:$A,"C02266 SANAFLEX L.P",'Source'!$B:$B,$A18) -> 220 | E18: =D18*$J$5 -> 277.89474 | F18: =E18-C18 -> -47.105263 | G18: =IF(AND(C18=0,E18=0),0,IF(C18=0,"New",(E18-C18)/C18)) -> -0.14493927 | H18: =SUMIFS('Source'!$E:$E,'Source'!$A:$A,"C02266 SANAFLEX L.P",'Source'!$B:$B,$A18) -> 6622.52 | I18: =SUMIFS('Source'!$G:$G,'Source'!$A:$A,"C02266 SANAFLEX L.P",'Source'!$B:$B,$A18) -> 4021.87 | J18: =I18*$J$5 -> 5080.2568 | K18: =J18-H18 -> -1542.2632 | L18: =IF(AND(H18=0,J18=0),0,IF(H18=0,"New",(J18-H18)/H18)) -> -0.23288162 | M18: =IF(AND(OR(C18<>0,H18<>0),D18=0,I18=0),"DROP",IF(AND(OR(D18<>0,I18<>0),C18=0,H18=0),"NEW",""))
A19: 61 L | B19: =IFERROR(INDEX('Source'!$C:$C,MATCH($A19,'Source'!$B:$B,0)),"") -> צוארון עממי | C19: =SUMIFS('Source'!$D:$D,'Source'!$A:$A,"C02266 SANAFLEX L.P",'Source'!$B:$B,$A19) -> 160 | D19: =SUMIFS('Source'!$F:$F,'Source'!$A:$A,"C02266 SANAFLEX L.P",'Source'!$B:$B,$A19) -> 20 | E19: =D19*$J$5 -> 25.263158 | F19: =E19-C19 -> -134.73684 | G19: =IF(AND(C19=0,E19=0),0,IF(C19=0,"New",(E19-C19)/C19)) -> -0.84210526 | H19: =SUMIFS('Source'!$E:$E,'Source'!$A:$A,"C02266 SANAFLEX L.P",'Source'!$B:$B,$A19) -> 2814.71 | I19: =SUMIFS('Source'!$G:$G,'Source'!$A:$A,"C02266 SANAFLEX L.P",'Source'!$B:$B,$A19) -> 316.93 | J19: =I19*$J$5 -> 400.33263 | K19: =J19-H19 -> -2414.3774 | L19: =IF(AND(H19=0,J19=0),0,IF(H19=0,"New",(J19-H19)/H19)) -> -0.85777127 | M19: =IF(AND(OR(C19<>0,H19<>0),D19=0,I19=0),"DROP",IF(AND(OR(D19<>0,I19<>0),C19=0,H19=0),"NEW",""))
A20: 351 0 | B20: =IFERROR(INDEX('Source'!$C:$C,MATCH($A20,'Source'!$B:$B,0)),"") -> שרוול לגבס ארוך רגל | C20: =SUMIFS('Source'!$D:$D,'Source'!$A:$A,"C02266 SANAFLEX L.P",'Source'!$B:$B,$A20) -> 240 | D20: =SUMIFS('Source'!$F:$F,'Source'!$A:$A,"C02266 SANAFLEX L.P",'Source'!$B:$B,$A20) -> 170 | E20: =D20*$J$5 -> 214.73684 | F20: =E20-C20 -> -25.263158 | G20: =IF(AND(C20=0,E20=0),0,IF(C20=0,"New",(E20-C20)/C20)) -> -0.10526316 | H20: =SUMIFS('Source'!$E:$E,'Source'!$A:$A,"C02266 SANAFLEX L.P",'Source'!$B:$B,$A20) -> 6330.7 | I20: =SUMIFS('Source'!$G:$G,'Source'!$A:$A,"C02266 SANAFLEX L.P",'Source'!$B:$B,$A20) -> 4025.84 | J20: =I20*$J$5 -> 5085.2716 | K20: =J20-H20 -> -1245.4284 | L20: =IF(AND(H20=0,J20=0),0,IF(H20=0,"New",(J20-H20)/H20)) -> -0.19672839 | M20: =IF(AND(OR(C20<>0,H20<>0),D20=0,I20=0),"DROP",IF(AND(OR(D20<>0,I20<>0),C20=0,H20=0),"NEW",""))
... A212: 202 0 | B212: =IFERROR(INDEX('Source'!$C:$C,MATCH($A212,'Source'!$B:$B,0)),"") -> WRISTO STRAP חבק יד | C212: =SUMIFS('Source'!$D:$D,'Source'!$A:$A,"C02266 SANAFLEX L.P",'Source'!$B:$B,$A212) -> 0 | D212: =SUMIFS('Source'!$F:$F,'Source'!$A:$A,"C02266 SANAFLEX L.P",'Source'!$B:$B,$A212) -> 1 | E212: =D212*$J$5 -> 1.2631579 | F212: =E212-C212 -> 1.2631579 | G212: =IF(AND(C212=0,E212=0),0,IF(C212=0,"New",(E212-C212)/C212)) -> New | H212: =SUMIFS('Source'!$E:$E,'Source'!$A:$A,"C02266 SANAFLEX L.P",'Source'!$B:$B,$A212) -> 0 | I212: =SUMIFS('Source'!$G:$G,'Source'!$A:$A,"C02266 SANAFLEX L.P",'Source'!$B:$B,$A212) -> 0.03 | J212: =I212*$J$5 -> 0.037894737 | K212: =J212-H212 -> 0.037894737 | L212: =IF(AND(H212=0,J212=0),0,IF(H212=0,"New",(J212-H212)/H212)) -> New | M212: =IF(AND(OR(C212<>0,H212<>0),D212=0,I212=0),"DROP",IF(AND(OR(D212<>0,I212<>0),C212=0,H212=0),"NEW","")) -> NEW
B214: TOTAL | C214: =SUM(C9:C212) -> 20757 | D214: =SUM(D9:D212) -> 18128 | E214: =SUM(E9:E212) -> 22898.526 | F214: =SUM(F9:F212) -> 2141.5263 | G214: =IF(C214=0,"N/A",F214/C214) -> 0.10317128 | H214: =SUM(H9:H212) -> 395351.38 | I214: =SUM(I9:I212) -> 307055.17 | J214: =SUM(J9:J212) -> 387859.16 | K214: =SUM(K9:K212) -> -7492.2179 | L214: =IF(H214=0,"N/A",K214/H214) -> -0.018950782

Sheet 160920 SALUS
A1: Sales Comparison 2025 vs 2026 (Annualized) - Customer: 160920 SALUS (by Product CODE)
A2: Calculation date: | B2: 46284
A3: Source: NetSuite report "1-Sales: Customer by Item" (01/01/2025-31/12/2026), customer = "160920 SALUS" only (exact match on the "Customer" column). Product CODE = column "Item: Name" (F in the original report) - NOT "Item: Name (Grouped)" (E), which carries a PARENT prefix. 2025 = columns J/K (Quantity/Amount Net); 2026 = columns O/P. Multiple rows per CODE per customer (one per unit-price tier) are summed (SUMIFS) per CODE, not taken from a single row. Raw rows kept unchanged in the shared "Source" sheet (filtered to only these 16 customers, not the full 32,141-row report). IMPORTANT: the source file’s own header states the report range as "01 January 2025 - 31 December 2026", but has no per-row date/timestamp field, so the exact 2026 cutoff cannot be verified from the data itself. Same assumption used across this whole workbook for consistency: 2026 actual covers approximately 9.5 months (1 Jan - 15 Sep).
A4: Annualization note: 2026 actual data is assumed to cover approximately 9.5 months (1 Jan - 15 Sep 2026), consistent with the rest of this workbook. Scaled to a full year via a simple linear factor = 12 / 9.5 (≈ 1.263158) - straight-line extrapolation, does NOT account for seasonality. Treat as an estimate. | I4: Months in full year: | J4: 12 | K4: Months covered by 2026 actual (assumed 1/1–15/9): | L4: 9.5
A5: # DROP (sold 2025, 0 in 2026): | B5: =SUMPRODUCT(--(((C9:C225<>0)+(H9:H225<>0)>0)*((D9:D225=0)*(I9:I225=0)))) -> 66 | C5: # NEW (sold 2026, 0 in 2025): | D5: =SUMPRODUCT(--(((D9:D225<>0)+(I9:I225<>0)>0)*((C9:C225=0)*(H9:H225=0)))) -> 22 | I5: Normalization factor (J4/L4): | J5: =J4/L4 -> 1.2631579
A6: DROP — Quantity 2025: | B6: =SUMPRODUCT(--(((C9:C225<>0)+(H9:H225<>0)>0)*((D9:D225=0)*(I9:I225=0)))*C9:C225) -> 797 | C6: DROP — Amount 2025 (₪): | D6: =SUMPRODUCT(--(((C9:C225<>0)+(H9:H225<>0)>0)*((D9:D225=0)*(I9:I225=0)))*H9:H225) -> 28651.54 | E6: NEW — Quantity 2026: | F6: =SUMPRODUCT(--(((D9:D225<>0)+(I9:I225<>0)>0)*((C9:C225=0)*(H9:H225=0)))*D9:D225) -> 991 | G6: NEW — Amount 2026 (₪): | H6: =SUMPRODUCT(--(((D9:D225<>0)+(I9:I225<>0)>0)*((C9:C225=0)*(H9:H225=0)))*I9:I225) -> 14625
A8: Product Code | B8: Item Display Name | C8: Quantity 2025 | D8: Quantity 2026 (Actual, partial year) | E8: Quantity 2026 (Annualized) | F8: Quantity Change (Annualized vs 2025) | G8: Quantity Change % (Annualized vs 2025) | H8: Amount 2025 (₪) | I8: Amount 2026 (Actual, partial year) (₪) | J8: Amount 2026 (Annualized) (₪) | K8: Amount Change (Annualized vs 2025) (₪) | L8: Amount Change % (Annualized vs 2025) | M8: Note
A9: ST11 0 | B9: =IFERROR(INDEX('Source'!$C:$C,MATCH($A9,'Source'!$B:$B,0)),"") -> חגורת בטן קלה | C9: =SUMIFS('Source'!$D:$D,'Source'!$A:$A,"160920 SALUS",'Source'!$B:$B,$A9) -> 0 | D9: =SUMIFS('Source'!$F:$F,'Source'!$A:$A,"160920 SALUS",'Source'!$B:$B,$A9) -> 630 | E9: =D9*$J$5 -> 795.78947 | F9: =E9-C9 -> 795.78947 | G9: =IF(AND(C9=0,E9=0),0,IF(C9=0,"New",(E9-C9)/C9)) -> New | H9: =SUMIFS('Source'!$E:$E,'Source'!$A:$A,"160920 SALUS",'Source'!$B:$B,$A9) -> 0 | I9: =SUMIFS('Source'!$G:$G,'Source'!$A:$A,"160920 SALUS",'Source'!$B:$B,$A9) -> 28285.4 | J9: =I9*$J$5 -> 35728.926 | K9: =J9-H9 -> 35728.926 | L9: =IF(AND(H9=0,J9=0),0,IF(H9=0,"New",(J9-H9)/H9)) -> New | M9: =IF(AND(OR(C9<>0,H9<>0),D9=0,I9=0),"DROP",IF(AND(OR(D9<>0,I9<>0),C9=0,H9=0),"NEW","")) -> NEW
A10: הנחות לקוחות | B10: =IFERROR(INDEX('Source'!$C:$C,MATCH($A10,'Source'!$B:$B,0)),"") -> הנחות לקוחות | C10: =SUMIFS('Source'!$D:$D,'Source'!$A:$A,"160920 SALUS",'Source'!$B:$B,$A10) -> 0 | D10: =SUMIFS('Source'!$F:$F,'Source'!$A:$A,"160920 SALUS",'Source'!$B:$B,$A10) -> -1 | E10: =D10*$J$5 -> -1.2631579 | F10: =E10-C10 -> -1.2631579 | G10: =IF(AND(C10=0,E10=0),0,IF(C10=0,"New",(E10-C10)/C10)) -> New | H10: =SUMIFS('Source'!$E:$E,'Source'!$A:$A,"160920 SALUS",'Source'!$B:$B,$A10) -> 0 | I10: =SUMIFS('Source'!$G:$G,'Source'!$A:$A,"160920 SALUS",'Source'!$B:$B,$A10) -> -22807.55 | J10: =I10*$J$5 -> -28809.537 | K10: =J10-H10 -> -28809.537 | L10: =IF(AND(H10=0,J10=0),0,IF(H10=0,"New",(J10-H10)/H10)) -> New | M10: =IF(AND(OR(C10<>0,H10<>0),D10=0,I10=0),"DROP",IF(AND(OR(D10<>0,I10<>0),C10=0,H10=0),"NEW","")) -> NEW
A11: ST45X 0 | B11: =IFERROR(INDEX('Source'!$C:$C,MATCH($A11,'Source'!$B:$B,0)),"") -> מ.ברך | C11: =SUMIFS('Source'!$D:$D,'Source'!$A:$A,"160920 SALUS",'Source'!$B:$B,$A11) -> 1550 | D11: =SUMIFS('Source'!$F:$F,'Source'!$A:$A,"160920 SALUS",'Source'!$B:$B,$A11) -> 2928 | E11: =D11*$J$5 -> 3698.5263 | F11: =E11-C11 -> 2148.5263 | G11: =IF(AND(C11=0,E11=0),0,IF(C11=0,"New",(E11-C11)/C11)) -> 1.386146 | H11: =SUMIFS('Source'!$E:$E,'Source'!$A:$A,"160920 SALUS",'Source'!$B:$B,$A11) -> 27116.8 | I11: =SUMIFS('Source'!$G:$G,'Source'!$A:$A,"160920 SALUS",'Source'!$B:$B,$A11) -> 48283.04 | J11: =I11*$J$5 -> 60989.103 | K11: =J11-H11 -> 33872.303 | L11: =IF(AND(H11=0,J11=0),0,IF(H11=0,"New",(J11-H11)/H11)) -> 1.2491261 | M11: =IF(AND(OR(C11<>0,H11<>0),D11=0,I11=0),"DROP",IF(AND(OR(D11<>0,I11<>0),C11=0,H11=0),"NEW",""))
A12: ST25 0 | B12: =IFERROR(INDEX('Source'!$C:$C,MATCH($A12,'Source'!$B:$B,0)),"") -> חבק יד | C12: =SUMIFS('Source'!$D:$D,'Source'!$A:$A,"160920 SALUS",'Source'!$B:$B,$A12) -> 4800 | D12: =SUMIFS('Source'!$F:$F,'Source'!$A:$A,"160920 SALUS",'Source'!$B:$B,$A12) -> 5500 | E12: =D12*$J$5 -> 6947.3684 | F12: =E12-C12 -> 2147.3684 | G12: =IF(AND(C12=0,E12=0),0,IF(C12=0,"New",(E12-C12)/C12)) -> 0.44736842 | H12: =SUMIFS('Source'!$E:$E,'Source'!$A:$A,"160920 SALUS",'Source'!$B:$B,$A12) -> 66726.56 | I12: =SUMIFS('Source'!$G:$G,'Source'!$A:$A,"160920 SALUS",'Source'!$B:$B,$A12) -> 77415.73 | J12: =I12*$J$5 -> 97788.291 | K12: =J12-H12 -> 31061.731 | L12: =IF(AND(H12=0,J12=0),0,IF(H12=0,"New",(J12-H12)/H12)) -> 0.46550775 | M12: =IF(AND(OR(C12<>0,H12<>0),D12=0,I12=0),"DROP",IF(AND(OR(D12<>0,I12<>0),C12=0,H12=0),"NEW",""))
A13: 43BD L | B13: =IFERROR(INDEX('Source'!$C:$C,MATCH($A13,'Source'!$B:$B,0)),"") -> מגן ברך מנאופרן 2 ממ שחור | C13: =SUMIFS('Source'!$D:$D,'Source'!$A:$A,"160920 SALUS",'Source'!$B:$B,$A13) -> 15 | D13: =SUMIFS('Source'!$F:$F,'Source'!$A:$A,"160920 SALUS",'Source'!$B:$B,$A13) -> 90 | E13: =D13*$J$5 -> 113.68421 | F13: =E13-C13 -> 98.684211 | G13: =IF(AND(C13=0,E13=0),0,IF(C13=0,"New",(E13-C13)/C13)) -> 6.5789474 | H13: =SUMIFS('Source'!$E:$E,'Source'!$A:$A,"160920 SALUS",'Source'!$B:$B,$A13) -> 1269.86 | I13: =SUMIFS('Source'!$G:$G,'Source'!$A:$A,"160920 SALUS",'Source'!$B:$B,$A13) -> 8030.02 | J13: =I13*$J$5 -> 10143.183 | K13: =J13-H13 -> 8873.3232 | L13: =IF(AND(H13=0,J13=0),0,IF(H13=0,"New",(J13-H13)/H13)) -> 6.9876389 | M13: =IF(AND(OR(C13<>0,H13<>0),D13=0,I13=0),"DROP",IF(AND(OR(D13<>0,I13<>0),C13=0,H13=0),"NEW",""))
A14: 14 0 | B14: =IFERROR(INDEX('Source'!$C:$C,MATCH($A14,'Source'!$B:$B,0)),"") -> חגורה למנותחי בית חזה | C14: =SUMIFS('Source'!$D:$D,'Source'!$A:$A,"160920 SALUS",'Source'!$B:$B,$A14) -> 185 | D14: =SUMIFS('Source'!$F:$F,'Source'!$A:$A,"160920 SALUS",'Source'!$B:$B,$A14) -> 280 | E14: =D14*$J$5 -> 353.68421 | F14: =E14-C14 -> 168.68421 | G14: =IF(AND(C14=0,E14=0),0,IF(C14=0,"New",(E14-C14)/C14)) -> 0.91180654 | H14: =SUMIFS('Source'!$E:$E,'Source'!$A:$A,"160920 SALUS",'Source'!$B:$B,$A14) -> 14791.19 | I14: =SUMIFS('Source'!$G:$G,'Source'!$A:$A,"160920 SALUS",'Source'!$B:$B,$A14) -> 21022.31 | J14: =I14*$J$5 -> 26554.497 | K14: =J14-H14 -> 11763.307 | L14: =IF(AND(H14=0,J14=0),0,IF(H14=0,"New",(J14-H14)/H14)) -> 0.79529144 | M14: =IF(AND(OR(C14<>0,H14<>0),D14=0,I14=0),"DROP",IF(AND(OR(D14<>0,I14<>0),C14=0,H14=0),"NEW",""))
A15: AC43D 0 | B15: =IFERROR(INDEX('Source'!$C:$C,MATCH($A15,'Source'!$B:$B,0)),"") -> מגן ברך + צירים | C15: =SUMIFS('Source'!$D:$D,'Source'!$A:$A,"160920 SALUS",'Source'!$B:$B,$A15) -> 480 | D15: =SUMIFS('Source'!$F:$F,'Source'!$A:$A,"160920 SALUS",'Source'!$B:$B,$A15) -> 650 | E15: =D15*$J$5 -> 821.05263 | F15: =E15-C15 -> 341.05263 | G15: =IF(AND(C15=0,E15=0),0,IF(C15=0,"New",(E15-C15)/C15)) -> 0.71052632 | H15: =SUMIFS('Source'!$E:$E,'Source'!$A:$A,"160920 SALUS",'Source'!$B:$B,$A15) -> 20704.23 | I15: =SUMIFS('Source'!$G:$G,'Source'!$A:$A,"160920 SALUS",'Source'!$B:$B,$A15) -> 26769.41 | J15: =I15*$J$5 -> 33813.992 | K15: =J15-H15 -> 13109.762 | L15: =IF(AND(H15=0,J15=0),0,IF(H15=0,"New",(J15-H15)/H15)) -> 0.63319242 | M15: =IF(AND(OR(C15<>0,H15<>0),D15=0,I15=0),"DROP",IF(AND(OR(D15<>0,I15<>0),C15=0,H15=0),"NEW",""))
A16: 43BD XL | B16: =IFERROR(INDEX('Source'!$C:$C,MATCH($A16,'Source'!$B:$B,0)),"") -> מגן ברך מנאופרן 2 ממ שחור | C16: =SUMIFS('Source'!$D:$D,'Source'!$A:$A,"160920 SALUS",'Source'!$B:$B,$A16) -> 35 | D16: =SUMIFS('Source'!$F:$F,'Source'!$A:$A,"160920 SALUS",'Source'!$B:$B,$A16) -> 100 | E16: =D16*$J$5 -> 126.31579 | F16: =E16-C16 -> 91.315789 | G16: =IF(AND(C16=0,E16=0),0,IF(C16=0,"New",(E16-C16)/C16)) -> 2.6090226 | H16: =SUMIFS('Source'!$E:$E,'Source'!$A:$A,"160920 SALUS",'Source'!$B:$B,$A16) -> 2963 | I16: =SUMIFS('Source'!$G:$G,'Source'!$A:$A,"160920 SALUS",'Source'!$B:$B,$A16) -> 8841.47 | J16: =I16*$J$5 -> 11168.173 | K16: =J16-H16 -> 8205.1726 | L16: =IF(AND(H16=0,J16=0),0,IF(H16=0,"New",(J16-H16)/H16)) -> 2.7692111 | M16: =IF(AND(OR(C16<>0,H16<>0),D16=0,I16=0),"DROP",IF(AND(OR(D16<>0,I16<>0),C16=0,H16=0),"NEW",""))
A17: 43BD M | B17: =IFERROR(INDEX('Source'!$C:$C,MATCH($A17,'Source'!$B:$B,0)),"") -> מגן ברך מנאופרן 2 ממ שחור | C17: =SUMIFS('Source'!$D:$D,'Source'!$A:$A,"160920 SALUS",'Source'!$B:$B,$A17) -> 20 | D17: =SUMIFS('Source'!$F:$F,'Source'!$A:$A,"160920 SALUS",'Source'!$B:$B,$A17) -> 75 | E17: =D17*$J$5 -> 94.736842 | F17: =E17-C17 -> 74.736842 | G17: =IF(AND(C17=0,E17=0),0,IF(C17=0,"New",(E17-C17)/C17)) -> 3.7368421 | H17: =SUMIFS('Source'!$E:$E,'Source'!$A:$A,"160920 SALUS",'Source'!$B:$B,$A17) -> 1693.14 | I17: =SUMIFS('Source'!$G:$G,'Source'!$A:$A,"160920 SALUS",'Source'!$B:$B,$A17) -> 6740.14 | J17: =I17*$J$5 -> 8513.8611 | K17: =J17-H17 -> 6820.7211 | L17: =IF(AND(H17=0,J17=0),0,IF(H17=0,"New",(J17-H17)/H17)) -> 4.0284448 | M17: =IF(AND(OR(C17<>0,H17<>0),D17=0,I17=0),"DROP",IF(AND(OR(D17<>0,I17<>0),C17=0,H17=0),"NEW",""))
A18: 85K 0 | B18: =IFERROR(INDEX('Source'!$C:$C,MATCH($A18,'Source'!$B:$B,0)),"") -> מתלה ליד לילדים | C18: =SUMIFS('Source'!$D:$D,'Source'!$A:$A,"160920 SALUS",'Source'!$B:$B,$A18) -> 150 | D18: =SUMIFS('Source'!$F:$F,'Source'!$A:$A,"160920 SALUS",'Source'!$B:$B,$A18) -> 0 | E18: =D18*$J$5 -> 0 | F18: =E18-C18 -> -150 | G18: =IF(AND(C18=0,E18=0),0,IF(C18=0,"New",(E18-C18)/C18)) -> -1 | H18: =SUMIFS('Source'!$E:$E,'Source'!$A:$A,"160920 SALUS",'Source'!$B:$B,$A18) -> 3994.45 | I18: =SUMIFS('Source'!$G:$G,'Source'!$A:$A,"160920 SALUS",'Source'!$B:$B,$A18) -> 0 | J18: =I18*$J$5 -> 0 | K18: =J18-H18 -> -3994.45 | L18: =IF(AND(H18=0,J18=0),0,IF(H18=0,"New",(J18-H18)/H18)) -> -1 | M18: =IF(AND(OR(C18<>0,H18<>0),D18=0,I18=0),"DROP",IF(AND(OR(D18<>0,I18<>0),C18=0,H18=0),"NEW","")) -> DROP
A19: ST95 0 | B19: =IFERROR(INDEX('Source'!$C:$C,MATCH($A19,'Source'!$B:$B,0)),"") -> מגן מרפק | C19: =SUMIFS('Source'!$D:$D,'Source'!$A:$A,"160920 SALUS",'Source'!$B:$B,$A19) -> 160 | D19: =SUMIFS('Source'!$F:$F,'Source'!$A:$A,"160920 SALUS",'Source'!$B:$B,$A19) -> 370 | E19: =D19*$J$5 -> 467.36842 | F19: =E19-C19 -> 307.36842 | G19: =IF(AND(C19=0,E19=0),0,IF(C19=0,"New",(E19-C19)/C19)) -> 1.9210526 | H19: =SUMIFS('Source'!$E:$E,'Source'!$A:$A,"160920 SALUS",'Source'!$B:$B,$A19) -> 2769.61 | I19: =SUMIFS('Source'!$G:$G,'Source'!$A:$A,"160920 SALUS",'Source'!$B:$B,$A19) -> 6466.05 | J19: =I19*$J$5 -> 8167.6421 | K19: =J19-H19 -> 5398.0321 | L19: =IF(AND(H19=0,J19=0),0,IF(H19=0,"New",(J19-H19)/H19)) -> 1.9490225 | M19: =IF(AND(OR(C19<>0,H19<>0),D19=0,I19=0),"DROP",IF(AND(OR(D19<>0,I19<>0),C19=0,H19=0),"NEW",""))
A20: 307 L | B20: =IFERROR(INDEX('Source'!$C:$C,MATCH($A20,'Source'!$B:$B,0)),"") -> כרית סיליקון לעקב | C20: =SUMIFS('Source'!$D:$D,'Source'!$A:$A,"160920 SALUS",'Source'!$B:$B,$A20) -> 55 | D20: =SUMIFS('Source'!$F:$F,'Source'!$A:$A,"160920 SALUS",'Source'!$B:$B,$A20) -> 138 | E20: =D20*$J$5 -> 174.31579 | F20: =E20-C20 -> 119.31579 | G20: =IF(AND(C20=0,E20=0),0,IF(C20=0,"New",(E20-C20)/C20)) -> 2.169378 | H20: =SUMIFS('Source'!$E:$E,'Source'!$A:$A,"160920 SALUS",'Source'!$B:$B,$A20) -> 1420.65 | I20: =SUMIFS('Source'!$G:$G,'Source'!$A:$A,"160920 SALUS",'Source'!$B:$B,$A20) -> 3807.02 | J20: =I20*$J$5 -> 4808.8674 | K20: =J20-H20 -> 3388.2174 | L20: =IF(AND(H20=0,J20=0),0,IF(H20=0,"New",(J20-H20)/H20)) -> 2.3849769 | M20: =IF(AND(OR(C20<>0,H20<>0),D20=0,I20=0),"DROP",IF(AND(OR(D20<>0,I20<>0),C20=0,H20=0),"NEW",""))
... A225: T36B L | B225: =IFERROR(INDEX('Source'!$C:$C,MATCH($A225,'Source'!$B:$B,0)),"") -> תרמה קרסול | C225: =SUMIFS('Source'!$D:$D,'Source'!$A:$A,"160920 SALUS",'Source'!$B:$B,$A225) -> 0 | D225: =SUMIFS('Source'!$F:$F,'Source'!$A:$A,"160920 SALUS",'Source'!$B:$B,$A225) -> 1 | E225: =D225*$J$5 -> 1.2631579 | F225: =E225-C225 -> 1.2631579 | G225: =IF(AND(C225=0,E225=0),0,IF(C225=0,"New",(E225-C225)/C225)) -> New | H225: =SUMIFS('Source'!$E:$E,'Source'!$A:$A,"160920 SALUS",'Source'!$B:$B,$A225) -> 0 | I225: =SUMIFS('Source'!$G:$G,'Source'!$A:$A,"160920 SALUS",'Source'!$B:$B,$A225) -> 0.03 | J225: =I225*$J$5 -> 0.037894737 | K225: =J225-H225 -> 0.037894737 | L225: =IF(AND(H225=0,J225=0),0,IF(H225=0,"New",(J225-H225)/H225)) -> New | M225: =IF(AND(OR(C225<>0,H225<>0),D225=0,I225=0),"DROP",IF(AND(OR(D225<>0,I225<>0),C225=0,H225=0),"NEW","")) -> NEW
B227: TOTAL | C227: =SUM(C9:C225) -> 18268 | D227: =SUM(D9:D225) -> 20601 | E227: =SUM(E9:E225) -> 26022.316 | F227: =SUM(F9:F225) -> 7754.3158 | G227: =IF(C227=0,"N/A",F227/C227) -> 0.42447536 | H227: =SUM(H9:H225) -> 319558.55 | I227: =SUM(I9:I225) -> 365555.25 | J227: =SUM(J9:J225) -> 461754 | K227: =SUM(K9:K225) -> 142195.45 | L227: =IF(H227=0,"N/A",K227/H227) -> 0.44497464

Sheet 160951 MEDIPAL COMPANY
A1: Sales Comparison 2025 vs 2026 (Annualized) - Customer: 160951 MEDIPAL COMPANY (by Product CODE)
A2: Calculation date: | B2: 46284
A3: Source: NetSuite report "1-Sales: Customer by Item" (01/01/2025-31/12/2026), customer = "160951 MEDIPAL COMPANY" only (exact match on the "Customer" column). Product CODE = column "Item: Name" (F in the original report) - NOT "Item: Name (Grouped)" (E), which carries a PARENT prefix. 2025 = columns J/K (Quantity/Amount Net); 2026 = columns O/P. Multiple rows per CODE per customer (one per unit-price tier) are summed (SUMIFS) per CODE, not taken from a single row. Raw rows kept unchanged in the shared "Source" sheet (filtered to only these 16 customers, not the full 32,141-row report). IMPORTANT: the source file’s own header states the report range as "01 January 2025 - 31 December 2026", but has no per-row date/timestamp field, so the exact 2026 cutoff cannot be verified from the data itself. Same assumption used across this whole workbook for consistency: 2026 actual covers approximately 9.5 months (1 Jan - 15 Sep).
A4: Annualization note: 2026 actual data is assumed to cover approximately 9.5 months (1 Jan - 15 Sep 2026), consistent with the rest of this workbook. Scaled to a full year via a simple linear factor = 12 / 9.5 (≈ 1.263158) - straight-line extrapolation, does NOT account for seasonality. Treat as an estimate. | I4: Months in full year: | J4: 12 | K4: Months covered by 2026 actual (assumed 1/1–15/9): | L4: 9.5
A5: # DROP (sold 2025, 0 in 2026): | B5: =SUMPRODUCT(--(((C9:C98<>0)+(H9:H98<>0)>0)*((D9:D98=0)*(I9:I98=0)))) -> 90 | C5: # NEW (sold 2026, 0 in 2025): | D5: =SUMPRODUCT(--(((D9:D98<>0)+(I9:I98<>0)>0)*((C9:C98=0)*(H9:H98=0)))) -> 0 | I5: Normalization factor (J4/L4): | J5: =J4/L4 -> 1.2631579
A6: DROP — Quantity 2025: | B6: =SUMPRODUCT(--(((C9:C98<>0)+(H9:H98<>0)>0)*((D9:D98=0)*(I9:I98=0)))*C9:C98) -> 6687 | C6: DROP — Amount 2025 (₪): | D6: =SUMPRODUCT(--(((C9:C98<>0)+(H9:H98<>0)>0)*((D9:D98=0)*(I9:I98=0)))*H9:H98) -> 256772.1 | E6: NEW — Quantity 2026: | F6: =SUMPRODUCT(--(((D9:D98<>0)+(I9:I98<>0)>0)*((C9:C98=0)*(H9:H98=0)))*D9:D98) -> 0 | G6: NEW — Amount 2026 (₪): | H6: =SUMPRODUCT(--(((D9:D98<>0)+(I9:I98<>0)>0)*((C9:C98=0)*(H9:H98=0)))*I9:I98) -> 0
A8: Product Code | B8: Item Display Name | C8: Quantity 2025 | D8: Quantity 2026 (Actual, partial year) | E8: Quantity 2026 (Annualized) | F8: Quantity Change (Annualized vs 2025) | G8: Quantity Change % (Annualized vs 2025) | H8: Amount 2025 (₪) | I8: Amount 2026 (Actual, partial year) (₪) | J8: Amount 2026 (Annualized) (₪) | K8: Amount Change (Annualized vs 2025) (₪) | L8: Amount Change % (Annualized vs 2025) | M8: Note
A9: 70N XS | B9: =IFERROR(INDEX('Source'!$C:$C,MATCH($A9,'Source'!$B:$B,0)),"") -> חגורת פאבליק (רצועות אבדוקציה) | C9: =SUMIFS('Source'!$D:$D,'Source'!$A:$A,"160951 MEDIPAL COMPANY",'Source'!$B:$B,$A9) -> 200 | D9: =SUMIFS('Source'!$F:$F,'Source'!$A:$A,"160951 MEDIPAL COMPANY",'Source'!$B:$B,$A9) -> 0 | E9: =D9*$J$5 -> 0 | F9: =E9-C9 -> -200 | G9: =IF(AND(C9=0,E9=0),0,IF(C9=0,"New",(E9-C9)/C9)) -> -1 | H9: =SUMIFS('Source'!$E:$E,'Source'!$A:$A,"160951 MEDIPAL COMPANY",'Source'!$B:$B,$A9) -> 32424.43 | I9: =SUMIFS('Source'!$G:$G,'Source'!$A:$A,"160951 MEDIPAL COMPANY",'Source'!$B:$B,$A9) -> 0 | J9: =I9*$J$5 -> 0 | K9: =J9-H9 -> -32424.43 | L9: =IF(AND(H9=0,J9=0),0,IF(H9=0,"New",(J9-H9)/H9)) -> -1 | M9: =IF(AND(OR(C9<>0,H9<>0),D9=0,I9=0),"DROP",IF(AND(OR(D9<>0,I9<>0),C9=0,H9=0),"NEW","")) -> DROP
A10: 70N S | B10: =IFERROR(INDEX('Source'!$C:$C,MATCH($A10,'Source'!$B:$B,0)),"") -> חגורת פאבליק (רצועות אבדוקציה) | C10: =SUMIFS('Source'!$D:$D,'Source'!$A:$A,"160951 MEDIPAL COMPANY",'Source'!$B:$B,$A10) -> 200 | D10: =SUMIFS('Source'!$F:$F,'Source'!$A:$A,"160951 MEDIPAL COMPANY",'Source'!$B:$B,$A10) -> 0 | E10: =D10*$J$5 -> 0 | F10: =E10-C10 -> -200 | G10: =IF(AND(C10=0,E10=0),0,IF(C10=0,"New",(E10-C10)/C10)) -> -1 | H10: =SUMIFS('Source'!$E:$E,'Source'!$A:$A,"160951 MEDIPAL COMPANY",'Source'!$B:$B,$A10) -> 32424.43 | I10: =SUMIFS('Source'!$G:$G,'Source'!$A:$A,"160951 MEDIPAL COMPANY",'Source'!$B:$B,$A10) -> 0 | J10: =I10*$J$5 -> 0 | K10: =J10-H10 -> -32424.43 | L10: =IF(AND(H10=0,J10=0),0,IF(H10=0,"New",(J10-H10)/H10)) -> -1 | M10: =IF(AND(OR(C10<>0,H10<>0),D10=0,I10=0),"DROP",IF(AND(OR(D10<>0,I10<>0),C10=0,H10=0),"NEW","")) -> DROP
A11: AC07 0 | B11: =IFERROR(INDEX('Source'!$C:$C,MATCH($A11,'Source'!$B:$B,0)),"") -> חגורת גב עם תמיכות | C11: =SUMIFS('Source'!$D:$D,'Source'!$A:$A,"160951 MEDIPAL COMPANY",'Source'!$B:$B,$A11) -> 550 | D11: =SUMIFS('Source'!$F:$F,'Source'!$A:$A,"160951 MEDIPAL COMPANY",'Source'!$B:$B,$A11) -> 0 | E11: =D11*$J$5 -> 0 | F11: =E11-C11 -> -550 | G11: =IF(AND(C11=0,E11=0),0,IF(C11=0,"New",(E11-C11)/C11)) -> -1 | H11: =SUMIFS('Source'!$E:$E,'Source'!$A:$A,"160951 MEDIPAL COMPANY",'Source'!$B:$B,$A11) -> 25232.79 | I11: =SUMIFS('Source'!$G:$G,'Source'!$A:$A,"160951 MEDIPAL COMPANY",'Source'!$B:$B,$A11) -> 0 | J11: =I11*$J$5 -> 0 | K11: =J11-H11 -> -25232.79 | L11: =IF(AND(H11=0,J11=0),0,IF(H11=0,"New",(J11-H11)/H11)) -> -1 | M11: =IF(AND(OR(C11<>0,H11<>0),D11=0,I11=0),"DROP",IF(AND(OR(D11<>0,I11<>0),C11=0,H11=0),"NEW","")) -> DROP
A12: 70N M | B12: =IFERROR(INDEX('Source'!$C:$C,MATCH($A12,'Source'!$B:$B,0)),"") -> חגורת פאבליק (רצועות אבדוקציה) | C12: =SUMIFS('Source'!$D:$D,'Source'!$A:$A,"160951 MEDIPAL COMPANY",'Source'!$B:$B,$A12) -> 100 | D12: =SUMIFS('Source'!$F:$F,'Source'!$A:$A,"160951 MEDIPAL COMPANY",'Source'!$B:$B,$A12) -> 0 | E12: =D12*$J$5 -> 0 | F12: =E12-C12 -> -100 | G12: =IF(AND(C12=0,E12=0),0,IF(C12=0,"New",(E12-C12)/C12)) -> -1 | H12: =SUMIFS('Source'!$E:$E,'Source'!$A:$A,"160951 MEDIPAL COMPANY",'Source'!$B:$B,$A12) -> 16212.21 | I12: =SUMIFS('Source'!$G:$G,'Source'!$A:$A,"160951 MEDIPAL COMPANY",'Source'!$B:$B,$A12) -> 0 | J12: =I12*$J$5 -> 0 | K12: =J12-H12 -> -16212.21 | L12: =IF(AND(H12=0,J12=0),0,IF(H12=0,"New",(J12-H12)/H12)) -> -1 | M12: =IF(AND(OR(C12<>0,H12<>0),D12=0,I12=0),"DROP",IF(AND(OR(D12<>0,I12<>0),C12=0,H12=0),"NEW","")) -> DROP
A13: AC43D 0 | B13: =IFERROR(INDEX('Source'!$C:$C,MATCH($A13,'Source'!$B:$B,0)),"") -> מגן ברך + צירים | C13: =SUMIFS('Source'!$D:$D,'Source'!$A:$A,"160951 MEDIPAL COMPANY",'Source'!$B:$B,$A13) -> 330 | D13: =SUMIFS('Source'!$F:$F,'Source'!$A:$A,"160951 MEDIPAL COMPANY",'Source'!$B:$B,$A13) -> 0 | E13: =D13*$J$5 -> 0 | F13: =E13-C13 -> -330 | G13: =IF(AND(C13=0,E13=0),0,IF(C13=0,"New",(E13-C13)/C13)) -> -1 | H13: =SUMIFS('Source'!$E:$E,'Source'!$A:$A,"160951 MEDIPAL COMPANY",'Source'!$B:$B,$A13) -> 15083.9 | I13: =SUMIFS('Source'!$G:$G,'Source'!$A:$A,"160951 MEDIPAL COMPANY",'Source'!$B:$B,$A13) -> 0 | J13: =I13*$J$5 -> 0 | K13: =J13-H13 -> -15083.9 | L13: =IF(AND(H13=0,J13=0),0,IF(H13=0,"New",(J13-H13)/H13)) -> -1 | M13: =IF(AND(OR(C13<>0,H13<>0),D13=0,I13=0),"DROP",IF(AND(OR(D13<>0,I13<>0),C13=0,H13=0),"NEW","")) -> DROP
A14: 67 0 | B14: =IFERROR(INDEX('Source'!$C:$C,MATCH($A14,'Source'!$B:$B,0)),"") -> כרית שינה חלומית | C14: =SUMIFS('Source'!$D:$D,'Source'!$A:$A,"160951 MEDIPAL COMPANY",'Source'!$B:$B,$A14) -> 142 | D14: =SUMIFS('Source'!$F:$F,'Source'!$A:$A,"160951 MEDIPAL COMPANY",'Source'!$B:$B,$A14) -> 0 | E14: =D14*$J$5 -> 0 | F14: =E14-C14 -> -142 | G14: =IF(AND(C14=0,E14=0),0,IF(C14=0,"New",(E14-C14)/C14)) -> -1 | H14: =SUMIFS('Source'!$E:$E,'Source'!$A:$A,"160951 MEDIPAL COMPANY",'Source'!$B:$B,$A14) -> 14683.56 | I14: =SUMIFS('Source'!$G:$G,'Source'!$A:$A,"160951 MEDIPAL COMPANY",'Source'!$B:$B,$A14) -> 0 | J14: =I14*$J$5 -> 0 | K14: =J14-H14 -> -14683.56 | L14: =IF(AND(H14=0,J14=0),0,IF(H14=0,"New",(J14-H14)/H14)) -> -1 | M14: =IF(AND(OR(C14<>0,H14<>0),D14=0,I14=0),"DROP",IF(AND(OR(D14<>0,I14<>0),C14=0,H14=0),"NEW","")) -> DROP
A15: AC45X 0 | B15: =IFERROR(INDEX('Source'!$C:$C,MATCH($A15,'Source'!$B:$B,0)),"") -> מגן ברך עם תמיכות | C15: =SUMIFS('Source'!$D:$D,'Source'!$A:$A,"160951 MEDIPAL COMPANY",'Source'!$B:$B,$A15) -> 330 | D15: =SUMIFS('Source'!$F:$F,'Source'!$A:$A,"160951 MEDIPAL COMPANY",'Source'!$B:$B,$A15) -> 0 | E15: =D15*$J$5 -> 0 | F15: =E15-C15 -> -330 | G15: =IF(AND(C15=0,E15=0),0,IF(C15=0,"New",(E15-C15)/C15)) -> -1 | H15: =SUMIFS('Source'!$E:$E,'Source'!$A:$A,"160951 MEDIPAL COMPANY",'Source'!$B:$B,$A15) -> 10155.14 | I15: =SUMIFS('Source'!$G:$G,'Source'!$A:$A,"160951 MEDIPAL COMPANY",'Source'!$B:$B,$A15) -> 0 | J15: =I15*$J$5 -> 0 | K15: =J15-H15 -> -10155.14 | L15: =IF(AND(H15=0,J15=0),0,IF(H15=0,"New",(J15-H15)/H15)) -> -1 | M15: =IF(AND(OR(C15<>0,H15<>0),D15=0,I15=0),"DROP",IF(AND(OR(D15<>0,I15<>0),C15=0,H15=0),"NEW","")) -> DROP
A16: 305-41-42 | B16: =IFERROR(INDEX('Source'!$C:$C,MATCH($A16,'Source'!$B:$B,0)),"") -> מדרס מתכוונן | C16: =SUMIFS('Source'!$D:$D,'Source'!$A:$A,"160951 MEDIPAL COMPANY",'Source'!$B:$B,$A16) -> 300 | D16: =SUMIFS('Source'!$F:$F,'Source'!$A:$A,"160951 MEDIPAL COMPANY",'Source'!$B:$B,$A16) -> 0 | E16: =D16*$J$5 -> 0 | F16: =E16-C16 -> -300 | G16: =IF(AND(C16=0,E16=0),0,IF(C16=0,"New",(E16-C16)/C16)) -> -1 | H16: =SUMIFS('Source'!$E:$E,'Source'!$A:$A,"160951 MEDIPAL COMPANY",'Source'!$B:$B,$A16) -> 9625.04 | I16: =SUMIFS('Source'!$G:$G,'Source'!$A:$A,"160951 MEDIPAL COMPANY",'Source'!$B:$B,$A16) -> 0 | J16: =I16*$J$5 -> 0 | K16: =J16-H16 -> -9625.04 | L16: =IF(AND(H16=0,J16=0),0,IF(H16=0,"New",(J16-H16)/H16)) -> -1 | M16: =IF(AND(OR(C16<>0,H16<>0),D16=0,I16=0),"DROP",IF(AND(OR(D16<>0,I16<>0),C16=0,H16=0),"NEW","")) -> DROP
A17: 305-43-44 | B17: =IFERROR(INDEX('Source'!$C:$C,MATCH($A17,'Source'!$B:$B,0)),"") -> מדרס מתכוונן | C17: =SUMIFS('Source'!$D:$D,'Source'!$A:$A,"160951 MEDIPAL COMPANY",'Source'!$B:$B,$A17) -> 300 | D17: =SUMIFS('Source'!$F:$F,'Source'!$A:$A,"160951 MEDIPAL COMPANY",'Source'!$B:$B,$A17) -> 0 | E17: =D17*$J$5 -> 0 | F17: =E17-C17 -> -300 | G17: =IF(AND(C17=0,E17=0),0,IF(C17=0,"New",(E17-C17)/C17)) -> -1 | H17: =SUMIFS('Source'!$E:$E,'Source'!$A:$A,"160951 MEDIPAL COMPANY",'Source'!$B:$B,$A17) -> 9625.03 | I17: =SUMIFS('Source'!$G:$G,'Source'!$A:$A,"160951 MEDIPAL COMPANY",'Source'!$B:$B,$A17) -> 0 | J17: =I17*$J$5 -> 0 | K17: =J17-H17 -> -9625.03 | L17: =IF(AND(H17=0,J17=0),0,IF(H17=0,"New",(J17-H17)/H17)) -> -1 | M17: =IF(AND(OR(C17<>0,H17<>0),D17=0,I17=0),"DROP",IF(AND(OR(D17<>0,I17<>0),C17=0,H17=0),"NEW","")) -> DROP
A18: AC75-S-XL | B18: =IFERROR(INDEX('Source'!$C:$C,MATCH($A18,'Source'!$B:$B,0)),"") -> מיישר כתפיים | C18: =SUMIFS('Source'!$D:$D,'Source'!$A:$A,"160951 MEDIPAL COMPANY",'Source'!$B:$B,$A18) -> 330 | D18: =SUMIFS('Source'!$F:$F,'Source'!$A:$A,"160951 MEDIPAL COMPANY",'Source'!$B:$B,$A18) -> 0 | E18: =D18*$J$5 -> 0 | F18: =E18-C18 -> -330 | G18: =IF(AND(C18=0,E18=0),0,IF(C18=0,"New",(E18-C18)/C18)) -> -1 | H18: =SUMIFS('Source'!$E:$E,'Source'!$A:$A,"160951 MEDIPAL COMPANY",'Source'!$B:$B,$A18) -> 8648.61 | I18: =SUMIFS('Source'!$G:$G,'Source'!$A:$A,"160951 MEDIPAL COMPANY",'Source'!$B:$B,$A18) -> 0 | J18: =I18*$J$5 -> 0 | K18: =J18-H18 -> -8648.61 | L18: =IF(AND(H18=0,J18=0),0,IF(H18=0,"New",(J18-H18)/H18)) -> -1 | M18: =IF(AND(OR(C18<>0,H18<>0),D18=0,I18=0),"DROP",IF(AND(OR(D18<>0,I18<>0),C18=0,H18=0),"NEW","")) -> DROP
A19: AC28 0 | B19: =IFERROR(INDEX('Source'!$C:$C,MATCH($A19,'Source'!$B:$B,0)),"") -> סד לאגודל | C19: =SUMIFS('Source'!$D:$D,'Source'!$A:$A,"160951 MEDIPAL COMPANY",'Source'!$B:$B,$A19) -> 550 | D19: =SUMIFS('Source'!$F:$F,'Source'!$A:$A,"160951 MEDIPAL COMPANY",'Source'!$B:$B,$A19) -> 0 | E19: =D19*$J$5 -> 0 | F19: =E19-C19 -> -550 | G19: =IF(AND(C19=0,E19=0),0,IF(C19=0,"New",(E19-C19)/C19)) -> -1 | H19: =SUMIFS('Source'!$E:$E,'Source'!$A:$A,"160951 MEDIPAL COMPANY",'Source'!$B:$B,$A19) -> 7501.67 | I19: =SUMIFS('Source'!$G:$G,'Source'!$A:$A,"160951 MEDIPAL COMPANY",'Source'!$B:$B,$A19) -> 0 | J19: =I19*$J$5 -> 0 | K19: =J19-H19 -> -7501.67 | L19: =IF(AND(H19=0,J19=0),0,IF(H19=0,"New",(J19-H19)/H19)) -> -1 | M19: =IF(AND(OR(C19<>0,H19<>0),D19=0,I19=0),"DROP",IF(AND(OR(D19<>0,I19<>0),C19=0,H19=0),"NEW","")) -> DROP
A20: AC27R 0 | B20: =IFERROR(INDEX('Source'!$C:$C,MATCH($A20,'Source'!$B:$B,0)),"") -> AC27 | C20: =SUMIFS('Source'!$D:$D,'Source'!$A:$A,"160951 MEDIPAL COMPANY",'Source'!$B:$B,$A20) -> 330 | D20: =SUMIFS('Source'!$F:$F,'Source'!$A:$A,"160951 MEDIPAL COMPANY",'Source'!$B:$B,$A20) -> 0 | E20: =D20*$J$5 -> 0 | F20: =E20-C20 -> -330 | G20: =IF(AND(C20=0,E20=0),0,IF(C20=0,"New",(E20-C20)/C20)) -> -1 | H20: =SUMIFS('Source'!$E:$E,'Source'!$A:$A,"160951 MEDIPAL COMPANY",'Source'!$B:$B,$A20) -> 6453.92 | I20: =SUMIFS('Source'!$G:$G,'Source'!$A:$A,"160951 MEDIPAL COMPANY",'Source'!$B:$B,$A20) -> 0 | J20: =I20*$J$5 -> 0 | K20: =J20-H20 -> -6453.92 | L20: =IF(AND(H20=0,J20=0),0,IF(H20=0,"New",(J20-H20)/H20)) -> -1 | M20: =IF(AND(OR(C20<>0,H20<>0),D20=0,I20=0),"DROP",IF(AND(OR(D20<>0,I20<>0),C20=0,H20=0),"NEW","")) -> DROP
... A98: 60 XS | B98: =IFERROR(INDEX('Source'!$C:$C,MATCH($A98,'Source'!$B:$B,0)),"") -> צוארון ספוגי | C98: =SUMIFS('Source'!$D:$D,'Source'!$A:$A,"160951 MEDIPAL COMPANY",'Source'!$B:$B,$A98) -> 5 | D98: =SUMIFS('Source'!$F:$F,'Source'!$A:$A,"160951 MEDIPAL COMPANY",'Source'!$B:$B,$A98) -> 0 | E98: =D98*$J$5 -> 0 | F98: =E98-C98 -> -5 | G98: =IF(AND(C98=0,E98=0),0,IF(C98=0,"New",(E98-C98)/C98)) -> -1 | H98: =SUMIFS('Source'!$E:$E,'Source'!$A:$A,"160951 MEDIPAL COMPANY",'Source'!$B:$B,$A98) -> 0.03 | I98: =SUMIFS('Source'!$G:$G,'Source'!$A:$A,"160951 MEDIPAL COMPANY",'Source'!$B:$B,$A98) -> 0 | J98: =I98*$J$5 -> 0 | K98: =J98-H98 -> -0.03 | L98: =IF(AND(H98=0,J98=0),0,IF(H98=0,"New",(J98-H98)/H98)) -> -1 | M98: =IF(AND(OR(C98<>0,H98<>0),D98=0,I98=0),"DROP",IF(AND(OR(D98<>0,I98<>0),C98=0,H98=0),"NEW","")) -> DROP
B100: TOTAL | C100: =SUM(C9:C98) -> 6687 | D100: =SUM(D9:D98) -> 0 | E100: =SUM(E9:E98) -> 0 | F100: =SUM(F9:F98) -> -6687 | G100: =IF(C100=0,"N/A",F100/C100) -> -1 | H100: =SUM(H9:H98) -> 256772.1 | I100: =SUM(I9:I98) -> 0 | J100: =SUM(J9:J98) -> 0 | K100: =SUM(K9:K98) -> -256772.1 | L100: =IF(H100=0,"N/A",K100/H100) -> -1

Sheet 160226 HEALTH CARE PROD. GMBH
A1: Sales Comparison 2025 vs 2026 (Annualized) - Customer: 160226 HEALTH CARE PROD. GMBH (by Product CODE)
A2: Calculation date: | B2: 46284
A3: Source: NetSuite report "1-Sales: Customer by Item" (01/01/2025-31/12/2026), customer = "160226 HEALTH CARE PROD. GMBH" only (exact match on the "Customer" column). Product CODE = column "Item: Name" (F in the original report) - NOT "Item: Name (Grouped)" (E), which carries a PARENT prefix. 2025 = columns J/K (Quantity/Amount Net); 2026 = columns O/P. Multiple rows per CODE per customer (one per unit-price tier) are summed (SUMIFS) per CODE, not taken from a single row. Raw rows kept unchanged in the shared "Source" sheet (filtered to only these 16 customers, not the full 32,141-row report). IMPORTANT: the source file’s own header states the report range as "01 January 2025 - 31 December 2026", but has no per-row date/timestamp field, so the exact 2026 cutoff cannot be verified from the data itself. Same assumption used across this whole workbook for consistency: 2026 actual covers approximately 9.5 months (1 Jan - 15 Sep).
A4: Annualization note: 2026 actual data is assumed to cover approximately 9.5 months (1 Jan - 15 Sep 2026), consistent with the rest of this workbook. Scaled to a full year via a simple linear factor = 12 / 9.5 (≈ 1.263158) - straight-line extrapolation, does NOT account for seasonality. Treat as an estimate. | I4: Months in full year: | J4: 12 | K4: Months covered by 2026 actual (assumed 1/1–15/9): | L4: 9.5
A5: # DROP (sold 2025, 0 in 2026): | B5: =SUMPRODUCT(--(((C9:C45<>0)+(H9:H45<>0)>0)*((D9:D45=0)*(I9:I45=0)))) -> 14 | C5: # NEW (sold 2026, 0 in 2025): | D5: =SUMPRODUCT(--(((D9:D45<>0)+(I9:I45<>0)>0)*((C9:C45=0)*(H9:H45=0)))) -> 0 | I5: Normalization factor (J4/L4): | J5: =J4/L4 -> 1.2631579
A6: DROP — Quantity 2025: | B6: =SUMPRODUCT(--(((C9:C45<>0)+(H9:H45<>0)>0)*((D9:D45=0)*(I9:I45=0)))*C9:C45) -> 653 | C6: DROP — Amount 2025 (₪): | D6: =SUMPRODUCT(--(((C9:C45<>0)+(H9:H45<>0)>0)*((D9:D45=0)*(I9:I45=0)))*H9:H45) -> 14501.3 | E6: NEW — Quantity 2026: | F6: =SUMPRODUCT(--(((D9:D45<>0)+(I9:I45<>0)>0)*((C9:C45=0)*(H9:H45=0)))*D9:D45) -> 0 | G6: NEW — Amount 2026 (₪): | H6: =SUMPRODUCT(--(((D9:D45<>0)+(I9:I45<>0)>0)*((C9:C45=0)*(H9:H45=0)))*I9:I45) -> 0
A8: Product Code | B8: Item Display Name | C8: Quantity 2025 | D8: Quantity 2026 (Actual, partial year) | E8: Quantity 2026 (Annualized) | F8: Quantity Change (Annualized vs 2025) | G8: Quantity Change % (Annualized vs 2025) | H8: Amount 2025 (₪) | I8: Amount 2026 (Actual, partial year) (₪) | J8: Amount 2026 (Annualized) (₪) | K8: Amount Change (Annualized vs 2025) (₪) | L8: Amount Change % (Annualized vs 2025) | M8: Note
A9: 369-S-L | B9: =IFERROR(INDEX('Source'!$C:$C,MATCH($A9,'Source'!$B:$B,0)),"") -> אצבעון מסיליקון | C9: =SUMIFS('Source'!$D:$D,'Source'!$A:$A,"160226 HEALTH CARE PROD. GMBH",'Source'!$B:$B,$A9) -> 980 | D9: =SUMIFS('Source'!$F:$F,'Source'!$A:$A,"160226 HEALTH CARE PROD. GMBH",'Source'!$B:$B,$A9) -> 576 | E9: =D9*$J$5 -> 727.57895 | F9: =E9-C9 -> -252.42105 | G9: =IF(AND(C9=0,E9=0),0,IF(C9=0,"New",(E9-C9)/C9)) -> -0.2575725 | H9: =SUMIFS('Source'!$E:$E,'Source'!$A:$A,"160226 HEALTH CARE PROD. GMBH",'Source'!$B:$B,$A9) -> 10238.3 | I9: =SUMIFS('Source'!$G:$G,'Source'!$A:$A,"160226 HEALTH CARE PROD. GMBH",'Source'!$B:$B,$A9) -> 5431.17 | J9: =I9*$J$5 -> 6860.4253 | K9: =J9-H9 -> -3377.8747 | L9: =IF(AND(H9=0,J9=0),0,IF(H9=0,"New",(J9-H9)/H9)) -> -0.32992535 | M9: =IF(AND(OR(C9<>0,H9<>0),D9=0,I9=0),"DROP",IF(AND(OR(D9<>0,I9<>0),C9=0,H9=0),"NEW",""))
A10: PD344 0 | B10: =IFERROR(INDEX('Source'!$C:$C,MATCH($A10,'Source'!$B:$B,0)),"") -> אבן שיוף להסירת | C10: =SUMIFS('Source'!$D:$D,'Source'!$A:$A,"160226 HEALTH CARE PROD. GMBH",'Source'!$B:$B,$A10) -> 4400 | D10: =SUMIFS('Source'!$F:$F,'Source'!$A:$A,"160226 HEALTH CARE PROD. GMBH",'Source'!$B:$B,$A10) -> 5700 | E10: =D10*$J$5 -> 7200 | F10: =E10-C10 -> 2800 | G10: =IF(AND(C10=0,E10=0),0,IF(C10=0,"New",(E10-C10)/C10)) -> 0.63636364 | H10: =SUMIFS('Source'!$E:$E,'Source'!$A:$A,"160226 HEALTH CARE PROD. GMBH",'Source'!$B:$B,$A10) -> 20662.34 | I10: =SUMIFS('Source'!$G:$G,'Source'!$A:$A,"160226 HEALTH CARE PROD. GMBH",'Source'!$B:$B,$A10) -> 24290.34 | J10: =I10*$J$5 -> 30682.535 | K10: =J10-H10 -> 10020.195 | L10: =IF(AND(H10=0,J10=0),0,IF(H10=0,"New",(J10-H10)/H10)) -> 0.48494966 | M10: =IF(AND(OR(C10<>0,H10<>0),D10=0,I10=0),"DROP",IF(AND(OR(D10<>0,I10<>0),C10=0,H10=0),"NEW",""))
A11: 390B-39-42 | B11: =IFERROR(INDEX('Source'!$C:$C,MATCH($A11,'Source'!$B:$B,0)),"") -> גרבי נוחות חורף שחור | C11: =SUMIFS('Source'!$D:$D,'Source'!$A:$A,"160226 HEALTH CARE PROD. GMBH",'Source'!$B:$B,$A11) -> 150 | D11: =SUMIFS('Source'!$F:$F,'Source'!$A:$A,"160226 HEALTH CARE PROD. GMBH",'Source'!$B:$B,$A11) -> 0 | E11: =D11*$J$5 -> 0 | F11: =E11-C11 -> -150 | G11: =IF(AND(C11=0,E11=0),0,IF(C11=0,"New",(E11-C11)/C11)) -> -1 | H11: =SUMIFS('Source'!$E:$E,'Source'!$A:$A,"160226 HEALTH CARE PROD. GMBH",'Source'!$B:$B,$A11) -> 3564.8 | I11: =SUMIFS('Source'!$G:$G,'Source'!$A:$A,"160226 HEALTH CARE PROD. GMBH",'Source'!$B:$B,$A11) -> 0 | J11: =I11*$J$5 -> 0 | K11: =J11-H11 -> -3564.8 | L11: =IF(AND(H11=0,J11=0),0,IF(H11=0,"New",(J11-H11)/H11)) -> -1 | M11: =IF(AND(OR(C11<>0,H11<>0),D11=0,I11=0),"DROP",IF(AND(OR(D11<>0,I11<>0),C11=0,H11=0),"NEW","")) -> DROP
A12: 390B-43-46 | B12: =IFERROR(INDEX('Source'!$C:$C,MATCH($A12,'Source'!$B:$B,0)),"") -> גרבי נוחות חורף שחור | C12: =SUMIFS('Source'!$D:$D,'Source'!$A:$A,"160226 HEALTH CARE PROD. GMBH",'Source'!$B:$B,$A12) -> 150 | D12: =SUMIFS('Source'!$F:$F,'Source'!$A:$A,"160226 HEALTH CARE PROD. GMBH",'Source'!$B:$B,$A12) -> 0 | E12: =D12*$J$5 -> 0 | F12: =E12-C12 -> -150 | G12: =IF(AND(C12=0,E12=0),0,IF(C12=0,"New",(E12-C12)/C12)) -> -1 | H12: =SUMIFS('Source'!$E:$E,'Source'!$A:$A,"160226 HEALTH CARE PROD. GMBH",'Source'!$B:$B,$A12) -> 3539.25 | I12: =SUMIFS('Source'!$G:$G,'Source'!$A:$A,"160226 HEALTH CARE PROD. GMBH",'Source'!$B:$B,$A12) -> 0 | J12: =I12*$J$5 -> 0 | K12: =J12-H12 -> -3539.25 | L12: =IF(AND(H12=0,J12=0),0,IF(H12=0,"New",(J12-H12)/H12)) -> -1 | M12: =IF(AND(OR(C12<>0,H12<>0),D12=0,I12=0),"DROP",IF(AND(OR(D12<>0,I12<>0),C12=0,H12=0),"NEW","")) -> DROP
A13: 3655 0 | B13: =IFERROR(INDEX('Source'!$C:$C,MATCH($A13,'Source'!$B:$B,0)),"") -> שרוול מסיליקון ל | C13: =SUMIFS('Source'!$D:$D,'Source'!$A:$A,"160226 HEALTH CARE PROD. GMBH",'Source'!$B:$B,$A13) -> 1800 | D13: =SUMIFS('Source'!$F:$F,'Source'!$A:$A,"160226 HEALTH CARE PROD. GMBH",'Source'!$B:$B,$A13) -> 1700 | E13: =D13*$J$5 -> 2147.3684 | F13: =E13-C13 -> 347.36842 | G13: =IF(AND(C13=0,E13=0),0,IF(C13=0,"New",(E13-C13)/C13)) -> 0.19298246 | H13: =SUMIFS('Source'!$E:$E,'Source'!$A:$A,"160226 HEALTH CARE PROD. GMBH",'Source'!$B:$B,$A13) -> 16729.1 | I13: =SUMIFS('Source'!$G:$G,'Source'!$A:$A,"160226 HEALTH CARE PROD. GMBH",'Source'!$B:$B,$A13) -> 14391.49 | J13: =I13*$J$5 -> 18178.724 | K13: =J13-H13 -> 1449.6242 | L13: =IF(AND(H13=0,J13=0),0,IF(H13=0,"New",(J13-H13)/H13)) -> 0.086652851 | M13: =IF(AND(OR(C13<>0,H13<>0),D13=0,I13=0),"DROP",IF(AND(OR(D13<>0,I13<>0),C13=0,H13=0),"NEW",""))
A14: 369-XL | B14: =IFERROR(INDEX('Source'!$C:$C,MATCH($A14,'Source'!$B:$B,0)),"") -> אצבעון מסיליקון | C14: =SUMIFS('Source'!$D:$D,'Source'!$A:$A,"160226 HEALTH CARE PROD. GMBH",'Source'!$B:$B,$A14) -> 850 | D14: =SUMIFS('Source'!$F:$F,'Source'!$A:$A,"160226 HEALTH CARE PROD. GMBH",'Source'!$B:$B,$A14) -> 770 | E14: =D14*$J$5 -> 972.63158 | F14: =E14-C14 -> 122.63158 | G14: =IF(AND(C14=0,E14=0),0,IF(C14=0,"New",(E14-C14)/C14)) -> 0.14427245 | H14: =SUMIFS('Source'!$E:$E,'Source'!$A:$A,"160226 HEALTH CARE PROD. GMBH",'Source'!$B:$B,$A14) -> 9860.71 | I14: =SUMIFS('Source'!$G:$G,'Source'!$A:$A,"160226 HEALTH CARE PROD. GMBH",'Source'!$B:$B,$A14) -> 8160.66 | J14: =I14*$J$5 -> 10308.202 | K14: =J14-H14 -> 447.49211 | L14: =IF(AND(H14=0,J14=0),0,IF(H14=0,"New",(J14-H14)/H14)) -> 0.045381327 | M14: =IF(AND(OR(C14<>0,H14<>0),D14=0,I14=0),"DROP",IF(AND(OR(D14<>0,I14<>0),C14=0,H14=0),"NEW",""))
A15: 390G-43-46 | B15: =IFERROR(INDEX('Source'!$C:$C,MATCH($A15,'Source'!$B:$B,0)),"") -> גרבי נוחות חורף אפור | C15: =SUMIFS('Source'!$D:$D,'Source'!$A:$A,"160226 HEALTH CARE PROD. GMBH",'Source'!$B:$B,$A15) -> 30 | D15: =SUMIFS('Source'!$F:$F,'Source'!$A:$A,"160226 HEALTH CARE PROD. GMBH",'Source'!$B:$B,$A15) -> 0 | E15: =D15*$J$5 -> 0 | F15: =E15-C15 -> -30 | G15: =IF(AND(C15=0,E15=0),0,IF(C15=0,"New",(E15-C15)/C15)) -> -1 | H15: =SUMIFS('Source'!$E:$E,'Source'!$A:$A,"160226 HEALTH CARE PROD. GMBH",'Source'!$B:$B,$A15) -> 1403.58 | I15: =SUMIFS('Source'!$G:$G,'Source'!$A:$A,"160226 HEALTH CARE PROD. GMBH",'Source'!$B:$B,$A15) -> 0 | J15: =I15*$J$5 -> 0 | K15: =J15-H15 -> -1403.58 | L15: =IF(AND(H15=0,J15=0),0,IF(H15=0,"New",(J15-H15)/H15)) -> -1 | M15: =IF(AND(OR(C15<>0,H15<>0),D15=0,I15=0),"DROP",IF(AND(OR(D15<>0,I15<>0),C15=0,H15=0),"NEW","")) -> DROP
A16: 312 0 | B16: =IFERROR(INDEX('Source'!$C:$C,MATCH($A16,'Source'!$B:$B,0)),"") -> מדבקה גדולה מסיליקון | C16: =SUMIFS('Source'!$D:$D,'Source'!$A:$A,"160226 HEALTH CARE PROD. GMBH",'Source'!$B:$B,$A16) -> 196 | D16: =SUMIFS('Source'!$F:$F,'Source'!$A:$A,"160226 HEALTH CARE PROD. GMBH",'Source'!$B:$B,$A16) -> 28 | E16: =D16*$J$5 -> 35.368421 | F16: =E16-C16 -> -160.63158 | G16: =IF(AND(C16=0,E16=0),0,IF(C16=0,"New",(E16-C16)/C16)) -> -0.81954887 | H16: =SUMIFS('Source'!$E:$E,'Source'!$A:$A,"160226 HEALTH CARE PROD. GMBH",'Source'!$B:$B,$A16) -> 1570.61 | I16: =SUMIFS('Source'!$G:$G,'Source'!$A:$A,"160226 HEALTH CARE PROD. GMBH",'Source'!$B:$B,$A16) -> 217.79 | J16: =I16*$J$5 -> 275.10316 | K16: =J16-H16 -> -1295.5068 | L16: =IF(AND(H16=0,J16=0),0,IF(H16=0,"New",(J16-H16)/H16)) -> -0.82484311 | M16: =IF(AND(OR(C16<>0,H16<>0),D16=0,I16=0),"DROP",IF(AND(OR(D16<>0,I16<>0),C16=0,H16=0),"NEW",""))
A17: 390G-39-42 | B17: =IFERROR(INDEX('Source'!$C:$C,MATCH($A17,'Source'!$B:$B,0)),"") -> גרבי נוחות חורף אפור | C17: =SUMIFS('Source'!$D:$D,'Source'!$A:$A,"160226 HEALTH CARE PROD. GMBH",'Source'!$B:$B,$A17) -> 50 | D17: =SUMIFS('Source'!$F:$F,'Source'!$A:$A,"160226 HEALTH CARE PROD. GMBH",'Source'!$B:$B,$A17) -> 0 | E17: =D17*$J$5 -> 0 | F17: =E17-C17 -> -50 | G17: =IF(AND(C17=0,E17=0),0,IF(C17=0,"New",(E17-C17)/C17)) -> -1 | H17: =SUMIFS('Source'!$E:$E,'Source'!$A:$A,"160226 HEALTH CARE PROD. GMBH",'Source'!$B:$B,$A17) -> 1317.39 | I17: =SUMIFS('Source'!$G:$G,'Source'!$A:$A,"160226 HEALTH CARE PROD. GMBH",'Source'!$B:$B,$A17) -> 0 | J17: =I17*$J$5 -> 0 | K17: =J17-H17 -> -1317.39 | L17: =IF(AND(H17=0,J17=0),0,IF(H17=0,"New",(J17-H17)/H17)) -> -1 | M17: =IF(AND(OR(C17<>0,H17<>0),D17=0,I17=0),"DROP",IF(AND(OR(D17<>0,I17<>0),C17=0,H17=0),"NEW","")) -> DROP
A18: PD340 0 | B18: =IFERROR(INDEX('Source'!$C:$C,MATCH($A18,'Source'!$B:$B,0)),"") -> קוצץ ציפורניים | C18: =SUMIFS('Source'!$D:$D,'Source'!$A:$A,"160226 HEALTH CARE PROD. GMBH",'Source'!$B:$B,$A18) -> 300 | D18: =SUMIFS('Source'!$F:$F,'Source'!$A:$A,"160226 HEALTH CARE PROD. GMBH",'Source'!$B:$B,$A18) -> 190 | E18: =D18*$J$5 -> 240 | F18: =E18-C18 -> -60 | G18: =IF(AND(C18=0,E18=0),0,IF(C18=0,"New",(E18-C18)/C18)) -> -0.2 | H18: =SUMIFS('Source'!$E:$E,'Source'!$A:$A,"160226 HEALTH CARE PROD. GMBH",'Source'!$B:$B,$A18) -> 2677 | I18: =SUMIFS('Source'!$G:$G,'Source'!$A:$A,"160226 HEALTH CARE PROD. GMBH",'Source'!$B:$B,$A18) -> 1509.87 | J18: =I18*$J$5 -> 1907.2042 | K18: =J18-H18 -> -769.79579 | L18: =IF(AND(H18=0,J18=0),0,IF(H18=0,"New",(J18-H18)/H18)) -> -0.28755913 | M18: =IF(AND(OR(C18<>0,H18<>0),D18=0,I18=0),"DROP",IF(AND(OR(D18<>0,I18<>0),C18=0,H18=0),"NEW",""))
A19: ST37 0 | B19: =IFERROR(INDEX('Source'!$C:$C,MATCH($A19,'Source'!$B:$B,0)),"") -> מגן קרסול | C19: =SUMIFS('Source'!$D:$D,'Source'!$A:$A,"160226 HEALTH CARE PROD. GMBH",'Source'!$B:$B,$A19) -> 60 | D19: =SUMIFS('Source'!$F:$F,'Source'!$A:$A,"160226 HEALTH CARE PROD. GMBH",'Source'!$B:$B,$A19) -> 0 | E19: =D19*$J$5 -> 0 | F19: =E19-C19 -> -60 | G19: =IF(AND(C19=0,E19=0),0,IF(C19=0,"New",(E19-C19)/C19)) -> -1 | H19: =SUMIFS('Source'!$E:$E,'Source'!$A:$A,"160226 HEALTH CARE PROD. GMBH",'Source'!$B:$B,$A19) -> 1061.29 | I19: =SUMIFS('Source'!$G:$G,'Source'!$A:$A,"160226 HEALTH CARE PROD. GMBH",'Source'!$B:$B,$A19) -> 0 | J19: =I19*$J$5 -> 0 | K19: =J19-H19 -> -1061.29 | L19: =IF(AND(H19=0,J19=0),0,IF(H19=0,"New",(J19-H19)/H19)) -> -1 | M19: =IF(AND(OR(C19<>0,H19<>0),D19=0,I19=0),"DROP",IF(AND(OR(D19<>0,I19<>0),C19=0,H19=0),"NEW","")) -> DROP
A20: 38 0 | B20: =IFERROR(INDEX('Source'!$C:$C,MATCH($A20,'Source'!$B:$B,0)),"") -> מכשיר ליצוב הבוהן | C20: =SUMIFS('Source'!$D:$D,'Source'!$A:$A,"160226 HEALTH CARE PROD. GMBH",'Source'!$B:$B,$A20) -> 30 | D20: =SUMIFS('Source'!$F:$F,'Source'!$A:$A,"160226 HEALTH CARE PROD. GMBH",'Source'!$B:$B,$A20) -> 0 | E20: =D20*$J$5 -> 0 | F20: =E20-C20 -> -30 | G20: =IF(AND(C20=0,E20=0),0,IF(C20=0,"New",(E20-C20)/C20)) -> -1 | H20: =SUMIFS('Source'!$E:$E,'Source'!$A:$A,"160226 HEALTH CARE PROD. GMBH",'Source'!$B:$B,$A20) -> 1057.05 | I20: =SUMIFS('Source'!$G:$G,'Source'!$A:$A,"160226 HEALTH CARE PROD. GMBH",'Source'!$B:$B,$A20) -> 0 | J20: =I20*$J$5 -> 0 | K20: =J20-H20 -> -1057.05 | L20: =IF(AND(H20=0,J20=0),0,IF(H20=0,"New",(J20-H20)/H20)) -> -1 | M20: =IF(AND(OR(C20<>0,H20<>0),D20=0,I20=0),"DROP",IF(AND(OR(D20<>0,I20<>0),C20=0,H20=0),"NEW","")) -> DROP
... A45: 395B-35-38 | B45: =IFERROR(INDEX('Source'!$C:$C,MATCH($A45,'Source'!$B:$B,0)),"") -> גרבי קיץ אנטיבקטריאלי שחור | C45: =SUMIFS('Source'!$D:$D,'Source'!$A:$A,"160226 HEALTH CARE PROD. GMBH",'Source'!$B:$B,$A45) -> 1 | D45: =SUMIFS('Source'!$F:$F,'Source'!$A:$A,"160226 HEALTH CARE PROD. GMBH",'Source'!$B:$B,$A45) -> 0 | E45: =D45*$J$5 -> 0 | F45: =E45-C45 -> -1 | G45: =IF(AND(C45=0,E45=0),0,IF(C45=0,"New",(E45-C45)/C45)) -> -1 | H45: =SUMIFS('Source'!$E:$E,'Source'!$A:$A,"160226 HEALTH CARE PROD. GMBH",'Source'!$B:$B,$A45) -> 0.04 | I45: =SUMIFS('Source'!$G:$G,'Source'!$A:$A,"160226 HEALTH CARE PROD. GMBH",'Source'!$B:$B,$A45) -> 0 | J45: =I45*$J$5 -> 0 | K45: =J45-H45 -> -0.04 | L45: =IF(AND(H45=0,J45=0),0,IF(H45=0,"New",(J45-H45)/H45)) -> -1 | M45: =IF(AND(OR(C45<>0,H45<>0),D45=0,I45=0),"DROP",IF(AND(OR(D45<>0,I45<>0),C45=0,H45=0),"NEW","")) -> DROP
B47: TOTAL | C47: =SUM(C9:C45) -> 12986 | D47: =SUM(D9:D45) -> 12906 | E47: =SUM(E9:E45) -> 16302.316 | F47: =SUM(F9:F45) -> 3316.3158 | G47: =IF(C47=0,"N/A",F47/C47) -> 0.25537624 | H47: =SUM(H9:H45) -> 122339 | I47: =SUM(I9:I45) -> 96129.82 | J47: =SUM(J9:J45) -> 121427.14 | K47: =SUM(K9:K45) -> -911.85895 | L47: =IF(H47=0,"N/A",K47/H47) -> -0.0074535426

Sheet 160150 MAX KONNARIS LTD
A1: Sales Comparison 2025 vs 2026 (Annualized) - Customer: 160150 MAX KONNARIS LTD (by Product CODE)
A2: Calculation date: | B2: 46284
A3: Source: NetSuite report "1-Sales: Customer by Item" (01/01/2025-31/12/2026), customer = "160150 MAX KONNARIS LTD" only (exact match on the "Customer" column). Product CODE = column "Item: Name" (F in the original report) - NOT "Item: Name (Grouped)" (E), which carries a PARENT prefix. 2025 = columns J/K (Quantity/Amount Net); 2026 = columns O/P. Multiple rows per CODE per customer (one per unit-price tier) are summed (SUMIFS) per CODE, not taken from a single row. Raw rows kept unchanged in the shared "Source" sheet (filtered to only these 16 customers, not the full 32,141-row report). IMPORTANT: the source file’s own header states the report range as "01 January 2025 - 31 December 2026", but has no per-row date/timestamp field, so the exact 2026 cutoff cannot be verified from the data itself. Same assumption used across this whole workbook for consistency: 2026 actual covers approximately 9.5 months (1 Jan - 15 Sep).
A4: Annualization note: 2026 actual data is assumed to cover approximately 9.5 months (1 Jan - 15 Sep 2026), consistent with the rest of this workbook. Scaled to a full year via a simple linear factor = 12 / 9.5 (≈ 1.263158) - straight-line extrapolation, does NOT account for seasonality. Treat as an estimate. | I4: Months in full year: | J4: 12 | K4: Months covered by 2026 actual (assumed 1/1–15/9): | L4: 9.5
A5: # DROP (sold 2025, 0 in 2026): | B5: =SUMPRODUCT(--(((C9:C253<>0)+(H9:H253<>0)>0)*((D9:D253=0)*(I9:I253=0)))) -> 91 | C5: # NEW (sold 2026, 0 in 2025): | D5: =SUMPRODUCT(--(((D9:D253<>0)+(I9:I253<>0)>0)*((C9:C253=0)*(H9:H253=0)))) -> 68 | I5: Normalization factor (J4/L4): | J5: =J4/L4 -> 1.2631579
A6: DROP — Quantity 2025: | B6: =SUMPRODUCT(--(((C9:C253<>0)+(H9:H253<>0)>0)*((D9:D253=0)*(I9:I253=0)))*C9:C253) -> 1696 | C6: DROP — Amount 2025 (₪): | D6: =SUMPRODUCT(--(((C9:C253<>0)+(H9:H253<>0)>0)*((D9:D253=0)*(I9:I253=0)))*H9:H253) -> 47367.29 | E6: NEW — Quantity 2026: | F6: =SUMPRODUCT(--(((D9:D253<>0)+(I9:I253<>0)>0)*((C9:C253=0)*(H9:H253=0)))*D9:D253) -> 754 | G6: NEW — Amount 2026 (₪): | H6: =SUMPRODUCT(--(((D9:D253<>0)+(I9:I253<>0)>0)*((C9:C253=0)*(H9:H253=0)))*I9:I253) -> 27727.77
A8: Product Code | B8: Item Display Name | C8: Quantity 2025 | D8: Quantity 2026 (Actual, partial year) | E8: Quantity 2026 (Annualized) | F8: Quantity Change (Annualized vs 2025) | G8: Quantity Change % (Annualized vs 2025) | H8: Amount 2025 (₪) | I8: Amount 2026 (Actual, partial year) (₪) | J8: Amount 2026 (Annualized) (₪) | K8: Amount Change (Annualized vs 2025) (₪) | L8: Amount Change % (Annualized vs 2025) | M8: Note
A9: 379WRK-43-46 | B9: =IFERROR(INDEX('Source'!$C:$C,MATCH($A9,'Source'!$B:$B,0)),"") -> מדרסי ג'ל וורק | C9: =SUMIFS('Source'!$D:$D,'Source'!$A:$A,"160150 MAX KONNARIS LTD",'Source'!$B:$B,$A9) -> 83 | D9: =SUMIFS('Source'!$F:$F,'Source'!$A:$A,"160150 MAX KONNARIS LTD",'Source'!$B:$B,$A9) -> 0 | E9: =D9*$J$5 -> 0 | F9: =E9-C9 -> -83 | G9: =IF(AND(C9=0,E9=0),0,IF(C9=0,"New",(E9-C9)/C9)) -> -1 | H9: =SUMIFS('Source'!$E:$E,'Source'!$A:$A,"160150 MAX KONNARIS LTD",'Source'!$B:$B,$A9) -> 3823.33 | I9: =SUMIFS('Source'!$G:$G,'Source'!$A:$A,"160150 MAX KONNARIS LTD",'Source'!$B:$B,$A9) -> 0 | J9: =I9*$J$5 -> 0 | K9: =J9-H9 -> -3823.33 | L9: =IF(AND(H9=0,J9=0),0,IF(H9=0,"New",(J9-H9)/H9)) -> -1 | M9: =IF(AND(OR(C9<>0,H9<>0),D9=0,I9=0),"DROP",IF(AND(OR(D9<>0,I9<>0),C9=0,H9=0),"NEW","")) -> DROP
A10: 379WRK-39-42 | B10: =IFERROR(INDEX('Source'!$C:$C,MATCH($A10,'Source'!$B:$B,0)),"") -> מדרסי ג'ל וורק | C10: =SUMIFS('Source'!$D:$D,'Source'!$A:$A,"160150 MAX KONNARIS LTD",'Source'!$B:$B,$A10) -> 65 | D10: =SUMIFS('Source'!$F:$F,'Source'!$A:$A,"160150 MAX KONNARIS LTD",'Source'!$B:$B,$A10) -> 0 | E10: =D10*$J$5 -> 0 | F10: =E10-C10 -> -65 | G10: =IF(AND(C10=0,E10=0),0,IF(C10=0,"New",(E10-C10)/C10)) -> -1 | H10: =SUMIFS('Source'!$E:$E,'Source'!$A:$A,"160150 MAX KONNARIS LTD",'Source'!$B:$B,$A10) -> 2987.6 | I10: =SUMIFS('Source'!$G:$G,'Source'!$A:$A,"160150 MAX KONNARIS LTD",'Source'!$B:$B,$A10) -> 0 | J10: =I10*$J$5 -> 0 | K10: =J10-H10 -> -2987.6 | L10: =IF(AND(H10=0,J10=0),0,IF(H10=0,"New",(J10-H10)/H10)) -> -1 | M10: =IF(AND(OR(C10<>0,H10<>0),D10=0,I10=0),"DROP",IF(AND(OR(D10<>0,I10<>0),C10=0,H10=0),"NEW","")) -> DROP
A11: 379COM-43-46 | B11: =IFERROR(INDEX('Source'!$C:$C,MATCH($A11,'Source'!$B:$B,0)),"") -> מדרסי ג'ל קומפורט | C11: =SUMIFS('Source'!$D:$D,'Source'!$A:$A,"160150 MAX KONNARIS LTD",'Source'!$B:$B,$A11) -> 64 | D11: =SUMIFS('Source'!$F:$F,'Source'!$A:$A,"160150 MAX KONNARIS LTD",'Source'!$B:$B,$A11) -> 0 | E11: =D11*$J$5 -> 0 | F11: =E11-C11 -> -64 | G11: =IF(AND(C11=0,E11=0),0,IF(C11=0,"New",(E11-C11)/C11)) -> -1 | H11: =SUMIFS('Source'!$E:$E,'Source'!$A:$A,"160150 MAX KONNARIS LTD",'Source'!$B:$B,$A11) -> 2987.56 | I11: =SUMIFS('Source'!$G:$G,'Source'!$A:$A,"160150 MAX KONNARIS LTD",'Source'!$B:$B,$A11) -> 0 | J11: =I11*$J$5 -> 0 | K11: =J11-H11 -> -2987.56 | L11: =IF(AND(H11=0,J11=0),0,IF(H11=0,"New",(J11-H11)/H11)) -> -1 | M11: =IF(AND(OR(C11<>0,H11<>0),D11=0,I11=0),"DROP",IF(AND(OR(D11<>0,I11<>0),C11=0,H11=0),"NEW","")) -> DROP
A12: 379MSP-39-42 | B12: =IFERROR(INDEX('Source'!$C:$C,MATCH($A12,'Source'!$B:$B,0)),"") -> מדרסי ג'ל מולטי ספורט | C12: =SUMIFS('Source'!$D:$D,'Source'!$A:$A,"160150 MAX KONNARIS LTD",'Source'!$B:$B,$A12) -> 54 | D12: =SUMIFS('Source'!$F:$F,'Source'!$A:$A,"160150 MAX KONNARIS LTD",'Source'!$B:$B,$A12) -> 0 | E12: =D12*$J$5 -> 0 | F12: =E12-C12 -> -54 | G12: =IF(AND(C12=0,E12=0),0,IF(C12=0,"New",(E12-C12)/C12)) -> -1 | H12: =SUMIFS('Source'!$E:$E,'Source'!$A:$A,"160150 MAX KONNARIS LTD",'Source'!$B:$B,$A12) -> 2541.16 | I12: =SUMIFS('Source'!$G:$G,'Source'!$A:$A,"160150 MAX KONNARIS LTD",'Source'!$B:$B,$A12) -> 0 | J12: =I12*$J$5 -> 0 | K12: =J12-H12 -> -2541.16 | L12: =IF(AND(H12=0,J12=0),0,IF(H12=0,"New",(J12-H12)/H12)) -> -1 | M12: =IF(AND(OR(C12<>0,H12<>0),D12=0,I12=0),"DROP",IF(AND(OR(D12<>0,I12<>0),C12=0,H12=0),"NEW","")) -> DROP
A13: 91B 0 | B13: =IFERROR(INDEX('Source'!$C:$C,MATCH($A13,'Source'!$B:$B,0)),"") -> חבק טניס שחור | C13: =SUMIFS('Source'!$D:$D,'Source'!$A:$A,"160150 MAX KONNARIS LTD",'Source'!$B:$B,$A13) -> 45 | D13: =SUMIFS('Source'!$F:$F,'Source'!$A:$A,"160150 MAX KONNARIS LTD",'Source'!$B:$B,$A13) -> 0 | E13: =D13*$J$5 -> 0 | F13: =E13-C13 -> -45 | G13: =IF(AND(C13=0,E13=0),0,IF(C13=0,"New",(E13-C13)/C13)) -> -1 | H13: =SUMIFS('Source'!$E:$E,'Source'!$A:$A,"160150 MAX KONNARIS LTD",'Source'!$B:$B,$A13) -> 2127.83 | I13: =SUMIFS('Source'!$G:$G,'Source'!$A:$A,"160150 MAX KONNARIS LTD",'Source'!$B:$B,$A13) -> 0 | J13: =I13*$J$5 -> 0 | K13: =J13-H13 -> -2127.83 | L13: =IF(AND(H13=0,J13=0),0,IF(H13=0,"New",(J13-H13)/H13)) -> -1 | M13: =IF(AND(OR(C13<>0,H13<>0),D13=0,I13=0),"DROP",IF(AND(OR(D13<>0,I13<>0),C13=0,H13=0),"NEW","")) -> DROP
A14: 379MSP-43-46 | B14: =IFERROR(INDEX('Source'!$C:$C,MATCH($A14,'Source'!$B:$B,0)),"") -> מדרסי ג'ל מולטי ספורט | C14: =SUMIFS('Source'!$D:$D,'Source'!$A:$A,"160150 MAX KONNARIS LTD",'Source'!$B:$B,$A14) -> 44 | D14: =SUMIFS('Source'!$F:$F,'Source'!$A:$A,"160150 MAX KONNARIS LTD",'Source'!$B:$B,$A14) -> 0 | E14: =D14*$J$5 -> 0 | F14: =E14-C14 -> -44 | G14: =IF(AND(C14=0,E14=0),0,IF(C14=0,"New",(E14-C14)/C14)) -> -1 | H14: =SUMIFS('Source'!$E:$E,'Source'!$A:$A,"160150 MAX KONNARIS LTD",'Source'!$B:$B,$A14) -> 2094.75 | I14: =SUMIFS('Source'!$G:$G,'Source'!$A:$A,"160150 MAX KONNARIS LTD",'Source'!$B:$B,$A14) -> 0 | J14: =I14*$J$5 -> 0 | K14: =J14-H14 -> -2094.75 | L14: =IF(AND(H14=0,J14=0),0,IF(H14=0,"New",(J14-H14)/H14)) -> -1 | M14: =IF(AND(OR(C14<>0,H14<>0),D14=0,I14=0),"DROP",IF(AND(OR(D14<>0,I14<>0),C14=0,H14=0),"NEW","")) -> DROP
A15: 379COM-39-42 | B15: =IFERROR(INDEX('Source'!$C:$C,MATCH($A15,'Source'!$B:$B,0)),"") -> מדרסי ג'ל קומפורט | C15: =SUMIFS('Source'!$D:$D,'Source'!$A:$A,"160150 MAX KONNARIS LTD",'Source'!$B:$B,$A15) -> 44 | D15: =SUMIFS('Source'!$F:$F,'Source'!$A:$A,"160150 MAX KONNARIS LTD",'Source'!$B:$B,$A15) -> 0 | E15: =D15*$J$5 -> 0 | F15: =E15-C15 -> -44 | G15: =IF(AND(C15=0,E15=0),0,IF(C15=0,"New",(E15-C15)/C15)) -> -1 | H15: =SUMIFS('Source'!$E:$E,'Source'!$A:$A,"160150 MAX KONNARIS LTD",'Source'!$B:$B,$A15) -> 2094.75 | I15: =SUMIFS('Source'!$G:$G,'Source'!$A:$A,"160150 MAX KONNARIS LTD",'Source'!$B:$B,$A15) -> 0 | J15: =I15*$J$5 -> 0 | K15: =J15-H15 -> -2094.75 | L15: =IF(AND(H15=0,J15=0),0,IF(H15=0,"New",(J15-H15)/H15)) -> -1 | M15: =IF(AND(OR(C15<>0,H15<>0),D15=0,I15=0),"DROP",IF(AND(OR(D15<>0,I15<>0),C15=0,H15=0),"NEW","")) -> DROP
A16: 379WRK-35-38 | B16: =IFERROR(INDEX('Source'!$C:$C,MATCH($A16,'Source'!$B:$B,0)),"") -> מדרסי ג'ל וורק | C16: =SUMIFS('Source'!$D:$D,'Source'!$A:$A,"160150 MAX KONNARIS LTD",'Source'!$B:$B,$A16) -> 44 | D16: =SUMIFS('Source'!$F:$F,'Source'!$A:$A,"160150 MAX KONNARIS LTD",'Source'!$B:$B,$A16) -> 0 | E16: =D16*$J$5 -> 0 | F16: =E16-C16 -> -44 | G16: =IF(AND(C16=0,E16=0),0,IF(C16=0,"New",(E16-C16)/C16)) -> -1 | H16: =SUMIFS('Source'!$E:$E,'Source'!$A:$A,"160150 MAX KONNARIS LTD",'Source'!$B:$B,$A16) -> 2083.48 | I16: =SUMIFS('Source'!$G:$G,'Source'!$A:$A,"160150 MAX KONNARIS LTD",'Source'!$B:$B,$A16) -> 0 | J16: =I16*$J$5 -> 0 | K16: =J16-H16 -> -2083.48 | L16: =IF(AND(H16=0,J16=0),0,IF(H16=0,"New",(J16-H16)/H16)) -> -1 | M16: =IF(AND(OR(C16<>0,H16<>0),D16=0,I16=0),"DROP",IF(AND(OR(D16<>0,I16<>0),C16=0,H16=0),"NEW","")) -> DROP
A17: SH422 3 | B17: =IFERROR(INDEX('Source'!$C:$C,MATCH($A17,'Source'!$B:$B,0)),"") -> תומך ברך גנושילד | C17: =SUMIFS('Source'!$D:$D,'Source'!$A:$A,"160150 MAX KONNARIS LTD",'Source'!$B:$B,$A17) -> 0 | D17: =SUMIFS('Source'!$F:$F,'Source'!$A:$A,"160150 MAX KONNARIS LTD",'Source'!$B:$B,$A17) -> 20 | E17: =D17*$J$5 -> 25.263158 | F17: =E17-C17 -> 25.263158 | G17: =IF(AND(C17=0,E17=0),0,IF(C17=0,"New",(E17-C17)/C17)) -> New | H17: =SUMIFS('Source'!$E:$E,'Source'!$A:$A,"160150 MAX KONNARIS LTD",'Source'!$B:$B,$A17) -> 0 | I17: =SUMIFS('Source'!$G:$G,'Source'!$A:$A,"160150 MAX KONNARIS LTD",'Source'!$B:$B,$A17) -> 1969.37 | J17: =I17*$J$5 -> 2487.6253 | K17: =J17-H17 -> 2487.6253 | L17: =IF(AND(H17=0,J17=0),0,IF(H17=0,"New",(J17-H17)/H17)) -> New | M17: =IF(AND(OR(C17<>0,H17<>0),D17=0,I17=0),"DROP",IF(AND(OR(D17<>0,I17<>0),C17=0,H17=0),"NEW","")) -> NEW
A18: SH422 4 | B18: =IFERROR(INDEX('Source'!$C:$C,MATCH($A18,'Source'!$B:$B,0)),"") -> תומך ברך גנושילד | C18: =SUMIFS('Source'!$D:$D,'Source'!$A:$A,"160150 MAX KONNARIS LTD",'Source'!$B:$B,$A18) -> 0 | D18: =SUMIFS('Source'!$F:$F,'Source'!$A:$A,"160150 MAX KONNARIS LTD",'Source'!$B:$B,$A18) -> 20 | E18: =D18*$J$5 -> 25.263158 | F18: =E18-C18 -> 25.263158 | G18: =IF(AND(C18=0,E18=0),0,IF(C18=0,"New",(E18-C18)/C18)) -> New | H18: =SUMIFS('Source'!$E:$E,'Source'!$A:$A,"160150 MAX KONNARIS LTD",'Source'!$B:$B,$A18) -> 0 | I18: =SUMIFS('Source'!$G:$G,'Source'!$A:$A,"160150 MAX KONNARIS LTD",'Source'!$B:$B,$A18) -> 1969.37 | J18: =I18*$J$5 -> 2487.6253 | K18: =J18-H18 -> 2487.6253 | L18: =IF(AND(H18=0,J18=0),0,IF(H18=0,"New",(J18-H18)/H18)) -> New | M18: =IF(AND(OR(C18<>0,H18<>0),D18=0,I18=0),"DROP",IF(AND(OR(D18<>0,I18<>0),C18=0,H18=0),"NEW","")) -> NEW
A19: 388BR 0 | B19: =IFERROR(INDEX('Source'!$C:$C,MATCH($A19,'Source'!$B:$B,0)),"") -> סד לילה לבוהן | C19: =SUMIFS('Source'!$D:$D,'Source'!$A:$A,"160150 MAX KONNARIS LTD",'Source'!$B:$B,$A19) -> 34 | D19: =SUMIFS('Source'!$F:$F,'Source'!$A:$A,"160150 MAX KONNARIS LTD",'Source'!$B:$B,$A19) -> 0 | E19: =D19*$J$5 -> 0 | F19: =E19-C19 -> -34 | G19: =IF(AND(C19=0,E19=0),0,IF(C19=0,"New",(E19-C19)/C19)) -> -1 | H19: =SUMIFS('Source'!$E:$E,'Source'!$A:$A,"160150 MAX KONNARIS LTD",'Source'!$B:$B,$A19) -> 1862.47 | I19: =SUMIFS('Source'!$G:$G,'Source'!$A:$A,"160150 MAX KONNARIS LTD",'Source'!$B:$B,$A19) -> 0 | J19: =I19*$J$5 -> 0 | K19: =J19-H19 -> -1862.47 | L19: =IF(AND(H19=0,J19=0),0,IF(H19=0,"New",(J19-H19)/H19)) -> -1 | M19: =IF(AND(OR(C19<>0,H19<>0),D19=0,I19=0),"DROP",IF(AND(OR(D19<>0,I19<>0),C19=0,H19=0),"NEW","")) -> DROP
A20: 808KT-C | B20: =IFERROR(INDEX('Source'!$C:$C,MATCH($A20,'Source'!$B:$B,0)),"") -> קינזיולוגי טייפ | C20: =SUMIFS('Source'!$D:$D,'Source'!$A:$A,"160150 MAX KONNARIS LTD",'Source'!$B:$B,$A20) -> 120 | D20: =SUMIFS('Source'!$F:$F,'Source'!$A:$A,"160150 MAX KONNARIS LTD",'Source'!$B:$B,$A20) -> 0 | E20: =D20*$J$5 -> 0 | F20: =E20-C20 -> -120 | G20: =IF(AND(C20=0,E20=0),0,IF(C20=0,"New",(E20-C20)/C20)) -> -1 | H20: =SUMIFS('Source'!$E:$E,'Source'!$A:$A,"160150 MAX KONNARIS LTD",'Source'!$B:$B,$A20) -> 1720.49 | I20: =SUMIFS('Source'!$G:$G,'Source'!$A:$A,"160150 MAX KONNARIS LTD",'Source'!$B:$B,$A20) -> 0 | J20: =I20*$J$5 -> 0 | K20: =J20-H20 -> -1720.49 | L20: =IF(AND(H20=0,J20=0),0,IF(H20=0,"New",(J20-H20)/H20)) -> -1 | M20: =IF(AND(OR(C20<>0,H20<>0),D20=0,I20=0),"DROP",IF(AND(OR(D20<>0,I20<>0),C20=0,H20=0),"NEW","")) -> DROP
... A253: 391W-35-38 | B253: =IFERROR(INDEX('Source'!$C:$C,MATCH($A253,'Source'!$B:$B,0)),"") -> גרבי חורף אנטיבקטריאלי לבן | C253: =SUMIFS('Source'!$D:$D,'Source'!$A:$A,"160150 MAX KONNARIS LTD",'Source'!$B:$B,$A253) -> 1 | D253: =SUMIFS('Source'!$F:$F,'Source'!$A:$A,"160150 MAX KONNARIS LTD",'Source'!$B:$B,$A253) -> 0 | E253: =D253*$J$5 -> 0 | F253: =E253-C253 -> -1 | G253: =IF(AND(C253=0,E253=0),0,IF(C253=0,"New",(E253-C253)/C253)) -> -1 | H253: =SUMIFS('Source'!$E:$E,'Source'!$A:$A,"160150 MAX KONNARIS LTD",'Source'!$B:$B,$A253) -> 0.04 | I253: =SUMIFS('Source'!$G:$G,'Source'!$A:$A,"160150 MAX KONNARIS LTD",'Source'!$B:$B,$A253) -> 0 | J253: =I253*$J$5 -> 0 | K253: =J253-H253 -> -0.04 | L253: =IF(AND(H253=0,J253=0),0,IF(H253=0,"New",(J253-H253)/H253)) -> -1 | M253: =IF(AND(OR(C253<>0,H253<>0),D253=0,I253=0),"DROP",IF(AND(OR(D253<>0,I253<>0),C253=0,H253=0),"NEW","")) -> DROP
B255: TOTAL | C255: =SUM(C9:C253) -> 3507 | D255: =SUM(D9:D253) -> 2337 | E255: =SUM(E9:E253) -> 2952 | F255: =SUM(F9:F253) -> -555 | G255: =IF(C255=0,"N/A",F255/C255) -> -0.15825492 | H255: =SUM(H9:H253) -> 86855.65 | I255: =SUM(I9:I253) -> 60462.39 | J255: =SUM(J9:J253) -> 76373.545 | K255: =SUM(K9:K253) -> -10482.105 | L255: =IF(H255=0,"N/A",K255/H255) -> -0.1206842

Sheet 151209 רוני אורטופדיה  בע"מ -
A1: Sales Comparison 2025 vs 2026 (Annualized) - Customer: 151209 רוני אורטופדיה בע"מ - רמבם (by Product CODE)
A2: Calculation date: | B2: 46284
A3: Source: NetSuite report "1-Sales: Customer by Item" (01/01/2025-31/12/2026), customer = "151209 רוני אורטופדיה בע"מ - רמבם" only (exact match on the "Customer" column). Product CODE = column "Item: Name" (F in the original report) - NOT "Item: Name (Grouped)" (E), which carries a PARENT prefix. 2025 = columns J/K (Quantity/Amount Net); 2026 = columns O/P. Multiple rows per CODE per customer (one per unit-price tier) are summed (SUMIFS) per CODE, not taken from a single row. Raw rows kept unchanged in the shared "Source" sheet (filtered to only these 16 customers, not the full 32,141-row report). IMPORTANT: the source file’s own header states the report range as "01 January 2025 - 31 December 2026", but has no per-row date/timestamp field, so the exact 2026 cutoff cannot be verified from the data itself. Same assumption used across this whole workbook for consistency: 2026 actual covers approximately 9.5 months (1 Jan - 15 Sep).
A4: Annualization note: 2026 actual data is assumed to cover approximately 9.5 months (1 Jan - 15 Sep 2026), consistent with the rest of this workbook. Scaled to a full year via a simple linear factor = 12 / 9.5 (≈ 1.263158) - straight-line extrapolation, does NOT account for seasonality. Treat as an estimate. | I4: Months in full year: | J4: 12 | K4: Months covered by 2026 actual (assumed 1/1–15/9): | L4: 9.5
A5: # DROP (sold 2025, 0 in 2026): | B5: =SUMPRODUCT(--(((C9:C173<>0)+(H9:H173<>0)>0)*((D9:D173=0)*(I9:I173=0)))) -> 83 | C5: # NEW (sold 2026, 0 in 2025): | D5: =SUMPRODUCT(--(((D9:D173<>0)+(I9:I173<>0)>0)*((C9:C173=0)*(H9:H173=0)))) -> 17 | I5: Normalization factor (J4/L4): | J5: =J4/L4 -> 1.2631579
A6: DROP — Quantity 2025: | B6: =SUMPRODUCT(--(((C9:C173<>0)+(H9:H173<>0)>0)*((D9:D173=0)*(I9:I173=0)))*C9:C173) -> 243 | C6: DROP — Amount 2025 (₪): | D6: =SUMPRODUCT(--(((C9:C173<>0)+(H9:H173<>0)>0)*((D9:D173=0)*(I9:I173=0)))*H9:H173) -> 13460.59 | E6: NEW — Quantity 2026: | F6: =SUMPRODUCT(--(((D9:D173<>0)+(I9:I173<>0)>0)*((C9:C173=0)*(H9:H173=0)))*D9:D173) -> 52 | G6: NEW — Amount 2026 (₪): | H6: =SUMPRODUCT(--(((D9:D173<>0)+(I9:I173<>0)>0)*((C9:C173=0)*(H9:H173=0)))*I9:I173) -> 3461.13
A8: Product Code | B8: Item Display Name | C8: Quantity 2025 | D8: Quantity 2026 (Actual, partial year) | E8: Quantity 2026 (Annualized) | F8: Quantity Change (Annualized vs 2025) | G8: Quantity Change % (Annualized vs 2025) | H8: Amount 2025 (₪) | I8: Amount 2026 (Actual, partial year) (₪) | J8: Amount 2026 (Annualized) (₪) | K8: Amount Change (Annualized vs 2025) (₪) | L8: Amount Change % (Annualized vs 2025) | M8: Note
A9: 70N S | B9: =IFERROR(INDEX('Source'!$C:$C,MATCH($A9,'Source'!$B:$B,0)),"") -> חגורת פאבליק (רצועות אבדוקציה) | C9: =SUMIFS('Source'!$D:$D,'Source'!$A:$A,"151209 רוני אורטופדיה בע""מ - רמבם",'Source'!$B:$B,$A9) -> 22 | D9: =SUMIFS('Source'!$F:$F,'Source'!$A:$A,"151209 רוני אורטופדיה בע""מ - רמבם",'Source'!$B:$B,$A9) -> 53 | E9: =D9*$J$5 -> 66.947368 | F9: =E9-C9 -> 44.947368 | G9: =IF(AND(C9=0,E9=0),0,IF(C9=0,"New",(E9-C9)/C9)) -> 2.0430622 | H9: =SUMIFS('Source'!$E:$E,'Source'!$A:$A,"151209 רוני אורטופדיה בע""מ - רמבם",'Source'!$B:$B,$A9) -> 5226.02 | I9: =SUMIFS('Source'!$G:$G,'Source'!$A:$A,"151209 רוני אורטופדיה בע""מ - רמבם",'Source'!$B:$B,$A9) -> 13289.84 | J9: =I9*$J$5 -> 16787.166 | K9: =J9-H9 -> 11561.146 | L9: =IF(AND(H9=0,J9=0),0,IF(H9=0,"New",(J9-H9)/H9)) -> 2.2122277 | M9: =IF(AND(OR(C9<>0,H9<>0),D9=0,I9=0),"DROP",IF(AND(OR(D9<>0,I9<>0),C9=0,H9=0),"NEW",""))
A10: 70N XS | B10: =IFERROR(INDEX('Source'!$C:$C,MATCH($A10,'Source'!$B:$B,0)),"") -> חגורת פאבליק (רצועות אבדוקציה) | C10: =SUMIFS('Source'!$D:$D,'Source'!$A:$A,"151209 רוני אורטופדיה בע""מ - רמבם",'Source'!$B:$B,$A10) -> 30 | D10: =SUMIFS('Source'!$F:$F,'Source'!$A:$A,"151209 רוני אורטופדיה בע""מ - רמבם",'Source'!$B:$B,$A10) -> 49 | E10: =D10*$J$5 -> 61.894737 | F10: =E10-C10 -> 31.894737 | G10: =IF(AND(C10=0,E10=0),0,IF(C10=0,"New",(E10-C10)/C10)) -> 1.0631579 | H10: =SUMIFS('Source'!$E:$E,'Source'!$A:$A,"151209 רוני אורטופדיה בע""מ - רמבם",'Source'!$B:$B,$A10) -> 6812.01 | I10: =SUMIFS('Source'!$G:$G,'Source'!$A:$A,"151209 רוני אורטופדיה בע""מ - רמבם",'Source'!$B:$B,$A10) -> 12436.13 | J10: =I10*$J$5 -> 15708.796 | K10: =J10-H10 -> 8896.7858 | L10: =IF(AND(H10=0,J10=0),0,IF(H10=0,"New",(J10-H10)/H10)) -> 1.3060441 | M10: =IF(AND(OR(C10<>0,H10<>0),D10=0,I10=0),"DROP",IF(AND(OR(D10<>0,I10<>0),C10=0,H10=0),"NEW",""))
A11: 11TO XXXL | B11: =IFERROR(INDEX('Source'!$C:$C,MATCH($A11,'Source'!$B:$B,0)),"") -> חגורה למנותחי בית החזה | C11: =SUMIFS('Source'!$D:$D,'Source'!$A:$A,"151209 רוני אורטופדיה בע""מ - רמבם",'Source'!$B:$B,$A11) -> 7 | D11: =SUMIFS('Source'!$F:$F,'Source'!$A:$A,"151209 רוני אורטופדיה בע""מ - רמבם",'Source'!$B:$B,$A11) -> 22 | E11: =D11*$J$5 -> 27.789474 | F11: =E11-C11 -> 20.789474 | G11: =IF(AND(C11=0,E11=0),0,IF(C11=0,"New",(E11-C11)/C11)) -> 2.9699248 | H11: =SUMIFS('Source'!$E:$E,'Source'!$A:$A,"151209 רוני אורטופדיה בע""מ - רמבם",'Source'!$B:$B,$A11) -> 909.98 | I11: =SUMIFS('Source'!$G:$G,'Source'!$A:$A,"151209 רוני אורטופדיה בע""מ - רמבם",'Source'!$B:$B,$A11) -> 2859.95 | J11: =I11*$J$5 -> 3612.5684 | K11: =J11-H11 -> 2702.5884 | L11: =IF(AND(H11=0,J11=0),0,IF(H11=0,"New",(J11-H11)/H11)) -> 2.9699427 | M11: =IF(AND(OR(C11<>0,H11<>0),D11=0,I11=0),"DROP",IF(AND(OR(D11<>0,I11<>0),C11=0,H11=0),"NEW",""))
A12: 11TO XXL | B12: =IFERROR(INDEX('Source'!$C:$C,MATCH($A12,'Source'!$B:$B,0)),"") -> חגורה למנותחי בית החזה | C12: =SUMIFS('Source'!$D:$D,'Source'!$A:$A,"151209 רוני אורטופדיה בע""מ - רמבם",'Source'!$B:$B,$A12) -> 26 | D12: =SUMIFS('Source'!$F:$F,'Source'!$A:$A,"151209 רוני אורטופדיה בע""מ - רמבם",'Source'!$B:$B,$A12) -> 39 | E12: =D12*$J$5 -> 49.263158 | F12: =E12-C12 -> 23.263158 | G12: =IF(AND(C12=0,E12=0),0,IF(C12=0,"New",(E12-C12)/C12)) -> 0.89473684 | H12: =SUMIFS('Source'!$E:$E,'Source'!$A:$A,"151209 רוני אורטופדיה בע""מ - רמבם",'Source'!$B:$B,$A12) -> 3405.89 | I12: =SUMIFS('Source'!$G:$G,'Source'!$A:$A,"151209 רוני אורטופדיה בע""מ - רמבם",'Source'!$B:$B,$A12) -> 5069.87 | J12: =I12*$J$5 -> 6404.0463 | K12: =J12-H12 -> 2998.1563 | L12: =IF(AND(H12=0,J12=0),0,IF(H12=0,"New",(J12-H12)/H12)) -> 0.88028572 | M12: =IF(AND(OR(C12<>0,H12<>0),D12=0,I12=0),"DROP",IF(AND(OR(D12<>0,I12<>0),C12=0,H12=0),"NEW",""))
A13: AC75-S-XL | B13: =IFERROR(INDEX('Source'!$C:$C,MATCH($A13,'Source'!$B:$B,0)),"") -> מיישר כתפיים | C13: =SUMIFS('Source'!$D:$D,'Source'!$A:$A,"151209 רוני אורטופדיה בע""מ - רמבם",'Source'!$B:$B,$A13) -> 7 | D13: =SUMIFS('Source'!$F:$F,'Source'!$A:$A,"151209 רוני אורטופדיה בע""מ - רמבם",'Source'!$B:$B,$A13) -> 25 | E13: =D13*$J$5 -> 31.578947 | F13: =E13-C13 -> 24.578947 | G13: =IF(AND(C13=0,E13=0),0,IF(C13=0,"New",(E13-C13)/C13)) -> 3.5112782 | H13: =SUMIFS('Source'!$E:$E,'Source'!$A:$A,"151209 רוני אורטופדיה בע""מ - רמבם",'Source'!$B:$B,$A13) -> 508.25 | I13: =SUMIFS('Source'!$G:$G,'Source'!$A:$A,"151209 רוני אורטופדיה בע""מ - רמבם",'Source'!$B:$B,$A13) -> 1977.16 | J13: =I13*$J$5 -> 2497.4653 | K13: =J13-H13 -> 1989.2153 | L13: =IF(AND(H13=0,J13=0),0,IF(H13=0,"New",(J13-H13)/H13)) -> 3.913852 | M13: =IF(AND(OR(C13<>0,H13<>0),D13=0,I13=0),"DROP",IF(AND(OR(D13<>0,I13<>0),C13=0,H13=0),"NEW",""))
A14: 70N M | B14: =IFERROR(INDEX('Source'!$C:$C,MATCH($A14,'Source'!$B:$B,0)),"") -> חגורת פאבליק (רצועות אבדוקציה) | C14: =SUMIFS('Source'!$D:$D,'Source'!$A:$A,"151209 רוני אורטופדיה בע""מ - רמבם",'Source'!$B:$B,$A14) -> 5 | D14: =SUMIFS('Source'!$F:$F,'Source'!$A:$A,"151209 רוני אורטופדיה בע""מ - רמבם",'Source'!$B:$B,$A14) -> 9 | E14: =D14*$J$5 -> 11.368421 | F14: =E14-C14 -> 6.3684211 | G14: =IF(AND(C14=0,E14=0),0,IF(C14=0,"New",(E14-C14)/C14)) -> 1.2736842 | H14: =SUMIFS('Source'!$E:$E,'Source'!$A:$A,"151209 רוני אורטופדיה בע""מ - רמבם",'Source'!$B:$B,$A14) -> 1186.01 | I14: =SUMIFS('Source'!$G:$G,'Source'!$A:$A,"151209 רוני אורטופדיה בע""מ - רמבם",'Source'!$B:$B,$A14) -> 2191 | J14: =I14*$J$5 -> 2767.5789 | K14: =J14-H14 -> 1581.5689 | L14: =IF(AND(H14=0,J14=0),0,IF(H14=0,"New",(J14-H14)/H14)) -> 1.3335208 | M14: =IF(AND(OR(C14<>0,H14<>0),D14=0,I14=0),"DROP",IF(AND(OR(D14<>0,I14<>0),C14=0,H14=0),"NEW",""))
