Workbook

Sheet Index
A1: Kupat Holim Meuhedet - PPLAY1 vs NetSuite Comparison (same real-world entity, two different source systems)
A2: Calculation date: | B2: 46284
A3: Same 18-column Index format as 2026-09-19-grouped-2025-vs-2026.xlsx / 2026-09-19-top-customers-2025-vs-2026.xlsx / 2026-09-20-salestype-2025-vs-2026.xlsx (with the shortened headers from the latest round). Row 1 = "מאוחדת" group from the PPLAY1-based workbook (customer column "0קופות חולים"). Row 2 = "113 - Kupat Holim Meuhedet" Sale Type from the NetSuite-based workbook. Both represent the same real-world customer/entity via two different source systems - compare directly to spot mapping/classification discrepancies. This is a derived comparison file only; the original grouped/top-customers/salestype workbooks were NOT modified.
A5: Group | B5: Sheet | C5: # Raw categories | D5: # Codes | E5: # Codes 25 | F5: # Codes 26 | G5: # DROP | H5: # NEW | I5: Total Units Drop 25 | J5: Total Amount Drop 25 | K5: NEW — Quantity 2026 | L5: NEW — Amount 2026 (₪) | M5: Quantity 2025 | N5: Quantity 2026 | O5: Qty Change % | P5: Amount 2025 (₪) | Q5: Amount 2026 (₪) | R5: Amount Change %
A6: מאוחדת (PPLAY1) | B6: מאוחדת (PPLAY1) | C6: 1 | D6: =COUNTA('מאוחדת (PPLAY1)'!$A$9:$A$115) -> 107 | E6: =SUMPRODUCT(--(('מאוחדת (PPLAY1)'!$C$9:$C$115<>0)+('מאוחדת (PPLAY1)'!$H$9:$H$115<>0)>0)) -> 0 | F6: =SUMPRODUCT(--(('מאוחדת (PPLAY1)'!$D$9:$D$115<>0)+('מאוחדת (PPLAY1)'!$I$9:$I$115<>0)>0)) -> 107 | G6: ='מאוחדת (PPLAY1)'!B5 -> 0 | H6: ='מאוחדת (PPLAY1)'!D5 -> 107 | I6: ='מאוחדת (PPLAY1)'!B6 -> 0 | J6: ='מאוחדת (PPLAY1)'!D6 -> 0 | K6: ='מאוחדת (PPLAY1)'!F6 -> 10037 | L6: ='מאוחדת (PPLAY1)'!H6 -> 307514.4 | M6: ='מאוחדת (PPLAY1)'!C117 -> 0 | N6: ='מאוחדת (PPLAY1)'!D117 -> 10037 | O6: =IF('מאוחדת (PPLAY1)'!C117=0,"N/A",('מאוחדת (PPLAY1)'!D117-'מאוחדת (PPLAY1)'!C117)/'מאוחדת (PPLAY1)'!C117) -> N/A | P6: ='מאוחדת (PPLAY1)'!H117 -> 0 | Q6: ='מאוחדת (PPLAY1)'!I117 -> 307514.4 | R6: =IF('מאוחדת (PPLAY1)'!H117=0,"N/A",('מאוחדת (PPLAY1)'!I117-'מאוחדת (PPLAY1)'!H117)/'מאוחדת (PPLAY1)'!H117) -> N/A
A7: 113 - Kupat Holim Meuhedet (NetSuite) | B7: מאוחדת (NetSuite) | C7: N/A | D7: =COUNTA('מאוחדת (NetSuite)'!$A$9:$A$240) -> 232 | E7: =SUMPRODUCT(--(('מאוחדת (NetSuite)'!$C$9:$C$240<>0)+('מאוחדת (NetSuite)'!$H$9:$H$240<>0)>0)) -> 223 | F7: =SUMPRODUCT(--(('מאוחדת (NetSuite)'!$D$9:$D$240<>0)+('מאוחדת (NetSuite)'!$I$9:$I$240<>0)>0)) -> 206 | G7: ='מאוחדת (NetSuite)'!B5 -> 26 | H7: ='מאוחדת (NetSuite)'!D5 -> 9 | I7: ='מאוחדת (NetSuite)'!B6 -> 301 | J7: ='מאוחדת (NetSuite)'!D6 -> 12248.01 | K7: ='מאוחדת (NetSuite)'!F6 -> 23 | L7: ='מאוחדת (NetSuite)'!H6 -> 1236.65 | M7: ='מאוחדת (NetSuite)'!C242 -> 29601 | N7: ='מאוחדת (NetSuite)'!D242 -> 7385 | O7: =IF('מאוחדת (NetSuite)'!C242=0,"N/A",('מאוחדת (NetSuite)'!D242-'מאוחדת (NetSuite)'!C242)/'מאוחדת (NetSuite)'!C242) -> -0.75051519 | P7: ='מאוחדת (NetSuite)'!H242 -> 860680.72 | Q7: ='מאוחדת (NetSuite)'!I242 -> 186688.02 | R7: =IF('מאוחדת (NetSuite)'!H242=0,"N/A",('מאוחדת (NetSuite)'!I242-'מאוחדת (NetSuite)'!H242)/'מאוחדת (NetSuite)'!H242) -> -0.7830926
A8: מאוחדת (Combined) | H8: =H6+H7 -> 116 | L8: =L6+L7 -> 308751.05 | P8: =P6+P7 -> 860680.72 | Q8: =Q6+Q7 -> 494202.42

Sheet מאוחדת (PPLAY1)
A1: Sales Comparison 2025 vs 2026 (Annualized) - Source: PPLAY1 - Group: מאוחדת (Kupat Holim Meuhedet) (by Product CODE)
A2: Calculation date: | B2: 46284
A3: Source: PPlay1 of uriel (Reporter) product x customer pivot reports for 2025 and 2026, customer column "0קופות חולים" (mapped to daily-report group "מאוחדת" / group #8). This sheet is a copy of the "מאוחדת" sheet from 2026-09-19-grouped-2025-vs-2026.xlsx, rebuilt here (same data, same formulas) purely for side-by-side comparison against the NetSuite-based view of the same real-world entity (Kupat Holim Meuhedet). Product CODE parsed as the first token of column B in the original PPLAY1 file; variants sharing the same base CODE are summed via SUMIFS. Rows below only include codes with non-zero quantity or amount in at least one of the two years.
A4: Annualization note: 2026 actual data covers approximately 9.5 months (1 Jan - 15 Sep 2026). Scaled to a full year via factor = 12 / 9.5 (≈ 1.263158) - straight-line extrapolation, no seasonality adjustment. | I4: Months in full year: | J4: 12 | K4: Months covered by 2026 actual: | L4: 9.5
A5: # DROP (sold 2025, 0 in 2026): | B5: =SUMPRODUCT(--(((C9:C115<>0)+(H9:H115<>0)>0)*((D9:D115=0)*(I9:I115=0)))) -> 0 | C5: # NEW (sold 2026, 0 in 2025): | D5: =SUMPRODUCT(--(((D9:D115<>0)+(I9:I115<>0)>0)*((C9:C115=0)*(H9:H115=0)))) -> 107 | I5: Normalization factor (J4/L4): | J5: =J4/L4 -> 1.2631579
A6: DROP — Quantity 2025: | B6: =SUMPRODUCT(--(((C9:C115<>0)+(H9:H115<>0)>0)*((D9:D115=0)*(I9:I115=0)))*C9:C115) -> 0 | C6: DROP — Amount 2025 (₪): | D6: =SUMPRODUCT(--(((C9:C115<>0)+(H9:H115<>0)>0)*((D9:D115=0)*(I9:I115=0)))*H9:H115) -> 0 | E6: NEW — Quantity 2026: | F6: =SUMPRODUCT(--(((D9:D115<>0)+(I9:I115<>0)>0)*((C9:C115=0)*(H9:H115=0)))*D9:D115) -> 10037 | G6: NEW — Amount 2026 (₪): | H6: =SUMPRODUCT(--(((D9:D115<>0)+(I9:I115<>0)>0)*((C9:C115=0)*(H9:H115=0)))*I9:I115) -> 307514.4
A8: Product Code | B8: Product Name | C8: Quantity 2025 | D8: Quantity 2026 (Actual, partial year) | E8: Quantity 2026 (Annualized) | F8: Quantity Change (Annualized vs 2025) | G8: Quantity Change % (Annualized vs 2025) | H8: Amount 2025 (₪) | I8: Amount 2026 (Actual, partial year) (₪) | J8: Amount 2026 (Annualized) (₪) | K8: Amount Change (Annualized vs 2025) (₪) | L8: Amount Change % (Annualized vs 2025)
A9: 266 | B9: =IFERROR(INDEX('Source PPLAY1 2026'!$C:$C,MATCH($A9,'Source PPLAY1 2026'!$B:$B,0)),IFERROR(INDEX('Source PPLAY1 2025'!$C:$C,MATCH($A9,'Source PPLAY1 2025'!$B:$B,0)),"")) -> סד ליד דו צדדי | C9: =SUMIFS('Source PPLAY1 2025'!$D:$D,'Source PPLAY1 2025'!$B:$B,$A9,'Source PPLAY1 2025'!$A:$A,"Quantity (units)") -> 0 | D9: =SUMIFS('Source PPLAY1 2026'!$D:$D,'Source PPLAY1 2026'!$B:$B,$A9,'Source PPLAY1 2026'!$A:$A,"Quantity (units)") -> 648 | E9: =D9*$J$5 -> 818.52632 | F9: =E9-C9 -> 818.52632 | G9: =IF(AND(C9=0,E9=0),0,IF(C9=0,"New",(E9-C9)/C9)) -> New | H9: =SUMIFS('Source PPLAY1 2025'!$D:$D,'Source PPLAY1 2025'!$B:$B,$A9,'Source PPLAY1 2025'!$A:$A,"Amount (NIS)") -> 0 | I9: =SUMIFS('Source PPLAY1 2026'!$D:$D,'Source PPLAY1 2026'!$B:$B,$A9,'Source PPLAY1 2026'!$A:$A,"Amount (NIS)") -> 29484 | J9: =I9*$J$5 -> 37242.947 | K9: =J9-H9 -> 37242.947 | L9: =IF(AND(H9=0,J9=0),0,IF(H9=0,"New",(J9-H9)/H9)) -> New
A10: 268 | B10: =IFERROR(INDEX('Source PPLAY1 2026'!$C:$C,MATCH($A10,'Source PPLAY1 2026'!$B:$B,0)),IFERROR(INDEX('Source PPLAY1 2025'!$C:$C,MATCH($A10,'Source PPLAY1 2025'!$B:$B,0)),"")) -> סד לאגודל | C10: =SUMIFS('Source PPLAY1 2025'!$D:$D,'Source PPLAY1 2025'!$B:$B,$A10,'Source PPLAY1 2025'!$A:$A,"Quantity (units)") -> 0 | D10: =SUMIFS('Source PPLAY1 2026'!$D:$D,'Source PPLAY1 2026'!$B:$B,$A10,'Source PPLAY1 2026'!$A:$A,"Quantity (units)") -> 274 | E10: =D10*$J$5 -> 346.10526 | F10: =E10-C10 -> 346.10526 | G10: =IF(AND(C10=0,E10=0),0,IF(C10=0,"New",(E10-C10)/C10)) -> New | H10: =SUMIFS('Source PPLAY1 2025'!$D:$D,'Source PPLAY1 2025'!$B:$B,$A10,'Source PPLAY1 2025'!$A:$A,"Amount (NIS)") -> 0 | I10: =SUMIFS('Source PPLAY1 2026'!$D:$D,'Source PPLAY1 2026'!$B:$B,$A10,'Source PPLAY1 2026'!$A:$A,"Amount (NIS)") -> 21317.2 | J10: =I10*$J$5 -> 26926.989 | K10: =J10-H10 -> 26926.989 | L10: =IF(AND(H10=0,J10=0),0,IF(H10=0,"New",(J10-H10)/H10)) -> New
A11: 397A-גרבי | B11: =IFERROR(INDEX('Source PPLAY1 2026'!$C:$C,MATCH($A11,'Source PPLAY1 2026'!$B:$B,0)),IFERROR(INDEX('Source PPLAY1 2025'!$C:$C,MATCH($A11,'Source PPLAY1 2025'!$B:$B,0)),"")) -> טיסה אנטי בקטרי35-38 | C11: =SUMIFS('Source PPLAY1 2025'!$D:$D,'Source PPLAY1 2025'!$B:$B,$A11,'Source PPLAY1 2025'!$A:$A,"Quantity (units)") -> 0 | D11: =SUMIFS('Source PPLAY1 2026'!$D:$D,'Source PPLAY1 2026'!$B:$B,$A11,'Source PPLAY1 2026'!$A:$A,"Quantity (units)") -> 416 | E11: =D11*$J$5 -> 525.47368 | F11: =E11-C11 -> 525.47368 | G11: =IF(AND(C11=0,E11=0),0,IF(C11=0,"New",(E11-C11)/C11)) -> New | H11: =SUMIFS('Source PPLAY1 2025'!$D:$D,'Source PPLAY1 2025'!$B:$B,$A11,'Source PPLAY1 2025'!$A:$A,"Amount (NIS)") -> 0 | I11: =SUMIFS('Source PPLAY1 2026'!$D:$D,'Source PPLAY1 2026'!$B:$B,$A11,'Source PPLAY1 2026'!$A:$A,"Amount (NIS)") -> 17016.6 | J11: =I11*$J$5 -> 21494.653 | K11: =J11-H11 -> 21494.653 | L11: =IF(AND(H11=0,J11=0),0,IF(H11=0,"New",(J11-H11)/H11)) -> New
A12: 307 | B12: =IFERROR(INDEX('Source PPLAY1 2026'!$C:$C,MATCH($A12,'Source PPLAY1 2026'!$B:$B,0)),IFERROR(INDEX('Source PPLAY1 2025'!$C:$C,MATCH($A12,'Source PPLAY1 2025'!$B:$B,0)),"")) -> L עקבים לדורבן-זוג כריות | C12: =SUMIFS('Source PPLAY1 2025'!$D:$D,'Source PPLAY1 2025'!$B:$B,$A12,'Source PPLAY1 2025'!$A:$A,"Quantity (units)") -> 0 | D12: =SUMIFS('Source PPLAY1 2026'!$D:$D,'Source PPLAY1 2026'!$B:$B,$A12,'Source PPLAY1 2026'!$A:$A,"Quantity (units)") -> 233 | E12: =D12*$J$5 -> 294.31579 | F12: =E12-C12 -> 294.31579 | G12: =IF(AND(C12=0,E12=0),0,IF(C12=0,"New",(E12-C12)/C12)) -> New | H12: =SUMIFS('Source PPLAY1 2025'!$D:$D,'Source PPLAY1 2025'!$B:$B,$A12,'Source PPLAY1 2025'!$A:$A,"Amount (NIS)") -> 0 | I12: =SUMIFS('Source PPLAY1 2026'!$D:$D,'Source PPLAY1 2026'!$B:$B,$A12,'Source PPLAY1 2026'!$A:$A,"Amount (NIS)") -> 14504.7 | J12: =I12*$J$5 -> 18321.726 | K12: =J12-H12 -> 18321.726 | L12: =IF(AND(H12=0,J12=0),0,IF(H12=0,"New",(J12-H12)/H12)) -> New
A13: SH422 | B13: =IFERROR(INDEX('Source PPLAY1 2026'!$C:$C,MATCH($A13,'Source PPLAY1 2026'!$B:$B,0)),IFERROR(INDEX('Source PPLAY1 2025'!$C:$C,MATCH($A13,'Source PPLAY1 2025'!$B:$B,0)),"")) -> 1 תומך ברך גנושילד | C13: =SUMIFS('Source PPLAY1 2025'!$D:$D,'Source PPLAY1 2025'!$B:$B,$A13,'Source PPLAY1 2025'!$A:$A,"Quantity (units)") -> 0 | D13: =SUMIFS('Source PPLAY1 2026'!$D:$D,'Source PPLAY1 2026'!$B:$B,$A13,'Source PPLAY1 2026'!$A:$A,"Quantity (units)") -> 97 | E13: =D13*$J$5 -> 122.52632 | F13: =E13-C13 -> 122.52632 | G13: =IF(AND(C13=0,E13=0),0,IF(C13=0,"New",(E13-C13)/C13)) -> New | H13: =SUMIFS('Source PPLAY1 2025'!$D:$D,'Source PPLAY1 2025'!$B:$B,$A13,'Source PPLAY1 2025'!$A:$A,"Amount (NIS)") -> 0 | I13: =SUMIFS('Source PPLAY1 2026'!$D:$D,'Source PPLAY1 2026'!$B:$B,$A13,'Source PPLAY1 2026'!$A:$A,"Amount (NIS)") -> 12125 | J13: =I13*$J$5 -> 15315.789 | K13: =J13-H13 -> 15315.789 | L13: =IF(AND(H13=0,J13=0),0,IF(H13=0,"New",(J13-H13)/H13)) -> New
A14: 34 | B14: =IFERROR(INDEX('Source PPLAY1 2026'!$C:$C,MATCH($A14,'Source PPLAY1 2026'!$B:$B,0)),IFERROR(INDEX('Source PPLAY1 2025'!$C:$C,MATCH($A14,'Source PPLAY1 2025'!$B:$B,0)),"")) -> M מגן קרסול עקב סגור | C14: =SUMIFS('Source PPLAY1 2025'!$D:$D,'Source PPLAY1 2025'!$B:$B,$A14,'Source PPLAY1 2025'!$A:$A,"Quantity (units)") -> 0 | D14: =SUMIFS('Source PPLAY1 2026'!$D:$D,'Source PPLAY1 2026'!$B:$B,$A14,'Source PPLAY1 2026'!$A:$A,"Quantity (units)") -> 391 | E14: =D14*$J$5 -> 493.89474 | F14: =E14-C14 -> 493.89474 | G14: =IF(AND(C14=0,E14=0),0,IF(C14=0,"New",(E14-C14)/C14)) -> New | H14: =SUMIFS('Source PPLAY1 2025'!$D:$D,'Source PPLAY1 2025'!$B:$B,$A14,'Source PPLAY1 2025'!$A:$A,"Amount (NIS)") -> 0 | I14: =SUMIFS('Source PPLAY1 2026'!$D:$D,'Source PPLAY1 2026'!$B:$B,$A14,'Source PPLAY1 2026'!$A:$A,"Amount (NIS)") -> 10884.8 | J14: =I14*$J$5 -> 13749.221 | K14: =J14-H14 -> 13749.221 | L14: =IF(AND(H14=0,J14=0),0,IF(H14=0,"New",(J14-H14)/H14)) -> New
A15: 85 | B15: =IFERROR(INDEX('Source PPLAY1 2026'!$C:$C,MATCH($A15,'Source PPLAY1 2026'!$B:$B,0)),IFERROR(INDEX('Source PPLAY1 2025'!$C:$C,MATCH($A15,'Source PPLAY1 2025'!$B:$B,0)),"")) -> L (מתלה ליד )כיס | C15: =SUMIFS('Source PPLAY1 2025'!$D:$D,'Source PPLAY1 2025'!$B:$B,$A15,'Source PPLAY1 2025'!$A:$A,"Quantity (units)") -> 0 | D15: =SUMIFS('Source PPLAY1 2026'!$D:$D,'Source PPLAY1 2026'!$B:$B,$A15,'Source PPLAY1 2026'!$A:$A,"Quantity (units)") -> 323 | E15: =D15*$J$5 -> 408 | F15: =E15-C15 -> 408 | G15: =IF(AND(C15=0,E15=0),0,IF(C15=0,"New",(E15-C15)/C15)) -> New | H15: =SUMIFS('Source PPLAY1 2025'!$D:$D,'Source PPLAY1 2025'!$B:$B,$A15,'Source PPLAY1 2025'!$A:$A,"Amount (NIS)") -> 0 | I15: =SUMIFS('Source PPLAY1 2026'!$D:$D,'Source PPLAY1 2026'!$B:$B,$A15,'Source PPLAY1 2026'!$A:$A,"Amount (NIS)") -> 10806.4 | J15: =I15*$J$5 -> 13650.189 | K15: =J15-H15 -> 13650.189 | L15: =IF(AND(H15=0,J15=0),0,IF(H15=0,"New",(J15-H15)/H15)) -> New
A16: 45 | B16: =IFERROR(INDEX('Source PPLAY1 2026'!$C:$C,MATCH($A16,'Source PPLAY1 2026'!$B:$B,0)),IFERROR(INDEX('Source PPLAY1 2025'!$C:$C,MATCH($A16,'Source PPLAY1 2025'!$B:$B,0)),"")) -> L מגן ברך לבן | C16: =SUMIFS('Source PPLAY1 2025'!$D:$D,'Source PPLAY1 2025'!$B:$B,$A16,'Source PPLAY1 2025'!$A:$A,"Quantity (units)") -> 0 | D16: =SUMIFS('Source PPLAY1 2026'!$D:$D,'Source PPLAY1 2026'!$B:$B,$A16,'Source PPLAY1 2026'!$A:$A,"Quantity (units)") -> 617 | E16: =D16*$J$5 -> 779.36842 | F16: =E16-C16 -> 779.36842 | G16: =IF(AND(C16=0,E16=0),0,IF(C16=0,"New",(E16-C16)/C16)) -> New | H16: =SUMIFS('Source PPLAY1 2025'!$D:$D,'Source PPLAY1 2025'!$B:$B,$A16,'Source PPLAY1 2025'!$A:$A,"Amount (NIS)") -> 0 | I16: =SUMIFS('Source PPLAY1 2026'!$D:$D,'Source PPLAY1 2026'!$B:$B,$A16,'Source PPLAY1 2026'!$A:$A,"Amount (NIS)") -> 10007.2 | J16: =I16*$J$5 -> 12640.674 | K16: =J16-H16 -> 12640.674 | L16: =IF(AND(H16=0,J16=0),0,IF(H16=0,"New",(J16-H16)/H16)) -> New
A17: 21 | B17: =IFERROR(INDEX('Source PPLAY1 2026'!$C:$C,MATCH($A17,'Source PPLAY1 2026'!$B:$B,0)),IFERROR(INDEX('Source PPLAY1 2025'!$C:$C,MATCH($A17,'Source PPLAY1 2025'!$B:$B,0)),"")) -> S חבק יד ארוך | C17: =SUMIFS('Source PPLAY1 2025'!$D:$D,'Source PPLAY1 2025'!$B:$B,$A17,'Source PPLAY1 2025'!$A:$A,"Quantity (units)") -> 0 | D17: =SUMIFS('Source PPLAY1 2026'!$D:$D,'Source PPLAY1 2026'!$B:$B,$A17,'Source PPLAY1 2026'!$A:$A,"Quantity (units)") -> 382 | E17: =D17*$J$5 -> 482.52632 | F17: =E17-C17 -> 482.52632 | G17: =IF(AND(C17=0,E17=0),0,IF(C17=0,"New",(E17-C17)/C17)) -> New | H17: =SUMIFS('Source PPLAY1 2025'!$D:$D,'Source PPLAY1 2025'!$B:$B,$A17,'Source PPLAY1 2025'!$A:$A,"Amount (NIS)") -> 0 | I17: =SUMIFS('Source PPLAY1 2026'!$D:$D,'Source PPLAY1 2026'!$B:$B,$A17,'Source PPLAY1 2026'!$A:$A,"Amount (NIS)") -> 8812.9 | J17: =I17*$J$5 -> 11132.084 | K17: =J17-H17 -> 11132.084 | L17: =IF(AND(H17=0,J17=0),0,IF(H17=0,"New",(J17-H17)/H17)) -> New
A18: 45E | B18: =IFERROR(INDEX('Source PPLAY1 2026'!$C:$C,MATCH($A18,'Source PPLAY1 2026'!$B:$B,0)),IFERROR(INDEX('Source PPLAY1 2025'!$C:$C,MATCH($A18,'Source PPLAY1 2025'!$B:$B,0)),"")) -> Sמגן ברך ארוך לבן | C18: =SUMIFS('Source PPLAY1 2025'!$D:$D,'Source PPLAY1 2025'!$B:$B,$A18,'Source PPLAY1 2025'!$A:$A,"Quantity (units)") -> 0 | D18: =SUMIFS('Source PPLAY1 2026'!$D:$D,'Source PPLAY1 2026'!$B:$B,$A18,'Source PPLAY1 2026'!$A:$A,"Quantity (units)") -> 442 | E18: =D18*$J$5 -> 558.31579 | F18: =E18-C18 -> 558.31579 | G18: =IF(AND(C18=0,E18=0),0,IF(C18=0,"New",(E18-C18)/C18)) -> New | H18: =SUMIFS('Source PPLAY1 2025'!$D:$D,'Source PPLAY1 2025'!$B:$B,$A18,'Source PPLAY1 2025'!$A:$A,"Amount (NIS)") -> 0 | I18: =SUMIFS('Source PPLAY1 2026'!$D:$D,'Source PPLAY1 2026'!$B:$B,$A18,'Source PPLAY1 2026'!$A:$A,"Amount (NIS)") -> 8727.8 | J18: =I18*$J$5 -> 11024.589 | K18: =J18-H18 -> 11024.589 | L18: =IF(AND(H18=0,J18=0),0,IF(H18=0,"New",(J18-H18)/H18)) -> New
A19: 87 | B19: =IFERROR(INDEX('Source PPLAY1 2026'!$C:$C,MATCH($A19,'Source PPLAY1 2026'!$B:$B,0)),IFERROR(INDEX('Source PPLAY1 2025'!$C:$C,MATCH($A19,'Source PPLAY1 2025'!$B:$B,0)),"")) -> S מקבע כתף ויד | C19: =SUMIFS('Source PPLAY1 2025'!$D:$D,'Source PPLAY1 2025'!$B:$B,$A19,'Source PPLAY1 2025'!$A:$A,"Quantity (units)") -> 0 | D19: =SUMIFS('Source PPLAY1 2026'!$D:$D,'Source PPLAY1 2026'!$B:$B,$A19,'Source PPLAY1 2026'!$A:$A,"Quantity (units)") -> 65 | E19: =D19*$J$5 -> 82.105263 | F19: =E19-C19 -> 82.105263 | G19: =IF(AND(C19=0,E19=0),0,IF(C19=0,"New",(E19-C19)/C19)) -> New | H19: =SUMIFS('Source PPLAY1 2025'!$D:$D,'Source PPLAY1 2025'!$B:$B,$A19,'Source PPLAY1 2025'!$A:$A,"Amount (NIS)") -> 0 | I19: =SUMIFS('Source PPLAY1 2026'!$D:$D,'Source PPLAY1 2026'!$B:$B,$A19,'Source PPLAY1 2026'!$A:$A,"Amount (NIS)") -> 8001.2 | J19: =I19*$J$5 -> 10106.779 | K19: =J19-H19 -> 10106.779 | L19: =IF(AND(H19=0,J19=0),0,IF(H19=0,"New",(J19-H19)/H19)) -> New
A20: 11 | B20: =IFERROR(INDEX('Source PPLAY1 2026'!$C:$C,MATCH($A20,'Source PPLAY1 2026'!$B:$B,0)),IFERROR(INDEX('Source PPLAY1 2025'!$C:$C,MATCH($A20,'Source PPLAY1 2025'!$B:$B,0)),"")) -> S""חגורת בטן""אורירית | C20: =SUMIFS('Source PPLAY1 2025'!$D:$D,'Source PPLAY1 2025'!$B:$B,$A20,'Source PPLAY1 2025'!$A:$A,"Quantity (units)") -> 0 | D20: =SUMIFS('Source PPLAY1 2026'!$D:$D,'Source PPLAY1 2026'!$B:$B,$A20,'Source PPLAY1 2026'!$A:$A,"Quantity (units)") -> 107 | E20: =D20*$J$5 -> 135.15789 | F20: =E20-C20 -> 135.15789 | G20: =IF(AND(C20=0,E20=0),0,IF(C20=0,"New",(E20-C20)/C20)) -> New | H20: =SUMIFS('Source PPLAY1 2025'!$D:$D,'Source PPLAY1 2025'!$B:$B,$A20,'Source PPLAY1 2025'!$A:$A,"Amount (NIS)") -> 0 | I20: =SUMIFS('Source PPLAY1 2026'!$D:$D,'Source PPLAY1 2026'!$B:$B,$A20,'Source PPLAY1 2026'!$A:$A,"Amount (NIS)") -> 7577.6 | J20: =I20*$J$5 -> 9571.7053 | K20: =J20-H20 -> 9571.7053 | L20: =IF(AND(H20=0,J20=0),0,IF(H20=0,"New",(J20-H20)/H20)) -> New
... A115: LF377 | B115: =IFERROR(INDEX('Source PPLAY1 2026'!$C:$C,MATCH($A115,'Source PPLAY1 2026'!$B:$B,0)),IFERROR(INDEX('Source PPLAY1 2025'!$C:$C,MATCH($A115,'Source PPLAY1 2025'!$B:$B,0)),"")) -> L-מדרס סיליקון לנעלי עקב | C115: =SUMIFS('Source PPLAY1 2025'!$D:$D,'Source PPLAY1 2025'!$B:$B,$A115,'Source PPLAY1 2025'!$A:$A,"Quantity (units)") -> 0 | D115: =SUMIFS('Source PPLAY1 2026'!$D:$D,'Source PPLAY1 2026'!$B:$B,$A115,'Source PPLAY1 2026'!$A:$A,"Quantity (units)") -> 1 | E115: =D115*$J$5 -> 1.2631579 | F115: =E115-C115 -> 1.2631579 | G115: =IF(AND(C115=0,E115=0),0,IF(C115=0,"New",(E115-C115)/C115)) -> New | H115: =SUMIFS('Source PPLAY1 2025'!$D:$D,'Source PPLAY1 2025'!$B:$B,$A115,'Source PPLAY1 2025'!$A:$A,"Amount (NIS)") -> 0 | I115: =SUMIFS('Source PPLAY1 2026'!$D:$D,'Source PPLAY1 2026'!$B:$B,$A115,'Source PPLAY1 2026'!$A:$A,"Amount (NIS)") -> 32.1 | J115: =I115*$J$5 -> 40.547368 | K115: =J115-H115 -> 40.547368 | L115: =IF(AND(H115=0,J115=0),0,IF(H115=0,"New",(J115-H115)/H115)) -> New
B117: TOTAL | C117: =SUM(C9:C115) -> 0 | D117: =SUM(D9:D115) -> 10037 | E117: =SUM(E9:E115) -> 12678.316 | F117: =SUM(F9:F115) -> 12678.316 | G117: =IF(C117=0,"N/A",F117/C117) -> N/A | H117: =SUM(H9:H115) -> 0 | I117: =SUM(I9:I115) -> 307514.4 | J117: =SUM(J9:J115) -> 388439.24 | K117: =SUM(K9:K115) -> 388439.24 | L117: =IF(H117=0,"N/A",K117/H117) -> N/A

Sheet מאוחדת (NetSuite)
A1: Sales Comparison 2025 vs 2026 (Annualized) - Source: NetSuite - Sale Type: 113 - Kupat Holim Meuhedet (by Product CODE)
A2: Calculation date: | B2: 46284
A3: Source: NetSuite report "1-Sales: Customer by Item" (01/01/2025-31/12/2026), Sale Type = "113 - Kupat Holim Meuhedet" only. This sheet is a copy of the "113 - Kupat Holim Meuhedet" sheet from 2026-09-20-salestype-2025-vs-2026.xlsx, rebuilt here (same data, same formulas) purely for side-by-side comparison against the PPLAY1-based view of the same real-world entity (Kupat Holim Meuhedet). Product CODE = column "Item: Name" (F in the original report). Multiple rows per CODE (one per unit-price tier / customer within this category) are summed (SUMIFS) per CODE, not taken from a single row. Raw rows for this Sale Type only are kept unchanged in the "Source NetSuite" sheet.
A4: Annualization note: 2026 actual data is assumed to cover approximately 9.5 months (1 Jan - 15 Sep 2026), consistent workbook-wide. Scaled to a full year via factor = 12 / 9.5 (≈ 1.263158) - straight-line extrapolation, no seasonality adjustment. | I4: Months in full year: | J4: 12 | K4: Months covered by 2026 actual: | L4: 9.5
A5: # DROP (sold 2025, 0 in 2026): | B5: =SUMPRODUCT(--(((C9:C240<>0)+(H9:H240<>0)>0)*((D9:D240=0)*(I9:I240=0)))) -> 26 | C5: # NEW (sold 2026, 0 in 2025): | D5: =SUMPRODUCT(--(((D9:D240<>0)+(I9:I240<>0)>0)*((C9:C240=0)*(H9:H240=0)))) -> 9 | I5: Normalization factor (J4/L4): | J5: =J4/L4 -> 1.2631579
A6: DROP — Quantity 2025: | B6: =SUMPRODUCT(--(((C9:C240<>0)+(H9:H240<>0)>0)*((D9:D240=0)*(I9:I240=0)))*C9:C240) -> 301 | C6: DROP — Amount 2025 (₪): | D6: =SUMPRODUCT(--(((C9:C240<>0)+(H9:H240<>0)>0)*((D9:D240=0)*(I9:I240=0)))*H9:H240) -> 12248.01 | E6: NEW — Quantity 2026: | F6: =SUMPRODUCT(--(((D9:D240<>0)+(I9:I240<>0)>0)*((C9:C240=0)*(H9:H240=0)))*D9:D240) -> 23 | G6: NEW — Amount 2026 (₪): | H6: =SUMPRODUCT(--(((D9:D240<>0)+(I9:I240<>0)>0)*((C9:C240=0)*(H9:H240=0)))*I9:I240) -> 1236.65
A8: Product Code | B8: Item Display Name | C8: Quantity 2025 | D8: Quantity 2026 (Actual, partial year) | E8: Quantity 2026 (Annualized) | F8: Quantity Change (Annualized vs 2025) | G8: Quantity Change % (Annualized vs 2025) | H8: Amount 2025 (₪) | I8: Amount 2026 (Actual, partial year) (₪) | J8: Amount 2026 (Annualized) (₪) | K8: Amount Change (Annualized vs 2025) (₪) | L8: Amount Change % (Annualized vs 2025) | M8: Note
A9: 266 0 | B9: =IFERROR(INDEX('Source NetSuite'!$B:$B,MATCH($A9,'Source NetSuite'!$A:$A,0)),"") -> סד יד דו צדדי | C9: =SUMIF('Source NetSuite'!$A:$A,$A9,'Source NetSuite'!$C:$C) -> 1741 | D9: =SUMIF('Source NetSuite'!$A:$A,$A9,'Source NetSuite'!$E:$E) -> 471 | E9: =D9*$J$5 -> 594.94737 | F9: =E9-C9 -> -1146.0526 | G9: =IF(AND(C9=0,E9=0),0,IF(C9=0,"New",(E9-C9)/C9)) -> -0.65827262 | H9: =SUMIF('Source NetSuite'!$A:$A,$A9,'Source NetSuite'!$D:$D) -> 79215.5 | I9: =SUMIF('Source NetSuite'!$A:$A,$A9,'Source NetSuite'!$F:$F) -> 21430.5 | J9: =I9*$J$5 -> 27070.105 | K9: =J9-H9 -> -52145.395 | L9: =IF(AND(H9=0,J9=0),0,IF(H9=0,"New",(J9-H9)/H9)) -> -0.65827262 | M9: =IF(AND(OR(C9<>0,H9<>0),D9=0,I9=0),"DROP",IF(AND(OR(D9<>0,I9<>0),C9=0,H9=0),"NEW",""))
A10: 268 0 | B10: =IFERROR(INDEX('Source NetSuite'!$B:$B,MATCH($A10,'Source NetSuite'!$A:$A,0)),"") -> סד לתמיכה פרק כף יד ואגודל | C10: =SUMIF('Source NetSuite'!$A:$A,$A10,'Source NetSuite'!$C:$C) -> 671 | D10: =SUMIF('Source NetSuite'!$A:$A,$A10,'Source NetSuite'!$E:$E) -> 218 | E10: =D10*$J$5 -> 275.36842 | F10: =E10-C10 -> -395.63158 | G10: =IF(AND(C10=0,E10=0),0,IF(C10=0,"New",(E10-C10)/C10)) -> -0.58961487 | H10: =SUMIF('Source NetSuite'!$A:$A,$A10,'Source NetSuite'!$D:$D) -> 52203.8 | I10: =SUMIF('Source NetSuite'!$A:$A,$A10,'Source NetSuite'!$F:$F) -> 16960.4 | J10: =I10*$J$5 -> 21423.663 | K10: =J10-H10 -> -30780.137 | L10: =IF(AND(H10=0,J10=0),0,IF(H10=0,"New",(J10-H10)/H10)) -> -0.58961487 | M10: =IF(AND(OR(C10<>0,H10<>0),D10=0,I10=0),"DROP",IF(AND(OR(D10<>0,I10<>0),C10=0,H10=0),"NEW",""))
A11: 078G L | B11: =IFERROR(INDEX('Source NetSuite'!$B:$B,MATCH($A11,'Source NetSuite'!$A:$A,0)),"") -> חגורת גב אפורה | C11: =SUMIF('Source NetSuite'!$A:$A,$A11,'Source NetSuite'!$C:$C) -> 392 | D11: =SUMIF('Source NetSuite'!$A:$A,$A11,'Source NetSuite'!$E:$E) -> 63 | E11: =D11*$J$5 -> 79.578947 | F11: =E11-C11 -> -312.42105 | G11: =IF(AND(C11=0,E11=0),0,IF(C11=0,"New",(E11-C11)/C11)) -> -0.79699248 | H11: =SUMIF('Source NetSuite'!$A:$A,$A11,'Source NetSuite'!$D:$D) -> 25480 | I11: =SUMIF('Source NetSuite'!$A:$A,$A11,'Source NetSuite'!$F:$F) -> 4277.36 | J11: =I11*$J$5 -> 5402.9811 | K11: =J11-H11 -> -20077.019 | L11: =IF(AND(H11=0,J11=0),0,IF(H11=0,"New",(J11-H11)/H11)) -> -0.78795208 | M11: =IF(AND(OR(C11<>0,H11<>0),D11=0,I11=0),"DROP",IF(AND(OR(D11<>0,I11<>0),C11=0,H11=0),"NEW",""))
A12: 307 M | B12: =IFERROR(INDEX('Source NetSuite'!$B:$B,MATCH($A12,'Source NetSuite'!$A:$A,0)),"") -> כרית סיליקון לעקב | C12: =SUMIF('Source NetSuite'!$A:$A,$A12,'Source NetSuite'!$C:$C) -> 293 | D12: =SUMIF('Source NetSuite'!$A:$A,$A12,'Source NetSuite'!$E:$E) -> 62 | E12: =D12*$J$5 -> 78.315789 | F12: =E12-C12 -> -214.68421 | G12: =IF(AND(C12=0,E12=0),0,IF(C12=0,"New",(E12-C12)/C12)) -> -0.73271062 | H12: =SUMIF('Source NetSuite'!$A:$A,$A12,'Source NetSuite'!$D:$D) -> 18538.11 | I12: =SUMIF('Source NetSuite'!$A:$A,$A12,'Source NetSuite'!$F:$F) -> 4042.32 | J12: =I12*$J$5 -> 5106.0884 | K12: =J12-H12 -> -13432.022 | L12: =IF(AND(H12=0,J12=0),0,IF(H12=0,"New",(J12-H12)/H12)) -> -0.72456262 | M12: =IF(AND(OR(C12<>0,H12<>0),D12=0,I12=0),"DROP",IF(AND(OR(D12<>0,I12<>0),C12=0,H12=0),"NEW",""))
A13: 078G XL | B13: =IFERROR(INDEX('Source NetSuite'!$B:$B,MATCH($A13,'Source NetSuite'!$A:$A,0)),"") -> חגורת גב אפורה | C13: =SUMIF('Source NetSuite'!$A:$A,$A13,'Source NetSuite'!$C:$C) -> 279 | D13: =SUMIF('Source NetSuite'!$A:$A,$A13,'Source NetSuite'!$E:$E) -> 54 | E13: =D13*$J$5 -> 68.210526 | F13: =E13-C13 -> -210.78947 | G13: =IF(AND(C13=0,E13=0),0,IF(C13=0,"New",(E13-C13)/C13)) -> -0.75551783 | H13: =SUMIF('Source NetSuite'!$A:$A,$A13,'Source NetSuite'!$D:$D) -> 18135 | I13: =SUMIF('Source NetSuite'!$A:$A,$A13,'Source NetSuite'!$F:$F) -> 3692.36 | J13: =I13*$J$5 -> 4664.0337 | K13: =J13-H13 -> -13470.966 | L13: =IF(AND(H13=0,J13=0),0,IF(H13=0,"New",(J13-H13)/H13)) -> -0.7428159 | M13: =IF(AND(OR(C13<>0,H13<>0),D13=0,I13=0),"DROP",IF(AND(OR(D13<>0,I13<>0),C13=0,H13=0),"NEW",""))
A14: 307 L | B14: =IFERROR(INDEX('Source NetSuite'!$B:$B,MATCH($A14,'Source NetSuite'!$A:$A,0)),"") -> כרית סיליקון לעקב | C14: =SUMIF('Source NetSuite'!$A:$A,$A14,'Source NetSuite'!$C:$C) -> 294 | D14: =SUMIF('Source NetSuite'!$A:$A,$A14,'Source NetSuite'!$E:$E) -> 68 | E14: =D14*$J$5 -> 85.894737 | F14: =E14-C14 -> -208.10526 | G14: =IF(AND(C14=0,E14=0),0,IF(C14=0,"New",(E14-C14)/C14)) -> -0.70784103 | H14: =SUMIF('Source NetSuite'!$A:$A,$A14,'Source NetSuite'!$D:$D) -> 18601.38 | I14: =SUMIF('Source NetSuite'!$A:$A,$A14,'Source NetSuite'!$F:$F) -> 4421.94 | J14: =I14*$J$5 -> 5585.6084 | K14: =J14-H14 -> -13015.772 | L14: =IF(AND(H14=0,J14=0),0,IF(H14=0,"New",(J14-H14)/H14)) -> -0.69972075 | M14: =IF(AND(OR(C14<>0,H14<>0),D14=0,I14=0),"DROP",IF(AND(OR(D14<>0,I14<>0),C14=0,H14=0),"NEW",""))
A15: FC335 0 | B15: =IFERROR(INDEX('Source NetSuite'!$B:$B,MATCH($A15,'Source NetSuite'!$A:$A,0)),"") -> טלק לכף הרגל מועשר באלוורה | C15: =SUMIF('Source NetSuite'!$A:$A,$A15,'Source NetSuite'!$C:$C) -> 1180 | D15: =SUMIF('Source NetSuite'!$A:$A,$A15,'Source NetSuite'!$E:$E) -> 192 | E15: =D15*$J$5 -> 242.52632 | F15: =E15-C15 -> -937.47368 | G15: =IF(AND(C15=0,E15=0),0,IF(C15=0,"New",(E15-C15)/C15)) -> -0.79446922 | H15: =SUMIF('Source NetSuite'!$A:$A,$A15,'Source NetSuite'!$D:$D) -> 15812 | I15: =SUMIF('Source NetSuite'!$A:$A,$A15,'Source NetSuite'!$F:$F) -> 2572.8 | J15: =I15*$J$5 -> 3249.8526 | K15: =J15-H15 -> -12562.147 | L15: =IF(AND(H15=0,J15=0),0,IF(H15=0,"New",(J15-H15)/H15)) -> -0.79446922 | M15: =IF(AND(OR(C15<>0,H15<>0),D15=0,I15=0),"DROP",IF(AND(OR(D15<>0,I15<>0),C15=0,H15=0),"NEW",""))
A16: 397-39-42 | B16: =IFERROR(INDEX('Source NetSuite'!$B:$B,MATCH($A16,'Source NetSuite'!$A:$A,0)),"") -> גרבי טיסה | C16: =SUMIF('Source NetSuite'!$A:$A,$A16,'Source NetSuite'!$C:$C) -> 312 | D16: =SUMIF('Source NetSuite'!$A:$A,$A16,'Source NetSuite'!$E:$E) -> -2 | E16: =D16*$J$5 -> -2.5263158 | F16: =E16-C16 -> -314.52632 | G16: =IF(AND(C16=0,E16=0),0,IF(C16=0,"New",(E16-C16)/C16)) -> -1.0080972 | H16: =SUMIF('Source NetSuite'!$A:$A,$A16,'Source NetSuite'!$D:$D) -> 13044.72 | I16: =SUMIF('Source NetSuite'!$A:$A,$A16,'Source NetSuite'!$F:$F) -> -83.62 | J16: =I16*$J$5 -> -105.62526 | K16: =J16-H16 -> -13150.345 | L16: =IF(AND(H16=0,J16=0),0,IF(H16=0,"New",(J16-H16)/H16)) -> -1.0080972 | M16: =IF(AND(OR(C16<>0,H16<>0),D16=0,I16=0),"DROP",IF(AND(OR(D16<>0,I16<>0),C16=0,H16=0),"NEW",""))
A17: 397-43-46 | B17: =IFERROR(INDEX('Source NetSuite'!$B:$B,MATCH($A17,'Source NetSuite'!$A:$A,0)),"") -> גרבי טיסה | C17: =SUMIF('Source NetSuite'!$A:$A,$A17,'Source NetSuite'!$C:$C) -> 284 | D17: =SUMIF('Source NetSuite'!$A:$A,$A17,'Source NetSuite'!$E:$E) -> -2 | E17: =D17*$J$5 -> -2.5263158 | F17: =E17-C17 -> -286.52632 | G17: =IF(AND(C17=0,E17=0),0,IF(C17=0,"New",(E17-C17)/C17)) -> -1.0088955 | H17: =SUMIF('Source NetSuite'!$A:$A,$A17,'Source NetSuite'!$D:$D) -> 11874.04 | I17: =SUMIF('Source NetSuite'!$A:$A,$A17,'Source NetSuite'!$F:$F) -> -83.62 | J17: =I17*$J$5 -> -105.62526 | K17: =J17-H17 -> -11979.665 | L17: =IF(AND(H17=0,J17=0),0,IF(H17=0,"New",(J17-H17)/H17)) -> -1.0088955 | M17: =IF(AND(OR(C17<>0,H17<>0),D17=0,I17=0),"DROP",IF(AND(OR(D17<>0,I17<>0),C17=0,H17=0),"NEW",""))
A18: FC333 0 | B18: =IFERROR(INDEX('Source NetSuite'!$B:$B,MATCH($A18,'Source NetSuite'!$A:$A,0)),"") -> דאודורנט ספרי לנעל 100 מל | C18: =SUMIF('Source NetSuite'!$A:$A,$A18,'Source NetSuite'!$C:$C) -> 978 | D18: =SUMIF('Source NetSuite'!$A:$A,$A18,'Source NetSuite'!$E:$E) -> 168 | E18: =D18*$J$5 -> 212.21053 | F18: =E18-C18 -> -765.78947 | G18: =IF(AND(C18=0,E18=0),0,IF(C18=0,"New",(E18-C18)/C18)) -> -0.78301582 | H18: =SUMIF('Source NetSuite'!$A:$A,$A18,'Source NetSuite'!$D:$D) -> 14474.4 | I18: =SUMIF('Source NetSuite'!$A:$A,$A18,'Source NetSuite'!$F:$F) -> 2569.74 | J18: =I18*$J$5 -> 3245.9874 | K18: =J18-H18 -> -11228.413 | L18: =IF(AND(H18=0,J18=0),0,IF(H18=0,"New",(J18-H18)/H18)) -> -0.77574287 | M18: =IF(AND(OR(C18<>0,H18<>0),D18=0,I18=0),"DROP",IF(AND(OR(D18<>0,I18<>0),C18=0,H18=0),"NEW",""))
A19: 302M 0 | B19: =IFERROR(INDEX('Source NetSuite'!$B:$B,MATCH($A19,'Source NetSuite'!$A:$A,0)),"") -> מדרס מג'ל | C19: =SUMIF('Source NetSuite'!$A:$A,$A19,'Source NetSuite'!$C:$C) -> 306 | D19: =SUMIF('Source NetSuite'!$A:$A,$A19,'Source NetSuite'!$E:$E) -> 76 | E19: =D19*$J$5 -> 96 | F19: =E19-C19 -> -210 | G19: =IF(AND(C19=0,E19=0),0,IF(C19=0,"New",(E19-C19)/C19)) -> -0.68627451 | H19: =SUMIF('Source NetSuite'!$A:$A,$A19,'Source NetSuite'!$D:$D) -> 14452.38 | I19: =SUMIF('Source NetSuite'!$A:$A,$A19,'Source NetSuite'!$F:$F) -> 3589.48 | J19: =I19*$J$5 -> 4534.08 | K19: =J19-H19 -> -9918.3 | L19: =IF(AND(H19=0,J19=0),0,IF(H19=0,"New",(J19-H19)/H19)) -> -0.68627451 | M19: =IF(AND(OR(C19<>0,H19<>0),D19=0,I19=0),"DROP",IF(AND(OR(D19<>0,I19<>0),C19=0,H19=0),"NEW",""))
A20: 3655 0 | B20: =IFERROR(INDEX('Source NetSuite'!$B:$B,MATCH($A20,'Source NetSuite'!$A:$A,0)),"") -> שרוול מסיליקון ל | C20: =SUMIF('Source NetSuite'!$A:$A,$A20,'Source NetSuite'!$C:$C) -> 1110 | D20: =SUMIF('Source NetSuite'!$A:$A,$A20,'Source NetSuite'!$E:$E) -> 257 | E20: =D20*$J$5 -> 324.63158 | F20: =E20-C20 -> -785.36842 | G20: =IF(AND(C20=0,E20=0),0,IF(C20=0,"New",(E20-C20)/C20)) -> -0.70753912 | H20: =SUMIF('Source NetSuite'!$A:$A,$A20,'Source NetSuite'!$D:$D) -> 13519.8 | I20: =SUMIF('Source NetSuite'!$A:$A,$A20,'Source NetSuite'!$F:$F) -> 3168.54 | J20: =I20*$J$5 -> 4002.3663 | K20: =J20-H20 -> -9517.4337 | L20: =IF(AND(H20=0,J20=0),0,IF(H20=0,"New",(J20-H20)/H20)) -> -0.70396261 | M20: =IF(AND(OR(C20<>0,H20<>0),D20=0,I20=0),"DROP",IF(AND(OR(D20<>0,I20<>0),C20=0,H20=0),"NEW",""))
... A240: 87 XS | B240: =IFERROR(INDEX('Source NetSuite'!$B:$B,MATCH($A240,'Source NetSuite'!$A:$A,0)),"") -> חגורת קיבוע לכתף | C240: =SUMIF('Source NetSuite'!$A:$A,$A240,'Source NetSuite'!$C:$C) -> 0 | D240: =SUMIF('Source NetSuite'!$A:$A,$A240,'Source NetSuite'!$E:$E) -> 1 | E240: =D240*$J$5 -> 1.2631579 | F240: =E240-C240 -> 1.2631579 | G240: =IF(AND(C240=0,E240=0),0,IF(C240=0,"New",(E240-C240)/C240)) -> New | H240: =SUMIF('Source NetSuite'!$A:$A,$A240,'Source NetSuite'!$D:$D) -> 0 | I240: =SUMIF('Source NetSuite'!$A:$A,$A240,'Source NetSuite'!$F:$F) -> 0 | J240: =I240*$J$5 -> 0 | K240: =J240-H240 -> 0 | L240: =IF(AND(H240=0,J240=0),0,IF(H240=0,"New",(J240-H240)/H240)) -> 0 | M240: =IF(AND(OR(C240<>0,H240<>0),D240=0,I240=0),"DROP",IF(AND(OR(D240<>0,I240<>0),C240=0,H240=0),"NEW","")) -> NEW
B242: TOTAL | C242: =SUM(C9:C240) -> 29601 | D242: =SUM(D9:D240) -> 7385 | E242: =SUM(E9:E240) -> 9328.4211 | F242: =SUM(F9:F240) -> -20272.579 | G242: =IF(C242=0,"N/A",F242/C242) -> -0.68486129 | H242: =SUM(H9:H240) -> 860680.72 | I242: =SUM(I9:I240) -> 186688.02 | J242: =SUM(J9:J240) -> 235816.45 | K242: =SUM(K9:K240) -> -624864.27 | L242: =IF(H242=0,"N/A",K242/H242) -> -0.7260117

Sheet Source PPLAY1 2025
A1: Raw source rows - 2025 - customer column "0קופות חולים" only (from PPLAY1 of uriel report), unchanged
A2: Block | B2: CODE | C2: Item description (raw) | D2: Value
A3: Amount (NIS) | B3: 369 | C3: S-L אצבעון מסיליקון יחידה | D3: 0
A4: Amount (NIS) | B4: 369 | C4: XL אצבעון מסיליקון יחידה | D4: 0
A5: Amount (NIS) | B5: PD | C5: 344-אבן טבעית להסרת עור קשה | D5: 0
A6: Amount (NIS) | B6: 805AT-Cאתלטיק | C6: טייפ בז' 20מ""מ20 | D6: 0
A7: Amount (NIS) | B7: 805AT-B | C7: אתלטיק טייפ שחור 20מ""מ | D7: 0
A8: Amount (NIS) | B8: 805AT-BLאתלטיק | C8: טייפ כחול 20מ""מ | D8: 0
A9: Amount (NIS) | B9: 805AT-W | C9: אתלטיק טייפ לבן 20מ""מ | D9: 0
A10: Amount (NIS) | B10: 363 | C10: בננה לתמיכת אצבעות ז.כרית | D10: 0
A11: Amount (NIS) | B11: 320 | C11: בליסטר פלסטר | D11: 0
A12: Amount (NIS) | B12: 390B | C12: גרב.כסף לסכרתים שחור35-38 | D12: 0
A13: Amount (NIS) | B13: 390B | C13: 39-42.גרב.כסף לסכרתיים שח | D13: 0
A14: Amount (NIS) | B14: 390B | C14: 43-46.גרב.כסף לסכרתיים שח | D14: 0
... A1181: Quantity (units) | B1181: SH422 | C1181: 5 תומך ברך גנושילד | D1181: 0

Sheet Source PPLAY1 2026
A1: Raw source rows - 2026 - customer column "0קופות חולים" only (from PPLAY1 of uriel report), unchanged
A2: Block | B2: CODE | C2: Item description (raw) | D2: Value
A3: Amount (NIS) | B3: 369 | C3: S-L אצבעון מסיליקון יחידה | D3: 870.8
A4: Amount (NIS) | B4: 369 | C4: XL אצבעון מסיליקון יחידה | D4: 1492.4
A5: Amount (NIS) | B5: PD | C5: 344-אבן טבעית להסרת עור קשה | D5: 771.2
A6: Amount (NIS) | B6: 805AT-Cאתלטיק | C6: טייפ בז' 20מ""מ20 | D6: 0
A7: Amount (NIS) | B7: 805AT-B | C7: אתלטיק טייפ שחור 20מ""מ | D7: 0
A8: Amount (NIS) | B8: 805AT-BLאתלטיק | C8: טייפ כחול 20מ""מ | D8: 0
A9: Amount (NIS) | B9: 805AT-W | C9: אתלטיק טייפ לבן 20מ""מ | D9: 0
A10: Amount (NIS) | B10: 363 | C10: בננה לתמיכת אצבעות ז.כרית | D10: 668
A11: Amount (NIS) | B11: 320 | C11: בליסטר פלסטר | D11: 939.1
A12: Amount (NIS) | B12: S-XLST422 | C12: מגן ברך+כרית ג'ל | D12: 2875.6
A13: Amount (NIS) | B13: 390B | C13: גרב.כסף לסכרתים שחור35-38 | D13: 41.3
A14: Amount (NIS) | B14: 390B | C14: 39-42.גרב.כסף לסכרתיים שח | D14: 112.1
... A1108: Quantity (units) | B1108: SH422 | C1108: 6 תומך ברך גנושילד | D1108: 17

Sheet Source NetSuite
A1: Raw source rows - Sale Type = "113 - Kupat Holim Meuhedet" only (from NetSuite "1-Sales: Customer by Item", 01/01/2025-31/12/2026), unchanged
A2: Item Name (CODE) | B2: Item: Display Name | C2: Quantity 2025 | D2: Amount 2025 (Net, ₪) | E2: Quantity 2026 | F2: Amount 2026 (Net, ₪)
A3: (NO ITEM CODE) | B3: (Unassigned / adjustment row - no item code in source) | C3: 0 | D3: 0 | E3: 0 | F3: 0
A4: בונוסים ללקוחות | C4: -1 | D4: -31945.47 | E4: -1 | F4: -35055
A5: (NO ITEM CODE) | B5: (Unassigned / adjustment row - no item code in source) | C5: 0 | D5: -921.56 | E5: 0 | F5: 0
A6: 266 0 | B6: סד יד דו צדדי | C6: 5 | D6: 227.5 | E6: 2 | F6: 91
A7: 268 0 | B7: סד לתמיכה פרק כף יד ואגודל | C7: 4 | D7: 311.2 | E7: 0 | F7: 0
A8: 302M 0 | B8: מדרס מג'ל | C8: 5 | D8: 236.15 | E8: 0 | F8: 0
A9: 302W 0 | B9: מדרס מג'ל | C9: 5 | D9: 236.15 | E9: 0 | F9: 0
A10: 307 L | B10: כרית סיליקון לעקב | C10: 0 | D10: 0 | E10: 2 | F10: 126.54
A11: 307 M | B11: כרית סיליקון לעקב | C11: 0 | D11: 0 | E11: 2 | F11: 126.54
A12: 307 S | B12: כרית סיליקון לעקב | C12: 0 | D12: 0 | E12: 2 | F12: 126.54
A13: 307 XL | B13: כרית סיליקון לעקב | C13: 0 | D13: 0 | E13: 2 | F13: 126.54
A14: 364-S-L | B14: כ.הפרדת אצבעות ס | C14: 10 | D14: 95 | E14: 0 | F14: 0
A15: 364 XL | B15: מפריד אצבע | C15: 10 | D15: 95 | E15: 0 | F15: 0
A16: 3655 0 | B16: שרוול מסיליקון ל | C16: 10 | D16: 121.8 | E16: 0 | F16: 0
... A5802: T78 XL | B5802: מגן לכתף ימין/שמאל | C5802: -1 | D5802: -128.71 | E5802: 0 | F5802: 0

Sheet Code Comparison
A1: Product Code List Comparison - מאוחדת (PPLAY1) vs 113 - Kupat Holim Meuhedet (NetSuite)
A2: Two independent lists, each sorted on its own (NOT row-matched against each other). Yellow highlight = this code appears to represent the same product as some code in the other list (by visual/manual judgement based on the base-code pattern found during analysis - e.g. PPLAY1 "078" vs NetSuite "078 L"/"078 XL"/"078 M"/"078 S"; PPLAY1 "34+" vs NetSuite "34+ M"/"34+ L" etc). No percentages/formulas here - visual reference only.
A4: מאוחדת (PPLAY1) - Product Code (107) | C4: 113 - Kupat Holim Meuhedet (NetSuite) - Product Code (232)
A5: 078 | C5: (NO ITEM CODE)
A6: 078G-L | C6: 078 L
A7: 078G-M | C7: 078 M
A8: 078G-S | C8: 078 S
A9: 078G-XLחגורת | C9: 078 XL
A10: 078G-XXLחגורת | C10: 078C L
A11: 078XL | C11: 078C M
A12: 07AU | C12: 078C XL
A13: 11 | C13: 078G L
A14: 11STO | C14: 078G M
A15: 11TO | C15: 078G S
... A111: כרית | C111: 390B-39-42
C112: 390B-43-46
C113: 390G-35-38
C114: 390G-39-42
C115: 390G-43-46
C116: 390W-35-38
C117: 390W-39-42
C118: 390W-43-46
C119: 394B-35-38
C120: 394B-39-42
C121: 394B-43-46
C122: 394G-35-38
C123: 394G-39-42
... C236: בונוסים ללקוחות
