Workbook

Sheet Index
A1: Sales Comparison 2025 vs 2026 - by Customer (NetSuite "1-Sales: Customer by Item") - built to match the field layout of 2026-09-19-grouped-2025-vs-2026.xlsx!Index, plus annualized columns
A2: Calculation date: | B2: 46284
A3: Same 18 columns (1-18) as Index in 2026-09-19-grouped-2025-vs-2026.xlsx, so the two Index sheets can be compared directly; columns 19-22 add the 2026-annualized view (x12/9.5, see the customer sheet for the factor and methodology note). "# Raw categories" (col C) is not meaningful for a single NetSuite customer (no raw-category grouping involved here) - shown as N/A. Built to hold one row per customer; add more rows below as more customers from this NetSuite source are processed.
A5: Group | B5: Sheet | C5: # Raw categories | D5: # Product Codes | E5: # Product Codes 2025 | F5: # Product Codes 2026 | G5: # DROP (sold 2025, 0 in 2026) | H5: # NEW (sold 2026, 0 in 2025) | I5: DROP — Quantity 2025 | J5: DROP — Amount 2025 (₪) | K5: NEW — Quantity 2026 | L5: NEW — Amount 2026 (₪) | M5: Quantity 2025 | N5: Quantity 2026 | O5: Qty Change % | P5: Amount 2025 (₪) | Q5: Amount 2026 (₪) | R5: Amount Change %
A6: קופת חולים כללית | B6: קופת חולים כללית | C6: N/A | D6: =COUNTA('קופת חולים כללית'!$A$9:$A$41) -> 33 | E6: =SUMPRODUCT(--(('קופת חולים כללית'!$C$9:$C$41<>0)+('קופת חולים כללית'!$H$9:$H$41<>0)>0)) -> 32 | F6: =SUMPRODUCT(--(('קופת חולים כללית'!$D$9:$D$41<>0)+('קופת חולים כללית'!$I$9:$I$41<>0)>0)) -> 32 | G6: ='קופת חולים כללית'!B5 -> 1 | H6: ='קופת חולים כללית'!D5 -> 1 | I6: ='קופת חולים כללית'!B6 -> -1 | J6: ='קופת חולים כללית'!D6 -> -62.43 | K6: ='קופת חולים כללית'!F6 -> -2 | L6: ='קופת חולים כללית'!H6 -> -1176 | M6: ='קופת חולים כללית'!C43 -> 152395 | N6: ='קופת חולים כללית'!D43 -> 110137 | O6: =IF('קופת חולים כללית'!C43=0,"N/A",('קופת חולים כללית'!D43-'קופת חולים כללית'!C43)/'קופת חולים כללית'!C43) -> -0.27729256 | P6: ='קופת חולים כללית'!H43 -> 3809616.4 | Q6: ='קופת חולים כללית'!I43 -> 2569653 | R6: =IF('קופת חולים כללית'!H43=0,"N/A",('קופת חולים כללית'!I43-'קופת חולים כללית'!H43)/'קופת חולים כללית'!H43) -> -0.32548247

Sheet קופת חולים כללית
A1: Sales Comparison 2025 vs 2026 (Annualized) - Customer: קופת חולים כללית (152501, by Product CODE)
A2: Calculation date: | B2: 46284
A3: Source: NetSuite report "1-Sales: Customer by Item" (01/01/2025-31/12/2026), customer = "152501 קופ"ח כללית 1203-9" only (exact single match, no branch hierarchy). Product CODE = column "Item: Name" (F) - NOT "Item: Name (Grouped)" (E), which carries a PARENT prefix. 2025 = columns J/K (Quantity/Amount Net); 2026 = columns O/P. Multiple rows per CODE per customer (one per unit-price tier) are summed (SUMIF) per CODE, not taken from a single row. Raw rows (47) kept unchanged in the "Source" sheet. IMPORTANT: the source file’s own header states the report range as "01 January 2025 - 31 December 2026", but the file itself has no per-row date/timestamp field, so it cannot be verified from the data itself exactly when in 2026 the underlying data collection stopped. Since the file was prepared on/around 19/09/2026 (same as the other daily workbooks), the same assumption is used here for consistency: 2026 actual covers approximately 9.5 months (1 Jan - 15 Sep). If the real cutoff differs, ask the user/Reuven to confirm the exact date before relying on the annualized figures below.
A4: Annualization note: 2026 actual data is assumed to cover approximately 9.5 months (1 Jan - 15 Sep 2026), consistent with the other workbook (2026-09-19-grouped-2025-vs-2026.xlsx). Scaled to a full year via a simple linear factor = 12 / 9.5 (≈ 1.263158) - straight-line extrapolation, does NOT account for seasonality. Treat as an estimate. | I4: Months in full year: | J4: 12 | K4: Months covered by 2026 actual (assumed 1/1–15/9): | L4: 9.5
A5: # DROP (sold 2025, 0 in 2026): | B5: =SUMPRODUCT(--(((C9:C41<>0)+(H9:H41<>0)>0)*((D9:D41=0)*(I9:I41=0)))) -> 1 | C5: # NEW (sold 2026, 0 in 2025): | D5: =SUMPRODUCT(--(((D9:D41<>0)+(I9:I41<>0)>0)*((C9:C41=0)*(H9:H41=0)))) -> 1 | I5: Normalization factor (J4/L4): | J5: =J4/L4 -> 1.2631579
A6: DROP — Quantity 2025: | B6: =SUMPRODUCT(--(((C9:C41<>0)+(H9:H41<>0)>0)*((D9:D41=0)*(I9:I41=0)))*C9:C41) -> -1 | C6: DROP — Amount 2025 (₪): | D6: =SUMPRODUCT(--(((C9:C41<>0)+(H9:H41<>0)>0)*((D9:D41=0)*(I9:I41=0)))*H9:H41) -> -62.43 | E6: NEW — Quantity 2026: | F6: =SUMPRODUCT(--(((D9:D41<>0)+(I9:I41<>0)>0)*((C9:C41=0)*(H9:H41=0)))*D9:D41) -> -2 | G6: NEW — Amount 2026 (₪): | H6: =SUMPRODUCT(--(((D9:D41<>0)+(I9:I41<>0)>0)*((C9:C41=0)*(H9:H41=0)))*I9:I41) -> -1176
A8: Product Code | B8: Item Display Name | C8: Quantity 2025 | D8: Quantity 2026 (Actual, partial year) | E8: Quantity 2026 (Annualized) | F8: Quantity Change (Annualized vs 2025) | G8: Quantity Change % (Annualized vs 2025) | H8: Amount 2025 (₪) | I8: Amount 2026 (Actual, partial year) (₪) | J8: Amount 2026 (Annualized) (₪) | K8: Amount Change (Annualized vs 2025) (₪) | L8: Amount Change % (Annualized vs 2025) | M8: Note
A9: KST422 0 | B9: =IFERROR(INDEX('Source'!$B:$B,MATCH($A9,'Source'!$A:$A,0)),"") -> מגן ברך עם כרית ג'ל | C9: =SUMIF('Source'!$A:$A,$A9,'Source'!$C:$C) -> 13299 | D9: =SUMIF('Source'!$A:$A,$A9,'Source'!$E:$E) -> 9589 | E9: =D9*$J$5 -> 12112.421 | F9: =E9-C9 -> -1186.5789 | G9: =IF(AND(C9=0,E9=0),0,IF(C9=0,"New",(E9-C9)/C9)) -> -0.089223171 | H9: =SUMIF('Source'!$A:$A,$A9,'Source'!$D:$D) -> 577794.6 | I9: =SUMIF('Source'!$A:$A,$A9,'Source'!$F:$F) -> 396984.6 | J9: =I9*$J$5 -> 501454.23 | K9: =J9-H9 -> -76340.368 | L9: =IF(AND(H9=0,J9=0),0,IF(H9=0,"New",(J9-H9)/H9)) -> -0.13212371 | M9: =IF(AND(OR(C9<>0,H9<>0),D9=0,I9=0),"DROP",IF(AND(OR(D9<>0,I9<>0),C9=0,H9=0),"NEW",""))
A10: K078 L | B10: =IFERROR(INDEX('Source'!$B:$B,MATCH($A10,'Source'!$A:$A,0)),"") -> חגורת גב+סגירה כפולה | C10: =SUMIF('Source'!$A:$A,$A10,'Source'!$C:$C) -> 7450 | D10: =SUMIF('Source'!$A:$A,$A10,'Source'!$E:$E) -> 5000 | E10: =D10*$J$5 -> 6315.7895 | F10: =E10-C10 -> -1134.2105 | G10: =IF(AND(C10=0,E10=0),0,IF(C10=0,"New",(E10-C10)/C10)) -> -0.15224302 | H10: =SUMIF('Source'!$A:$A,$A10,'Source'!$D:$D) -> 422328 | I10: =SUMIF('Source'!$A:$A,$A10,'Source'!$F:$F) -> 272050 | J10: =I10*$J$5 -> 343642.11 | K10: =J10-H10 -> -78685.895 | L10: =IF(AND(H10=0,J10=0),0,IF(H10=0,"New",(J10-H10)/H10)) -> -0.18631465 | M10: =IF(AND(OR(C10<>0,H10<>0),D10=0,I10=0),"DROP",IF(AND(OR(D10<>0,I10<>0),C10=0,H10=0),"NEW",""))
A11: K078 XL | B11: =IFERROR(INDEX('Source'!$B:$B,MATCH($A11,'Source'!$A:$A,0)),"") -> חגורת גב+סגירה כפולה | C11: =SUMIF('Source'!$A:$A,$A11,'Source'!$C:$C) -> 5850 | D11: =SUMIF('Source'!$A:$A,$A11,'Source'!$E:$E) -> 3700 | E11: =D11*$J$5 -> 4673.6842 | F11: =E11-C11 -> -1176.3158 | G11: =IF(AND(C11=0,E11=0),0,IF(C11=0,"New",(E11-C11)/C11)) -> -0.20107962 | H11: =SUMIF('Source'!$A:$A,$A11,'Source'!$D:$D) -> 332000 | I11: =SUMIF('Source'!$A:$A,$A11,'Source'!$F:$F) -> 201317 | J11: =I11*$J$5 -> 254295.16 | K11: =J11-H11 -> -77704.842 | L11: =IF(AND(H11=0,J11=0),0,IF(H11=0,"New",(J11-H11)/H11)) -> -0.23405073 | M11: =IF(AND(OR(C11<>0,H11<>0),D11=0,I11=0),"DROP",IF(AND(OR(D11<>0,I11<>0),C11=0,H11=0),"NEW",""))
A12: KST25 0 | B12: =IFERROR(INDEX('Source'!$B:$B,MATCH($A12,'Source'!$A:$A,0)),"") -> חבק יד | C12: =SUMIF('Source'!$A:$A,$A12,'Source'!$C:$C) -> 21480 | D12: =SUMIF('Source'!$A:$A,$A12,'Source'!$E:$E) -> 15110 | E12: =D12*$J$5 -> 19086.316 | F12: =E12-C12 -> -2393.6842 | G12: =IF(AND(C12=0,E12=0),0,IF(C12=0,"New",(E12-C12)/C12)) -> -0.11143781 | H12: =SUMIF('Source'!$A:$A,$A12,'Source'!$D:$D) -> 344287.2 | I12: =SUMIF('Source'!$A:$A,$A12,'Source'!$F:$F) -> 227103.3 | J12: =I12*$J$5 -> 286867.33 | K12: =J12-H12 -> -57419.874 | L12: =IF(AND(H12=0,J12=0),0,IF(H12=0,"New",(J12-H12)/H12)) -> -0.166779 | M12: =IF(AND(OR(C12<>0,H12<>0),D12=0,I12=0),"DROP",IF(AND(OR(D12<>0,I12<>0),C12=0,H12=0),"NEW",""))
A13: K078 M | B13: =IFERROR(INDEX('Source'!$B:$B,MATCH($A13,'Source'!$A:$A,0)),"") -> חגורת גב+סגירה כפולה | C13: =SUMIF('Source'!$A:$A,$A13,'Source'!$C:$C) -> 3800 | D13: =SUMIF('Source'!$A:$A,$A13,'Source'!$E:$E) -> 2200 | E13: =D13*$J$5 -> 2778.9474 | F13: =E13-C13 -> -1021.0526 | G13: =IF(AND(C13=0,E13=0),0,IF(C13=0,"New",(E13-C13)/C13)) -> -0.26869806 | H13: =SUMIF('Source'!$A:$A,$A13,'Source'!$D:$D) -> 215142.5 | I13: =SUMIF('Source'!$A:$A,$A13,'Source'!$F:$F) -> 119702 | J13: =I13*$J$5 -> 151202.53 | K13: =J13-H13 -> -63939.974 | L13: =IF(AND(H13=0,J13=0),0,IF(H13=0,"New",(J13-H13)/H13)) -> -0.29719825 | M13: =IF(AND(OR(C13<>0,H13<>0),D13=0,I13=0),"DROP",IF(AND(OR(D13<>0,I13<>0),C13=0,H13=0),"NEW",""))
A14: K078 XXL | B14: =IFERROR(INDEX('Source'!$B:$B,MATCH($A14,'Source'!$A:$A,0)),"") -> חגורת גב+סגירה כפולה | C14: =SUMIF('Source'!$A:$A,$A14,'Source'!$C:$C) -> 2565 | D14: =SUMIF('Source'!$A:$A,$A14,'Source'!$E:$E) -> 1305 | E14: =D14*$J$5 -> 1648.4211 | F14: =E14-C14 -> -916.57895 | G14: =IF(AND(C14=0,E14=0),0,IF(C14=0,"New",(E14-C14)/C14)) -> -0.35734072 | H14: =SUMIF('Source'!$A:$A,$A14,'Source'!$D:$D) -> 146555.55 | I14: =SUMIF('Source'!$A:$A,$A14,'Source'!$F:$F) -> 71005.05 | J14: =I14*$J$5 -> 89690.589 | K14: =J14-H14 -> -56864.961 | L14: =IF(AND(H14=0,J14=0),0,IF(H14=0,"New",(J14-H14)/H14)) -> -0.3880096 | M14: =IF(AND(OR(C14<>0,H14<>0),D14=0,I14=0),"DROP",IF(AND(OR(D14<>0,I14<>0),C14=0,H14=0),"NEW",""))
A15: KST27R 0 | B15: =IFERROR(INDEX('Source'!$B:$B,MATCH($A15,'Source'!$A:$A,0)),"") -> סד יד | C15: =SUMIF('Source'!$A:$A,$A15,'Source'!$C:$C) -> 5600 | D15: =SUMIF('Source'!$A:$A,$A15,'Source'!$E:$E) -> 3920 | E15: =D15*$J$5 -> 4951.5789 | F15: =E15-C15 -> -648.42105 | G15: =IF(AND(C15=0,E15=0),0,IF(C15=0,"New",(E15-C15)/C15)) -> -0.11578947 | H15: =SUMIF('Source'!$A:$A,$A15,'Source'!$D:$D) -> 135200 | I15: =SUMIF('Source'!$A:$A,$A15,'Source'!$F:$F) -> 88200 | J15: =I15*$J$5 -> 111410.53 | K15: =J15-H15 -> -23789.474 | L15: =IF(AND(H15=0,J15=0),0,IF(H15=0,"New",(J15-H15)/H15)) -> -0.17595765 | M15: =IF(AND(OR(C15<>0,H15<>0),D15=0,I15=0),"DROP",IF(AND(OR(D15<>0,I15<>0),C15=0,H15=0),"NEW",""))
A16: KST95 0 | B16: =IFERROR(INDEX('Source'!$B:$B,MATCH($A16,'Source'!$A:$A,0)),"") -> מגן מרפק | C16: =SUMIF('Source'!$A:$A,$A16,'Source'!$C:$C) -> 5040 | D16: =SUMIF('Source'!$A:$A,$A16,'Source'!$E:$E) -> 3360 | E16: =D16*$J$5 -> 4244.2105 | F16: =E16-C16 -> -795.78947 | G16: =IF(AND(C16=0,E16=0),0,IF(C16=0,"New",(E16-C16)/C16)) -> -0.15789474 | H16: =SUMIF('Source'!$A:$A,$A16,'Source'!$D:$D) -> 114775.2 | I16: =SUMIF('Source'!$A:$A,$A16,'Source'!$F:$F) -> 71467.2 | J16: =I16*$J$5 -> 90274.358 | K16: =J16-H16 -> -24500.842 | L16: =IF(AND(H16=0,J16=0),0,IF(H16=0,"New",(J16-H16)/H16)) -> -0.21346808 | M16: =IF(AND(OR(C16<>0,H16<>0),D16=0,I16=0),"DROP",IF(AND(OR(D16<>0,I16<>0),C16=0,H16=0),"NEW",""))
A17: K45 XL | B17: =IFERROR(INDEX('Source'!$B:$B,MATCH($A17,'Source'!$A:$A,0)),"") -> מגן ברך רגיל | C17: =SUMIF('Source'!$A:$A,$A17,'Source'!$C:$C) -> 9960 | D17: =SUMIF('Source'!$A:$A,$A17,'Source'!$E:$E) -> 6840 | E17: =D17*$J$5 -> 8640 | F17: =E17-C17 -> -1320 | G17: =IF(AND(C17=0,E17=0),0,IF(C17=0,"New",(E17-C17)/C17)) -> -0.13253012 | H17: =SUMIF('Source'!$A:$A,$A17,'Source'!$D:$D) -> 124737.6 | I17: =SUMIF('Source'!$A:$A,$A17,'Source'!$F:$F) -> 81806.4 | J17: =I17*$J$5 -> 103334.4 | K17: =J17-H17 -> -21403.2 | L17: =IF(AND(H17=0,J17=0),0,IF(H17=0,"New",(J17-H17)/H17)) -> -0.17158579 | M17: =IF(AND(OR(C17<>0,H17<>0),D17=0,I17=0),"DROP",IF(AND(OR(D17<>0,I17<>0),C17=0,H17=0),"NEW",""))
A18: K35 L | B18: =IFERROR(INDEX('Source'!$B:$B,MATCH($A18,'Source'!$A:$A,0)),"") -> מגן קרסול פתוח | C18: =SUMIF('Source'!$A:$A,$A18,'Source'!$C:$C) -> 7320 | D18: =SUMIF('Source'!$A:$A,$A18,'Source'!$E:$E) -> 4200 | E18: =D18*$J$5 -> 5305.2632 | F18: =E18-C18 -> -2014.7368 | G18: =IF(AND(C18=0,E18=0),0,IF(C18=0,"New",(E18-C18)/C18)) -> -0.27523727 | H18: =SUMIF('Source'!$A:$A,$A18,'Source'!$D:$D) -> 92964 | I18: =SUMIF('Source'!$A:$A,$A18,'Source'!$F:$F) -> 53340 | J18: =I18*$J$5 -> 67376.842 | K18: =J18-H18 -> -25587.158 | L18: =IF(AND(H18=0,J18=0),0,IF(H18=0,"New",(J18-H18)/H18)) -> -0.27523727 | M18: =IF(AND(OR(C18<>0,H18<>0),D18=0,I18=0),"DROP",IF(AND(OR(D18<>0,I18<>0),C18=0,H18=0),"NEW",""))
A19: KST37 0 | B19: =IFERROR(INDEX('Source'!$B:$B,MATCH($A19,'Source'!$A:$A,0)),"") -> מגן קרסול | C19: =SUMIF('Source'!$A:$A,$A19,'Source'!$C:$C) -> 7800 | D19: =SUMIF('Source'!$A:$A,$A19,'Source'!$E:$E) -> 6120 | E19: =D19*$J$5 -> 7730.5263 | F19: =E19-C19 -> -69.473684 | G19: =IF(AND(C19=0,E19=0),0,IF(C19=0,"New",(E19-C19)/C19)) -> -0.0089068826 | H19: =SUMIF('Source'!$A:$A,$A19,'Source'!$D:$D) -> 145066.8 | I19: =SUMIF('Source'!$A:$A,$A19,'Source'!$F:$F) -> 107283.6 | J19: =I19*$J$5 -> 135516.13 | K19: =J19-H19 -> -9550.6737 | L19: =IF(AND(H19=0,J19=0),0,IF(H19=0,"New",(J19-H19)/H19)) -> -0.065836385 | M19: =IF(AND(OR(C19<>0,H19<>0),D19=0,I19=0),"DROP",IF(AND(OR(D19<>0,I19<>0),C19=0,H19=0),"NEW",""))
A20: KST28 0 | B20: =IFERROR(INDEX('Source'!$B:$B,MATCH($A20,'Source'!$A:$A,0)),"") -> סד יד | C20: =SUMIF('Source'!$A:$A,$A20,'Source'!$C:$C) -> 6240 | D20: =SUMIF('Source'!$A:$A,$A20,'Source'!$E:$E) -> 4956 | E20: =D20*$J$5 -> 6260.2105 | F20: =E20-C20 -> 20.210526 | G20: =IF(AND(C20=0,E20=0),0,IF(C20=0,"New",(E20-C20)/C20)) -> 0.0032388664 | H20: =SUMIF('Source'!$A:$A,$A20,'Source'!$D:$D) -> 119520 | I20: =SUMIF('Source'!$A:$A,$A20,'Source'!$F:$F) -> 88216.8 | J20: =I20*$J$5 -> 111431.75 | K20: =J20-H20 -> -8088.2526 | L20: =IF(AND(H20=0,J20=0),0,IF(H20=0,"New",(J20-H20)/H20)) -> -0.067672796 | M20: =IF(AND(OR(C20<>0,H20<>0),D20=0,I20=0),"DROP",IF(AND(OR(D20<>0,I20<>0),C20=0,H20=0),"NEW",""))
... A41: ST27L 0 | B41: =IFERROR(INDEX('Source'!$B:$B,MATCH($A41,'Source'!$A:$A,0)),"") -> סד יד | C41: =SUMIF('Source'!$A:$A,$A41,'Source'!$C:$C) -> -1 | D41: =SUMIF('Source'!$A:$A,$A41,'Source'!$E:$E) -> 0 | E41: =D41*$J$5 -> 0 | F41: =E41-C41 -> 1 | G41: =IF(AND(C41=0,E41=0),0,IF(C41=0,"New",(E41-C41)/C41)) -> -1 | H41: =SUMIF('Source'!$A:$A,$A41,'Source'!$D:$D) -> -62.43 | I41: =SUMIF('Source'!$A:$A,$A41,'Source'!$F:$F) -> 0 | J41: =I41*$J$5 -> 0 | K41: =J41-H41 -> 62.43 | L41: =IF(AND(H41=0,J41=0),0,IF(H41=0,"New",(J41-H41)/H41)) -> -1 | M41: =IF(AND(OR(C41<>0,H41<>0),D41=0,I41=0),"DROP",IF(AND(OR(D41<>0,I41<>0),C41=0,H41=0),"NEW","")) -> DROP
B43: TOTAL | C43: =SUM(C9:C41) -> 152395 | D43: =SUM(D9:D41) -> 110137 | E43: =SUM(E9:E41) -> 139120.42 | F43: =SUM(F9:F41) -> -13274.579 | G43: =IF(C43=0,"N/A",F43/C43) -> -0.087106394 | H43: =SUM(H9:H41) -> 3809616.4 | I43: =SUM(I9:I41) -> 2569653 | J43: =SUM(J9:J41) -> 3245877.5 | K43: =SUM(K9:K41) -> -563738.88 | L43: =IF(H43=0,"N/A",K43/H43) -> -0.14797786

Sheet Source
A1: Raw source rows - Customer = "152501 קופ"ח כללית 1203-9" only (from NetSuite "1-Sales: Customer by Item", 01/01/2025-31/12/2026), unchanged
A2: Item Name (CODE) | B2: Item: Display Name | C2: Quantity 2025 | D2: Amount 2025 (Net, ₪) | E2: Quantity 2026 | F2: Amount 2026 (Net, ₪)
A3: K078 L | B3: חגורת גב+סגירה כפולה | C3: 3300 | D3: 179553 | E3: 5000 | F3: 272050
A4: K078 L | B4: חגורת גב+סגירה כפולה | C4: 4150 | D4: 242775 | E4: 0 | F4: 0
A5: K078 M | B5: חגורת גב+סגירה כפולה | C5: 1750 | D5: 95217.5 | E5: 2200 | F5: 119702
A6: K078 M | B6: חגורת גב+סגירה כפולה | C6: 2050 | D6: 119925 | E6: 0 | F6: 0
A7: K078 XL | B7: חגורת גב+סגירה כפולה | C7: 2500 | D7: 136025 | E7: 3700 | F7: 201317
A8: K078 XL | B8: חגורת גב+סגירה כפולה | C8: 3350 | D8: 195975 | E8: 0 | F8: 0
A9: K078 XXL | B9: חגורת גב+סגירה כפולה | C9: 855 | D9: 46520.55 | E9: 1305 | F9: 71005.05
A10: K078 XXL | B10: חגורת גב+סגירה כפולה | C10: 1710 | D10: 100035 | E10: 0 | F10: 0
A11: K11U L | B11: חגורת בטן עממית | C11: 1400 | D11: 62020 | E11: 1000 | F11: 44300
A12: K11U M | B12: חגורת בטן עממית | C12: 950 | D12: 42085 | E12: 650 | F12: 28795
A13: K11U XL | B13: חגורת בטן עממית | C13: 1300 | D13: 57590 | E13: 900 | F13: 39870
A14: K11U XXL | B14: חגורת בטן עממית | C14: 945 | D14: 41863.5 | E14: 720 | F14: 31896
... A49: KST95 0 | B49: מגן מרפק | C49: 2880 | D49: 68832 | E49: 0 | F49: 0
