Workbook

Sheet סהכ
B1: דוח מכירות ספטמבר 2026
A2: # | B2: 46272 | C2: 9.2026
A3: 5 | B3: סופר פארם לייף | C3: =SUMIF(Pplay1!$F$3:$F$15,A3,Pplay1!$H$3:$H$15)+SUMIF(ריכוז!$B$3:$B$30,A3,ריכוז!$C$3:$C$30) -> 0
A4: 1 | B4: סופרפארם | C4: =SUMIF(Pplay1!$F$3:$F$15,A4,Pplay1!$H$3:$H$15)+SUMIF(ריכוז!$B$3:$B$30,A4,ריכוז!$C$3:$C$30) -> 47011.055
A5: 7 | B5: BE | C5: =SUMIF(Pplay1!$F$3:$F$15,A5,Pplay1!$H$3:$H$15)+SUMIF(ריכוז!$B$3:$B$30,A5,ריכוז!$C$3:$C$30) -> 6953.765
A6: 4 | B6: בתי מרקחת | C6: =SUMIF(Pplay1!$F$3:$F$15,A6,Pplay1!$H$3:$H$15)+SUMIF(ריכוז!$B$3:$B$30,A6,ריכוז!$C$3:$C$30) -> 20827.075
A7: 3 | B7: כללית | C7: =SUMIF(Pplay1!$F$3:$F$15,A7,Pplay1!$H$3:$H$15)+SUMIF(ריכוז!$B$3:$B$30,A7,ריכוז!$C$3:$C$30) -> 67697.4
A8: 8 | B8: מאוחדת | C8: =SUMIF(Pplay1!$F$3:$F$15,A8,Pplay1!$H$3:$H$15)+SUMIF(ריכוז!$B$3:$B$30,A8,ריכוז!$C$3:$C$30) -> 11597.404
A9: 6 | B9: מכוני אורטופדיה | C9: =SUMIF(Pplay1!$F$3:$F$15,A9,Pplay1!$H$3:$H$15)+SUMIF(ריכוז!$B$3:$B$30,A9,ריכוז!$C$3:$C$30) -> 11103.57
A10: 10 | B10: לקוחות מפעל | C10: =SUMIF(Pplay1!$F$3:$F$15,A10,Pplay1!$H$3:$H$15)+SUMIF(ריכוז!$B$3:$B$30,A10,ריכוז!$C$3:$C$30) -> 1916.38
A11: 11 | B11: חנויות פרטיות | C11: =SUMIF(Pplay1!$F$3:$F$15,A11,Pplay1!$H$3:$H$15)+SUMIF(ריכוז!$B$3:$B$30,A11,ריכוז!$C$3:$C$30) -> 4763.62
A12: 14 | B12: מכוני פדיקור | C12: =SUMIF(Pplay1!$F$3:$F$15,A12,Pplay1!$H$3:$H$15)+SUMIF(ריכוז!$B$3:$B$30,A12,ריכוז!$C$3:$C$30) -> 0
A13: 15 | B13: חנויות נעליים | C13: =SUMIF(Pplay1!$F$3:$F$15,A13,Pplay1!$H$3:$H$15)+SUMIF(ריכוז!$B$3:$B$30,A13,ריכוז!$C$3:$C$30) -> 0
A14: 13 | B14: בתי חולים ושרות | C14: =SUMIF(Pplay1!$F$3:$F$15,A14,Pplay1!$H$3:$H$15)+SUMIF(ריכוז!$B$3:$B$30,A14,ריכוז!$C$3:$C$30) -> 0
A15: 9 | B15: מכוני פיזיותרפיה | C15: =SUMIF(Pplay1!$F$3:$F$15,A15,Pplay1!$H$3:$H$15)+SUMIF(ריכוז!$B$3:$B$30,A15,ריכוז!$C$3:$C$30) -> 4753.73
B16: סה"כ ישראל ללא אונליין | C16: =SUM(C3:C15) -> 176624
A17: 2 | B17: לקוחות אינטרנט | C17: =SUMIF(Pplay1!$F$3:$F$15,A17,Pplay1!$H$3:$H$15)+SUMIF(ריכוז!$B$3:$B$30,A17,ריכוז!$C$3:$C$30) -> 65553.71
A18: 12 | B18: סופר פארם מרקט פלייס | C18: =SUMIF(Pplay1!$F$3:$F$15,A18,Pplay1!$H$3:$H$15)+SUMIF(ריכוז!$B$3:$B$30,A18,ריכוז!$C$3:$C$30) -> 0
B19: סה"כ ישראל | C19: =C18+C17+C16 -> 242177.71
A20: 50 | B20: AMAZON | C20: =(Amazon_מקור!B3+Amazon_מקור!B4)*3 -> 39107.58
A21: 20 | B21: SUPER PHARM POLAND | C21: =SUMIF(Pplay1!$F$3:$F$15,A21,Pplay1!$H$3:$H$15)+SUMIF(ריכוז!$B$3:$B$30,A21,ריכוז!$C$3:$C$30) -> 0
A22: 21 | B22: ORTHO- PARTNER AG. | C22: =SUMIF(Pplay1!$F$3:$F$15,A22,Pplay1!$H$3:$H$15)+SUMIF(ריכוז!$B$3:$B$30,A22,ריכוז!$C$3:$C$30) -> 0
A23: 22 | B23: SANAFLEX ANATOMIC | C23: =SUMIF(Pplay1!$F$3:$F$15,A23,Pplay1!$H$3:$H$15)+SUMIF(ריכוז!$B$3:$B$30,A23,ריכוז!$C$3:$C$30) -> 0
A24: 23 | B24: HEALTH CARE PROD. GMBH | C24: =SUMIF(Pplay1!$F$3:$F$15,A24,Pplay1!$H$3:$H$15)+SUMIF(ריכוז!$B$3:$B$30,A24,ריכוז!$C$3:$C$30) -> 0
A25: 24 | B25: ORTHOMED LTD | C25: =SUMIF(Pplay1!$F$3:$F$15,A25,Pplay1!$H$3:$H$15)+SUMIF(ריכוז!$B$3:$B$30,A25,ריכוז!$C$3:$C$30) -> 0
A26: 25 | B26: SALUS | C26: =SUMIF(Pplay1!$F$3:$F$15,A26,Pplay1!$H$3:$H$15)+SUMIF(ריכוז!$B$3:$B$30,A26,ריכוז!$C$3:$C$30) -> 0
A27: 26 | B27: MAX KONNARIS LTD | C27: =SUMIF(Pplay1!$F$3:$F$15,A27,Pplay1!$H$3:$H$15)+SUMIF(ריכוז!$B$3:$B$30,A27,ריכוז!$C$3:$C$30) -> 0
A28: 27 | B28: MEDIPAL COMPANY | C28: =SUMIF(Pplay1!$F$3:$F$15,A28,Pplay1!$H$3:$H$15)+SUMIF(ריכוז!$B$3:$B$30,A28,ריכוז!$C$3:$C$30) -> 0
A29: 28 | B29: ORTOPROFIL PROD. ROMANIA | C29: =SUMIF(Pplay1!$F$3:$F$15,A29,Pplay1!$H$3:$H$15)+SUMIF(ריכוז!$B$3:$B$30,A29,ריכוז!$C$3:$C$30) -> 25430.19
A30: 29 | B30: OY. EA. AB. | C30: =SUMIF(Pplay1!$F$3:$F$15,A30,Pplay1!$H$3:$H$15)+SUMIF(ריכוז!$B$3:$B$30,A30,ריכוז!$C$3:$C$30) -> 0
A31: 30 | B31: SEVEN GEAR | C31: =SUMIF(Pplay1!$F$3:$F$15,A31,Pplay1!$H$3:$H$15)+SUMIF(ריכוז!$B$3:$B$30,A31,ריכוז!$C$3:$C$30) -> 0
A32: 31 | B32: PHARMAG LACHMAIR GES. MBH | C32: =SUMIF(Pplay1!$F$3:$F$15,A32,Pplay1!$H$3:$H$15)+SUMIF(ריכוז!$B$3:$B$30,A32,ריכוז!$C$3:$C$30) -> 0
... A39: 36 | B39: NEW DISTRIBUTORS | C39: =SUMIF(Pplay1!$F$3:$F$15,A39,Pplay1!$H$3:$H$15)+SUMIF(ריכוז!$B$3:$B$30,A39,ריכוז!$C$3:$C$30) -> 0
B40: סה"כ חו"ל | C40: =SUM(C20:C39) -> 64537.77
B41: סה"כ מכירות | C41: =C40+C19 -> 306715.48

Sheet Pplay1
A1: מקרא | F1: עמודות מחושבות (נוספו)
B2: בתי מרקחת | C2: BE | D2: סופר פארם | E2: מאוחדת | F2: לקוח # | G2: סכום גולמי (PPLAY1) | H2: מכר נטו
A3: 0בתי מרקחת | B3: 4 | F3: =IF(B3<>"",B3,IF(C3<>"",C3,IF(D3<>"",D3,IF(E3<>"",E3,"")))) -> 4 | G3: =IFERROR(INDEX(PPLAY1_מקור!$B:$B,MATCH(A3,PPLAY1_מקור!$A:$A,0)),"") -> 20950.1 | H3: =IF(G3="","",G3*0.91) -> 19064.591
A4: 0מפיצי משנה | B4: 4 | F4: =IF(B4<>"",B4,IF(C4<>"",C4,IF(D4<>"",D4,IF(E4<>"",E4,"")))) -> 4 | G4: =IFERROR(INDEX(PPLAY1_מקור!$B:$B,MATCH(A4,PPLAY1_מקור!$A:$A,0)),"") | H4: =IF(G4="","",G4*0.91)
A5: 0פארמים | F5: =IF(B5<>"",B5,IF(C5<>"",C5,IF(D5<>"",D5,IF(E5<>"",E5,"")))) | G5: =IFERROR(INDEX(PPLAY1_מקור!$B:$B,MATCH(A5,PPLAY1_מקור!$A:$A,0)),"") -> 59501.3 | H5: =IF(G5="","",G5*0.91) -> 54146.183
A6: אילת BE | C6: 7 | F6: =IF(B6<>"",B6,IF(C6<>"",C6,IF(D6<>"",D6,IF(E6<>"",E6,"")))) -> 7 | G6: =IFERROR(INDEX(PPLAY1_מקור!$B:$B,MATCH(A6,PPLAY1_מקור!$A:$A,0)),"") -> 332.2 | H6: =IF(G6="","",G6*0.91) -> 302.302
A7: גוד פארם | B7: 4 | F7: =IF(B7<>"",B7,IF(C7<>"",C7,IF(D7<>"",D7,IF(E7<>"",E7,"")))) -> 4 | G7: =IFERROR(INDEX(PPLAY1_מקור!$B:$B,MATCH(A7,PPLAY1_מקור!$A:$A,0)),"") -> 199.4 | H7: =IF(G7="","",G7*0.91) -> 181.454
A8: גוד פארם מרכז | B8: 4 | F8: =IF(B8<>"",B8,IF(C8<>"",C8,IF(D8<>"",D8,IF(E8<>"",E8,"")))) -> 4 | G8: =IFERROR(INDEX(PPLAY1_מקור!$B:$B,MATCH(A8,PPLAY1_מקור!$A:$A,0)),"") | H8: =IF(G8="","",G8*0.91)
A9: הפרכל הפרפארם | C9: 7 | F9: =IF(B9<>"",B9,IF(C9<>"",C9,IF(D9<>"",D9,IF(E9<>"",E9,"")))) -> 7 | G9: =IFERROR(INDEX(PPLAY1_מקור!$B:$B,MATCH(A9,PPLAY1_מקור!$A:$A,0)),"") -> 104 | H9: =IF(G9="","",G9*0.91) -> 94.64
A10: סופרפארם | D10: 1 | F10: =IF(B10<>"",B10,IF(C10<>"",C10,IF(D10<>"",D10,IF(E10<>"",E10,"")))) -> 1 | G10: =IFERROR(INDEX(PPLAY1_מקור!$B:$B,MATCH(A10,PPLAY1_מקור!$A:$A,0)),"") -> 51660.5 | H10: =IF(G10="","",G10*0.91) -> 47011.055
A11: שופרסל BE | C11: 7 | F11: =IF(B11<>"",B11,IF(C11<>"",C11,IF(D11<>"",D11,IF(E11<>"",E11,"")))) -> 7 | G11: =IFERROR(INDEX(PPLAY1_מקור!$B:$B,MATCH(A11,PPLAY1_מקור!$A:$A,0)),"") -> 7205.3 | H11: =IF(G11="","",G11*0.91) -> 6556.823
A12: 0צרכנים פרטיים | B12: 4 | F12: =IF(B12<>"",B12,IF(C12<>"",C12,IF(D12<>"",D12,IF(E12<>"",E12,"")))) -> 4 | G12: =IFERROR(INDEX(PPLAY1_מקור!$B:$B,MATCH(A12,PPLAY1_מקור!$A:$A,0)),"") | H12: =IF(G12="","",G12*0.91)
A13: 0קופות חולים | E13: 8 | F13: =IF(B13<>"",B13,IF(C13<>"",C13,IF(D13<>"",D13,IF(E13<>"",E13,"")))) -> 8 | G13: =IFERROR(INDEX(PPLAY1_מקור!$B:$B,MATCH(A13,PPLAY1_מקור!$A:$A,0)),"") -> 12744.4 | H13: =IF(G13="","",G13*0.91) -> 11597.404
A14: 0שונות | B14: 4 | F14: =IF(B14<>"",B14,IF(C14<>"",C14,IF(D14<>"",D14,IF(E14<>"",E14,"")))) -> 4 | G14: =IFERROR(INDEX(PPLAY1_מקור!$B:$B,MATCH(A14,PPLAY1_מקור!$A:$A,0)),"") | H14: =IF(G14="","",G14*0.91)
A15: זיכויים BE | C15: 7 | F15: =IF(B15<>"",B15,IF(C15<>"",C15,IF(D15<>"",D15,IF(E15<>"",E15,"")))) -> 7 | G15: =IFERROR(INDEX(PPLAY1_מקור!$B:$B,MATCH(A15,PPLAY1_מקור!$A:$A,0)),"") | H15: =IF(G15="","",G15*0.91)

Sheet ריכוז
A1: מקרא | C1: סכום מכירות (NetSuite)
A3: 102 - Orthopedic institutes | B3: 6 | C3: =IFERROR(INDEX(NetSuite_מקור!$D:$D,MATCH(A3,NetSuite_מקור!$A:$A,0)),"") -> 11103.57
A4: 111 - Superpharm Life | B4: 5 | C4: =IFERROR(INDEX(NetSuite_מקור!$D:$D,MATCH(A4,NetSuite_מקור!$A:$A,0)),"")
A5: 103 - Physiotherapy institutes | B5: 9 | C5: =IFERROR(INDEX(NetSuite_מקור!$D:$D,MATCH(A5,NetSuite_מקור!$A:$A,0)),"") -> 4753.73
A6: 109 - Private Shops | B6: 11 | C6: =IFERROR(INDEX(NetSuite_מקור!$D:$D,MATCH(A6,NetSuite_מקור!$A:$A,0)),"") -> 4763.62
A7: 101 - Factory customers | B7: 10 | C7: =IFERROR(INDEX(NetSuite_מקור!$D:$D,MATCH(A7,NetSuite_מקור!$A:$A,0)),"") -> 1916.38
A8: 107 - Pharmacies | B8: 4 | C8: =IFERROR(INDEX(NetSuite_מקור!$D:$D,MATCH(A8,NetSuite_מקור!$A:$A,0)),"") -> 1581.03
A9: 106 - Hospitals | B9: 13 | C9: =IFERROR(INDEX(NetSuite_מקור!$D:$D,MATCH(A9,NetSuite_מקור!$A:$A,0)),"")
A10: 113 - Kupat Holim Meuhedet | B10: 8 | C10: =IFERROR(INDEX(NetSuite_מקור!$D:$D,MATCH(A10,NetSuite_מקור!$A:$A,0)),"")
A11: 112 - Kupat Holim Clalit | B11: 3 | C11: =IFERROR(INDEX(NetSuite_מקור!$D:$D,MATCH(A11,NetSuite_מקור!$A:$A,0)),"") -> 67697.4
A12: 114 - IL online | B12: 2 | C12: =IFERROR(INDEX(NetSuite_מקור!$D:$D,MATCH(A12,NetSuite_מקור!$A:$A,0)),"") -> 65553.71
A13: 115-SuperPharm Online | B13: 12 | C13: =IFERROR(INDEX(NetSuite_מקור!$D:$D,MATCH(A13,NetSuite_מקור!$A:$A,0)),"")
A14: 205 - Health Care Prod. Gmbh GERMANY | B14: 23 | C14: =IFERROR(INDEX(NetSuite_מקור!$D:$D,MATCH(A14,NetSuite_מקור!$A:$A,0)),"")
... A30: 105 - Pedicure Salons | B30: 14 | C30: =IFERROR(INDEX(NetSuite_מקור!$D:$D,MATCH(A30,NetSuite_מקור!$A:$A,0)),"")

Sheet PPLAY1_מקור
A1: Source: PPlay1.xlsx (3ff7cf1c), "PPlay1 of uriel (Reporter)", נוצר 07/09/2026 09:47:44, תקופה 2026/Sep (המשך MTD ספטמבר). חותמת הזמן אומתה מול תאריך ההכנה שנמסר (07/09/2026) — תואמת במדויק. נשלפו 8 שורות קטגוריה שיש להן נתונים עד כה החודש, מתוך 13 הקטגוריות במקרא גיליון Pplay1 (12 המקוריות + "זיכויים BE"). 5 קטגוריות נותרות ללא נתונים עדיין החודש (0מפיצי משנה, גוד פארם מרכז, 0צרכנים פרטיים, 0שונות, ו"זיכויים BE" שחזרה להיות לא-נמצאת בדוח הגולמי השבוע — לעומת 06/09 אז הופיעה עם ₪0.0; שני המצבים תקינים ל-MTD ואין להם השפעה על הסה"כ. המיפוי הקבוע ל-BE/לקוח #7 נשאר מוכן בגיליון Pplay1 לפי הכלל הקבוע ב-kirill.md, לשימוש כשתופיע שוב עם ערך). לעומת 06/09, אותן 7 קטגוריות ותיקות עם עלייה טבעית (MTD מצטבר לחודש חדש), פלוס "גוד פארם" (₪199.4). שורת "Customers" בדוח המקור (₪93,195.7) היא שורת סה"כ-אב ואינה שווה לסכום שורות הקטגוריה (תקין וצפוי, כרגיל) — לא יובאה. מכר נטו = עמודה B × 0.91 (מקדם קבוע, מאושר ב-kirill.md). הערת שקיפות טכנית: LibreOffice עדיין שבור בסביבה — הקובץ הגולמי נקרא ישירות ע"י פענוח קידוד windows-1255 ותיקון rgb="auto" ב-xl/styles.xml, ללא LibreOffice. | B1: 2026/Sep (סכום גולמי, MTD) | C1: מכר נטו | D1: הערה
A2: 0בתי מרקחת | B2: 20950.1 | C2: =B2*0.91 -> 19064.591
A3: 0פארמים | B3: 59501.3 | C3: =B3*0.91 -> 54146.183
A4: אילת BE | B4: 332.2 | C4: =B4*0.91 -> 302.302
A5: הפרכל הפרפארם | B5: 104 | C5: =B5*0.91 -> 94.64
A6: סופרפארם | B6: 51660.5 | C6: =B6*0.91 -> 47011.055
A7: שופרסל BE | B7: 7205.3 | C7: =B7*0.91 -> 6556.823
A8: 0קופות חולים | B8: 12744.4 | C8: =B8*0.91 -> 11597.404
A9: גוד פארם | B9: 199.4 | C9: =B9*0.91 -> 181.454

Sheet NetSuite_מקור
A1: Source: CustomSalesbyCustomerSummary673.xls (6b05abee), Meditex Group IL, Custom Sales by Customer Summary, 01 September 2026 - 30 September 2026, נמסר 07/09/2026. הקובץ הוא SpreadsheetML XML עם סיומת .xls — נפרס ישירות עם xml.etree.ElementTree ללא LibreOffice (שבור בסביבה). נשלפו 8 שורות הסיכום (קטגוריה) שיש להן מכירות עד כה החודש, מתוך 28 הקטגוריות במקרא "ריכוז" (20 הקטגוריות הנותרות אין להן מכירות עדיין החודש — תקין ל-MTD, לא נתון חסר). לעומת 06/09, אותן 7 קטגוריות ותיקות עם עלייה טבעית, פלוס "107 - Pharmacies" (₪1,581.03) שהופיעה לראשונה החודש. לא יובאו שורות פירוט חשבוניות/לקוחות-בת מהדוח הגולמי (446 שורות בקובץ המקור), לפי מוסכמת עבודה. סה"כ שורת "Total" בדוח הגולמי המלא: ₪182,799.63 — תואם בדיוק לסכום 8 שורות הקטגוריה שנשלפו, ובוצעה גם בדיקה מלאה שאין שורת "Total -" נוספת מחוץ ל-28 המקרא — לא נמצאה חריגה.
A2: Customer | D2: Sales
A3: 102 - Orthopedic institutes | D3: 11103.57
A4: 103 - Physiotherapy institutes | D4: 4753.73
A5: 109 - Private Shops | D5: 4763.62
A6: 101 - Factory customers | D6: 1916.38
A7: 107 - Pharmacies | D7: 1581.03
A8: 112 - Kupat Holim Clalit | D8: 67697.4
A9: 114 - IL online | D9: 65553.71
A10: 209 - Ortoprofil Prod ROMANIA | D10: 25430.19

Sheet Amazon_מקור
A1: Source: צילום מסך שסופק על ידי המשתמש (ראובן), לוח בקרה Sellerboard "Month to date, 1-6 September 2026", נמסר 07/09/2026. אין קובץ תמונה מקורי בהישג יד — הנתונים נמסרו כתמלול טקסטואלי מדויק של צילום המסך בהודעת המשתמש (לא כקובץ מצורף). נתונים נוספים בצילום (לא בשימוש בנוסחה): Sales -5.6% מול תקופה קודמת, Orders/Units 438/446, Refunds 48, Est. payout $4,955.20, Gross profit $2,204.49, Net profit $2,204.49 (-12.4%) — כפי שמוצג בצילום המקור (Net profit זהה ל-Gross profit בתמונה, תמלול מדויק).
A2: תיאור | B2: סכום ($) | C2: הערה
A3: Sales | B3: 14249.34 | C3: משמש בנוסחת סהכ!C20: =(Sales+Refund cost)×3
A4: Refund cost | B4: -1213.48 | C4: מכפיל ×3 לפי הנחיית המשתמש (לא מתועד במקור התמונה)
