Workbook

Sheet Index
A1: BETI — CEMI (בתי מרקחת) vs SALES (NetSuite "107 - Pharmacies") — Product-Level Match, STEP 1 (matching/reporting only)
A2: Calculation date: | B2: 46290
A3: Same methodology as the first round of 2026-09-24-meuhedet-comparison-v2.xlsx: match/report only, NOT yet combined into a single unified "BETI" total (per explicit instruction - "בהתחלה אני רוצה לראות אם יש בעיות"). CEMI side = kirill/outputs/2026-09-25-CEMI-UPDATED-grouped-2025-vs-2026.xlsx, "בתי מרקחת Raw" (group #4, already 100% matched there). SALES side = kirill/outputs/2026-09-20-salestype-2025-vs-2026.xlsx, Sale Type "107 - Pharmacies". Neither original file was modified. Per instruction, the 777-row Catalog (from CEMI UPDATED / "חנה_1") was tried FIRST as the primary match source for SALES - it gave 0% match (confirmed by direct testing: Catalog item names are long PPLAY1-format text, SALES uses short NetSuite-style codes - different formats). Fell back to TRANS's ITEM NAME column (same short-code format) for SALES-side matching, exactly as done for מאוחדת.
A6: Sheet map
A7: Sheet | B7: Contents
A8: Matched by CHEMIPAL CODE | B8: Match-rate summary + full row-by-row CEMI vs SALES comparison table at CHEMIPAL CODE level.
A9: Unmatched | B9: Every SALES item name that could NOT be bridged via TRANS (77 items) - reported as-is, not guessed. CEMI side is 100% matched (0 unmatched).
A10: TRANS | B10: The crosswalk table used for SALES-side matching (short NetSuite-style codes), plus a normalized helper column.
A11: Catalog | B11: The 777-row global מק"ט<->item-name catalog (from CEMI UPDATED / "חנה_1") used for CEMI-side matching (long PPLAY1-format text) - already 100% matched.
A12: CEMI Raw | B12: Pre-aggregation item-level data for בתי מרקחת from CEMI UPDATED (nonzero rows only), with live CHEMIPAL Code match against Catalog.
A13: SALES Raw | B13: Pre-aggregation item-level data for 107 - Pharmacies from SALES/NetSuite (nonzero rows only), with live CHEMIPAL Code match against TRANS.
A15: Match-rate summary
A16: Source | B16: Metric | C16: Matched | D16: Total | E16: Match %
A17: CEMI (בתי מרקחת) | B17: Quantity | C17: =SUMIFS('CEMI Raw'!$C$6:$C$1018,'CEMI Raw'!$F$6:$F$1018,"Matched*") -> 87664 | D17: =SUM('CEMI Raw'!$C$6:$C$1018) -> 87664 | E17: =IFERROR(C17/D17,"") -> 1
A18: CEMI (בתי מרקחת) | B18: Amount (₪) | C18: =SUMIFS('CEMI Raw'!$D$6:$D$1018,'CEMI Raw'!$F$6:$F$1018,"Matched*") -> 3261441.5 | D18: =SUM('CEMI Raw'!$D$6:$D$1018) -> 3261441.5 | E18: =IFERROR(C18/D18,"") -> 1
A19: SALES (107-Pharmacies) | B19: Quantity | C19: =SUMIFS('SALES Raw'!$C$6:$C$603,'SALES Raw'!$F$6:$F$603,"Matched*") -> 3660 | D19: =SUM('SALES Raw'!$C$6:$C$603) -> 4121 | E19: =IFERROR(C19/D19,"") -> 0.88813395
A20: SALES (107-Pharmacies) | B20: Amount (₪) | C20: =SUMIFS('SALES Raw'!$D$6:$D$603,'SALES Raw'!$F$6:$F$603,"Matched*") -> 213208.58 | D20: =SUM('SALES Raw'!$D$6:$D$603) -> 263312.43 | E20: =IFERROR(C20/D20,"") -> 0.80971711
A22: Matched CHEMIPAL codes: | B22: =COUNTA('Matched by CHEMIPAL CODE'!$A$12:$A$602) -> 591
A23: SALES unmatched distinct items: | B23: =COUNTA('Unmatched'!$A$10:$A$86) -> 77
A24: CEMI unmatched distinct items: | B24: 0
A26: NEXT STEP (not done yet, per instruction): if the user confirms this match rate is acceptable (or approves manual overrides for specific unmatched items, similar to מאוחדת's 397/363/T90 rules), a follow-up round can combine CEMI+SALES into a single unified "בתי מרקחת" total inside the CEMI file, with annualization and DROP/NEW - exactly as was done for מאוחדת.

Sheet Matched by CHEMIPAL CODE
A1: בתי מרקחת — Product-Level Match: CEMI (PPLAY1) vs SALES (NetSuite "107 - Pharmacies"), by CHEMIPAL CODE
A2: Calculation date: | B2: 46290
A3: STEP 1 ONLY per user instruction ("בהתחלה אני רוצה לראות אם יש בעיות") - matching/reporting only, NOT yet combined into a single "BETI" total like מאוחדת was. CEMI side comes from kirill/outputs/2026-09-25-CEMI-UPDATED-grouped-2025-vs-2026.xlsx ("בתי מרקחת Raw", already 100% matched there). SALES side comes from kirill/outputs/2026-09-20-salestype-2025-vs-2026.xlsx (Sale Type "107 - Pharmacies"). Neither original file was modified. Every row here is a CHEMIPAL CODE matched from at least one of the two sources; a 0 in any column means that product was not sold through that channel/system in that year.
A5: Source / Metric | B5: Matched | C5: Total | D5: Match %
A6: CEMI — Quantity | B6: =SUMIFS('CEMI Raw'!$C$6:$C$1018,'CEMI Raw'!$F$6:$F$1018,"Matched") -> 87664 | C6: =SUM('CEMI Raw'!$C$6:$C$1018) -> 87664 | D6: =IFERROR(B6/C6,"") -> 1
A7: CEMI — Amount (₪) | B7: =SUMIFS('CEMI Raw'!$D$6:$D$1018,'CEMI Raw'!$F$6:$F$1018,"Matched") -> 3261441.5 | C7: =SUM('CEMI Raw'!$D$6:$D$1018) -> 3261441.5 | D7: =IFERROR(B7/C7,"") -> 1
A8: SALES — Quantity | B8: =SUMIFS('SALES Raw'!$C$6:$C$603,'SALES Raw'!$F$6:$F$603,"Matched") -> 3660 | C8: =SUM('SALES Raw'!$C$6:$C$603) -> 4121 | D8: =IFERROR(B8/C8,"") -> 0.88813395
A9: SALES — Amount (₪) | B9: =SUMIFS('SALES Raw'!$D$6:$D$603,'SALES Raw'!$F$6:$F$603,"Matched") -> 213208.58 | C9: =SUM('SALES Raw'!$D$6:$D$603) -> 263312.43 | D9: =IFERROR(B9/C9,"") -> 0.80971711
A11: CHEMIPAL CODE | B11: Product Name (Catalog) | C11: Product Name (TRANS ITEM NAME) | D11: CEMI Qty 2025 | E11: CEMI Amt 2025 (₪) | F11: CEMI Qty 2026 | G11: CEMI Amt 2026 (₪) | H11: SALES Qty 2025 | I11: SALES Amt 2025 (₪) | J11: SALES Qty 2026 | K11: SALES Amt 2026 (₪) | L11: Combined Qty 2025 | M11: Combined Amt 2025 (₪) | N11: Combined Qty 2026 | O11: Combined Amt 2026 (₪)
A12: 4401000 | B12: =IFERROR(INDEX('Catalog'!$B:$B,MATCH($A12,'Catalog'!$A:$A,0)),"") -> 369 S-L אצבעון מסיליקון יחידה | C12: =IFERROR(INDEX('TRANS'!$A:$A,MATCH($A12,'TRANS'!$B:$B,0)),"") -> 369-S-L | D12: =SUMIFS('CEMI Raw'!$C$6:$C$1018,'CEMI Raw'!$E$6:$E$1018,$A12,'CEMI Raw'!$B$6:$B$1018,2025) -> 328 | E12: =SUMIFS('CEMI Raw'!$D$6:$D$1018,'CEMI Raw'!$E$6:$E$1018,$A12,'CEMI Raw'!$B$6:$B$1018,2025) -> 7458.3 | F12: =SUMIFS('CEMI Raw'!$C$6:$C$1018,'CEMI Raw'!$E$6:$E$1018,$A12,'CEMI Raw'!$B$6:$B$1018,2026) -> 246 | G12: =SUMIFS('CEMI Raw'!$D$6:$D$1018,'CEMI Raw'!$E$6:$E$1018,$A12,'CEMI Raw'!$B$6:$B$1018,2026) -> 5653.1 | H12: =SUMIFS('SALES Raw'!$C$6:$C$603,'SALES Raw'!$E$6:$E$603,$A12,'SALES Raw'!$B$6:$B$603,2025) -> 9 | I12: =SUMIFS('SALES Raw'!$D$6:$D$603,'SALES Raw'!$E$6:$E$603,$A12,'SALES Raw'!$B$6:$B$603,2025) -> 214.72 | J12: =SUMIFS('SALES Raw'!$C$6:$C$603,'SALES Raw'!$E$6:$E$603,$A12,'SALES Raw'!$B$6:$B$603,2026) -> 11 | K12: =SUMIFS('SALES Raw'!$D$6:$D$603,'SALES Raw'!$E$6:$E$603,$A12,'SALES Raw'!$B$6:$B$603,2026) -> 262.44 | L12: =D12+H12 -> 337 | M12: =E12+I12 -> 7673.02 | N12: =F12+J12 -> 257 | O12: =G12+K12 -> 5915.54
A13: 4401001 | B13: =IFERROR(INDEX('Catalog'!$B:$B,MATCH($A13,'Catalog'!$A:$A,0)),"") -> 369 XL אצבעון מסיליקון יחידה | C13: =IFERROR(INDEX('TRANS'!$A:$A,MATCH($A13,'TRANS'!$B:$B,0)),"") -> 369-XL | D13: =SUMIFS('CEMI Raw'!$C$6:$C$1018,'CEMI Raw'!$E$6:$E$1018,$A13,'CEMI Raw'!$B$6:$B$1018,2025) -> 415 | E13: =SUMIFS('CEMI Raw'!$D$6:$D$1018,'CEMI Raw'!$E$6:$E$1018,$A13,'CEMI Raw'!$B$6:$B$1018,2025) -> 10264.8 | F13: =SUMIFS('CEMI Raw'!$C$6:$C$1018,'CEMI Raw'!$E$6:$E$1018,$A13,'CEMI Raw'!$B$6:$B$1018,2026) -> 288 | G13: =SUMIFS('CEMI Raw'!$D$6:$D$1018,'CEMI Raw'!$E$6:$E$1018,$A13,'CEMI Raw'!$B$6:$B$1018,2026) -> 7178.1 | H13: =SUMIFS('SALES Raw'!$C$6:$C$603,'SALES Raw'!$E$6:$E$603,$A13,'SALES Raw'!$B$6:$B$603,2025) -> 17 | I13: =SUMIFS('SALES Raw'!$D$6:$D$603,'SALES Raw'!$E$6:$E$603,$A13,'SALES Raw'!$B$6:$B$603,2025) -> 445.35 | J13: =SUMIFS('SALES Raw'!$C$6:$C$603,'SALES Raw'!$E$6:$E$603,$A13,'SALES Raw'!$B$6:$B$603,2026) -> 4 | K13: =SUMIFS('SALES Raw'!$D$6:$D$603,'SALES Raw'!$E$6:$E$603,$A13,'SALES Raw'!$B$6:$B$603,2026) -> 104.79 | L13: =D13+H13 -> 432 | M13: =E13+I13 -> 10710.15 | N13: =F13+J13 -> 292 | O13: =G13+K13 -> 7282.89
A14: 4401002 | B14: =IFERROR(INDEX('Catalog'!$B:$B,MATCH($A14,'Catalog'!$A:$A,0)),"") -> PD 344-אבן טבעית להסרת עור קשה | C14: =IFERROR(INDEX('TRANS'!$A:$A,MATCH($A14,'TRANS'!$B:$B,0)),"") -> PD344 0 | D14: =SUMIFS('CEMI Raw'!$C$6:$C$1018,'CEMI Raw'!$E$6:$E$1018,$A14,'CEMI Raw'!$B$6:$B$1018,2025) -> 261 | E14: =SUMIFS('CEMI Raw'!$D$6:$D$1018,'CEMI Raw'!$E$6:$E$1018,$A14,'CEMI Raw'!$B$6:$B$1018,2025) -> 2230.9 | F14: =SUMIFS('CEMI Raw'!$C$6:$C$1018,'CEMI Raw'!$E$6:$E$1018,$A14,'CEMI Raw'!$B$6:$B$1018,2026) -> 184 | G14: =SUMIFS('CEMI Raw'!$D$6:$D$1018,'CEMI Raw'!$E$6:$E$1018,$A14,'CEMI Raw'!$B$6:$B$1018,2026) -> 1578.6 | H14: =SUMIFS('SALES Raw'!$C$6:$C$603,'SALES Raw'!$E$6:$E$603,$A14,'SALES Raw'!$B$6:$B$603,2025) -> 5 | I14: =SUMIFS('SALES Raw'!$D$6:$D$603,'SALES Raw'!$E$6:$E$603,$A14,'SALES Raw'!$B$6:$B$603,2025) -> 44.28 | J14: =SUMIFS('SALES Raw'!$C$6:$C$603,'SALES Raw'!$E$6:$E$603,$A14,'SALES Raw'!$B$6:$B$603,2026) -> 0 | K14: =SUMIFS('SALES Raw'!$D$6:$D$603,'SALES Raw'!$E$6:$E$603,$A14,'SALES Raw'!$B$6:$B$603,2026) -> 0 | L14: =D14+H14 -> 266 | M14: =E14+I14 -> 2275.18 | N14: =F14+J14 -> 184 | O14: =G14+K14 -> 1578.6
A15: 4401011 | B15: =IFERROR(INDEX('Catalog'!$B:$B,MATCH($A15,'Catalog'!$A:$A,0)),"") -> 805AT-Cאתלטיק טייפ בז' 20מ""מ20 | C15: =IFERROR(INDEX('TRANS'!$A:$A,MATCH($A15,'TRANS'!$B:$B,0)),"") -> 805AT-C | D15: =SUMIFS('CEMI Raw'!$C$6:$C$1018,'CEMI Raw'!$E$6:$E$1018,$A15,'CEMI Raw'!$B$6:$B$1018,2025) -> 70 | E15: =SUMIFS('CEMI Raw'!$D$6:$D$1018,'CEMI Raw'!$E$6:$E$1018,$A15,'CEMI Raw'!$B$6:$B$1018,2025) -> 1089.5 | F15: =SUMIFS('CEMI Raw'!$C$6:$C$1018,'CEMI Raw'!$E$6:$E$1018,$A15,'CEMI Raw'!$B$6:$B$1018,2026) -> 48 | G15: =SUMIFS('CEMI Raw'!$D$6:$D$1018,'CEMI Raw'!$E$6:$E$1018,$A15,'CEMI Raw'!$B$6:$B$1018,2026) -> 788.6 | H15: =SUMIFS('SALES Raw'!$C$6:$C$603,'SALES Raw'!$E$6:$E$603,$A15,'SALES Raw'!$B$6:$B$603,2025) -> 2 | I15: =SUMIFS('SALES Raw'!$D$6:$D$603,'SALES Raw'!$E$6:$E$603,$A15,'SALES Raw'!$B$6:$B$603,2025) -> 34.59 | J15: =SUMIFS('SALES Raw'!$C$6:$C$603,'SALES Raw'!$E$6:$E$603,$A15,'SALES Raw'!$B$6:$B$603,2026) -> 1 | K15: =SUMIFS('SALES Raw'!$D$6:$D$603,'SALES Raw'!$E$6:$E$603,$A15,'SALES Raw'!$B$6:$B$603,2026) -> 17.29 | L15: =D15+H15 -> 72 | M15: =E15+I15 -> 1124.09 | N15: =F15+J15 -> 49 | O15: =G15+K15 -> 805.89
A16: 4401012 | B16: =IFERROR(INDEX('Catalog'!$B:$B,MATCH($A16,'Catalog'!$A:$A,0)),"") -> 805AT-B אתלטיק טייפ שחור 20מ""מ | C16: =IFERROR(INDEX('TRANS'!$A:$A,MATCH($A16,'TRANS'!$B:$B,0)),"") -> 805AT-B | D16: =SUMIFS('CEMI Raw'!$C$6:$C$1018,'CEMI Raw'!$E$6:$E$1018,$A16,'CEMI Raw'!$B$6:$B$1018,2025) -> 20 | E16: =SUMIFS('CEMI Raw'!$D$6:$D$1018,'CEMI Raw'!$E$6:$E$1018,$A16,'CEMI Raw'!$B$6:$B$1018,2025) -> 318.7 | F16: =SUMIFS('CEMI Raw'!$C$6:$C$1018,'CEMI Raw'!$E$6:$E$1018,$A16,'CEMI Raw'!$B$6:$B$1018,2026) -> 21 | G16: =SUMIFS('CEMI Raw'!$D$6:$D$1018,'CEMI Raw'!$E$6:$E$1018,$A16,'CEMI Raw'!$B$6:$B$1018,2026) -> 358.6 | H16: =SUMIFS('SALES Raw'!$C$6:$C$603,'SALES Raw'!$E$6:$E$603,$A16,'SALES Raw'!$B$6:$B$603,2025) -> 0 | I16: =SUMIFS('SALES Raw'!$D$6:$D$603,'SALES Raw'!$E$6:$E$603,$A16,'SALES Raw'!$B$6:$B$603,2025) -> 0 | J16: =SUMIFS('SALES Raw'!$C$6:$C$603,'SALES Raw'!$E$6:$E$603,$A16,'SALES Raw'!$B$6:$B$603,2026) -> 0 | K16: =SUMIFS('SALES Raw'!$D$6:$D$603,'SALES Raw'!$E$6:$E$603,$A16,'SALES Raw'!$B$6:$B$603,2026) -> 0 | L16: =D16+H16 -> 20 | M16: =E16+I16 -> 318.7 | N16: =F16+J16 -> 21 | O16: =G16+K16 -> 358.6
A17: 4401013 | B17: =IFERROR(INDEX('Catalog'!$B:$B,MATCH($A17,'Catalog'!$A:$A,0)),"") -> 805AT-BLאתלטיק טייפ כחול 20מ""מ | C17: =IFERROR(INDEX('TRANS'!$A:$A,MATCH($A17,'TRANS'!$B:$B,0)),"") -> 805AT-BL | D17: =SUMIFS('CEMI Raw'!$C$6:$C$1018,'CEMI Raw'!$E$6:$E$1018,$A17,'CEMI Raw'!$B$6:$B$1018,2025) -> 19 | E17: =SUMIFS('CEMI Raw'!$D$6:$D$1018,'CEMI Raw'!$E$6:$E$1018,$A17,'CEMI Raw'!$B$6:$B$1018,2025) -> 301.4 | F17: =SUMIFS('CEMI Raw'!$C$6:$C$1018,'CEMI Raw'!$E$6:$E$1018,$A17,'CEMI Raw'!$B$6:$B$1018,2026) -> 19 | G17: =SUMIFS('CEMI Raw'!$D$6:$D$1018,'CEMI Raw'!$E$6:$E$1018,$A17,'CEMI Raw'!$B$6:$B$1018,2026) -> 319.4 | H17: =SUMIFS('SALES Raw'!$C$6:$C$603,'SALES Raw'!$E$6:$E$603,$A17,'SALES Raw'!$B$6:$B$603,2025) -> 0 | I17: =SUMIFS('SALES Raw'!$D$6:$D$603,'SALES Raw'!$E$6:$E$603,$A17,'SALES Raw'!$B$6:$B$603,2025) -> 0 | J17: =SUMIFS('SALES Raw'!$C$6:$C$603,'SALES Raw'!$E$6:$E$603,$A17,'SALES Raw'!$B$6:$B$603,2026) -> 0 | K17: =SUMIFS('SALES Raw'!$D$6:$D$603,'SALES Raw'!$E$6:$E$603,$A17,'SALES Raw'!$B$6:$B$603,2026) -> 0 | L17: =D17+H17 -> 19 | M17: =E17+I17 -> 301.4 | N17: =F17+J17 -> 19 | O17: =G17+K17 -> 319.4
A18: 4401014 | B18: =IFERROR(INDEX('Catalog'!$B:$B,MATCH($A18,'Catalog'!$A:$A,0)),"") -> 805AT-W אתלטיק טייפ לבן 20מ""מ | C18: =IFERROR(INDEX('TRANS'!$A:$A,MATCH($A18,'TRANS'!$B:$B,0)),"") -> 805AT-W | D18: =SUMIFS('CEMI Raw'!$C$6:$C$1018,'CEMI Raw'!$E$6:$E$1018,$A18,'CEMI Raw'!$B$6:$B$1018,2025) -> 47 | E18: =SUMIFS('CEMI Raw'!$D$6:$D$1018,'CEMI Raw'!$E$6:$E$1018,$A18,'CEMI Raw'!$B$6:$B$1018,2025) -> 719.1 | F18: =SUMIFS('CEMI Raw'!$C$6:$C$1018,'CEMI Raw'!$E$6:$E$1018,$A18,'CEMI Raw'!$B$6:$B$1018,2026) -> 41 | G18: =SUMIFS('CEMI Raw'!$D$6:$D$1018,'CEMI Raw'!$E$6:$E$1018,$A18,'CEMI Raw'!$B$6:$B$1018,2026) -> 665.2 | H18: =SUMIFS('SALES Raw'!$C$6:$C$603,'SALES Raw'!$E$6:$E$603,$A18,'SALES Raw'!$B$6:$B$603,2025) -> 2 | I18: =SUMIFS('SALES Raw'!$D$6:$D$603,'SALES Raw'!$E$6:$E$603,$A18,'SALES Raw'!$B$6:$B$603,2025) -> 34.59 | J18: =SUMIFS('SALES Raw'!$C$6:$C$603,'SALES Raw'!$E$6:$E$603,$A18,'SALES Raw'!$B$6:$B$603,2026) -> 0 | K18: =SUMIFS('SALES Raw'!$D$6:$D$603,'SALES Raw'!$E$6:$E$603,$A18,'SALES Raw'!$B$6:$B$603,2026) -> 0 | L18: =D18+H18 -> 49 | M18: =E18+I18 -> 753.69 | N18: =F18+J18 -> 41 | O18: =G18+K18 -> 665.2
A19: 4402000 | B19: =IFERROR(INDEX('Catalog'!$B:$B,MATCH($A19,'Catalog'!$A:$A,0)),"") -> 363 בננה לתמיכת אצבעות ז.כרית | C19: =IFERROR(INDEX('TRANS'!$A:$A,MATCH($A19,'TRANS'!$B:$B,0)),"") -> 363-L-R | D19: =SUMIFS('CEMI Raw'!$C$6:$C$1018,'CEMI Raw'!$E$6:$E$1018,$A19,'CEMI Raw'!$B$6:$B$1018,2025) -> 124 | E19: =SUMIFS('CEMI Raw'!$D$6:$D$1018,'CEMI Raw'!$E$6:$E$1018,$A19,'CEMI Raw'!$B$6:$B$1018,2025) -> 3220.9 | F19: =SUMIFS('CEMI Raw'!$C$6:$C$1018,'CEMI Raw'!$E$6:$E$1018,$A19,'CEMI Raw'!$B$6:$B$1018,2026) -> 105 | G19: =SUMIFS('CEMI Raw'!$D$6:$D$1018,'CEMI Raw'!$E$6:$E$1018,$A19,'CEMI Raw'!$B$6:$B$1018,2026) -> 2749.1 | H19: =SUMIFS('SALES Raw'!$C$6:$C$603,'SALES Raw'!$E$6:$E$603,$A19,'SALES Raw'!$B$6:$B$603,2025) -> 0 | I19: =SUMIFS('SALES Raw'!$D$6:$D$603,'SALES Raw'!$E$6:$E$603,$A19,'SALES Raw'!$B$6:$B$603,2025) -> 0 | J19: =SUMIFS('SALES Raw'!$C$6:$C$603,'SALES Raw'!$E$6:$E$603,$A19,'SALES Raw'!$B$6:$B$603,2026) -> 0 | K19: =SUMIFS('SALES Raw'!$D$6:$D$603,'SALES Raw'!$E$6:$E$603,$A19,'SALES Raw'!$B$6:$B$603,2026) -> 0 | L19: =D19+H19 -> 124 | M19: =E19+I19 -> 3220.9 | N19: =F19+J19 -> 105 | O19: =G19+K19 -> 2749.1
A20: 4402007 | B20: =IFERROR(INDEX('Catalog'!$B:$B,MATCH($A20,'Catalog'!$A:$A,0)),"") -> 320 בליסטר פלסטר | C20: =IFERROR(INDEX('TRANS'!$A:$A,MATCH($A20,'TRANS'!$B:$B,0)),"") -> 320 0 | D20: =SUMIFS('CEMI Raw'!$C$6:$C$1018,'CEMI Raw'!$E$6:$E$1018,$A20,'CEMI Raw'!$B$6:$B$1018,2025) -> 343 | E20: =SUMIFS('CEMI Raw'!$D$6:$D$1018,'CEMI Raw'!$E$6:$E$1018,$A20,'CEMI Raw'!$B$6:$B$1018,2025) -> 6288.6 | F20: =SUMIFS('CEMI Raw'!$C$6:$C$1018,'CEMI Raw'!$E$6:$E$1018,$A20,'CEMI Raw'!$B$6:$B$1018,2026) -> 222 | G20: =SUMIFS('CEMI Raw'!$D$6:$D$1018,'CEMI Raw'!$E$6:$E$1018,$A20,'CEMI Raw'!$B$6:$B$1018,2026) -> 4074.7 | H20: =SUMIFS('SALES Raw'!$C$6:$C$603,'SALES Raw'!$E$6:$E$603,$A20,'SALES Raw'!$B$6:$B$603,2025) -> 13 | I20: =SUMIFS('SALES Raw'!$D$6:$D$603,'SALES Raw'!$E$6:$E$603,$A20,'SALES Raw'!$B$6:$B$603,2025) -> 250.66 | J20: =SUMIFS('SALES Raw'!$C$6:$C$603,'SALES Raw'!$E$6:$E$603,$A20,'SALES Raw'!$B$6:$B$603,2026) -> 5 | K20: =SUMIFS('SALES Raw'!$D$6:$D$603,'SALES Raw'!$E$6:$E$603,$A20,'SALES Raw'!$B$6:$B$603,2026) -> 98.2 | L20: =D20+H20 -> 356 | M20: =E20+I20 -> 6539.26 | N20: =F20+J20 -> 227 | O20: =G20+K20 -> 4172.9
A21: 4403000 | B21: =IFERROR(INDEX('Catalog'!$B:$B,MATCH($A21,'Catalog'!$A:$A,0)),"") -> 390B גרב.כסף לסכרתים שחור35-38 | C21: =IFERROR(INDEX('TRANS'!$A:$A,MATCH($A21,'TRANS'!$B:$B,0)),"") -> 390B-35-38 | D21: =SUMIFS('CEMI Raw'!$C$6:$C$1018,'CEMI Raw'!$E$6:$E$1018,$A21,'CEMI Raw'!$B$6:$B$1018,2025) -> 21 | E21: =SUMIFS('CEMI Raw'!$D$6:$D$1018,'CEMI Raw'!$E$6:$E$1018,$A21,'CEMI Raw'!$B$6:$B$1018,2025) -> 614.1 | F21: =SUMIFS('CEMI Raw'!$C$6:$C$1018,'CEMI Raw'!$E$6:$E$1018,$A21,'CEMI Raw'!$B$6:$B$1018,2026) -> 11 | G21: =SUMIFS('CEMI Raw'!$D$6:$D$1018,'CEMI Raw'!$E$6:$E$1018,$A21,'CEMI Raw'!$B$6:$B$1018,2026) -> 360.4 | H21: =SUMIFS('SALES Raw'!$C$6:$C$603,'SALES Raw'!$E$6:$E$603,$A21,'SALES Raw'!$B$6:$B$603,2025) -> 0 | I21: =SUMIFS('SALES Raw'!$D$6:$D$603,'SALES Raw'!$E$6:$E$603,$A21,'SALES Raw'!$B$6:$B$603,2025) -> 0 | J21: =SUMIFS('SALES Raw'!$C$6:$C$603,'SALES Raw'!$E$6:$E$603,$A21,'SALES Raw'!$B$6:$B$603,2026) -> 0 | K21: =SUMIFS('SALES Raw'!$D$6:$D$603,'SALES Raw'!$E$6:$E$603,$A21,'SALES Raw'!$B$6:$B$603,2026) -> 0 | L21: =D21+H21 -> 21 | M21: =E21+I21 -> 614.1 | N21: =F21+J21 -> 11 | O21: =G21+K21 -> 360.4
A22: 4403001 | B22: =IFERROR(INDEX('Catalog'!$B:$B,MATCH($A22,'Catalog'!$A:$A,0)),"") -> 390B 39-42.גרב.כסף לסכרתיים שח | C22: =IFERROR(INDEX('TRANS'!$A:$A,MATCH($A22,'TRANS'!$B:$B,0)),"") -> 390B-39-42 | D22: =SUMIFS('CEMI Raw'!$C$6:$C$1018,'CEMI Raw'!$E$6:$E$1018,$A22,'CEMI Raw'!$B$6:$B$1018,2025) -> 42 | E22: =SUMIFS('CEMI Raw'!$D$6:$D$1018,'CEMI Raw'!$E$6:$E$1018,$A22,'CEMI Raw'!$B$6:$B$1018,2025) -> 1277.4 | F22: =SUMIFS('CEMI Raw'!$C$6:$C$1018,'CEMI Raw'!$E$6:$E$1018,$A22,'CEMI Raw'!$B$6:$B$1018,2026) -> 15 | G22: =SUMIFS('CEMI Raw'!$D$6:$D$1018,'CEMI Raw'!$E$6:$E$1018,$A22,'CEMI Raw'!$B$6:$B$1018,2026) -> 507.9 | H22: =SUMIFS('SALES Raw'!$C$6:$C$603,'SALES Raw'!$E$6:$E$603,$A22,'SALES Raw'!$B$6:$B$603,2025) -> 0 | I22: =SUMIFS('SALES Raw'!$D$6:$D$603,'SALES Raw'!$E$6:$E$603,$A22,'SALES Raw'!$B$6:$B$603,2025) -> 0 | J22: =SUMIFS('SALES Raw'!$C$6:$C$603,'SALES Raw'!$E$6:$E$603,$A22,'SALES Raw'!$B$6:$B$603,2026) -> 0 | K22: =SUMIFS('SALES Raw'!$D$6:$D$603,'SALES Raw'!$E$6:$E$603,$A22,'SALES Raw'!$B$6:$B$603,2026) -> 0 | L22: =D22+H22 -> 42 | M22: =E22+I22 -> 1277.4 | N22: =F22+J22 -> 15 | O22: =G22+K22 -> 507.9
A23: 4403002 | B23: =IFERROR(INDEX('Catalog'!$B:$B,MATCH($A23,'Catalog'!$A:$A,0)),"") -> 390B 43-46.גרב.כסף לסכרתיים שח | C23: =IFERROR(INDEX('TRANS'!$A:$A,MATCH($A23,'TRANS'!$B:$B,0)),"") -> 390B-43-46 | D23: =SUMIFS('CEMI Raw'!$C$6:$C$1018,'CEMI Raw'!$E$6:$E$1018,$A23,'CEMI Raw'!$B$6:$B$1018,2025) -> 73 | E23: =SUMIFS('CEMI Raw'!$D$6:$D$1018,'CEMI Raw'!$E$6:$E$1018,$A23,'CEMI Raw'!$B$6:$B$1018,2025) -> 2296 | F23: =SUMIFS('CEMI Raw'!$C$6:$C$1018,'CEMI Raw'!$E$6:$E$1018,$A23,'CEMI Raw'!$B$6:$B$1018,2026) -> 23 | G23: =SUMIFS('CEMI Raw'!$D$6:$D$1018,'CEMI Raw'!$E$6:$E$1018,$A23,'CEMI Raw'!$B$6:$B$1018,2026) -> 763 | H23: =SUMIFS('SALES Raw'!$C$6:$C$603,'SALES Raw'!$E$6:$E$603,$A23,'SALES Raw'!$B$6:$B$603,2025) -> 5 | I23: =SUMIFS('SALES Raw'!$D$6:$D$603,'SALES Raw'!$E$6:$E$603,$A23,'SALES Raw'!$B$6:$B$603,2025) -> 135 | J23: =SUMIFS('SALES Raw'!$C$6:$C$603,'SALES Raw'!$E$6:$E$603,$A23,'SALES Raw'!$B$6:$B$603,2026) -> 0 | K23: =SUMIFS('SALES Raw'!$D$6:$D$603,'SALES Raw'!$E$6:$E$603,$A23,'SALES Raw'!$B$6:$B$603,2026) -> 0 | L23: =D23+H23 -> 78 | M23: =E23+I23 -> 2431 | N23: =F23+J23 -> 23 | O23: =G23+K23 -> 763
... A602: 4422042 | B602: =IFERROR(INDEX('Catalog'!$B:$B,MATCH($A602,'Catalog'!$A:$A,0)),"") -> SH422 6 תומך ברך גנושילד | C602: =IFERROR(INDEX('TRANS'!$A:$A,MATCH($A602,'TRANS'!$B:$B,0)),"") -> SH422 6 | D602: =SUMIFS('CEMI Raw'!$C$6:$C$1018,'CEMI Raw'!$E$6:$E$1018,$A602,'CEMI Raw'!$B$6:$B$1018,2025) -> 0 | E602: =SUMIFS('CEMI Raw'!$D$6:$D$1018,'CEMI Raw'!$E$6:$E$1018,$A602,'CEMI Raw'!$B$6:$B$1018,2025) -> 0 | F602: =SUMIFS('CEMI Raw'!$C$6:$C$1018,'CEMI Raw'!$E$6:$E$1018,$A602,'CEMI Raw'!$B$6:$B$1018,2026) -> 12 | G602: =SUMIFS('CEMI Raw'!$D$6:$D$1018,'CEMI Raw'!$E$6:$E$1018,$A602,'CEMI Raw'!$B$6:$B$1018,2026) -> 2498.3 | H602: =SUMIFS('SALES Raw'!$C$6:$C$603,'SALES Raw'!$E$6:$E$603,$A602,'SALES Raw'!$B$6:$B$603,2025) -> 1 | I602: =SUMIFS('SALES Raw'!$D$6:$D$603,'SALES Raw'!$E$6:$E$603,$A602,'SALES Raw'!$B$6:$B$603,2025) -> 120 | J602: =SUMIFS('SALES Raw'!$C$6:$C$603,'SALES Raw'!$E$6:$E$603,$A602,'SALES Raw'!$B$6:$B$603,2026) -> 5 | K602: =SUMIFS('SALES Raw'!$D$6:$D$603,'SALES Raw'!$E$6:$E$603,$A602,'SALES Raw'!$B$6:$B$603,2026) -> 781.77 | L602: =D602+H602 -> 1 | M602: =E602+I602 -> 120 | N602: =F602+J602 -> 17 | O602: =G602+K602 -> 3280.07
A603: TOTAL (matched codes only) | D603: =SUM(D12:D602) -> 54177 | E603: =SUM(E12:E602) -> 1967633.7 | F603: =SUM(F12:F602) -> 33487 | G603: =SUM(G12:G602) -> 1293807.8 | H603: =SUM(H12:H602) -> 2157 | I603: =SUM(I12:I602) -> 117354.87 | J603: =SUM(J12:J602) -> 1503 | K603: =SUM(K12:K602) -> 95853.71 | ... O603: =SUM(O12:O602) -> 1389661.5

Sheet Unmatched
A1: Unmatched — Items NOT Found in Catalog/TRANS (reported only, not guessed)
A2: Calculation date: | B2: 46290
A3: CEMI side: 0 unmatched items (100% matched via the Catalog sheet, already established in CEMI UPDATED). SALES side: 77 distinct item names could not be bridged via TRANS - listed below with their quantities/amounts, pulled live from SALES Raw. No manual overrides applied yet (this is step 1 - matching/reporting only, per user instruction; a later round may apply user-approved manual rules, same as was done for מאוחדת).
A5: CEMI — Unmatched items
A6: (none — 100% matched, see Matched by CHEMIPAL CODE sheet / CEMI Raw)
A8: SALES — Unmatched items (107 - Pharmacies, from NetSuite)
A9: Item Name (raw, NetSuite format) | B9: Qty 2025 | C9: Amt 2025 (₪) | D9: Qty 2026 | E9: Amt 2026 (₪)
A10: 062 XXL | B10: =SUMIFS('SALES Raw'!$C$6:$C$603,'SALES Raw'!$A$6:$A$603,$A10,'SALES Raw'!$B$6:$B$603,2025) -> 0 | C10: =SUMIFS('SALES Raw'!$D$6:$D$603,'SALES Raw'!$A$6:$A$603,$A10,'SALES Raw'!$B$6:$B$603,2025) -> 0.01 | D10: =SUMIFS('SALES Raw'!$C$6:$C$603,'SALES Raw'!$A$6:$A$603,$A10,'SALES Raw'!$B$6:$B$603,2026) -> 0 | E10: =SUMIFS('SALES Raw'!$D$6:$D$603,'SALES Raw'!$A$6:$A$603,$A10,'SALES Raw'!$B$6:$B$603,2026) -> 0
A11: 06U M | B11: =SUMIFS('SALES Raw'!$C$6:$C$603,'SALES Raw'!$A$6:$A$603,$A11,'SALES Raw'!$B$6:$B$603,2025) -> 2 | C11: =SUMIFS('SALES Raw'!$D$6:$D$603,'SALES Raw'!$A$6:$A$603,$A11,'SALES Raw'!$B$6:$B$603,2025) -> 281.15 | D11: =SUMIFS('SALES Raw'!$C$6:$C$603,'SALES Raw'!$A$6:$A$603,$A11,'SALES Raw'!$B$6:$B$603,2026) -> 0 | E11: =SUMIFS('SALES Raw'!$D$6:$D$603,'SALES Raw'!$A$6:$A$603,$A11,'SALES Raw'!$B$6:$B$603,2026) -> 0
A12: 06U XXL | B12: =SUMIFS('SALES Raw'!$C$6:$C$603,'SALES Raw'!$A$6:$A$603,$A12,'SALES Raw'!$B$6:$B$603,2025) -> 1 | C12: =SUMIFS('SALES Raw'!$D$6:$D$603,'SALES Raw'!$A$6:$A$603,$A12,'SALES Raw'!$B$6:$B$603,2025) -> 140.57 | D12: =SUMIFS('SALES Raw'!$C$6:$C$603,'SALES Raw'!$A$6:$A$603,$A12,'SALES Raw'!$B$6:$B$603,2026) -> 0 | E12: =SUMIFS('SALES Raw'!$D$6:$D$603,'SALES Raw'!$A$6:$A$603,$A12,'SALES Raw'!$B$6:$B$603,2026) -> 0
A13: 07UB-L-XL | B13: =SUMIFS('SALES Raw'!$C$6:$C$603,'SALES Raw'!$A$6:$A$603,$A13,'SALES Raw'!$B$6:$B$603,2025) -> 50 | C13: =SUMIFS('SALES Raw'!$D$6:$D$603,'SALES Raw'!$A$6:$A$603,$A13,'SALES Raw'!$B$6:$B$603,2025) -> 6250 | D13: =SUMIFS('SALES Raw'!$C$6:$C$603,'SALES Raw'!$A$6:$A$603,$A13,'SALES Raw'!$B$6:$B$603,2026) -> 1 | E13: =SUMIFS('SALES Raw'!$D$6:$D$603,'SALES Raw'!$A$6:$A$603,$A13,'SALES Raw'!$B$6:$B$603,2026) -> 234.31
A14: 07UB-S-M | B14: =SUMIFS('SALES Raw'!$C$6:$C$603,'SALES Raw'!$A$6:$A$603,$A14,'SALES Raw'!$B$6:$B$603,2025) -> 10 | C14: =SUMIFS('SALES Raw'!$D$6:$D$603,'SALES Raw'!$A$6:$A$603,$A14,'SALES Raw'!$B$6:$B$603,2025) -> 1250 | D14: =SUMIFS('SALES Raw'!$C$6:$C$603,'SALES Raw'!$A$6:$A$603,$A14,'SALES Raw'!$B$6:$B$603,2026) -> 0 | E14: =SUMIFS('SALES Raw'!$D$6:$D$603,'SALES Raw'!$A$6:$A$603,$A14,'SALES Raw'!$B$6:$B$603,2026) -> 0
A15: 10 XXL | B15: =SUMIFS('SALES Raw'!$C$6:$C$603,'SALES Raw'!$A$6:$A$603,$A15,'SALES Raw'!$B$6:$B$603,2025) -> 10 | C15: =SUMIFS('SALES Raw'!$D$6:$D$603,'SALES Raw'!$A$6:$A$603,$A15,'SALES Raw'!$B$6:$B$603,2025) -> 1300 | D15: =SUMIFS('SALES Raw'!$C$6:$C$603,'SALES Raw'!$A$6:$A$603,$A15,'SALES Raw'!$B$6:$B$603,2026) -> 0 | E15: =SUMIFS('SALES Raw'!$D$6:$D$603,'SALES Raw'!$A$6:$A$603,$A15,'SALES Raw'!$B$6:$B$603,2026) -> 0
A16: 11EU S | B16: =SUMIFS('SALES Raw'!$C$6:$C$603,'SALES Raw'!$A$6:$A$603,$A16,'SALES Raw'!$B$6:$B$603,2025) -> 1 | C16: =SUMIFS('SALES Raw'!$D$6:$D$603,'SALES Raw'!$A$6:$A$603,$A16,'SALES Raw'!$B$6:$B$603,2025) -> 69.01 | D16: =SUMIFS('SALES Raw'!$C$6:$C$603,'SALES Raw'!$A$6:$A$603,$A16,'SALES Raw'!$B$6:$B$603,2026) -> 1 | E16: =SUMIFS('SALES Raw'!$D$6:$D$603,'SALES Raw'!$A$6:$A$603,$A16,'SALES Raw'!$B$6:$B$603,2026) -> 85
A17: 11EU XS | B17: =SUMIFS('SALES Raw'!$C$6:$C$603,'SALES Raw'!$A$6:$A$603,$A17,'SALES Raw'!$B$6:$B$603,2025) -> 1 | C17: =SUMIFS('SALES Raw'!$D$6:$D$603,'SALES Raw'!$A$6:$A$603,$A17,'SALES Raw'!$B$6:$B$603,2025) -> 69 | D17: =SUMIFS('SALES Raw'!$C$6:$C$603,'SALES Raw'!$A$6:$A$603,$A17,'SALES Raw'!$B$6:$B$603,2026) -> 0 | E17: =SUMIFS('SALES Raw'!$D$6:$D$603,'SALES Raw'!$A$6:$A$603,$A17,'SALES Raw'!$B$6:$B$603,2026) -> 0
A18: 11PS M | B18: =SUMIFS('SALES Raw'!$C$6:$C$603,'SALES Raw'!$A$6:$A$603,$A18,'SALES Raw'!$B$6:$B$603,2025) -> 1 | C18: =SUMIFS('SALES Raw'!$D$6:$D$603,'SALES Raw'!$A$6:$A$603,$A18,'SALES Raw'!$B$6:$B$603,2025) -> 135.88 | D18: =SUMIFS('SALES Raw'!$C$6:$C$603,'SALES Raw'!$A$6:$A$603,$A18,'SALES Raw'!$B$6:$B$603,2026) -> 0 | E18: =SUMIFS('SALES Raw'!$D$6:$D$603,'SALES Raw'!$A$6:$A$603,$A18,'SALES Raw'!$B$6:$B$603,2026) -> 0
A19: 13 L | B19: =SUMIFS('SALES Raw'!$C$6:$C$603,'SALES Raw'!$A$6:$A$603,$A19,'SALES Raw'!$B$6:$B$603,2025) -> 0 | C19: =SUMIFS('SALES Raw'!$D$6:$D$603,'SALES Raw'!$A$6:$A$603,$A19,'SALES Raw'!$B$6:$B$603,2025) -> 0 | D19: =SUMIFS('SALES Raw'!$C$6:$C$603,'SALES Raw'!$A$6:$A$603,$A19,'SALES Raw'!$B$6:$B$603,2026) -> 1 | E19: =SUMIFS('SALES Raw'!$D$6:$D$603,'SALES Raw'!$A$6:$A$603,$A19,'SALES Raw'!$B$6:$B$603,2026) -> 156.97
A20: 13 M | B20: =SUMIFS('SALES Raw'!$C$6:$C$603,'SALES Raw'!$A$6:$A$603,$A20,'SALES Raw'!$B$6:$B$603,2025) -> 1 | C20: =SUMIFS('SALES Raw'!$D$6:$D$603,'SALES Raw'!$A$6:$A$603,$A20,'SALES Raw'!$B$6:$B$603,2025) -> 156.98 | D20: =SUMIFS('SALES Raw'!$C$6:$C$603,'SALES Raw'!$A$6:$A$603,$A20,'SALES Raw'!$B$6:$B$603,2026) -> 0 | E20: =SUMIFS('SALES Raw'!$D$6:$D$603,'SALES Raw'!$A$6:$A$603,$A20,'SALES Raw'!$B$6:$B$603,2026) -> 0
A21: 15M L | B21: =SUMIFS('SALES Raw'!$C$6:$C$603,'SALES Raw'!$A$6:$A$603,$A21,'SALES Raw'!$B$6:$B$603,2025) -> 1 | C21: =SUMIFS('SALES Raw'!$D$6:$D$603,'SALES Raw'!$A$6:$A$603,$A21,'SALES Raw'!$B$6:$B$603,2025) -> 140.57 | D21: =SUMIFS('SALES Raw'!$C$6:$C$603,'SALES Raw'!$A$6:$A$603,$A21,'SALES Raw'!$B$6:$B$603,2026) -> 1 | E21: =SUMIFS('SALES Raw'!$D$6:$D$603,'SALES Raw'!$A$6:$A$603,$A21,'SALES Raw'!$B$6:$B$603,2026) -> 140.58
... A86: T45X M | B86: =SUMIFS('SALES Raw'!$C$6:$C$603,'SALES Raw'!$A$6:$A$603,$A86,'SALES Raw'!$B$6:$B$603,2025) -> 0 | C86: =SUMIFS('SALES Raw'!$D$6:$D$603,'SALES Raw'!$A$6:$A$603,$A86,'SALES Raw'!$B$6:$B$603,2025) -> 0 | D86: =SUMIFS('SALES Raw'!$C$6:$C$603,'SALES Raw'!$A$6:$A$603,$A86,'SALES Raw'!$B$6:$B$603,2026) -> 2 | E86: =SUMIFS('SALES Raw'!$D$6:$D$603,'SALES Raw'!$A$6:$A$603,$A86,'SALES Raw'!$B$6:$B$603,2026) -> 236.26
A87: TOTAL | B87: =SUM(B10:B86) -> 341 | C87: =SUM(C10:C86) -> 35070.49 | D87: =SUM(D10:D86) -> 120 | E87: =SUM(E10:E86) -> 15033.36
A89: Note: match rate here (~77-93% by amount, ~86-93% by quantity - see Index) is noticeably lower than the ~96-99% achieved for מאוחדת. Likely largest driver: "67 0" alone is 13,580.19 ₪ (2025) + 8,495.51 ₪ (2026) unmatched, a significant chunk of the unmatched amount. The remaining 76 items are mostly small-quantity variants not present in TRANS - no single dominant cause identified besides TRANS coverage gaps for this product mix.

Sheet Catalog
A1: Catalog — global מק"ט (CHEMIPAL Code) <-> Item Name, from CEMI UPDATED's Catalog sheet (source: "חנה_1" PPLAY1 export)
A2: Calculation date: | B2: 46290
A3: Source: kirill/outputs/2026-09-25-CEMI-UPDATED-grouped-2025-vs-2026.xlsx, "Catalog" sheet (777 rows) - used for CEMI-side matching (long PPLAY1-format raw item text, same format CEMI UPDATED already uses with 100% match). Column C is a whitespace-normalized helper.
A5: CHEMIPAL Code | B5: Item Name | C5: Item Name (normalized)
A6: 4402014 | B6: BE CARE תחבושת אלסטית 10ס""מ | C6: =TRIM(SUBSTITUTE($B6,CHAR(160)," ")) -> BE CARE תחבושת אלסטית 10ס""מ
A7: 4402012 | B7: BE CARE תחבושת אלסטית 5 ס""מ | C7: =TRIM(SUBSTITUTE($B7,CHAR(160)," ")) -> BE CARE תחבושת אלסטית 5 ס""מ
A8: 4402013 | B8: BE CARE תחבושת אלסטית 7.5סמ | C8: =TRIM(SUBSTITUTE($B8,CHAR(160)," ")) -> BE CARE תחבושת אלסטית 7.5סמ
A9: 4402015 | B9: BE CARE CB BEIGE | C9: =TRIM(SUBSTITUTE($B9,CHAR(160)," ")) -> BE CARE CB BEIGE
A10: 4402016 | B10: BE CARE CB BLACK | C10: =TRIM(SUBSTITUTE($B10,CHAR(160)," ")) -> BE CARE CB BLACK
A11: 4402017 | B11: BE CARE CB GREEN | C11: =TRIM(SUBSTITUTE($B11,CHAR(160)," ")) -> BE CARE CB GREEN
A12: 4402018 | B12: BE CARE CB PINK | C12: =TRIM(SUBSTITUTE($B12,CHAR(160)," ")) -> BE CARE CB PINK
A13: 4402019 | B13: BE CARE KT BEIGE | C13: =TRIM(SUBSTITUTE($B13,CHAR(160)," ")) -> BE CARE KT BEIGE
A14: 4402020 | B14: BE CARE KT BLACK | C14: =TRIM(SUBSTITUTE($B14,CHAR(160)," ")) -> BE CARE KT BLACK
A15: 4402021 | B15: BE CARE KT BLUE | C15: =TRIM(SUBSTITUTE($B15,CHAR(160)," ")) -> BE CARE KT BLUE
A16: 4402022 | B16: BE CARE KT PINK | C16: =TRIM(SUBSTITUTE($B16,CHAR(160)," ")) -> BE CARE KT PINK
A17: 4420016 | B17: 40-רצועת פיקה לברך | C17: =TRIM(SUBSTITUTE($B17,CHAR(160)," ")) -> 40-רצועת פיקה לברך
... A782: 4422029 | B782: B75 תחבושת אלסטית 7.5ס""מ | C782: =TRIM(SUBSTITUTE($B782,CHAR(160)," ")) -> B75 תחבושת אלסטית 7.5ס""מ

Sheet TRANS
A1: TRANS Crosswalk — used to match SALES (NetSuite short item codes) to CHEMIPAL CODE
A2: Calculation date: | B2: 46290
A3: Source: da0cb0ca-TRANS.xlsx. Tested the 777-row Catalog sheet (from CEMI UPDATED, "חנה_1" export) against SALES's raw Item Name first, per instruction - got 0% match (Catalog item names are in the long CEMI/PPLAY1 format, e.g. "40-רצועת פיקה לברך", while SALES uses short NetSuite-style codes, e.g. "40 0" - different format, confirmed by direct testing, not a guess). Fell back to TRANS's ITEM NAME column (same short-code format as SALES) for SALES-side matching, exactly as used previously for the Meuhedet build. Column D is a whitespace-normalized helper (fallback match key).
A5: ITEM NAME | B5: CHEMIPAL CODE | C5: CHEMIPAL NAME | D5: ITEM NAME (normalized)
A6: 40 0 | B6: 4420016 | C6: 40-רצועת פיקה לברך | D6: =TRIM(SUBSTITUTE($A6,CHAR(160)," ")) -> 40 0
A7: 4022 0 | B7: 4420017 | C7: 4022 רצועת """"פיקה""""+כרית | D7: =TRIM(SUBSTITUTE($A7,CHAR(160)," ")) -> 4022 0
A8: 41 XL | B8: 4413074 | C8: 41 XL.מ.ברך מוצלב+ספירלות בצד | D8: =TRIM(SUBSTITUTE($A8,CHAR(160)," ")) -> 41 XL
A9: 41 L | B9: 4413072 | C9: 41 Lמ.ברך מוצלב+ספירלות בצדדים | D9: =TRIM(SUBSTITUTE($A9,CHAR(160)," ")) -> 41 L
A10: 41 M | B10: 4413073 | C10: 41 Mמ.ברך מוצלב+ספירלות בצדדים | D10: =TRIM(SUBSTITUTE($A10,CHAR(160)," ")) -> 41 M
A11: 41 S | B11: 4413071 | C11: 41 Sמ.ברך מוצלב+ספירלות בצדדים | D11: =TRIM(SUBSTITUTE($A11,CHAR(160)," ")) -> 41 S
A12: 41X L | B12: 4413076 | C12: 41X L מגן ברך מוצלב+מוט | D12: =TRIM(SUBSTITUTE($A12,CHAR(160)," ")) -> 41X L
A13: 41X XL | B13: 4413079 | C13: 41X XL מגן ברך מוצלב+מוט | D13: =TRIM(SUBSTITUTE($A13,CHAR(160)," ")) -> 41X XL
A14: 422 S | B14: 4413089 | C14: 422 Sמ.ברך+כרית סיל.סביב לפיקה | D14: =TRIM(SUBSTITUTE($A14,CHAR(160)," ")) -> 422 S
A15: 422E XXXL | B15: 4413284 | C15: 422E XXXL מגן ברך ארוך עם כרית | D15: =TRIM(SUBSTITUTE($A15,CHAR(160)," ")) -> 422E XXXL
A16: 45 XS | B16: 4413332 | C16: 45 XS מגן ברך רגיל לבן | D16: =TRIM(SUBSTITUTE($A16,CHAR(160)," ")) -> 45 XS
A17: 45 L | B17: 4413092 | C17: 45 L מגן ברך לבן | D17: =TRIM(SUBSTITUTE($A17,CHAR(160)," ")) -> 45 L
... A471: 807CB-P | B471: 4422034 | C471: 807CB-P תחבושת נצמדת ורוד 20ממ | D471: =TRIM(SUBSTITUTE($A471,CHAR(160)," ")) -> 807CB-P

Sheet CEMI Raw
A1: CEMI Raw — בתי מרקחת (group #4) — item-level data from CEMI UPDATED's "בתי מרקחת Raw" sheet
A2: Calculation date: | B2: 46290
A3: Source: kirill/outputs/2026-09-25-CEMI-UPDATED-grouped-2025-vs-2026.xlsx, "בתי מרקחת Raw" sheet (already has CHEMIPAL Code, 100% matched there against the Catalog). Re-matched HERE (live) against this file's own Catalog sheet for a self-contained, auditable formula chain - exact match first, then whitespace-normalized fallback.
A5: Item Name (raw, PPLAY1 format) | B5: Year | C5: Quantity | D5: Amount (₪) | E5: CHEMIPAL CODE (matched via Catalog) | F5: Match Status
A6: 369 S-L אצבעון מסיליקון יחידה | B6: 2025 | C6: 328 | D6: 7458.3 | E6: =IFERROR(INDEX('Catalog'!$A:$A,MATCH($A6,'Catalog'!$B:$B,0)),IFERROR(INDEX('Catalog'!$A:$A,MATCH(TRIM(SUBSTITUTE($A6,CHAR(160)," ")),'Catalog'!$C:$C,0)),"")) -> 4401000 | F6: =IF($E6="","Unmatched","Matched") -> Matched
A7: 369 XL אצבעון מסיליקון יחידה | B7: 2025 | C7: 415 | D7: 10264.8 | E7: =IFERROR(INDEX('Catalog'!$A:$A,MATCH($A7,'Catalog'!$B:$B,0)),IFERROR(INDEX('Catalog'!$A:$A,MATCH(TRIM(SUBSTITUTE($A7,CHAR(160)," ")),'Catalog'!$C:$C,0)),"")) -> 4401001 | F7: =IF($E7="","Unmatched","Matched") -> Matched
A8: PD 344-אבן טבעית להסרת עור קשה | B8: 2025 | C8: 261 | D8: 2230.9 | E8: =IFERROR(INDEX('Catalog'!$A:$A,MATCH($A8,'Catalog'!$B:$B,0)),IFERROR(INDEX('Catalog'!$A:$A,MATCH(TRIM(SUBSTITUTE($A8,CHAR(160)," ")),'Catalog'!$C:$C,0)),"")) -> 4401002 | F8: =IF($E8="","Unmatched","Matched") -> Matched
A9: 805AT-Cאתלטיק טייפ בז' 20מ""מ20 | B9: 2025 | C9: 70 | D9: 1089.5 | E9: =IFERROR(INDEX('Catalog'!$A:$A,MATCH($A9,'Catalog'!$B:$B,0)),IFERROR(INDEX('Catalog'!$A:$A,MATCH(TRIM(SUBSTITUTE($A9,CHAR(160)," ")),'Catalog'!$C:$C,0)),"")) -> 4401011 | F9: =IF($E9="","Unmatched","Matched") -> Matched
A10: 805AT-B אתלטיק טייפ שחור 20מ""מ | B10: 2025 | C10: 20 | D10: 318.7 | E10: =IFERROR(INDEX('Catalog'!$A:$A,MATCH($A10,'Catalog'!$B:$B,0)),IFERROR(INDEX('Catalog'!$A:$A,MATCH(TRIM(SUBSTITUTE($A10,CHAR(160)," ")),'Catalog'!$C:$C,0)),"")) -> 4401012 | F10: =IF($E10="","Unmatched","Matched") -> Matched
A11: 805AT-BLאתלטיק טייפ כחול 20מ""מ | B11: 2025 | C11: 19 | D11: 301.4 | E11: =IFERROR(INDEX('Catalog'!$A:$A,MATCH($A11,'Catalog'!$B:$B,0)),IFERROR(INDEX('Catalog'!$A:$A,MATCH(TRIM(SUBSTITUTE($A11,CHAR(160)," ")),'Catalog'!$C:$C,0)),"")) -> 4401013 | F11: =IF($E11="","Unmatched","Matched") -> Matched
A12: 805AT-W אתלטיק טייפ לבן 20מ""מ | B12: 2025 | C12: 47 | D12: 719.1 | E12: =IFERROR(INDEX('Catalog'!$A:$A,MATCH($A12,'Catalog'!$B:$B,0)),IFERROR(INDEX('Catalog'!$A:$A,MATCH(TRIM(SUBSTITUTE($A12,CHAR(160)," ")),'Catalog'!$C:$C,0)),"")) -> 4401014 | F12: =IF($E12="","Unmatched","Matched") -> Matched
A13: 363 בננה לתמיכת אצבעות ז.כרית | B13: 2025 | C13: 124 | D13: 3220.9 | E13: =IFERROR(INDEX('Catalog'!$A:$A,MATCH($A13,'Catalog'!$B:$B,0)),IFERROR(INDEX('Catalog'!$A:$A,MATCH(TRIM(SUBSTITUTE($A13,CHAR(160)," ")),'Catalog'!$C:$C,0)),"")) -> 4402000 | F13: =IF($E13="","Unmatched","Matched") -> Matched
A14: 320 בליסטר פלסטר | B14: 2025 | C14: 343 | D14: 6288.6 | E14: =IFERROR(INDEX('Catalog'!$A:$A,MATCH($A14,'Catalog'!$B:$B,0)),IFERROR(INDEX('Catalog'!$A:$A,MATCH(TRIM(SUBSTITUTE($A14,CHAR(160)," ")),'Catalog'!$C:$C,0)),"")) -> 4402007 | F14: =IF($E14="","Unmatched","Matched") -> Matched
A15: 390B גרב.כסף לסכרתים שחור35-38 | B15: 2025 | C15: 21 | D15: 614.1 | E15: =IFERROR(INDEX('Catalog'!$A:$A,MATCH($A15,'Catalog'!$B:$B,0)),IFERROR(INDEX('Catalog'!$A:$A,MATCH(TRIM(SUBSTITUTE($A15,CHAR(160)," ")),'Catalog'!$C:$C,0)),"")) -> 4403000 | F15: =IF($E15="","Unmatched","Matched") -> Matched
A16: 390B 39-42.גרב.כסף לסכרתיים שח | B16: 2025 | C16: 42 | D16: 1277.4 | E16: =IFERROR(INDEX('Catalog'!$A:$A,MATCH($A16,'Catalog'!$B:$B,0)),IFERROR(INDEX('Catalog'!$A:$A,MATCH(TRIM(SUBSTITUTE($A16,CHAR(160)," ")),'Catalog'!$C:$C,0)),"")) -> 4403001 | F16: =IF($E16="","Unmatched","Matched") -> Matched
A17: 390B 43-46.גרב.כסף לסכרתיים שח | B17: 2025 | C17: 73 | D17: 2296 | E17: =IFERROR(INDEX('Catalog'!$A:$A,MATCH($A17,'Catalog'!$B:$B,0)),IFERROR(INDEX('Catalog'!$A:$A,MATCH(TRIM(SUBSTITUTE($A17,CHAR(160)," ")),'Catalog'!$C:$C,0)),"")) -> 4403002 | F17: =IF($E17="","Unmatched","Matched") -> Matched
... A1018: SH422 6 תומך ברך גנושילד | B1018: 2026 | C1018: 12 | D1018: 2498.3 | E1018: =IFERROR(INDEX('Catalog'!$A:$A,MATCH($A1018,'Catalog'!$B:$B,0)),IFERROR(INDEX('Catalog'!$A:$A,MATCH(TRIM(SUBSTITUTE($A1018,CHAR(160)," ")),'Catalog'!$C:$C,0)),"")) -> 4422042 | F1018: =IF($E1018="","Unmatched","Matched") -> Matched

Sheet SALES Raw
A1: SALES Raw — 107 - Pharmacies — pre-aggregation item-level data from NetSuite Source (salestype file)
A2: Calculation date: | B2: 46290
A3: Source: kirill/outputs/2026-09-20-salestype-2025-vs-2026.xlsx, "Source" sheet, filtered to Sale Type = "107 - Pharmacies" (file only read, never modified). Item Name is the raw NetSuite variant code. Only rows with non-zero Quantity or Amount (per year) are included (lean/relevant-only convention). CHEMIPAL CODE is matched live against TRANS: exact match first, then whitespace-normalized fallback (the 777-row Catalog sheet was tested first per instruction and gave 0% match - different format, see TRANS sheet note).
A5: Item Name (raw, NetSuite format) | B5: Year | C5: Quantity | D5: Amount (₪) | E5: CHEMIPAL CODE (matched via TRANS) | F5: Match Status
A6: 20 M | B6: 2025 | C6: 4 | D6: 132.77 | E6: =IFERROR(INDEX('TRANS'!$B:$B,MATCH($A6,'TRANS'!$A:$A,0)),IFERROR(INDEX('TRANS'!$B:$B,MATCH(TRIM(SUBSTITUTE($A6,CHAR(160)," ")),'TRANS'!$D:$D,0)),"")) -> 4408047 | F6: =IF($E6="","Unmatched","Matched") -> Matched
A7: 20 M | B7: 2026 | C7: 2 | D7: 66.49 | E7: =IFERROR(INDEX('TRANS'!$B:$B,MATCH($A7,'TRANS'!$A:$A,0)),IFERROR(INDEX('TRANS'!$B:$B,MATCH(TRIM(SUBSTITUTE($A7,CHAR(160)," ")),'TRANS'!$D:$D,0)),"")) -> 4408047 | F7: =IF($E7="","Unmatched","Matched") -> Matched
A8: 20 S | B8: 2026 | C8: 1 | D8: 33.23 | E8: =IFERROR(INDEX('TRANS'!$B:$B,MATCH($A8,'TRANS'!$A:$A,0)),IFERROR(INDEX('TRANS'!$B:$B,MATCH(TRIM(SUBSTITUTE($A8,CHAR(160)," ")),'TRANS'!$D:$D,0)),"")) -> 4408048 | F8: =IF($E8="","Unmatched","Matched") -> Matched
A9: 21 L | B9: 2025 | C9: 4 | D9: 157.18 | E9: =IFERROR(INDEX('TRANS'!$B:$B,MATCH($A9,'TRANS'!$A:$A,0)),IFERROR(INDEX('TRANS'!$B:$B,MATCH(TRIM(SUBSTITUTE($A9,CHAR(160)," ")),'TRANS'!$D:$D,0)),"")) -> 4408052 | F9: =IF($E9="","Unmatched","Matched") -> Matched
A10: 21 L | B10: 2026 | C10: 10 | D10: 397.96 | E10: =IFERROR(INDEX('TRANS'!$B:$B,MATCH($A10,'TRANS'!$A:$A,0)),IFERROR(INDEX('TRANS'!$B:$B,MATCH(TRIM(SUBSTITUTE($A10,CHAR(160)," ")),'TRANS'!$D:$D,0)),"")) -> 4408052 | F10: =IF($E10="","Unmatched","Matched") -> Matched
A11: 21 M | B11: 2025 | C11: 6 | D11: 236.75 | E11: =IFERROR(INDEX('TRANS'!$B:$B,MATCH($A11,'TRANS'!$A:$A,0)),IFERROR(INDEX('TRANS'!$B:$B,MATCH(TRIM(SUBSTITUTE($A11,CHAR(160)," ")),'TRANS'!$D:$D,0)),"")) -> 4408053 | F11: =IF($E11="","Unmatched","Matched") -> Matched
A12: 21 M | B12: 2026 | C12: 4 | D12: 159.16 | E12: =IFERROR(INDEX('TRANS'!$B:$B,MATCH($A12,'TRANS'!$A:$A,0)),IFERROR(INDEX('TRANS'!$B:$B,MATCH(TRIM(SUBSTITUTE($A12,CHAR(160)," ")),'TRANS'!$D:$D,0)),"")) -> 4408053 | F12: =IF($E12="","Unmatched","Matched") -> Matched
A13: 21 S | B13: 2025 | C13: 3 | D13: 117.32 | E13: =IFERROR(INDEX('TRANS'!$B:$B,MATCH($A13,'TRANS'!$A:$A,0)),IFERROR(INDEX('TRANS'!$B:$B,MATCH(TRIM(SUBSTITUTE($A13,CHAR(160)," ")),'TRANS'!$D:$D,0)),"")) -> 4408051 | F13: =IF($E13="","Unmatched","Matched") -> Matched
A14: 21 S | B14: 2026 | C14: 5 | D14: 199.07 | E14: =IFERROR(INDEX('TRANS'!$B:$B,MATCH($A14,'TRANS'!$A:$A,0)),IFERROR(INDEX('TRANS'!$B:$B,MATCH(TRIM(SUBSTITUTE($A14,CHAR(160)," ")),'TRANS'!$D:$D,0)),"")) -> 4408051 | F14: =IF($E14="","Unmatched","Matched") -> Matched
A15: 21 XL | B15: 2025 | C15: 5 | D15: 199.01 | E15: =IFERROR(INDEX('TRANS'!$B:$B,MATCH($A15,'TRANS'!$A:$A,0)),IFERROR(INDEX('TRANS'!$B:$B,MATCH(TRIM(SUBSTITUTE($A15,CHAR(160)," ")),'TRANS'!$D:$D,0)),"")) -> 4408054 | F15: =IF($E15="","Unmatched","Matched") -> Matched
A16: 21 XL | B16: 2026 | C16: 1 | D16: 39.8 | E16: =IFERROR(INDEX('TRANS'!$B:$B,MATCH($A16,'TRANS'!$A:$A,0)),IFERROR(INDEX('TRANS'!$B:$B,MATCH(TRIM(SUBSTITUTE($A16,CHAR(160)," ")),'TRANS'!$D:$D,0)),"")) -> 4408054 | F16: =IF($E16="","Unmatched","Matched") -> Matched
A17: 237 0 | B17: 2025 | C17: 10 | D17: 297.94 | E17: =IFERROR(INDEX('TRANS'!$B:$B,MATCH($A17,'TRANS'!$A:$A,0)),IFERROR(INDEX('TRANS'!$B:$B,MATCH(TRIM(SUBSTITUTE($A17,CHAR(160)," ")),'TRANS'!$D:$D,0)),"")) -> 4415029 | F17: =IF($E17="","Unmatched","Matched") -> Matched
... A603: T402 XXL | B603: 2026 | C603: 1 | D603: 94.63 | E603: =IFERROR(INDEX('TRANS'!$B:$B,MATCH($A603,'TRANS'!$A:$A,0)),IFERROR(INDEX('TRANS'!$B:$B,MATCH(TRIM(SUBSTITUTE($A603,CHAR(160)," ")),'TRANS'!$D:$D,0)),"")) | F603: =IF($E603="","Unmatched","Matched") -> Unmatched
