Workbook

Sheet סהכ
B1: דוח מכירות ספטמבר 2026
A2: # | B2: 46288 | C2: 9.2026
A3: 5 | B3: סופר פארם לייף | C3: =SUMIF('Pplay1'!$F$3:$F$15,A3,'Pplay1'!$H$3:$H$15)+SUMIF('ריכוז'!$B$3:$B$30,A3,'ריכוז'!$C$3:$C$30) -> 193941.5
A4: 1 | B4: סופרפארם | C4: =SUMIF('Pplay1'!$F$3:$F$15,A4,'Pplay1'!$H$3:$H$15)+SUMIF('ריכוז'!$B$3:$B$30,A4,'ריכוז'!$C$3:$C$30) -> 296653.17
A5: 7 | B5: BE | C5: =SUMIF('Pplay1'!$F$3:$F$15,A5,'Pplay1'!$H$3:$H$15)+SUMIF('ריכוז'!$B$3:$B$30,A5,'ריכוז'!$C$3:$C$30) -> 47498.178
A6: 4 | B6: בתי מרקחת | C6: =SUMIF('Pplay1'!$F$3:$F$15,A6,'Pplay1'!$H$3:$H$15)+SUMIF('ריכוז'!$B$3:$B$30,A6,'ריכוז'!$C$3:$C$30) -> 137713.81
A7: 3 | B7: כללית | C7: =SUMIF('Pplay1'!$F$3:$F$15,A7,'Pplay1'!$H$3:$H$15)+SUMIF('ריכוז'!$B$3:$B$30,A7,'ריכוז'!$C$3:$C$30) -> 175443.7
A8: 8 | B8: מאוחדת | C8: =SUMIF('Pplay1'!$F$3:$F$15,A8,'Pplay1'!$H$3:$H$15)+SUMIF('ריכוז'!$B$3:$B$30,A8,'ריכוז'!$C$3:$C$30) -> 43670.263
A9: 6 | B9: מכוני אורטופדיה | C9: =SUMIF('Pplay1'!$F$3:$F$15,A9,'Pplay1'!$H$3:$H$15)+SUMIF('ריכוז'!$B$3:$B$30,A9,'ריכוז'!$C$3:$C$30) -> 45788.74
A10: 10 | B10: לקוחות מפעל | C10: =SUMIF('Pplay1'!$F$3:$F$15,A10,'Pplay1'!$H$3:$H$15)+SUMIF('ריכוז'!$B$3:$B$30,A10,'ריכוז'!$C$3:$C$30) -> 5538.29
A11: 11 | B11: חנויות פרטיות | C11: =SUMIF('Pplay1'!$F$3:$F$15,A11,'Pplay1'!$H$3:$H$15)+SUMIF('ריכוז'!$B$3:$B$30,A11,'ריכוז'!$C$3:$C$30) -> 4935.24
A12: 14 | B12: מכוני פדיקור | C12: =SUMIF('Pplay1'!$F$3:$F$15,A12,'Pplay1'!$H$3:$H$15)+SUMIF('ריכוז'!$B$3:$B$30,A12,'ריכוז'!$C$3:$C$30) -> 0
A13: 15 | B13: חנויות נעליים | C13: =SUMIF('Pplay1'!$F$3:$F$15,A13,'Pplay1'!$H$3:$H$15)+SUMIF('ריכוז'!$B$3:$B$30,A13,'ריכוז'!$C$3:$C$30) -> 0
A14: 13 | B14: בתי חולים ושרות | C14: =SUMIF('Pplay1'!$F$3:$F$15,A14,'Pplay1'!$H$3:$H$15)+SUMIF('ריכוז'!$B$3:$B$30,A14,'ריכוז'!$C$3:$C$30) -> 3512.91
A15: 9 | B15: מכוני פיזיותרפיה | C15: =SUMIF('Pplay1'!$F$3:$F$15,A15,'Pplay1'!$H$3:$H$15)+SUMIF('ריכוז'!$B$3:$B$30,A15,'ריכוז'!$C$3:$C$30) -> 9272.69
B16: סה"כ ישראל ללא אונליין | C16: =SUM(C3:C15) -> 963968.49
A17: 2 | B17: לקוחות אינטרנט | C17: =SUMIF('Pplay1'!$F$3:$F$15,A17,'Pplay1'!$H$3:$H$15)+SUMIF('ריכוז'!$B$3:$B$30,A17,'ריכוז'!$C$3:$C$30) -> 275743.41
A18: 12 | B18: סופר פארם מרקט פלייס | C18: =SUMIF('Pplay1'!$F$3:$F$15,A18,'Pplay1'!$H$3:$H$15)+SUMIF('ריכוז'!$B$3:$B$30,A18,'ריכוז'!$C$3:$C$30) -> 329.49
B19: סה"כ ישראל | C19: =C18+C17+C16 -> 1240041.4
A20: 50 | B20: AMAZON | C20: =('Amazon_מקור'!B3+'Amazon_מקור'!B4)*3 -> 150494.13
A21: 20 | B21: SUPER PHARM POLAND | C21: =SUMIF('Pplay1'!$F$3:$F$15,A21,'Pplay1'!$H$3:$H$15)+SUMIF('ריכוז'!$B$3:$B$30,A21,'ריכוז'!$C$3:$C$30) -> 0
A22: 21 | B22: ORTHO- PARTNER AG. | C22: =SUMIF('Pplay1'!$F$3:$F$15,A22,'Pplay1'!$H$3:$H$15)+SUMIF('ריכוז'!$B$3:$B$30,A22,'ריכוז'!$C$3:$C$30) -> 0
A23: 22 | B23: SANAFLEX ANATOMIC | C23: =SUMIF('Pplay1'!$F$3:$F$15,A23,'Pplay1'!$H$3:$H$15)+SUMIF('ריכוז'!$B$3:$B$30,A23,'ריכוז'!$C$3:$C$30) -> 51223.23
A24: 23 | B24: HEALTH CARE PROD. GMBH | C24: =SUMIF('Pplay1'!$F$3:$F$15,A24,'Pplay1'!$H$3:$H$15)+SUMIF('ריכוז'!$B$3:$B$30,A24,'ריכוז'!$C$3:$C$30) -> 15160.58
A25: 24 | B25: ORTHOMED LTD | C25: =SUMIF('Pplay1'!$F$3:$F$15,A25,'Pplay1'!$H$3:$H$15)+SUMIF('ריכוז'!$B$3:$B$30,A25,'ריכוז'!$C$3:$C$30) -> 0
A26: 25 | B26: SALUS | C26: =SUMIF('Pplay1'!$F$3:$F$15,A26,'Pplay1'!$H$3:$H$15)+SUMIF('ריכוז'!$B$3:$B$30,A26,'ריכוז'!$C$3:$C$30) -> 0
A27: 26 | B27: MAX KONNARIS LTD | C27: =SUMIF('Pplay1'!$F$3:$F$15,A27,'Pplay1'!$H$3:$H$15)+SUMIF('ריכוז'!$B$3:$B$30,A27,'ריכוז'!$C$3:$C$30) -> 0
A28: 27 | B28: MEDIPAL COMPANY | C28: =SUMIF('Pplay1'!$F$3:$F$15,A28,'Pplay1'!$H$3:$H$15)+SUMIF('ריכוז'!$B$3:$B$30,A28,'ריכוז'!$C$3:$C$30) -> 0
A29: 28 | B29: ORTOPROFIL PROD. ROMANIA | C29: =SUMIF('Pplay1'!$F$3:$F$15,A29,'Pplay1'!$H$3:$H$15)+SUMIF('ריכוז'!$B$3:$B$30,A29,'ריכוז'!$C$3:$C$30) -> 25430.19
A30: 29 | B30: OY. EA. AB. | C30: =SUMIF('Pplay1'!$F$3:$F$15,A30,'Pplay1'!$H$3:$H$15)+SUMIF('ריכוז'!$B$3:$B$30,A30,'ריכוז'!$C$3:$C$30) -> 0
A31: 30 | B31: SEVEN GEAR | C31: =SUMIF('Pplay1'!$F$3:$F$15,A31,'Pplay1'!$H$3:$H$15)+SUMIF('ריכוז'!$B$3:$B$30,A31,'ריכוז'!$C$3:$C$30) -> 0
A32: 31 | B32: PHARMAG LACHMAIR GES. MBH | C32: =SUMIF('Pplay1'!$F$3:$F$15,A32,'Pplay1'!$H$3:$H$15)+SUMIF('ריכוז'!$B$3:$B$30,A32,'ריכוז'!$C$3:$C$30) -> 0
... A39: 36 | B39: NEW DISTRIBUTORS | C39: =SUMIF('Pplay1'!$F$3:$F$15,A39,'Pplay1'!$H$3:$H$15)+SUMIF('ריכוז'!$B$3:$B$30,A39,'ריכוז'!$C$3:$C$30) -> 0
B40: סה"כ חו"ל | C40: =SUM(C20:C39) -> 242308.13
B41: סה"כ מכירות | C41: =C40+C19 -> 1482349.5

Sheet Pplay1
A1: מקרא | F1: עמודות מחושבות (נוספו)
B2: בתי מרקחת | C2: BE | D2: סופר פארם | E2: מאוחדת | F2: לקוח # | G2: סכום גולמי (PPLAY1) | H2: מכר נטו
A3: 0בתי מרקחת | B3: 4 | F3: =IF(B3<>"",B3,IF(C3<>"",C3,IF(D3<>"",D3,IF(E3<>"",E3,"")))) -> 4 | G3: =IFERROR(INDEX('PPLAY1_מקור'!$B:$B,MATCH(A3,'PPLAY1_מקור'!$A:$A,0)),"") -> 138960.6 | H3: =IF(G3="","",G3*0.91) -> 126454.15
A4: 0מפיצי משנה | B4: 4 | F4: =IF(B4<>"",B4,IF(C4<>"",C4,IF(D4<>"",D4,IF(E4<>"",E4,"")))) -> 4 | G4: =IFERROR(INDEX('PPLAY1_מקור'!$B:$B,MATCH(A4,'PPLAY1_מקור'!$A:$A,0)),"") -> 310.4 | H4: =IF(G4="","",G4*0.91) -> 282.464
A5: 0פארמים | F5: =IF(B5<>"",B5,IF(C5<>"",C5,IF(D5<>"",D5,IF(E5<>"",E5,"")))) | G5: =IFERROR(INDEX('PPLAY1_מקור'!$B:$B,MATCH(A5,'PPLAY1_מקור'!$A:$A,0)),"") -> 379060 | H5: =IF(G5="","",G5*0.91) -> 344944.6
A6: אילת BE | C6: 7 | F6: =IF(B6<>"",B6,IF(C6<>"",C6,IF(D6<>"",D6,IF(E6<>"",E6,"")))) -> 7 | G6: =IFERROR(INDEX('PPLAY1_מקור'!$B:$B,MATCH(A6,'PPLAY1_מקור'!$A:$A,0)),"") -> 3608 | H6: =IF(G6="","",G6*0.91) -> 3283.28
A7: גוד פארם | B7: 4 | F7: =IF(B7<>"",B7,IF(C7<>"",C7,IF(D7<>"",D7,IF(E7<>"",E7,"")))) -> 4 | G7: =IFERROR(INDEX('PPLAY1_מקור'!$B:$B,MATCH(A7,'PPLAY1_מקור'!$A:$A,0)),"") -> 871.9 | H7: =IF(G7="","",G7*0.91) -> 793.429
A8: גוד פארם מרכז | B8: 4 | F8: =IF(B8<>"",B8,IF(C8<>"",C8,IF(D8<>"",D8,IF(E8<>"",E8,"")))) -> 4 | G8: =IFERROR(INDEX('PPLAY1_מקור'!$B:$B,MATCH(A8,'PPLAY1_מקור'!$A:$A,0)),"") | H8: =IF(G8="","",G8*0.91)
A9: הפרכל הפרפארם | C9: 7 | F9: =IF(B9<>"",B9,IF(C9<>"",C9,IF(D9<>"",D9,IF(E9<>"",E9,"")))) -> 7 | G9: =IFERROR(INDEX('PPLAY1_מקור'!$B:$B,MATCH(A9,'PPLAY1_מקור'!$A:$A,0)),"") -> 362.9 | H9: =IF(G9="","",G9*0.91) -> 330.239
A10: סופרפארם | D10: 1 | F10: =IF(B10<>"",B10,IF(C10<>"",C10,IF(D10<>"",D10,IF(E10<>"",E10,"")))) -> 1 | G10: =IFERROR(INDEX('PPLAY1_מקור'!$B:$B,MATCH(A10,'PPLAY1_מקור'!$A:$A,0)),"") -> 325992.5 | H10: =IF(G10="","",G10*0.91) -> 296653.17
A11: שופרסל BE | C11: 7 | F11: =IF(B11<>"",B11,IF(C11<>"",C11,IF(D11<>"",D11,IF(E11<>"",E11,"")))) -> 7 | G11: =IFERROR(INDEX('PPLAY1_מקור'!$B:$B,MATCH(A11,'PPLAY1_מקור'!$A:$A,0)),"") -> 49022.6 | H11: =IF(G11="","",G11*0.91) -> 44610.566
A12: 0צרכנים פרטיים | B12: 4 | F12: =IF(B12<>"",B12,IF(C12<>"",C12,IF(D12<>"",D12,IF(E12<>"",E12,"")))) -> 4 | G12: =IFERROR(INDEX('PPLAY1_מקור'!$B:$B,MATCH(A12,'PPLAY1_מקור'!$A:$A,0)),"") | H12: =IF(G12="","",G12*0.91)
A13: 0קופות חולים | E13: 8 | F13: =IF(B13<>"",B13,IF(C13<>"",C13,IF(D13<>"",D13,IF(E13<>"",E13,"")))) -> 8 | G13: =IFERROR(INDEX('PPLAY1_מקור'!$B:$B,MATCH(A13,'PPLAY1_מקור'!$A:$A,0)),"") -> 47989.3 | H13: =IF(G13="","",G13*0.91) -> 43670.263
A14: 0שונות | B14: 4 | F14: =IF(B14<>"",B14,IF(C14<>"",C14,IF(D14<>"",D14,IF(E14<>"",E14,"")))) -> 4 | G14: =IFERROR(INDEX('PPLAY1_מקור'!$B:$B,MATCH(A14,'PPLAY1_מקור'!$A:$A,0)),"") | H14: =IF(G14="","",G14*0.91)
A15: זיכויים BE | C15: 7 | F15: =IF(B15<>"",B15,IF(C15<>"",C15,IF(D15<>"",D15,IF(E15<>"",E15,"")))) -> 7 | G15: =IFERROR(INDEX('PPLAY1_מקור'!$B:$B,MATCH(A15,'PPLAY1_מקור'!$A:$A,0)),"") -> -797.7 | H15: =IF(G15="","",G15*0.91) -> -725.907

Sheet ריכוז
A1: מקרא | C1: סכום מכירות (NetSuite)
A3: 102 - Orthopedic institutes | B3: 6 | C3: =IFERROR(INDEX('NetSuite_מקור'!$D:$D,MATCH(A3,'NetSuite_מקור'!$A:$A,0)),"") -> 45788.74
A4: 111 - Superpharm Life | B4: 5 | C4: =IFERROR(INDEX('NetSuite_מקור'!$D:$D,MATCH(A4,'NetSuite_מקור'!$A:$A,0)),"") -> 193941.5
A5: 103 - Physiotherapy institutes | B5: 9 | C5: =IFERROR(INDEX('NetSuite_מקור'!$D:$D,MATCH(A5,'NetSuite_מקור'!$A:$A,0)),"") -> 9272.69
A6: 109 - Private Shops | B6: 11 | C6: =IFERROR(INDEX('NetSuite_מקור'!$D:$D,MATCH(A6,'NetSuite_מקור'!$A:$A,0)),"") -> 4935.24
A7: 101 - Factory customers | B7: 10 | C7: =IFERROR(INDEX('NetSuite_מקור'!$D:$D,MATCH(A7,'NetSuite_מקור'!$A:$A,0)),"") -> 5538.29
A8: 107 - Pharmacies | B8: 4 | C8: =IFERROR(INDEX('NetSuite_מקור'!$D:$D,MATCH(A8,'NetSuite_מקור'!$A:$A,0)),"") -> 10183.77
A9: 106 - Hospitals | B9: 13 | C9: =IFERROR(INDEX('NetSuite_מקור'!$D:$D,MATCH(A9,'NetSuite_מקור'!$A:$A,0)),"") -> 3512.91
A10: 113 - Kupat Holim Meuhedet | B10: 8 | C10: =IFERROR(INDEX('NetSuite_מקור'!$D:$D,MATCH(A10,'NetSuite_מקור'!$A:$A,0)),"")
A11: 112 - Kupat Holim Clalit | B11: 3 | C11: =IFERROR(INDEX('NetSuite_מקור'!$D:$D,MATCH(A11,'NetSuite_מקור'!$A:$A,0)),"") -> 175443.7
A12: 114 - IL online | B12: 2 | C12: =IFERROR(INDEX('NetSuite_מקור'!$D:$D,MATCH(A12,'NetSuite_מקור'!$A:$A,0)),"") -> 275743.41
A13: 115-SuperPharm Online | B13: 12 | C13: =IFERROR(INDEX('NetSuite_מקור'!$D:$D,MATCH(A13,'NetSuite_מקור'!$A:$A,0)),"") -> 329.49
A14: 205 - Health Care Prod. Gmbh GERMANY | B14: 23 | C14: =IFERROR(INDEX('NetSuite_מקור'!$D:$D,MATCH(A14,'NetSuite_מקור'!$A:$A,0)),"") -> 15160.58
... A30: 105 - Pedicure Salons | B30: 14 | C30: =IFERROR(INDEX('NetSuite_מקור'!$D:$D,MATCH(A30,'NetSuite_מקור'!$A:$A,0)),"")

Sheet PPLAY1_מקור
A1: Source: PPlay1.xlsx (cee37943), "PPlay1 of uriel (Reporter)", נוצר 24/09/2026 09:08:05, תקופה 2026/Sep (המשך MTD ספטמבר). קובץ נמסר 24/09/2026 בבוקר עבור דוח 23/09/2026 (נתוני MTD סגורים עד 23/09), לפי הנחיית המשתמש. נשלפו 10 שורות קטגוריה שיש להן נתונים עד כה החודש, מתוך 13 הקטגוריות במקרא גיליון Pplay1. 3 קטגוריות נותרות ללא נתונים עדיין החודש (גוד פארם מרכז, 0צרכנים פרטיים, 0שונות; תקין ל-MTD, לא נתון חסר). לעומת 22/09/2026 (הדוח היומי הקודם): רוב הקטגוריות המשיכו לצמוח באופן טבעי (0בתי מרקחת ₪135,264.2→₪138,960.6, 0פארמים ₪356,855→₪379,060, אילת BE ₪3,085.3→₪3,608, הפרכל הפרפארם ₪299.5→₪362.9, סופרפארם ₪313,456.8→₪325,992.5, שופרסל BE ₪39,939.3→₪49,022.6, 0קופות חולים ₪43,758.1→₪47,989.3); 0מפיצי משנה, גוד פארם וזיכויים BE נותרו ללא שינוי (₪310.4, ₪871.9, ₪-797.7 בהתאמה — אין תנועה חדשה בתקופה). שורת "Customers" בדוח המקור (₪566,320.3) היא שורת סה"כ-אב ואינה שווה לסכום שורות הקטגוריה (תקין וצפוי, כרגיל) — לא יובאה. מכר נטו = עמודה B × 0.91 (מקדם קבוע, מאושר ב-kirill.md; חל גם על ערך שלילי). הערת שקיפות טכנית: הקובץ הגולמי (xlsx תקני) נכשל בטעינה ישירה ע"י openpyxl עקב rgb="auto" לא תקין ב-xl/styles.xml, וקידוד windows-1255 לא תקין ב-xl/sharedStrings.xml, שניהם מוצהרים בקידוד windows-1255 — תוקן ע"י פענוח windows-1255 בשני הקבצים, החלפת rgb="auto"→rgb="00000000", ושינוי הצהרת הקידוד ל-UTF-8 בכל קובצי ה-XML הרלוונטיים, ללא LibreOffice. | B1: 2026/Sep (סכום גולמי, MTD) | C1: מכר נטו | D1: הערה
A2: 0בתי מרקחת | B2: 138960.6 | C2: =B2*0.91 -> 126454.15
A3: 0מפיצי משנה | B3: 310.4 | C3: =B3*0.91 -> 282.464
A4: 0פארמים | B4: 379060 | C4: =B4*0.91 -> 344944.6
A5: אילת BE | B5: 3608 | C5: =B5*0.91 -> 3283.28
A6: הפרכל הפרפארם | B6: 362.9 | C6: =B6*0.91 -> 330.239
A7: זיכויים BE | B7: -797.7 | C7: =B7*0.91 -> -725.907
A8: סופרפארם | B8: 325992.5 | C8: =B8*0.91 -> 296653.17
A9: שופרסל BE | B9: 49022.6 | C9: =B9*0.91 -> 44610.566
A10: 0קופות חולים | B10: 47989.3 | C10: =B10*0.91 -> 43670.263
A11: גוד פארם | B11: 871.9 | C11: =B11*0.91 -> 793.429

Sheet NetSuite_מקור
A1: Source: CustomSalesbyCustomerSummary843.xlsx (885e883a), Meditex Group IL, Custom Sales by Customer Summary, 01 September 2026 - 30 September 2026, נמסר 24/09/2026 עבור דוח 23/09/2026 (נתוני MTD, לפי הנחיית המשתמש). קובץ xlsx תקני (2007+) — נטען ישירות ע"י openpyxl ללא צורך בתיקון קידוד (בשונה מ-PPLAY1 באותו יום). נשלפו 13 שורות הסיכום (קטגוריה) שיש להן מכירות עד כה החודש, מתוך 28 הקטגוריות במקרא "ריכוז" (15 הקטגוריות הנותרות אין להן מכירות עדיין החודש — תקין ל-MTD, לא נתון חסר). לעומת 22/09/2026 (הדוח היומי הקודם): 102 Orthopedic institutes ₪39,421.73→₪45,788.74, 107 Pharmacies ₪8,833.05→₪10,183.77, 112 Kupat Holim Clalit ₪138,917.9→₪175,443.7, 114 IL online ₪265,577.79→₪275,743.41 — כולם גידול טבעי. 111 Superpharm Life, 103 Physiotherapy institutes, 109 Private Shops, 106 Hospitals, 115-SuperPharm Online, 205 Germany, 209 Romania ו-204 Sanaflex Greece נותרו ללא שינוי (אין חשבונית חדשה לאותו לקוח בתקופה שבין הדוחות — נבדק ואומת מול שורות הפירוט, לא שגיאת חישוב). חריגה לתשומת לב: 101 Factory customers ירדה מ-₪11,349.18 ל-₪5,538.29 (ירידה של כ-51%) — נבדק מול שורות הפירוט: הקטגוריה כוללת זיכוי (CM44692, ₪-6,247.2) שקיזז חשבונית קודמת מאותו לקוח (כבירן 1991 בע"מ) בתקופת ה-MTD, בנוסף לזיכוי קטן נוסף אצל ש.ל.י. סיירת ציוד (CM44691, ₪-1,397.79). ירידה ב-MTD כתוצאה מזיכויים היא תרחיש אפשרי ותקין (לא שגיאת חישוב), אך מדווחת כחריגה לפי הנחיית המשתמש. לא יובאו שורות פירוט חשבוניות/לקוחות-בת מהדוח הגולמי (1,696 שורות בקובץ המקור), לפי מוסכמת עבודה. סה"כ שורת "Total" בדוח הגולמי המלא: ₪816,503.74 — תואם בדיוק לסכום 13 שורות הקטגוריה שנשלפו (אומת ידנית, הפרש <0.0000001₪).
A2: Customer | D2: Sales
A3: 102 - Orthopedic institutes | D3: 45788.74
A4: 103 - Physiotherapy institutes | D4: 9272.69
A5: 109 - Private Shops | D5: 4935.24
A6: 111 - Superpharm Life | D6: 193941.5
A7: 101 - Factory customers | D7: 5538.29
A8: 107 - Pharmacies | D8: 10183.77
A9: 112 - Kupat Holim Clalit | D9: 175443.7
A10: 114 - IL online | D10: 275743.41
A11: 115-SuperPharm Online | D11: 329.49
A12: 205 - Health Care Prod. Gmbh GERMANY | D12: 15160.58
A13: 209 - Ortoprofil Prod ROMANIA | D13: 25430.19
A14: 204 - Sanaflex Anatomic GREECE | D14: 51223.23
A15: 106 - Hospitals | D15: 3512.91

Sheet Amazon_מקור
A1: Source: צילום מסך/נתונים שסופקו על ידי המשתמש (ראובן), לוח בקרה Sellerboard/Amazon Seller "Month to date, 1-23 September 2026", נמסר 24/09/2026 עבור דוח 23/09/2026, מאומת בטקסט (לא תמלול תמונה). נתונים נוספים שסופקו (לא בשימוש בנוסחה): Sales -1.9% מול תקופה קודמת, Orders/Units 1,723/1,767, Refunds 165, Est. payout $18,533.08, Gross profit -14.3% $8,155.91, Net profit -14.3% $8,155.91 (זהה ל-Gross profit, כפי שמופיע במקור).
A2: תיאור | B2: סכום ($) | C2: הערה
A3: Sales | B3: 54893.67 | C3: משמש בנוסחת 'סהכ'!C20: =(Sales+Refund cost)×3
A4: Refund cost | B4: -4728.96 | C4: מכפיל ×3 לפי הנחיית המשתמש (לא מתועד במקור התמונה)
