Workbook

Sheet השוואה
A1: השוואת מכירות 2025 מול 2026 - לפי קוד מוצר (CODE)
A2: תאריך חישוב: | B2: 46279
A3: מקור: sales_analysis_20256.xlsx (גיליונות "2025" ו-"2026", לקוח יחיד: 160136 SEVEN GEAR FINLAND OY). מרוכז לפי CODE מוצר; מוין לפי גודל השינוי המוחלט בסכום ביורו (מהגדול לקטן).
A4: הערה חשובה: לקובץ המקור אין עמודת תאריך בתוך השורות, ולכן לא ניתן לוודא מתוך הנתונים עצמם אם כל גיליון מכסה שנה קלנדרית מלאה. גיליון 2026 מכיל הרבה פחות שורות/כמות מגיליון 2025 (1,630 יח' מול 2,980 יח'), מה שמתיישב עם נתון חלקי לשנה (הקובץ עודכן ב-14/09/2026) ולא בהכרח ירידה עסקית אמיתית. יש לאמת מול ראובן/המשתמש את טווח התאריכים המדויק שמיוצג בכל גיליון לפני הסקת מסקנות עסקיות סופיות.
A6: CODE | B6: שם מוצר | C6: כמות 2025 | D6: כמות 2026 | E6: הפרש (יחידות) | F6: שינוי % (יחידות) | G6: סכום ביורו 2025 (€) | H6: סכום ביורו 2026 (€) | I6: הפרש (€) | J6: שינוי % (€) | K6: הערה
A7: 397 | B7: גרבי טיסה | C7: =SUMIF('מקור 2025'!$D:$D,$A7,'מקור 2025'!$J:$J) -> 390 | D7: =SUMIF('מקור 2026'!$D:$D,$A7,'מקור 2026'!$J:$J) -> 0 | E7: =D7-C7 -> -390 | F7: =IF(C7=0,"מוצר חדש",(D7-C7)/C7) -> -1 | G7: =SUMIF('מקור 2025'!$D:$D,$A7,'מקור 2025'!$L:$L) -> 3159 | H7: =SUMIF('מקור 2026'!$D:$D,$A7,'מקור 2026'!$L:$L) -> 0 | I7: =H7-G7 -> -3159 | J7: =IF(G7=0,"מוצר חדש",(H7-G7)/G7) -> -1 | K7: =IF(AND(C7>0,D7=0),"הופסק ב-2026",IF(AND(C7=0,D7>0),"חדש ב-2026",IF(AND(C7>0,C7<10),"בסיס 2025 זניח (<10 יח׳) - % לא אינפורמטיבי",""))) -> הופסק ב-2026
A8: 397A | B8: גרבי נסיעות אנטיבקטריאלי | C8: =SUMIF('מקור 2025'!$D:$D,$A8,'מקור 2025'!$J:$J) -> 1 | D8: =SUMIF('מקור 2026'!$D:$D,$A8,'מקור 2026'!$J:$J) -> 370 | E8: =D8-C8 -> 369 | F8: =IF(C8=0,"מוצר חדש",(D8-C8)/C8) -> 369 | G8: =SUMIF('מקור 2025'!$D:$D,$A8,'מקור 2025'!$L:$L) -> 0.01 | H8: =SUMIF('מקור 2026'!$D:$D,$A8,'מקור 2026'!$L:$L) -> 2997 | I8: =H8-G8 -> 2996.99 | J8: =IF(G8=0,"מוצר חדש",(H8-G8)/G8) -> 299699 | K8: =IF(AND(C8>0,D8=0),"הופסק ב-2026",IF(AND(C8=0,D8>0),"חדש ב-2026",IF(AND(C8>0,C8<10),"בסיס 2025 זניח (<10 יח׳) - % לא אינפורמטיבי",""))) -> בסיס 2025 זניח (<10 יח׳) - % לא אינפורמטיבי
A9: AC43D | B9: מגן ברך עם תמיכות | C9: =SUMIF('מקור 2025'!$D:$D,$A9,'מקור 2025'!$J:$J) -> 160 | D9: =SUMIF('מקור 2026'!$D:$D,$A9,'מקור 2026'!$J:$J) -> 0 | E9: =D9-C9 -> -160 | F9: =IF(C9=0,"מוצר חדש",(D9-C9)/C9) -> -1 | G9: =SUMIF('מקור 2025'!$D:$D,$A9,'מקור 2025'!$L:$L) -> 1583 | H9: =SUMIF('מקור 2026'!$D:$D,$A9,'מקור 2026'!$L:$L) -> 0 | I9: =H9-G9 -> -1583 | J9: =IF(G9=0,"מוצר חדש",(H9-G9)/G9) -> -1 | K9: =IF(AND(C9>0,D9=0),"הופסק ב-2026",IF(AND(C9=0,D9>0),"חדש ב-2026",IF(AND(C9>0,C9<10),"בסיס 2025 זניח (<10 יח׳) - % לא אינפורמטיבי",""))) -> הופסק ב-2026
A10: AC45 | B10: מגן ברך עם תמיכות | C10: =SUMIF('מקור 2025'!$D:$D,$A10,'מקור 2025'!$J:$J) -> 0 | D10: =SUMIF('מקור 2026'!$D:$D,$A10,'מקור 2026'!$J:$J) -> 100 | E10: =D10-C10 -> 100 | F10: =IF(C10=0,"מוצר חדש",(D10-C10)/C10) -> מוצר חדש | G10: =SUMIF('מקור 2025'!$D:$D,$A10,'מקור 2025'!$L:$L) -> 0 | H10: =SUMIF('מקור 2026'!$D:$D,$A10,'מקור 2026'!$L:$L) -> 955 | I10: =H10-G10 -> 955 | J10: =IF(G10=0,"מוצר חדש",(H10-G10)/G10) -> מוצר חדש | K10: =IF(AND(C10>0,D10=0),"הופסק ב-2026",IF(AND(C10=0,D10>0),"חדש ב-2026",IF(AND(C10>0,C10<10),"בסיס 2025 זניח (<10 יח׳) - % לא אינפורמטיבי",""))) -> חדש ב-2026
A11: AC28 | B11: סד לאגודל | C11: =SUMIF('מקור 2025'!$D:$D,$A11,'מקור 2025'!$J:$J) -> 470 | D11: =SUMIF('מקור 2026'!$D:$D,$A11,'מקור 2026'!$J:$J) -> 260 | E11: =D11-C11 -> -210 | F11: =IF(C11=0,"מוצר חדש",(D11-C11)/C11) -> -0.44680851 | G11: =SUMIF('מקור 2025'!$D:$D,$A11,'מקור 2025'!$L:$L) -> 1997.5 | H11: =SUMIF('מקור 2026'!$D:$D,$A11,'מקור 2026'!$L:$L) -> 1105 | I11: =H11-G11 -> -892.5 | J11: =IF(G11=0,"מוצר חדש",(H11-G11)/G11) -> -0.44680851 | K11: =IF(AND(C11>0,D11=0),"הופסק ב-2026",IF(AND(C11=0,D11>0),"חדש ב-2026",IF(AND(C11>0,C11<10),"בסיס 2025 זניח (<10 יח׳) - % לא אינפורמטיבי","")))
A12: 85 | B12: מתלה יד-כיס | C12: =SUMIF('מקור 2025'!$D:$D,$A12,'מקור 2025'!$J:$J) -> 155 | D12: =SUMIF('מקור 2026'!$D:$D,$A12,'מקור 2026'!$J:$J) -> 0 | E12: =D12-C12 -> -155 | F12: =IF(C12=0,"מוצר חדש",(D12-C12)/C12) -> -1 | G12: =SUMIF('מקור 2025'!$D:$D,$A12,'מקור 2025'!$L:$L) -> 852.5 | H12: =SUMIF('מקור 2026'!$D:$D,$A12,'מקור 2026'!$L:$L) -> 0 | I12: =H12-G12 -> -852.5 | J12: =IF(G12=0,"מוצר חדש",(H12-G12)/G12) -> -1 | K12: =IF(AND(C12>0,D12=0),"הופסק ב-2026",IF(AND(C12=0,D12>0),"חדש ב-2026",IF(AND(C12>0,C12<10),"בסיס 2025 זניח (<10 יח׳) - % לא אינפורמטיבי",""))) -> הופסק ב-2026
A13: AC25 | B13: חבק לשורש כף היד | C13: =SUMIF('מקור 2025'!$D:$D,$A13,'מקור 2025'!$J:$J) -> 450 | D13: =SUMIF('מקור 2026'!$D:$D,$A13,'מקור 2026'!$J:$J) -> 260 | E13: =D13-C13 -> -190 | F13: =IF(C13=0,"מוצר חדש",(D13-C13)/C13) -> -0.42222222 | G13: =SUMIF('מקור 2025'!$D:$D,$A13,'מקור 2025'!$L:$L) -> 1912.5 | H13: =SUMIF('מקור 2026'!$D:$D,$A13,'מקור 2026'!$L:$L) -> 1105 | I13: =H13-G13 -> -807.5 | J13: =IF(G13=0,"מוצר חדש",(H13-G13)/G13) -> -0.42222222 | K13: =IF(AND(C13>0,D13=0),"הופסק ב-2026",IF(AND(C13=0,D13>0),"חדש ב-2026",IF(AND(C13>0,C13<10),"בסיס 2025 זניח (<10 יח׳) - % לא אינפורמטיבי","")))
A14: 45B | B14: מגן ברך שחור | C14: =SUMIF('מקור 2025'!$D:$D,$A14,'מקור 2025'!$J:$J) -> 255 | D14: =SUMIF('מקור 2026'!$D:$D,$A14,'מקור 2026'!$J:$J) -> 0 | E14: =D14-C14 -> -255 | F14: =IF(C14=0,"מוצר חדש",(D14-C14)/C14) -> -1 | G14: =SUMIF('מקור 2025'!$D:$D,$A14,'מקור 2025'!$L:$L) -> 803.25 | H14: =SUMIF('מקור 2026'!$D:$D,$A14,'מקור 2026'!$L:$L) -> 0 | I14: =H14-G14 -> -803.25 | J14: =IF(G14=0,"מוצר חדש",(H14-G14)/G14) -> -1 | K14: =IF(AND(C14>0,D14=0),"הופסק ב-2026",IF(AND(C14=0,D14>0),"חדש ב-2026",IF(AND(C14>0,C14<10),"בסיס 2025 זניח (<10 יח׳) - % לא אינפורמטיבי",""))) -> הופסק ב-2026
A15: AC07 | B15: חגורת גב עם תמיכות | C15: =SUMIF('מקור 2025'!$D:$D,$A15,'מקור 2025'!$J:$J) -> 60 | D15: =SUMIF('מקור 2026'!$D:$D,$A15,'מקור 2026'!$J:$J) -> 0 | E15: =D15-C15 -> -60 | F15: =IF(C15=0,"מוצר חדש",(D15-C15)/C15) -> -1 | G15: =SUMIF('מקור 2025'!$D:$D,$A15,'מקור 2025'!$L:$L) -> 675 | H15: =SUMIF('מקור 2026'!$D:$D,$A15,'מקור 2026'!$L:$L) -> 0 | I15: =H15-G15 -> -675 | J15: =IF(G15=0,"מוצר חדש",(H15-G15)/G15) -> -1 | K15: =IF(AND(C15>0,D15=0),"הופסק ב-2026",IF(AND(C15=0,D15>0),"חדש ב-2026",IF(AND(C15>0,C15<10),"בסיס 2025 זניח (<10 יח׳) - % לא אינפורמטיבי",""))) -> הופסק ב-2026
A16: AC27 | B16: AC27 | C16: =SUMIF('מקור 2025'!$D:$D,$A16,'מקור 2025'!$J:$J) -> 70 | D16: =SUMIF('מקור 2026'!$D:$D,$A16,'מקור 2026'!$J:$J) -> 0 | E16: =D16-C16 -> -70 | F16: =IF(C16=0,"מוצר חדש",(D16-C16)/C16) -> -1 | G16: =SUMIF('מקור 2025'!$D:$D,$A16,'מקור 2025'!$L:$L) -> 584.5 | H16: =SUMIF('מקור 2026'!$D:$D,$A16,'מקור 2026'!$L:$L) -> 0 | I16: =H16-G16 -> -584.5 | J16: =IF(G16=0,"מוצר חדש",(H16-G16)/G16) -> -1 | K16: =IF(AND(C16>0,D16=0),"הופסק ב-2026",IF(AND(C16=0,D16>0),"חדש ב-2026",IF(AND(C16>0,C16<10),"בסיס 2025 זניח (<10 יח׳) - % לא אינפורמטיבי",""))) -> הופסק ב-2026
A17: 801 | B17: ICE & GO | C17: =SUMIF('מקור 2025'!$D:$D,$A17,'מקור 2025'!$J:$J) -> 130 | D17: =SUMIF('מקור 2026'!$D:$D,$A17,'מקור 2026'!$J:$J) -> 0 | E17: =D17-C17 -> -130 | F17: =IF(C17=0,"מוצר חדש",(D17-C17)/C17) -> -1 | G17: =SUMIF('מקור 2025'!$D:$D,$A17,'מקור 2025'!$L:$L) -> 364 | H17: =SUMIF('מקור 2026'!$D:$D,$A17,'מקור 2026'!$L:$L) -> 0 | I17: =H17-G17 -> -364 | J17: =IF(G17=0,"מוצר חדש",(H17-G17)/G17) -> -1 | K17: =IF(AND(C17>0,D17=0),"הופסק ב-2026",IF(AND(C17=0,D17>0),"חדש ב-2026",IF(AND(C17>0,C17<10),"בסיס 2025 זניח (<10 יח׳) - % לא אינפורמטיבי",""))) -> הופסק ב-2026
A18: 35B | B18: מגן קרסול שחור | C18: =SUMIF('מקור 2025'!$D:$D,$A18,'מקור 2025'!$J:$J) -> 155 | D18: =SUMIF('מקור 2026'!$D:$D,$A18,'מקור 2026'!$J:$J) -> 60 | E18: =D18-C18 -> -95 | F18: =IF(C18=0,"מוצר חדש",(D18-C18)/C18) -> -0.61290323 | G18: =SUMIF('מקור 2025'!$D:$D,$A18,'מקור 2025'!$L:$L) -> 480.5 | H18: =SUMIF('מקור 2026'!$D:$D,$A18,'מקור 2026'!$L:$L) -> 186 | I18: =H18-G18 -> -294.5 | J18: =IF(G18=0,"מוצר חדש",(H18-G18)/G18) -> -0.61290323 | K18: =IF(AND(C18>0,D18=0),"הופסק ב-2026",IF(AND(C18=0,D18>0),"חדש ב-2026",IF(AND(C18>0,C18<10),"בסיס 2025 זניח (<10 יח׳) - % לא אינפורמטיבי","")))
... A33: AC95 | B33: מגן מרפק | C33: =SUMIF('מקור 2025'!$D:$D,$A33,'מקור 2025'!$J:$J) -> 20 | D33: =SUMIF('מקור 2026'!$D:$D,$A33,'מקור 2026'!$J:$J) -> 20 | E33: =D33-C33 -> 0 | F33: =IF(C33=0,"מוצר חדש",(D33-C33)/C33) -> 0 | G33: =SUMIF('מקור 2025'!$D:$D,$A33,'מקור 2025'!$L:$L) -> 93 | H33: =SUMIF('מקור 2026'!$D:$D,$A33,'מקור 2026'!$L:$L) -> 93 | I33: =H33-G33 -> 0 | J33: =IF(G33=0,"מוצר חדש",(H33-G33)/G33) -> 0 | K33: =IF(AND(C33>0,D33=0),"הופסק ב-2026",IF(AND(C33=0,D33>0),"חדש ב-2026",IF(AND(C33>0,C33<10),"בסיס 2025 זניח (<10 יח׳) - % לא אינפורמטיבי","")))
A34: סה"כ כללי | C34: =SUM(C7:C33) -> 2980 | D34: =SUM(D7:D33) -> 1630 | E34: =D34-C34 -> -1350 | F34: =IF(C34=0,"",(D34-C34)/C34) -> -0.45302013 | G34: =SUM(G7:G33) -> 15927.49 | H34: =SUM(H7:H33) -> 9257 | I34: =H34-G34 -> -6670.49 | J34: =IF(G34=0,"",(H34-G34)/G34) -> -0.41880359

Sheet מקור 2025
A1: נתוני מקור גולמיים - מקור 2025 (מתוך sales_analysis_20256.xlsx, ללא שינוי)
A2: Sale Type | B2: ID | C2: Customer | D2: CODE | E2: Item: Name (Grouped) | F2: Item: Name | G2: Item: Display Name | H2: Unit Price | I2: Sales | J2: Quantity | K2: Amount (Net) | L2: Amount (Foreign Currency) | M2: Unit price foreign currency
B3: 160136 | C3: 160136 SEVEN GEAR FINLAND OY | D3: 266 | E3: 266:266 0 | F3: 266 0 | G3: סד יד דו צדדי | H3: 23.28606 | I3: 698.58 | J3: 30 | K3: 698.58 | L3: 189 | M3: 6.3
B4: 160136 | C4: 160136 SEVEN GEAR FINLAND OY | D4: 266 | E4: 266:266 0 | F4: 266 0 | G4: סד יד דו צדדי | H4: 25.20756 | I4: 1008.3 | J4: 40 | K4: 1008.3 | L4: 252 | M4: 6.3
B5: 160136 | C5: 160136 SEVEN GEAR FINLAND OY | D5: 266 | E5: 266:266 0 | F5: 266 0 | G5: סד יד דו צדדי | H5: 23.93496 | I5: 957.4 | J5: 40 | K5: 957.4 | L5: 252 | M5: 6.3
B6: 160136 | C6: 160136 SEVEN GEAR FINLAND OY | D6: 307 | E6: 307:307 L | F6: 307 L | G6: כרית סיליקון לעקב | H6: 38.56188 | I6: 771.24 | J6: 20 | K6: 771.24 | L6: 203 | M6: 10.15
B7: 160136 | C7: 160136 SEVEN GEAR FINLAND OY | D7: 307 | E7: 307:307 M | F7: 307 M | G7: כרית סיליקון לעקב | H7: 40.61218 | I7: 812.24 | J7: 20 | K7: 812.24 | L7: 203 | M7: 10.15
B8: 160136 | C8: 160136 SEVEN GEAR FINLAND OY | D8: 307 | E8: 307:307 M | F8: 307 M | G8: כרית סיליקון לעקב | H8: 38.56188 | I8: 771.24 | J8: 20 | K8: 771.24 | L8: 203 | M8: 10.15
B9: 160136 | C9: 160136 SEVEN GEAR FINLAND OY | D9: 307 | E9: 307:307 XL | F9: 307 XL | G9: כרית סיליקון לעקב | H9: 38.56188 | I9: 385.62 | J9: 10 | K9: 385.62 | L9: 101.5 | M9: 10.15
B10: 160136 | C10: 160136 SEVEN GEAR FINLAND OY | D10: 35B | E10: 35-PARENT:35B:35B L | F10: 35B L | G10: מגן קרסול שחור | H10: 11.77752 | I10: 353.33 | J10: 30 | K10: 353.33 | L10: 93 | M10: 3.1
B11: 160136 | C11: 160136 SEVEN GEAR FINLAND OY | D11: 35B | E11: 35-PARENT:35B:35B L | F11: 35B L | G11: מגן קרסול שחור | H11: 11.45822 | I11: 114.58 | J11: 10 | K11: 114.58 | L11: 31 | M11: 3.1
B12: 160136 | C12: 160136 SEVEN GEAR FINLAND OY | D12: 35B | E12: 35-PARENT:35B:35B M | F12: 35B M | G12: מגן קרסול שחור | H12: 11.45822 | I12: 229.16 | J12: 20 | K12: 229.16 | L12: 62 | M12: 3.1
B13: 160136 | C13: 160136 SEVEN GEAR FINLAND OY | D13: 35B | E13: 35-PARENT:35B:35B M | F13: 35B M | G13: מגן קרסול שחור | H13: 11.77752 | I13: 235.55 | J13: 20 | K13: 235.55 | L13: 62 | M13: 3.1
B14: 160136 | C14: 160136 SEVEN GEAR FINLAND OY | D14: 35B | E14: 35-PARENT:35B:35B S | F14: 35B S | G14: מגן קרסול שחור | H14: 11.77752 | I14: 235.55 | J14: 20 | K14: 235.55 | L14: 62 | M14: 3.1
... B88: 160136 | C88: 160136 SEVEN GEAR FINLAND OY | D88: AC95 | E88: AC95:AC95 0 | F88: AC95 0 | G88: מגן מרפק | H88: 17.18733 | I88: 171.87 | J88: 10 | K88: 171.87 | L88: 46.5 | M88: 4.65

Sheet מקור 2026
A1: נתוני מקור גולמיים - מקור 2026 (מתוך sales_analysis_20256.xlsx, ללא שינוי)
A2: Sale Type | B2: ID | C2: Customer | D2: CODE | E2: Item: Name (Grouped) | F2: Item: Name | G2: Item: Display Name | H2: Unit Price | I2: Sales | J2: Quantity | K2: Amount (Net) | L2: Amount (Foreign Currency) | M2: Unit price foreign currency
B3: 160136 | C3: 160136 SEVEN GEAR FINLAND OY | D3: 266 | E3: 266:266 0 | F3: 266 0 | G3: סד יד דו צדדי | H3: 22.68441 | I3: 1361.06 | J3: 60 | K3: 1361.06 | L3: 378 | M3: 6.3
B4: 160136 | C4: 160136 SEVEN GEAR FINLAND OY | D4: 266 | E4: 266:266 0 | F4: 266 0 | G4: סד יד דו צדדי | H4: 22.03236 | I4: 1321.94 | J4: 60 | K4: 1321.94 | L4: 378 | M4: 6.3
B5: 160136 | C5: 160136 SEVEN GEAR FINLAND OY | D5: 307 | E5: 307:307 L | F5: 307 L | G5: כרית סיליקון לעקב | H5: 36.547105 | I5: 365.47 | J5: 10 | K5: 365.47 | L5: 101.5 | M5: 10.15
B6: 160136 | C6: 160136 SEVEN GEAR FINLAND OY | D6: 307 | E6: 307:307 L | F6: 307 L | G6: כרית סיליקון לעקב | H6: 35.49658 | I6: 354.97 | J6: 10 | K6: 354.97 | L6: 101.5 | M6: 10.15
B7: 160136 | C7: 160136 SEVEN GEAR FINLAND OY | D7: 307 | E7: 307:307 M | F7: 307 M | G7: כרית סיליקון לעקב | H7: 35.49658 | I7: 709.93 | J7: 20 | K7: 709.93 | L7: 203 | M7: 10.15
B8: 160136 | C8: 160136 SEVEN GEAR FINLAND OY | D8: 307 | E8: 307:307 M | F8: 307 M | G8: כרית סיליקון לעקב | H8: 36.547105 | I8: 730.94 | J8: 20 | K8: 730.94 | L8: 203 | M8: 10.15
B9: 160136 | C9: 160136 SEVEN GEAR FINLAND OY | D9: 312 | E9: 312:312 0 | F9: 312 0 | G9: מדבקה גדולה מסיליקון | H9: 6.46982 | I9: 129.4 | J9: 20 | K9: 129.4 | L9: 37 | M9: 1.85
B10: 160136 | C10: 160136 SEVEN GEAR FINLAND OY | D10: 312 | E10: 312:312 0 | F10: 312 0 | G10: מדבקה גדולה מסיליקון | H10: 6.661295 | I10: 133.23 | J10: 20 | K10: 133.23 | L10: 37 | M10: 1.85
B11: 160136 | C11: 160136 SEVEN GEAR FINLAND OY | D11: 35B | E11: 35-PARENT:35B:35B L | F11: 35B L | G11: מגן קרסול שחור | H11: 11.16217 | I11: 111.62 | J11: 10 | K11: 111.62 | L11: 31 | M11: 3.1
B12: 160136 | C12: 160136 SEVEN GEAR FINLAND OY | D12: 35B | E12: 35-PARENT:35B:35B L | F12: 35B L | G12: מגן קרסול שחור | H12: 10.84132 | I12: 108.41 | J12: 10 | K12: 108.41 | L12: 31 | M12: 3.1
B13: 160136 | C13: 160136 SEVEN GEAR FINLAND OY | D13: 35B | E13: 35-PARENT:35B:35B M | F13: 35B M | G13: מגן קרסול שחור | H13: 10.84132 | I13: 216.83 | J13: 20 | K13: 216.83 | L13: 62 | M13: 3.1
B14: 160136 | C14: 160136 SEVEN GEAR FINLAND OY | D14: 35B | E14: 35-PARENT:35B:35B M | F14: 35B M | G14: מגן קרסול שחור | H14: 11.16217 | I14: 223.24 | J14: 20 | K14: 223.24 | L14: 62 | M14: 3.1
... B44: 160136 | C44: 160136 SEVEN GEAR FINLAND OY | D44: AC95 | E44: AC95:AC95 0 | F44: AC95 0 | G44: מגן מרפק | H44: 16.26198 | I44: 162.62 | J44: 10 | K44: 162.62 | L44: 46.5 | M44: 4.65

Sheet סיכום ומסקנות
A1: סיכום ומסקנות - השוואת מכירות 2025 מול 2026 לפי CODE מוצר
A2: תאריך חישוב: | B2: =השוואה!B2 -> 46279
A4: נתונים כלליים:
A5: - לקוח יחיד בקובץ: 160136 SEVEN GEAR FINLAND OY.
A6: - סה"כ קודי מוצר (CODE) שנמכרו ב-2025: 25 קודים ייחודיים.
A7: - סה"כ קודי מוצר (CODE) שנמכרו ב-2026: 15 קודים ייחודיים.
A8: - סה"כ קודים שנבדקו (איחוד שתי השנים): 27 קודים ייחודיים.
A9: - סה"כ יחידות 2025: =SUM('השוואה'!C7:C33) יח' | סה"כ יחידות 2026: =SUM('השוואה'!D7:D33) יח' (ראו שורת הסה"כ בגיליון ההשוואה).
A10: - סה"כ סכום ביורו 2025: 15,927.49 € | סה"כ סכום ביורו 2026: 9,257.00 € - ירידה של כ-42% במונחים גולמיים.
A12: אזהרה מתודולוגית קריטית:
A13: קובץ המקור אינו כולל עמודת תאריך בתוך השורות (אין שדה "תאריך מכירה"). לכן אי אפשר לאמת מתוך הנתונים עצמם האם גיליון "2026" מכסה שנה קלנדרית מלאה או רק חלק ממנה (סביר מאוד, בהתחשב בכך שהקובץ הועלה ב-14/09/2026 ושיש בו רק 42 שורות/1,630 יחידות לעומת 86 שורות/2,980 יחידות ב-2025). הירידה הכוללת של כ-42%-45% בין השנים עשויה לשקף בעיקר את העובדה שב-2026 טרם חלפה שנה שלמה, ולא בהכרח ירידה עסקית אמיתית. מומלץ לאמת עם ראובן/המשתמש את טווח התאריכים המדויק של כל גיליון לפני הצגת המספרים כ"ירידה" בפני גורם מקבל החלטות.
A15: שינויי CODE שנראים כהחלפת מק"ט לאותו מוצר פיזי (ולא ירידה/עלייה אמיתית):
A16: - CODE 397 ("גרבי טיסה", 390 יח' / 3,159€ ב-2025, 0 ב-2026) מול CODE 397A ("גרבי נסיעות אנטיבקטריאלי", 1 יח' סמלית ב-2025 בלבד, 370 יח' / 2,997€ ב-2026): כמות ה-2026 של 397A (370 יח') קרובה מאוד לכמות ה-2025 של 397 (390 יח'), והשמות דומים במהות ("גרבי טיסה" מול "גרבי נסיעות") - נראה כמו אותו מוצר שעבר מיספור מחדש בין השנים, לא הפסקת מוצר + השקת מוצר חדש בפועל.
A17: - CODE AC43D ("מגן ברך עם תמיכות" / "מגן ברך + צירים", 160 יח' / 1,583€ ב-2025, 0 ב-2026) מול CODE AC45 ("מגן ברך עם תמיכות", 0 ב-2025, 100 יח' / 955€ ב-2026): שם המוצר זהה ("מגן ברך עם תמיכות") - נראה כאותה תבנית של מיספור מחדש.
... A38: - עמודת "Sale Type" בקובץ המקור ריקה בכל השורות בשני הגיליונות - לא נעשה בה שימוש. עמודת "Sales" זהה בפועל ל-"Amount (Net)" (שקלים) ולא נדרשה לבקשה הנוכחית (כמות + סכום ביורו).
