Workbook

Sheet ניו
A1: לקוח | B1: פריט אב | C1: סך עלות | D1: Euro | E1: mu
A2: NZ | B2: 078 | C2: 24.780153 | D2: 16.5 | E2: 2.6101534
A3: NZ | B3: 078G | C3: 28.763394 | D3: 16.5 | E3: 2.2486915
A4: NZ | B4: 07AU | C4: 80.020931 | D4: 38.75 | E4: 1.8982534
A5: NZ | B5: 11STO | C5: 27.751475 | D5: 22.5 | E5: 3.1782094
A6: NZ | B6: 11TO | C6: 39.612447 | D6: 21.85 | E6: 2.1622497
A7: NZ | B7: 13 | C7: 41.645439 | D7: 21.8 | E7: 2.0519894
A8: NZ | B8: 14 | C8: 62.103423 | D8: 29.95 | E8: 1.8904594
A9: NZ | B9: 15M | C9: 41.142264 | D9: 19.95 | E9: 1.9008191
A10: NZ | B10: 15W | C10: 36.494703 | D10: 18.9 | E10: 2.0301028
A11: NZ | B11: 16 | C11: 32.401747 | D11: 16.8 | E11: 2.032483
A12: NZ | B12: 21 | C12: 10.742199 | D12: 5.5 | E12: 2.0070379
A13: NZ | B13: 211 | C13: 9.7558581 | D13: 5.65 | E13: 2.2702257
A14: NZ | B14: 212 | C14: 10.064243 | D14: 5.85 | E14: 2.2785618
A15: NZ | B15: 237 | C15: 7.9041891 | D15: 4.65 | E15: 2.3061189
A16: NZ | B16: 238 | C16: 5.1708301 | D16: 2.8 | E16: 2.1226766
A17: NZ | B17: 239 | C17: 5.3603825 | D17: 3.25 | E17: 2.3766961
A18: NZ | B18: 250 | C18: 14.074193 | D18: 6.6 | E18: 1.8382582
A19: NZ | B19: 251 | C19: 13.981992 | D19: 7.5 | E19: 2.1027046
A20: NZ | B20: 26 | C20: 32.879937 | D20: 16.5 | E20: 1.9671571
A21: NZ | B21: 266 | C21: 12.43339 | D21: 6.3 | E21: 1.9862643
A22: NZ | B22: 268 | C22: 19.771523 | D22: 9.75 | E22: 1.9330832
A23: NZ | B23: 302M | C23: 16.673415 | D23: 9.1 | E23: 2.1394537
... A35: NZ | B35: 351 | C35: 17.432062 | D35: 9.15 | E35: 2.0575879
A36: NZ | B36: 35 | C36: 6.6482388 | D36: 3.55 | E36: 2.0931859
A37: NZ | B37: 35B | C37: 6.8426828 | D37: 3.55 | E37: 2.0337053
A38: NZ | B38: 35C | C38: 6.8426828 | D38: 3.55 | E38: 2.0337053
A39: NZ | B39: 3611 | C39: 17.795447 | D39: 9.1 | E39: 2.0045577
A40: NZ | B40: 362 | C40: 8.7565615 | D40: 4.9 | E40: 2.1935551
A41: NZ | B41: 3622S | C41: 9.4336352 | D41: 5.45 | E41: 2.2646625
A42: NZ | B42: 3623 | C42: 8.8779872 | D42: 5.1 | E42: 2.2518618
A43: NZ | B43: 363 | C43: 6.5625268 | D43: 3.65 | E43: 2.1802578
A44: NZ | B44: 364 S-L | C44: 2.9456457 | D44: 1.8 | E44: 2.3954001
A45: NZ | B45: 364 XL | C45: 3.4747457 | D45: 1.8 | E45: 2.0306522
A46: NZ | B46: 365 S-L | C46: 4.2153864 | D46: 2.15 | E46: 1.9993422
A47: NZ | B47: 365 XL | C47: 3.8495957 | D47: 2 | E47: 2.0365775
A48: NZ | B48: 3655 | C48: 4.6550457 | D48: 2.4 | E48: 2.0210328
A49: NZ | B49: 3666 | C49: 10.671621 | D49: 6.2 | E49: 2.2774423
A50: NZ | B50: 366S | C50: 4.4730941 | D50: 2.6 | E50: 2.2785123
A51: NZ | B51: 3672 | C51: 10.108953 | D51: 6.45 | E51: 2.5011492
A52: NZ | B52: 3674 | C52: 5.8353457 | D52: 4.65 | E52: 3.1237224
A53: NZ | B53: 3675 | C53: 7.9502588 | D53: 3.8 | E53: 1.8736497
A54: NZ | B54: 369 S-L | C54: 5.5410018 | D54: 2.95 | E54: 2.0869872
A55: NZ | B55: 369 XL | C55: 6.0035791 | D55: 3.2 | E55: 2.0894203
... A67: NZ | B67: 45EC | C67: 7.4426786 | D67: 3.95 | E67: 2.0804338
A68: NZ | B68: 45 | C68: 6.7649052 | D68: 3.55 | E68: 2.0570872
A69: NZ | B69: 45B | C69: 7.190102 | D69: 3.55 | E69: 1.9354385
A70: NZ | B70: 45C | C70: 6.8426828 | D70: 3.55 | E70: 2.0337053
A71: NZ | B71: 49 | C71: 7.5567651 | D71: 4.2 | E71: 2.17871
A72: NZ | B72: 49PS | C72: 36.876 | D72: 23.45 | E72: 2.4927866
A73: NZ | B73: 50 | C73: 33.657727 | D73: 16.7 | E73: 1.9449917
A74: NZ | B74: 55 | C74: 24.846822 | D74: 9.05 | E74: 1.4277882
A75: NZ | B75: 59D | C75: 52.912352 | D75: 28 | E75: 2.0743738
A76: NZ | B76: 59L | C76: 49.750709 | D76: 25.5 | E76: 2.0092176
A77: NZ | B77: 59R | C77: 49.750709 | D77: 25.5 | E77: 2.0092176
A78: NZ | B78: 60 | C78: 16.841621 | D78: 6.55 | E78: 1.5245564
A79: NZ | B79: 60B | C79: 16.840979 | D79: 7.5 | E79: 1.7457417
A80: NZ | B80: 61 | C80: 7.731 | D80: 5.05 | E80: 2.5606002
A81: NZ | B81: 70N | C81: 37.35 | D81: 34.8 | E81: 3.6523695
A82: NZ | B82: 75 | C82: 51.699979 | D82: 26.65 | E82: 2.0206585
A83: NZ | B83: 76 | C83: 57.635102 | D83: 31.35 | E83: 2.1322423
A84: NZ | B84: 801 | C84: 3.67 | D84: 2.8 | E84: 2.9907357
A85: NZ | B85: 804AT | C85: 4.7314626 | D85: 3.2 | E85: 2.6511886
A86: NZ | B86: 805AT | C86: 5.060152 | D86: 3 | E86: 2.3240409
A87: NZ | B87: 806CB | C87: 2.796 | D87: 2 | E87: 2.8040057
A88: NZ | B88: 807CB | C88: 2.616 | D88: 2.3 | E88: 3.4464832
A89: NZ | B89: 808KT | C89: 7.2788051 | D89: 4 | E89: 2.1541997
A90: NZ | B90: 82 | C90: 16.540549 | D90: 8.45 | E90: 2.0025938
A91: NZ | B91: 85K | C91: 15.600138 | D91: 7.9 | E91: 1.9851106
A92: NZ | B92: 85 | C92: 10.7 | D92: 5.8 | E92: 2.1248598
A93: NZ | B93: 85B | C93: 10.737112 | D93: 5.8 | E93: 2.1175154
A94: NZ | B94: 87 | C94: 58.440113 | D94: 32.8 | E94: 2.2001326
A95: NZ | B95: 91B | C95: 15.70668 | D95: 12 | E95: 2.994904
A96: NZ | B96: 95 | C96: 5.0426837 | D96: 3.1 | E96: 2.4098279
A97: NZ | B97: 95B | C97: 5.5845469 | D97: 3.1 | E97: 2.1760047
A98: NZ | B98: 95C | C98: 5.2371276 | D98: 3.1 | E98: 2.3203559
A99: NZ | B99: AC07 | C99: 26.797775 | D99: 14.7 | E99: 2.1503278
A100: NZ | B100: AC11 | C100: 22.406634 | D100: 11.7 | E100: 2.0468938
A101: NZ | B101: AC25 | C101: 9.5354533 | D101: 5.45 | E101: 2.2404808
A102: NZ | B102: AC27 | C102: 14.905488 | D102: 7.75 | E102: 2.0381754
A103: NZ | B103: AC28 | C103: 10.834701 | D103: 5.85 | E103: 2.1165329
A104: NZ | B104: AC37 | C104: 8.9420077 | D104: 5.25 | E104: 2.3014966
A105: NZ | B105: AC40 | C105: 22.707831 | D105: 12 | E105: 2.071532
A106: NZ | B106: AC43D | C106: 28.388471 | D106: 15.45 | E106: 2.1334013
A107: NZ | B107: AC45X | C107: 19.12583 | D107: 9.85 | E107: 2.0188405
A108: NZ | B108: AC49 | C108: 17.727703 | D108: 9.25 | E108: 2.0453863
... A165: NZ | B165: 213CTS | C165: 18.84 | D165: 11.75 | E165: 2.4447983
A166: NZ | B166: 202 | C166: 7.128 | D166: 4.9 | E166: 2.694725
A167: NZ | B167: 56B | C167: 9.741 | D167: 8.15 | E167: 3.2797454
A168: NZ | B168: SH322 | C168: 28.7958 | D168: 17.05 | E168: 2.3210329
A169: NZ | B169: SH922 | C169: 27.429 | D169: 17.05 | E169: 2.4366911
A170: NZ | B170: SH422 | C170: 39.5 | D170: 26.8 | E170: 2.6596456
A171: NZ | B171: SH333 | C171: 19.7 | D171: 15.3 | E171: 3.044467
A172: NZ | B172: 809PW | C172: 3.67 | D172: 2.35 | E172: 2.5100817
A173: NZ | B173: 397A | C173: 9.71 | D173: 8.1 | E173: 3.2700309
A174: NZ | B174: 395 | C174: 6.6 | D174: 5.8 | E174: 3.4448485
A175: NZ | B175: 391 | C175: 6.6 | D175: 6.3 | E175: 3.7418182
A176: NZ | B176: SH776 | C176: 44.12 | D176: 42 | E176: 3.731641
A177: NZ | B177: SH59 | C177: 28.2066 | D177: 22.6 | E177: 3.1408252
A178: NZ | B178: SH59 | C178: 36.2064 | D178: 25.85 | E178: 2.7987317
...

Sheet מדי 
A1: לקוח | B1: פריט אב | C1: סך עלות | D1: $ | E1: מחיר לאחר 10%בסחורה + 5% כספי | F1: 160951
A2: מדי | B2: 06U | C2: 42.668603 | D2: 20.8 | E2: 17.963636 | F2: 1.4103621
A3: מדי | B3: 077A | C3: 36.852078 | D3: 22.4 | E3: 14 | F3: 1.2726555
A4: מדי | B4: 078 | C4: 24.780153 | D4: 12.5 | E4: 10.795455 | F4: 1.4594249
A5: מדי | B5: K078 | C5: 22.876816 | D5: 12.5 | E5: 10.795455 | F5: 1.5808482
A6: מדי | B6: 07AU | C6: 80.020931 | D6: 40.7 | E6: 35.15 | F6: 1.4715213
A7: מדי | B7: 099 | C7: 35.87145 | D7: 22.3 | E7: 15 | F7: 1.4008355
A8: מדי | B8: 10 | C8: 44.864122 | D8: 25.79 | E8: 22.273182 | F8: 1.6631365
A9: מדי | B9: 11 | C9: 28.087776 | D9: 17.8 | E9: 15.372727 | F9: 1.8334893
A10: מדי | B10: 12 | C10: 63.750814 | D10: 32.2 | E10: 27.809091 | F10: 1.4613218
A11: מדי | B11: 15M | C11: 41.142264 | D11: 17.1 | E11: 14.768182 | F11: 1.202496
A12: מדי | B12: 15W | C12: 36.494703 | D12: 15.75 | E12: 13.602273 | F12: 1.248609
A13: מדי | B13: 20 | C13: 11.241719 | D13: 4.5 | E13: 3.8863636 | F13: 1.1581252
... A41: מדי | B41: 34+ | C41: 19.231895 | D41: 10.45 | E41: 9.025 | F41: 1.5720629
A42: מדי | B42: 35 | C42: 6.6482388 | D42: 3.85 | E42: 3.325 | F42: 1.6754437
A43: מדי | B43: K35 | C43: 6.8383573 | D43: 3.85 | E43: 3.325 | F43: 1.6288634
A44: מדי | B44: 35G | C44: 7.3456572 | D44: 2.9 | E44: 2.5045455 | F44: 1.1422024
A45: מדי | B45: 3611 | C45: 17.795447 | D45: 9.36 | E45: 8.0836364 | F45: 1.5217478
A46: מדי | B46: 362 | C46: 8.7565615 | D46: 4.35 | E46: 3.7568182 | F46: 1.4372469
A47: מדי | B47: 3623 | C47: 8.8779872 | D47: 4.4 | E47: 3.8 | F47: 1.4338836
A48: מדי | B48: 363 | C48: 6.5625268 | D48: 3.89 | E48: 3.3595455 | F48: 1.714961
A49: מדי | B49: 364 S-L | C49: 2.9456457 | D49: 3.28 | E49: 2.8327273 | F49: 3.221581
A50: מדי | B50: 364 XL | C50: 3.4747457 | D50: 1.91 | E50: 1.6495455 | F50: 1.5903256
A51: מדי | B51: 3641 | C51: 4.1400547 | D51: 1.6 | E51: 1.3818182 | F51: 1.1181231
A52: מדי | B52: 365 S-L | C52: 4.2153864 | D52: 2.28 | E52: 1.9690909 | F52: 1.5648517
A53: מדי | B53: 365 XL | C53: 3.8495957 | D53: 1.86 | E53: 1.6063636 | F53: 1.3978918
A54: מדי | B54: 3655 | C54: 4.6550457 | D54: 2.6 | E54: 2.2454545 | F54: 1.6159396
A55: מדי | B55: 3672 | C55: 10.108953 | D55: 5.15 | E55: 4.4477273 | F55: 1.4739297
A56: מדי | B56: 3674 | C56: 5.8353457 | D56: 5.2 | E56: 4.4909091 | F56: 2.5781755
A57: מדי | B57: 3675 | C57: 7.9502588 | D57: 4.1 | E57: 3.5409091 | F57: 1.4920326
A58: מדי | B58: 3677S | C58: 6.3278734 | D58: 3.52 | E58: 3.04 | F58: 1.6093875
A59: מדי | B59: 369 S-L | C59: 5.5410018 | D59: 2.9 | E59: 2.5045455 | F59: 1.5142076
A60: מדי | B60: 369 XL | C60: 6.0035791 | D60: 3.2 | E60: 2.7636364 | F60: 1.5421104
... A68: מדי | B68: 422 | C68: 66.126622 | D68: 25.6 | E68: 22.109091 | F68: 1.120055
A69: מדי | B69: 44 | C69: 125.03101 | D69: 59 | E69: 50.954545 | F69: 1.3652431
A70: מדי | B70: 45E | C70: 7.2093459 | D70: 4.37 | E70: 3.7740909 | F70: 1.7537242
A71: מדי | B71: 45 | C71: 6.7649052 | D71: 3.85 | E71: 3.325 | F71: 1.6465493
A72: מדי | B72: K45 | C72: 6.9550236 | D72: 3.85 | E72: 3.325 | F72: 1.6015402
A73: מדי | B73: 45G | C73: 7.4234347 | D73: 2.9 | E73: 2.5045455 | F73: 1.1302352
A74: מדי | B74: 55 | C74: 24.846822 | D74: 11.8 | E74: 10.190909 | F74: 1.3740005
A75: מדי | B75: 59L | C75: 49.750709 | D75: 28 | E75: 24.181818 | F75: 1.6283002
A76: מדי | B76: 59R | C76: 49.750709 | D76: 28 | E76: 24.181818 | F76: 1.6283002
A77: מדי | B77: 60 | C77: 16.841621 | D77: 8.94 | E77: 7.7209091 | F77: 1.5357813
A78: מדי | B78: 62 | C78: 17.757326 | D78: 8.95 | E78: 7.7295455 | F78: 1.4582138
A79: מדי | B79: 63 | C79: 15.795523 | D79: 8.48 | E79: 7.3236364 | F79: 1.5532364
A80: מדי | B80: 63 | C80: 15.795523 | D80: 8.48 | E80: 7.3236364 | F80: 1.5532364
A81: מדי | B81: 70 | C81: 116.7957 | D81: 52.3 | E81: 45.168182 | F81: 1.2955392
A82: מדי | B82: 70N | C82: 37.35 | D82: 52.3 | E82: 45.168182 | F82: 4.0512292
A83: מדי | B83: 74 | C83: 45.650654 | D83: 29.08 | E83: 25.114545 | F83: 1.8429906
A84: מדי | B84: 75 | C84: 51.699979 | D84: 25.73 | E84: 22.221364 | F84: 1.4398762
A85: מדי | B85: 776 | C85: 150.43323 | D85: 65.2 | E85: 56.309091 | F85: 1.2539481
A86: מדי | B86: 777 | C86: 133.60848 | D86: 62.5 | E86: 53.977273 | F86: 1.3533861
A87: מדי | B87: 78 | C87: 28.239755 | D87: 14.14 | E87: 12.211818 | F87: 1.4486525
A88: מדי | B88: 78A | C88: 50.618217 | D88: 19.8 | E88: 17.1 | F88: 1.1317072
A89: מדי | B89: 8011 | C89: 2.81 | D89: 2.3 | E89: 1.5 | F89: 1.7882562
A90: מדי | B90: 804AT | C90: 4.7314626 | D90: 3 | E90: 2.5909091 | F90: 1.8344318
A91: מדי | B91: 808KT | C91: 7.2788051 | D91: 4.5 | E91: 3.8863636 | F91: 1.7886615
A92: מדי | B92: 84 | C92: 47.179976 | D92: 21.63 | E92: 18.680455 | F92: 1.3264
A93: מדי | B93: 87 | C93: 58.440113 | D93: 29.85 | E93: 25.779545 | F93: 1.4777774
A94: מדי | B94: 91B | C94: 15.70668 | D94: 12 | E94: 10.363636 | F94: 2.2104086
A95: מדי | B95: 922 | C95: 46.122343 | D95: 17.3 | E95: 14.940909 | F95: 1.0852017
A96: מדי | B96: 95 | C96: 5.0426837 | D96: 3.85 | E96: 3.325 | F96: 2.2088932
A97: מדי | B97: 95G | C97: 7.2289908 | D97: 3.85 | E97: 2.9 | F97: 1.3438944
A98: מדי | B98: AC07 | C98: 26.797775 | D98: 16.28 | E98: 14.06 | F98: 1.7576459
A99: מדי | B99: AC11 | C99: 22.406634 | D99: 12.32 | E99: 10.64 | F99: 1.5907788
A100: מדי | B100: AC25 | C100: 9.5354533 | D100: 5.25 | E100: 4.5340909 | F100: 1.592919
A101: מדי | B101: AC27 | C101: 14.905488 | D101: 6.94 | E101: 5.9936364 | F101: 1.3470664
A102: מדי | B102: AC28 | C102: 10.834701 | D102: 4.84 | E102: 4.18 | F102: 1.2924215
A103: מדי | B103: AC37 | C103: 8.9420077 | D103: 5.5 | E103: 4.75 | F103: 1.7795221
A104: מדי | B104: AC43D | C104: 28.388471 | D104: 16.22 | E104: 14.008182 | F104: 1.6530446
A105: מדי | B105: AC45X | C105: 19.12583 | D105: 10.92 | E105: 9.4309091 | F105: 1.6518784
A106: מדי | B106: AC49 | C106: 17.727703 | D106: 10.85 | E106: 7.4 | F106: 1.3983763
A107: מדי | B107: AC75 | C107: 18.095435 | D107: 9.3 | E107: 8.0318182 | F107: 1.486927
A108: מדי | B108: AC91 | C108: 9.2159777 | D108: 4.8 | E108: 4.1454545 | F108: 1.5068692
... A125: מדי | B125: T98 | C125: 69.579442 | D125: 37.8 | E125: 32.645455 | F125: 1.5717613

Sheet OUT
A1: לקוח | B1: מספר אייטם | C1: מק''ט מחסן | D1: ONE SIZE | E1: מידה XS | F1: מידה S | G1: מידה M | H1: מידה L | I1: מידה XL | J1: מידה XXL | K1: מידה XXXL | L1: מידה XXXXL | M1: מבצע
A2: עיסא | B2: 99 | C2: 76606B29 | F2: 178
A3: עיסא | B3: 99 | C3: 76606B39 | H3: 510
A4: עיסא | B4: 077A | C4: 78100002 | F4: 200
A5: עיסא | B5: 077A | C5: 78100032 | H5: 300
A6: עיסא | B6: 267C L | C6: 77626722 | F6: 88
A7: עיסא | B7: 267C L | C7: 77626732 | H7: 58
A8: עיסא | B8: 267C L | C8: 77626752 | J8: 22
A9: עיסא | B9: 267B L | C9: 77626729 | F9: 123
A10: עיסא | B10: 267B L | C10: 77626739 | H10: 133
A11: עיסא | B11: 267B L | C11: 77626759 | J11: 71
A12: עיסא | B12: 267C R | C12: 77726722 | F12: 93
A13: עיסא | B13: 267C R | C13: 77726732 | H13: 49
A14: עיסא | B14: 267C R | C14: 77726752 | J14: 108
A15: עיסא | B15: 267B R | C15: 77726729 | F15: 110
A16: עיסא | B16: 267B R | C16: 77726739 | H16: 110
A17: עיסא | B17: 267B R | C17: 77726759 | J17: 75
A18: עיסא | B18: 78AB | C18: 78700069 | K18: 16
A19: עיסא | B19: 78AB | C19: 78700079 | L19: 12
A20: עיסא | B20: 78A | C20: 78700068 | K20: 114
A21: עיסא | B21: 78A | C21: 78700078 | L21: 104
A22: עיסא | B22: 922B | C22: 32900019 | F22: 11
A23: עיסא | B23: 922B | C23: 32900029 | G23: 18
A24: עיסא | B24: 922B | C24: 32900039 | H24: 13
A25: עיסא | B25: 922B | C25: 32900049 | I25: 15
A26: עיסא | B26: 922B | C26: 32900059 | J26: 10
A27: עיסא | B27: 922 | C27: 32900018 | F27: 57
A28: עיסא | B28: 922 | C28: 32900028 | G28: 120
A29: עיסא | B29: 922 | C29: 32900038 | H29: 50
A30: עיסא | B30: 922 | C30: 32900048 | I30: 0
A31: עיסא | B31: 922 | C31: 32900058 | J31: 50
A32: עיסא | B32: 95G | C32: 33000018 | F32: 400
A33: עיסא | B33: 95G | C33: 33000028 | G33: 620
A34: עיסא | B34: 95G | C34: 33000038 | H34: 640
A35: עיסא | B35: 95G | C35: 33000048 | I35: 320
A36: עיסא | B36: 95G | C36: 33000058 | J36: 220
A37: עיסא | B37: 422EB | C37: 31900019 | F37: 18
A38: עיסא | B38: 422EB | C38: 31900029 | G38: 150
A39: עיסא | B39: 422EB | C39: 31900039 | H39: 130
A40: עיסא | B40: 422EB | C40: 31900049 | I40: 90
A41: עיסא | B41: 422EB | C41: 31900059 | J41: 68
A42: עיסא | B42: 422EB | C42: 31900069 | K42: 126
A43: עיסא | B43: 422E | C43: 31900018 | F43: 60
A44: עיסא | B44: 422E | C44: 31900028 | G44: 52
A45: עיסא | B45: 422E | C45: 31900068 | K45: 102
A46: עיסא | B46: 322 | C46: 30800018 | F46: 20
A47: עיסא | B47: 322 | C47: 30800048 | I47: 40
A48: עיסא | B48: 322 | C48: 30800059 | J48: 35
A49: עיסא | B49: 322B | C49: 30800029 | G49: 40
A50: עיסא | B50: 332C | C50: 77633212 | F50: 70
A51: עיסא | B51: 332C | C51: 77633222 | G51: 118
A52: עיסא | B52: 332C | C52: 77633232 | H52: 59
A53: עיסא | B53: 332C | C53: 77633242 | I53: 84
A54: עיסא | B54: 332C | C54: 77633252 | J54: 45
A55: עיסא | B55: 332B | C55: 77633219 | F55: 44
A56: עיסא | B56: 332B | C56: 77633229 | G56: 72
A57: עיסא | B57: 332B | C57: 77633239 | H57: 30
A58: עיסא | B58: 332B | C58: 77633249 | I58: 101
A59: עיסא | B59: 332B | C59: 77633259 | J59: 76
A60: עיסא | B60: 355 | C60: 31000028 | G60: 50
A61: עיסא | B61: 355 | C61: 31000038 | H61: 60
A62: עיסא | B62: 355 | C62: 31000048 | I62: 10
A63: עיסא | B63: 355 | C63: 31000058 | J63: 10
A64: עיסא | B64: AC49 | C64: 783AC490 | D64: 1288
A65: עיסא | B65: 301B W | C65: 480301W5 | D65: 96 | E65: כחול אישה
A66: עיסא | B66: 301C W | C66: 480301W2 | D66: 144 | E66: ביג' אישה
A67: עיסא | B67: 303 37-38 | C67: 46730010 | D67: 100
A68: עיסא | B68: 303 39-40 | C68: 46730020 | D68: 20
A69: עיסא | B69: 303 41-42 | C69: 46730030 | D69: 30
A70: עיסא | B70: 303 43-44 | C70: 46730040 | D70: 130
A71: עיסא | B71: 303 45-46 | C71: 46730050 | D71: 190
A72: עיסא | B72: 304 37-38 | C72: 46700010 | D72: 151
A73: עיסא | B73: 304 39-40 | C73: 46700020 | D73: 52
A74: עיסא | B74: 304 41-42 | C74: 46700030 | D74: 80
A75: עיסא | B75: 304 43-44 | C75: 46700040 | D75: 215
A76: עיסא | B76: 304 45-46 | C76: 46700050 | D76: 160
A77: עיסא | B77: 377 | C77: 48137710 | E77: 35/291
A78: עיסא | B78: 377 | C78: 48137720 | E78: 36/80
A79: עיסא | B79: 377 | C79: 48137740 | E79: 38/40
A80: עיסא | B80: 377 | C80: 48137770 | E80: 41/130
A81: עיסא | B81: 377 | C81: 48137711 | E81: 44/161
A82: עיסא | B82: 377 | C82: 48137712 | E82: 45/100
A83: עיסא | B83: 377 | C83: 48137713 | E83: 46/381
A84: עיסא | B84: SP302 W | C84: 46700170 | D84: 1691
A85: עיסא | B85: 371 | C85: 48003710 | D85: 4000
A86: עיסא | B86: LF378 | C86: 46720012 | F86: 128
A87: עיסא | B87: LF378 | C87: 46720022 | G87: 368
A88: עיסא | B88: LF378 | C88: 46720032 | H88: 281
A89: עיסא | B89: LF371 | C89: 46803750 | D89: 1105
A90: עיסא | B90: 390W S | C90: 320390WS | D90: 300
A91: עיסא | B91: 390W M | C91: 320390WM | D91: 900
A92: עיסא | B92: 390W L | C92: 320390WL | D92: 600
A93: עיסא | B93: 390B S | C93: 320390BS | D93: 100
A94: עיסא | B94: 390B M | C94: 320390BM | D94: 100
A95: עיסא | B95: 390B L | C95: 320390BL | D95: 500
A96: עיסא | B96: 394W S | C96: 320394WS | D96: 100
A97: עיסא | B97: 394W M | C97: 320394WM | D97: 0
A98: עיסא | B98: 394W L | C98: 320394WL | D98: 300
A99: עיסא | B99: 394B S | C99: 320394BS | D99: 0
A100: עיסא | B100: 394B M | C100: 320394BM | D100: 0
...

Sheet סיכום מוצרים
A1: סיכום מוצרים - ניו + מדי (כל המוצרים משני הגיליונות, ללא OUT)
A2: תאריך חישוב: | B2: 46313
A3: מקור: גיליונות 'ניו' ו'מדי ' בלבד מתוך מוצרים-מדי-ניו.xlsx (גיליון OUT לא נכלל). התאמה בין המקורות לפי 'פריט אב', התאמה מדויקת.
A5: פריט אב | B5: שייך ל | C5: סך עלות | D5: Euro (ניו) | E5: mu (ניו) | F5: $ (מדי) | G5: מחיר לאחר 10% בסחורה + 5% כספי (מדי) | H5: 160951 (מדי)
A6: 078 | B6: =IF(AND(COUNTIF(ניו!$B:$B,$A6)>0,COUNTIF('מדי '!$B:$B,$A6)>0),"NZ + מדי",IF(COUNTIF(ניו!$B:$B,$A6)>0,"NZ","מדי")) -> NZ + מדי | C6: =IFERROR(INDEX(ניו!$C:$C,MATCH($A6,ניו!$B:$B,0)),IFERROR(INDEX('מדי '!$C:$C,MATCH($A6,'מדי '!$B:$B,0)),"")) -> 24.780153 | D6: =IFERROR(INDEX(ניו!$D:$D,MATCH($A6,ניו!$B:$B,0)),"") -> 16.5 | E6: =IFERROR(INDEX(ניו!$E:$E,MATCH($A6,ניו!$B:$B,0)),"") -> 2.6101534 | F6: =IFERROR(INDEX('מדי '!$D:$D,MATCH($A6,'מדי '!$B:$B,0)),"") -> 12.5 | G6: =IFERROR(INDEX('מדי '!$E:$E,MATCH($A6,'מדי '!$B:$B,0)),"") -> 10.795455 | H6: =IFERROR(INDEX('מדי '!$F:$F,MATCH($A6,'מדי '!$B:$B,0)),"") -> 1.4594249
A7: 078G | B7: =IF(AND(COUNTIF(ניו!$B:$B,$A7)>0,COUNTIF('מדי '!$B:$B,$A7)>0),"NZ + מדי",IF(COUNTIF(ניו!$B:$B,$A7)>0,"NZ","מדי")) -> NZ | C7: =IFERROR(INDEX(ניו!$C:$C,MATCH($A7,ניו!$B:$B,0)),IFERROR(INDEX('מדי '!$C:$C,MATCH($A7,'מדי '!$B:$B,0)),"")) -> 28.763394 | D7: =IFERROR(INDEX(ניו!$D:$D,MATCH($A7,ניו!$B:$B,0)),"") -> 16.5 | E7: =IFERROR(INDEX(ניו!$E:$E,MATCH($A7,ניו!$B:$B,0)),"") -> 2.2486915 | F7: =IFERROR(INDEX('מדי '!$D:$D,MATCH($A7,'מדי '!$B:$B,0)),"") | G7: =IFERROR(INDEX('מדי '!$E:$E,MATCH($A7,'מדי '!$B:$B,0)),"") | H7: =IFERROR(INDEX('מדי '!$F:$F,MATCH($A7,'מדי '!$B:$B,0)),"")
A8: 07AU | B8: =IF(AND(COUNTIF(ניו!$B:$B,$A8)>0,COUNTIF('מדי '!$B:$B,$A8)>0),"NZ + מדי",IF(COUNTIF(ניו!$B:$B,$A8)>0,"NZ","מדי")) -> NZ + מדי | C8: =IFERROR(INDEX(ניו!$C:$C,MATCH($A8,ניו!$B:$B,0)),IFERROR(INDEX('מדי '!$C:$C,MATCH($A8,'מדי '!$B:$B,0)),"")) -> 80.020931 | D8: =IFERROR(INDEX(ניו!$D:$D,MATCH($A8,ניו!$B:$B,0)),"") -> 38.75 | E8: =IFERROR(INDEX(ניו!$E:$E,MATCH($A8,ניו!$B:$B,0)),"") -> 1.8982534 | F8: =IFERROR(INDEX('מדי '!$D:$D,MATCH($A8,'מדי '!$B:$B,0)),"") -> 40.7 | G8: =IFERROR(INDEX('מדי '!$E:$E,MATCH($A8,'מדי '!$B:$B,0)),"") -> 35.15 | H8: =IFERROR(INDEX('מדי '!$F:$F,MATCH($A8,'מדי '!$B:$B,0)),"") -> 1.4715213
A9: 11STO | B9: =IF(AND(COUNTIF(ניו!$B:$B,$A9)>0,COUNTIF('מדי '!$B:$B,$A9)>0),"NZ + מדי",IF(COUNTIF(ניו!$B:$B,$A9)>0,"NZ","מדי")) -> NZ | C9: =IFERROR(INDEX(ניו!$C:$C,MATCH($A9,ניו!$B:$B,0)),IFERROR(INDEX('מדי '!$C:$C,MATCH($A9,'מדי '!$B:$B,0)),"")) -> 27.751475 | D9: =IFERROR(INDEX(ניו!$D:$D,MATCH($A9,ניו!$B:$B,0)),"") -> 22.5 | E9: =IFERROR(INDEX(ניו!$E:$E,MATCH($A9,ניו!$B:$B,0)),"") -> 3.1782094 | F9: =IFERROR(INDEX('מדי '!$D:$D,MATCH($A9,'מדי '!$B:$B,0)),"") | G9: =IFERROR(INDEX('מדי '!$E:$E,MATCH($A9,'מדי '!$B:$B,0)),"") | H9: =IFERROR(INDEX('מדי '!$F:$F,MATCH($A9,'מדי '!$B:$B,0)),"")
A10: 11TO | B10: =IF(AND(COUNTIF(ניו!$B:$B,$A10)>0,COUNTIF('מדי '!$B:$B,$A10)>0),"NZ + מדי",IF(COUNTIF(ניו!$B:$B,$A10)>0,"NZ","מדי")) -> NZ | C10: =IFERROR(INDEX(ניו!$C:$C,MATCH($A10,ניו!$B:$B,0)),IFERROR(INDEX('מדי '!$C:$C,MATCH($A10,'מדי '!$B:$B,0)),"")) -> 39.612447 | D10: =IFERROR(INDEX(ניו!$D:$D,MATCH($A10,ניו!$B:$B,0)),"") -> 21.85 | E10: =IFERROR(INDEX(ניו!$E:$E,MATCH($A10,ניו!$B:$B,0)),"") -> 2.1622497 | F10: =IFERROR(INDEX('מדי '!$D:$D,MATCH($A10,'מדי '!$B:$B,0)),"") | G10: =IFERROR(INDEX('מדי '!$E:$E,MATCH($A10,'מדי '!$B:$B,0)),"") | H10: =IFERROR(INDEX('מדי '!$F:$F,MATCH($A10,'מדי '!$B:$B,0)),"")
A11: 13 | B11: =IF(AND(COUNTIF(ניו!$B:$B,$A11)>0,COUNTIF('מדי '!$B:$B,$A11)>0),"NZ + מדי",IF(COUNTIF(ניו!$B:$B,$A11)>0,"NZ","מדי")) -> NZ | C11: =IFERROR(INDEX(ניו!$C:$C,MATCH($A11,ניו!$B:$B,0)),IFERROR(INDEX('מדי '!$C:$C,MATCH($A11,'מדי '!$B:$B,0)),"")) -> 41.645439 | D11: =IFERROR(INDEX(ניו!$D:$D,MATCH($A11,ניו!$B:$B,0)),"") -> 21.8 | E11: =IFERROR(INDEX(ניו!$E:$E,MATCH($A11,ניו!$B:$B,0)),"") -> 2.0519894 | F11: =IFERROR(INDEX('מדי '!$D:$D,MATCH($A11,'מדי '!$B:$B,0)),"") | G11: =IFERROR(INDEX('מדי '!$E:$E,MATCH($A11,'מדי '!$B:$B,0)),"") | H11: =IFERROR(INDEX('מדי '!$F:$F,MATCH($A11,'מדי '!$B:$B,0)),"")
A12: 14 | B12: =IF(AND(COUNTIF(ניו!$B:$B,$A12)>0,COUNTIF('מדי '!$B:$B,$A12)>0),"NZ + מדי",IF(COUNTIF(ניו!$B:$B,$A12)>0,"NZ","מדי")) -> NZ | C12: =IFERROR(INDEX(ניו!$C:$C,MATCH($A12,ניו!$B:$B,0)),IFERROR(INDEX('מדי '!$C:$C,MATCH($A12,'מדי '!$B:$B,0)),"")) -> 62.103423 | D12: =IFERROR(INDEX(ניו!$D:$D,MATCH($A12,ניו!$B:$B,0)),"") -> 29.95 | E12: =IFERROR(INDEX(ניו!$E:$E,MATCH($A12,ניו!$B:$B,0)),"") -> 1.8904594 | F12: =IFERROR(INDEX('מדי '!$D:$D,MATCH($A12,'מדי '!$B:$B,0)),"") | G12: =IFERROR(INDEX('מדי '!$E:$E,MATCH($A12,'מדי '!$B:$B,0)),"") | H12: =IFERROR(INDEX('מדי '!$F:$F,MATCH($A12,'מדי '!$B:$B,0)),"")
A13: 15M | B13: =IF(AND(COUNTIF(ניו!$B:$B,$A13)>0,COUNTIF('מדי '!$B:$B,$A13)>0),"NZ + מדי",IF(COUNTIF(ניו!$B:$B,$A13)>0,"NZ","מדי")) -> NZ + מדי | C13: =IFERROR(INDEX(ניו!$C:$C,MATCH($A13,ניו!$B:$B,0)),IFERROR(INDEX('מדי '!$C:$C,MATCH($A13,'מדי '!$B:$B,0)),"")) -> 41.142264 | D13: =IFERROR(INDEX(ניו!$D:$D,MATCH($A13,ניו!$B:$B,0)),"") -> 19.95 | E13: =IFERROR(INDEX(ניו!$E:$E,MATCH($A13,ניו!$B:$B,0)),"") -> 1.9008191 | F13: =IFERROR(INDEX('מדי '!$D:$D,MATCH($A13,'מדי '!$B:$B,0)),"") -> 17.1 | G13: =IFERROR(INDEX('מדי '!$E:$E,MATCH($A13,'מדי '!$B:$B,0)),"") -> 14.768182 | H13: =IFERROR(INDEX('מדי '!$F:$F,MATCH($A13,'מדי '!$B:$B,0)),"") -> 1.202496
A14: 15W | B14: =IF(AND(COUNTIF(ניו!$B:$B,$A14)>0,COUNTIF('מדי '!$B:$B,$A14)>0),"NZ + מדי",IF(COUNTIF(ניו!$B:$B,$A14)>0,"NZ","מדי")) -> NZ + מדי | C14: =IFERROR(INDEX(ניו!$C:$C,MATCH($A14,ניו!$B:$B,0)),IFERROR(INDEX('מדי '!$C:$C,MATCH($A14,'מדי '!$B:$B,0)),"")) -> 36.494703 | D14: =IFERROR(INDEX(ניו!$D:$D,MATCH($A14,ניו!$B:$B,0)),"") -> 18.9 | E14: =IFERROR(INDEX(ניו!$E:$E,MATCH($A14,ניו!$B:$B,0)),"") -> 2.0301028 | F14: =IFERROR(INDEX('מדי '!$D:$D,MATCH($A14,'מדי '!$B:$B,0)),"") -> 15.75 | G14: =IFERROR(INDEX('מדי '!$E:$E,MATCH($A14,'מדי '!$B:$B,0)),"") -> 13.602273 | H14: =IFERROR(INDEX('מדי '!$F:$F,MATCH($A14,'מדי '!$B:$B,0)),"") -> 1.248609
A15: 16 | B15: =IF(AND(COUNTIF(ניו!$B:$B,$A15)>0,COUNTIF('מדי '!$B:$B,$A15)>0),"NZ + מדי",IF(COUNTIF(ניו!$B:$B,$A15)>0,"NZ","מדי")) -> NZ | C15: =IFERROR(INDEX(ניו!$C:$C,MATCH($A15,ניו!$B:$B,0)),IFERROR(INDEX('מדי '!$C:$C,MATCH($A15,'מדי '!$B:$B,0)),"")) -> 32.401747 | D15: =IFERROR(INDEX(ניו!$D:$D,MATCH($A15,ניו!$B:$B,0)),"") -> 16.8 | E15: =IFERROR(INDEX(ניו!$E:$E,MATCH($A15,ניו!$B:$B,0)),"") -> 2.032483 | F15: =IFERROR(INDEX('מדי '!$D:$D,MATCH($A15,'מדי '!$B:$B,0)),"") | G15: =IFERROR(INDEX('מדי '!$E:$E,MATCH($A15,'מדי '!$B:$B,0)),"") | H15: =IFERROR(INDEX('מדי '!$F:$F,MATCH($A15,'מדי '!$B:$B,0)),"")
A16: 21 | B16: =IF(AND(COUNTIF(ניו!$B:$B,$A16)>0,COUNTIF('מדי '!$B:$B,$A16)>0),"NZ + מדי",IF(COUNTIF(ניו!$B:$B,$A16)>0,"NZ","מדי")) -> NZ + מדי | C16: =IFERROR(INDEX(ניו!$C:$C,MATCH($A16,ניו!$B:$B,0)),IFERROR(INDEX('מדי '!$C:$C,MATCH($A16,'מדי '!$B:$B,0)),"")) -> 10.742199 | D16: =IFERROR(INDEX(ניו!$D:$D,MATCH($A16,ניו!$B:$B,0)),"") -> 5.5 | E16: =IFERROR(INDEX(ניו!$E:$E,MATCH($A16,ניו!$B:$B,0)),"") -> 2.0070379 | F16: =IFERROR(INDEX('מדי '!$D:$D,MATCH($A16,'מדי '!$B:$B,0)),"") -> 5.73 | G16: =IFERROR(INDEX('מדי '!$E:$E,MATCH($A16,'מדי '!$B:$B,0)),"") -> 4.9486364 | H16: =IFERROR(INDEX('מדי '!$F:$F,MATCH($A16,'מדי '!$B:$B,0)),"") -> 1.5432532
A17: 211 | B17: =IF(AND(COUNTIF(ניו!$B:$B,$A17)>0,COUNTIF('מדי '!$B:$B,$A17)>0),"NZ + מדי",IF(COUNTIF(ניו!$B:$B,$A17)>0,"NZ","מדי")) -> NZ | C17: =IFERROR(INDEX(ניו!$C:$C,MATCH($A17,ניו!$B:$B,0)),IFERROR(INDEX('מדי '!$C:$C,MATCH($A17,'מדי '!$B:$B,0)),"")) -> 9.7558581 | D17: =IFERROR(INDEX(ניו!$D:$D,MATCH($A17,ניו!$B:$B,0)),"") -> 5.65 | E17: =IFERROR(INDEX(ניו!$E:$E,MATCH($A17,ניו!$B:$B,0)),"") -> 2.2702257 | F17: =IFERROR(INDEX('מדי '!$D:$D,MATCH($A17,'מדי '!$B:$B,0)),"") | G17: =IFERROR(INDEX('מדי '!$E:$E,MATCH($A17,'מדי '!$B:$B,0)),"") | H17: =IFERROR(INDEX('מדי '!$F:$F,MATCH($A17,'מדי '!$B:$B,0)),"")
A18: 212 | B18: =IF(AND(COUNTIF(ניו!$B:$B,$A18)>0,COUNTIF('מדי '!$B:$B,$A18)>0),"NZ + מדי",IF(COUNTIF(ניו!$B:$B,$A18)>0,"NZ","מדי")) -> NZ | C18: =IFERROR(INDEX(ניו!$C:$C,MATCH($A18,ניו!$B:$B,0)),IFERROR(INDEX('מדי '!$C:$C,MATCH($A18,'מדי '!$B:$B,0)),"")) -> 10.064243 | D18: =IFERROR(INDEX(ניו!$D:$D,MATCH($A18,ניו!$B:$B,0)),"") -> 5.85 | E18: =IFERROR(INDEX(ניו!$E:$E,MATCH($A18,ניו!$B:$B,0)),"") -> 2.2785618 | F18: =IFERROR(INDEX('מדי '!$D:$D,MATCH($A18,'מדי '!$B:$B,0)),"") | G18: =IFERROR(INDEX('מדי '!$E:$E,MATCH($A18,'מדי '!$B:$B,0)),"") | H18: =IFERROR(INDEX('מדי '!$F:$F,MATCH($A18,'מדי '!$B:$B,0)),"")
A19: 237 | B19: =IF(AND(COUNTIF(ניו!$B:$B,$A19)>0,COUNTIF('מדי '!$B:$B,$A19)>0),"NZ + מדי",IF(COUNTIF(ניו!$B:$B,$A19)>0,"NZ","מדי")) -> NZ | C19: =IFERROR(INDEX(ניו!$C:$C,MATCH($A19,ניו!$B:$B,0)),IFERROR(INDEX('מדי '!$C:$C,MATCH($A19,'מדי '!$B:$B,0)),"")) -> 7.9041891 | D19: =IFERROR(INDEX(ניו!$D:$D,MATCH($A19,ניו!$B:$B,0)),"") -> 4.65 | E19: =IFERROR(INDEX(ניו!$E:$E,MATCH($A19,ניו!$B:$B,0)),"") -> 2.3061189 | F19: =IFERROR(INDEX('מדי '!$D:$D,MATCH($A19,'מדי '!$B:$B,0)),"") | G19: =IFERROR(INDEX('מדי '!$E:$E,MATCH($A19,'מדי '!$B:$B,0)),"") | H19: =IFERROR(INDEX('מדי '!$F:$F,MATCH($A19,'מדי '!$B:$B,0)),"")
A20: 238 | B20: =IF(AND(COUNTIF(ניו!$B:$B,$A20)>0,COUNTIF('מדי '!$B:$B,$A20)>0),"NZ + מדי",IF(COUNTIF(ניו!$B:$B,$A20)>0,"NZ","מדי")) -> NZ + מדי | C20: =IFERROR(INDEX(ניו!$C:$C,MATCH($A20,ניו!$B:$B,0)),IFERROR(INDEX('מדי '!$C:$C,MATCH($A20,'מדי '!$B:$B,0)),"")) -> 5.1708301 | D20: =IFERROR(INDEX(ניו!$D:$D,MATCH($A20,ניו!$B:$B,0)),"") -> 2.8 | E20: =IFERROR(INDEX(ניו!$E:$E,MATCH($A20,ניו!$B:$B,0)),"") -> 2.1226766 | F20: =IFERROR(INDEX('מדי '!$D:$D,MATCH($A20,'מדי '!$B:$B,0)),"") -> 2.6 | G20: =IFERROR(INDEX('מדי '!$E:$E,MATCH($A20,'מדי '!$B:$B,0)),"") -> 2.2454545 | H20: =IFERROR(INDEX('מדי '!$F:$F,MATCH($A20,'מדי '!$B:$B,0)),"") -> 1.4547515
A21: 239 | B21: =IF(AND(COUNTIF(ניו!$B:$B,$A21)>0,COUNTIF('מדי '!$B:$B,$A21)>0),"NZ + מדי",IF(COUNTIF(ניו!$B:$B,$A21)>0,"NZ","מדי")) -> NZ | C21: =IFERROR(INDEX(ניו!$C:$C,MATCH($A21,ניו!$B:$B,0)),IFERROR(INDEX('מדי '!$C:$C,MATCH($A21,'מדי '!$B:$B,0)),"")) -> 5.3603825 | D21: =IFERROR(INDEX(ניו!$D:$D,MATCH($A21,ניו!$B:$B,0)),"") -> 3.25 | E21: =IFERROR(INDEX(ניו!$E:$E,MATCH($A21,ניו!$B:$B,0)),"") -> 2.3766961 | F21: =IFERROR(INDEX('מדי '!$D:$D,MATCH($A21,'מדי '!$B:$B,0)),"") | G21: =IFERROR(INDEX('מדי '!$E:$E,MATCH($A21,'מדי '!$B:$B,0)),"") | H21: =IFERROR(INDEX('מדי '!$F:$F,MATCH($A21,'מדי '!$B:$B,0)),"")
A22: 250 | B22: =IF(AND(COUNTIF(ניו!$B:$B,$A22)>0,COUNTIF('מדי '!$B:$B,$A22)>0),"NZ + מדי",IF(COUNTIF(ניו!$B:$B,$A22)>0,"NZ","מדי")) -> NZ | C22: =IFERROR(INDEX(ניו!$C:$C,MATCH($A22,ניו!$B:$B,0)),IFERROR(INDEX('מדי '!$C:$C,MATCH($A22,'מדי '!$B:$B,0)),"")) -> 14.074193 | D22: =IFERROR(INDEX(ניו!$D:$D,MATCH($A22,ניו!$B:$B,0)),"") -> 6.6 | E22: =IFERROR(INDEX(ניו!$E:$E,MATCH($A22,ניו!$B:$B,0)),"") -> 1.8382582 | F22: =IFERROR(INDEX('מדי '!$D:$D,MATCH($A22,'מדי '!$B:$B,0)),"") | G22: =IFERROR(INDEX('מדי '!$E:$E,MATCH($A22,'מדי '!$B:$B,0)),"") | H22: =IFERROR(INDEX('מדי '!$F:$F,MATCH($A22,'מדי '!$B:$B,0)),"")
A23: 251 | B23: =IF(AND(COUNTIF(ניו!$B:$B,$A23)>0,COUNTIF('מדי '!$B:$B,$A23)>0),"NZ + מדי",IF(COUNTIF(ניו!$B:$B,$A23)>0,"NZ","מדי")) -> NZ | C23: =IFERROR(INDEX(ניו!$C:$C,MATCH($A23,ניו!$B:$B,0)),IFERROR(INDEX('מדי '!$C:$C,MATCH($A23,'מדי '!$B:$B,0)),"")) -> 13.981992 | D23: =IFERROR(INDEX(ניו!$D:$D,MATCH($A23,ניו!$B:$B,0)),"") -> 7.5 | E23: =IFERROR(INDEX(ניו!$E:$E,MATCH($A23,ניו!$B:$B,0)),"") -> 2.1027046 | F23: =IFERROR(INDEX('מדי '!$D:$D,MATCH($A23,'מדי '!$B:$B,0)),"") | G23: =IFERROR(INDEX('מדי '!$E:$E,MATCH($A23,'מדי '!$B:$B,0)),"") | H23: =IFERROR(INDEX('מדי '!$F:$F,MATCH($A23,'מדי '!$B:$B,0)),"")
A24: 26 | B24: =IF(AND(COUNTIF(ניו!$B:$B,$A24)>0,COUNTIF('מדי '!$B:$B,$A24)>0),"NZ + מדי",IF(COUNTIF(ניו!$B:$B,$A24)>0,"NZ","מדי")) -> NZ + מדי | C24: =IFERROR(INDEX(ניו!$C:$C,MATCH($A24,ניו!$B:$B,0)),IFERROR(INDEX('מדי '!$C:$C,MATCH($A24,'מדי '!$B:$B,0)),"")) -> 32.879937 | D24: =IFERROR(INDEX(ניו!$D:$D,MATCH($A24,ניו!$B:$B,0)),"") -> 16.5 | E24: =IFERROR(INDEX(ניו!$E:$E,MATCH($A24,ניו!$B:$B,0)),"") -> 1.9671571 | F24: =IFERROR(INDEX('מדי '!$D:$D,MATCH($A24,'מדי '!$B:$B,0)),"") -> 15.55 | G24: =IFERROR(INDEX('מדי '!$E:$E,MATCH($A24,'מדי '!$B:$B,0)),"") -> 13.429545 | H24: =IFERROR(INDEX('מדי '!$F:$F,MATCH($A24,'מדי '!$B:$B,0)),"") -> 1.3682805
A25: 266 | B25: =IF(AND(COUNTIF(ניו!$B:$B,$A25)>0,COUNTIF('מדי '!$B:$B,$A25)>0),"NZ + מדי",IF(COUNTIF(ניו!$B:$B,$A25)>0,"NZ","מדי")) -> NZ + מדי | C25: =IFERROR(INDEX(ניו!$C:$C,MATCH($A25,ניו!$B:$B,0)),IFERROR(INDEX('מדי '!$C:$C,MATCH($A25,'מדי '!$B:$B,0)),"")) -> 12.43339 | D25: =IFERROR(INDEX(ניו!$D:$D,MATCH($A25,ניו!$B:$B,0)),"") -> 6.3 | E25: =IFERROR(INDEX(ניו!$E:$E,MATCH($A25,ניו!$B:$B,0)),"") -> 1.9862643 | F25: =IFERROR(INDEX('מדי '!$D:$D,MATCH($A25,'מדי '!$B:$B,0)),"") -> 8.2 | G25: =IFERROR(INDEX('מדי '!$E:$E,MATCH($A25,'מדי '!$B:$B,0)),"") -> 7.0818182 | H25: =IFERROR(INDEX('מדי '!$F:$F,MATCH($A25,'מדי '!$B:$B,0)),"") -> 1.9080951
A26: 268 | B26: =IF(AND(COUNTIF(ניו!$B:$B,$A26)>0,COUNTIF('מדי '!$B:$B,$A26)>0),"NZ + מדי",IF(COUNTIF(ניו!$B:$B,$A26)>0,"NZ","מדי")) -> NZ + מדי | C26: =IFERROR(INDEX(ניו!$C:$C,MATCH($A26,ניו!$B:$B,0)),IFERROR(INDEX('מדי '!$C:$C,MATCH($A26,'מדי '!$B:$B,0)),"")) -> 19.771523 | D26: =IFERROR(INDEX(ניו!$D:$D,MATCH($A26,ניו!$B:$B,0)),"") -> 9.75 | E26: =IFERROR(INDEX(ניו!$E:$E,MATCH($A26,ניו!$B:$B,0)),"") -> 1.9330832 | F26: =IFERROR(INDEX('מדי '!$D:$D,MATCH($A26,'מדי '!$B:$B,0)),"") -> 11.7 | G26: =IFERROR(INDEX('מדי '!$E:$E,MATCH($A26,'מדי '!$B:$B,0)),"") -> 10.104545 | H26: =IFERROR(INDEX('מדי '!$F:$F,MATCH($A26,'מדי '!$B:$B,0)),"") -> 1.7120698
A27: 302M | B27: =IF(AND(COUNTIF(ניו!$B:$B,$A27)>0,COUNTIF('מדי '!$B:$B,$A27)>0),"NZ + מדי",IF(COUNTIF(ניו!$B:$B,$A27)>0,"NZ","מדי")) -> NZ + מדי | C27: =IFERROR(INDEX(ניו!$C:$C,MATCH($A27,ניו!$B:$B,0)),IFERROR(INDEX('מדי '!$C:$C,MATCH($A27,'מדי '!$B:$B,0)),"")) -> 16.673415 | D27: =IFERROR(INDEX(ניו!$D:$D,MATCH($A27,ניו!$B:$B,0)),"") -> 9.1 | E27: =IFERROR(INDEX(ניו!$E:$E,MATCH($A27,ניו!$B:$B,0)),"") -> 2.1394537 | F27: =IFERROR(INDEX('מדי '!$D:$D,MATCH($A27,'מדי '!$B:$B,0)),"") -> 8.5 | G27: =IFERROR(INDEX('מדי '!$E:$E,MATCH($A27,'מדי '!$B:$B,0)),"") -> 7.3409091 | H27: =IFERROR(INDEX('מדי '!$F:$F,MATCH($A27,'מדי '!$B:$B,0)),"") -> 1.4749255
... A39: 351 | B39: =IF(AND(COUNTIF(ניו!$B:$B,$A39)>0,COUNTIF('מדי '!$B:$B,$A39)>0),"NZ + מדי",IF(COUNTIF(ניו!$B:$B,$A39)>0,"NZ","מדי")) -> NZ | C39: =IFERROR(INDEX(ניו!$C:$C,MATCH($A39,ניו!$B:$B,0)),IFERROR(INDEX('מדי '!$C:$C,MATCH($A39,'מדי '!$B:$B,0)),"")) -> 17.432062 | D39: =IFERROR(INDEX(ניו!$D:$D,MATCH($A39,ניו!$B:$B,0)),"") -> 9.15 | E39: =IFERROR(INDEX(ניו!$E:$E,MATCH($A39,ניו!$B:$B,0)),"") -> 2.0575879 | F39: =IFERROR(INDEX('מדי '!$D:$D,MATCH($A39,'מדי '!$B:$B,0)),"") | G39: =IFERROR(INDEX('מדי '!$E:$E,MATCH($A39,'מדי '!$B:$B,0)),"") | H39: =IFERROR(INDEX('מדי '!$F:$F,MATCH($A39,'מדי '!$B:$B,0)),"")
A40: 35 | B40: =IF(AND(COUNTIF(ניו!$B:$B,$A40)>0,COUNTIF('מדי '!$B:$B,$A40)>0),"NZ + מדי",IF(COUNTIF(ניו!$B:$B,$A40)>0,"NZ","מדי")) -> NZ + מדי | C40: =IFERROR(INDEX(ניו!$C:$C,MATCH($A40,ניו!$B:$B,0)),IFERROR(INDEX('מדי '!$C:$C,MATCH($A40,'מדי '!$B:$B,0)),"")) -> 6.6482388 | D40: =IFERROR(INDEX(ניו!$D:$D,MATCH($A40,ניו!$B:$B,0)),"") -> 3.55 | E40: =IFERROR(INDEX(ניו!$E:$E,MATCH($A40,ניו!$B:$B,0)),"") -> 2.0931859 | F40: =IFERROR(INDEX('מדי '!$D:$D,MATCH($A40,'מדי '!$B:$B,0)),"") -> 3.85 | G40: =IFERROR(INDEX('מדי '!$E:$E,MATCH($A40,'מדי '!$B:$B,0)),"") -> 3.325 | H40: =IFERROR(INDEX('מדי '!$F:$F,MATCH($A40,'מדי '!$B:$B,0)),"") -> 1.6754437
A41: 35B | B41: =IF(AND(COUNTIF(ניו!$B:$B,$A41)>0,COUNTIF('מדי '!$B:$B,$A41)>0),"NZ + מדי",IF(COUNTIF(ניו!$B:$B,$A41)>0,"NZ","מדי")) -> NZ | C41: =IFERROR(INDEX(ניו!$C:$C,MATCH($A41,ניו!$B:$B,0)),IFERROR(INDEX('מדי '!$C:$C,MATCH($A41,'מדי '!$B:$B,0)),"")) -> 6.8426828 | D41: =IFERROR(INDEX(ניו!$D:$D,MATCH($A41,ניו!$B:$B,0)),"") -> 3.55 | E41: =IFERROR(INDEX(ניו!$E:$E,MATCH($A41,ניו!$B:$B,0)),"") -> 2.0337053 | F41: =IFERROR(INDEX('מדי '!$D:$D,MATCH($A41,'מדי '!$B:$B,0)),"") | G41: =IFERROR(INDEX('מדי '!$E:$E,MATCH($A41,'מדי '!$B:$B,0)),"") | H41: =IFERROR(INDEX('מדי '!$F:$F,MATCH($A41,'מדי '!$B:$B,0)),"")
A42: 35C | B42: =IF(AND(COUNTIF(ניו!$B:$B,$A42)>0,COUNTIF('מדי '!$B:$B,$A42)>0),"NZ + מדי",IF(COUNTIF(ניו!$B:$B,$A42)>0,"NZ","מדי")) -> NZ | C42: =IFERROR(INDEX(ניו!$C:$C,MATCH($A42,ניו!$B:$B,0)),IFERROR(INDEX('מדי '!$C:$C,MATCH($A42,'מדי '!$B:$B,0)),"")) -> 6.8426828 | D42: =IFERROR(INDEX(ניו!$D:$D,MATCH($A42,ניו!$B:$B,0)),"") -> 3.55 | E42: =IFERROR(INDEX(ניו!$E:$E,MATCH($A42,ניו!$B:$B,0)),"") -> 2.0337053 | F42: =IFERROR(INDEX('מדי '!$D:$D,MATCH($A42,'מדי '!$B:$B,0)),"") | G42: =IFERROR(INDEX('מדי '!$E:$E,MATCH($A42,'מדי '!$B:$B,0)),"") | H42: =IFERROR(INDEX('מדי '!$F:$F,MATCH($A42,'מדי '!$B:$B,0)),"")
A43: 3611 | B43: =IF(AND(COUNTIF(ניו!$B:$B,$A43)>0,COUNTIF('מדי '!$B:$B,$A43)>0),"NZ + מדי",IF(COUNTIF(ניו!$B:$B,$A43)>0,"NZ","מדי")) -> NZ + מדי | C43: =IFERROR(INDEX(ניו!$C:$C,MATCH($A43,ניו!$B:$B,0)),IFERROR(INDEX('מדי '!$C:$C,MATCH($A43,'מדי '!$B:$B,0)),"")) -> 17.795447 | D43: =IFERROR(INDEX(ניו!$D:$D,MATCH($A43,ניו!$B:$B,0)),"") -> 9.1 | E43: =IFERROR(INDEX(ניו!$E:$E,MATCH($A43,ניו!$B:$B,0)),"") -> 2.0045577 | F43: =IFERROR(INDEX('מדי '!$D:$D,MATCH($A43,'מדי '!$B:$B,0)),"") -> 9.36 | G43: =IFERROR(INDEX('מדי '!$E:$E,MATCH($A43,'מדי '!$B:$B,0)),"") -> 8.0836364 | H43: =IFERROR(INDEX('מדי '!$F:$F,MATCH($A43,'מדי '!$B:$B,0)),"") -> 1.5217478
A44: 362 | B44: =IF(AND(COUNTIF(ניו!$B:$B,$A44)>0,COUNTIF('מדי '!$B:$B,$A44)>0),"NZ + מדי",IF(COUNTIF(ניו!$B:$B,$A44)>0,"NZ","מדי")) -> NZ + מדי | C44: =IFERROR(INDEX(ניו!$C:$C,MATCH($A44,ניו!$B:$B,0)),IFERROR(INDEX('מדי '!$C:$C,MATCH($A44,'מדי '!$B:$B,0)),"")) -> 8.7565615 | D44: =IFERROR(INDEX(ניו!$D:$D,MATCH($A44,ניו!$B:$B,0)),"") -> 4.9 | E44: =IFERROR(INDEX(ניו!$E:$E,MATCH($A44,ניו!$B:$B,0)),"") -> 2.1935551 | F44: =IFERROR(INDEX('מדי '!$D:$D,MATCH($A44,'מדי '!$B:$B,0)),"") -> 4.35 | G44: =IFERROR(INDEX('מדי '!$E:$E,MATCH($A44,'מדי '!$B:$B,0)),"") -> 3.7568182 | H44: =IFERROR(INDEX('מדי '!$F:$F,MATCH($A44,'מדי '!$B:$B,0)),"") -> 1.4372469
A45: 3622S | B45: =IF(AND(COUNTIF(ניו!$B:$B,$A45)>0,COUNTIF('מדי '!$B:$B,$A45)>0),"NZ + מדי",IF(COUNTIF(ניו!$B:$B,$A45)>0,"NZ","מדי")) -> NZ | C45: =IFERROR(INDEX(ניו!$C:$C,MATCH($A45,ניו!$B:$B,0)),IFERROR(INDEX('מדי '!$C:$C,MATCH($A45,'מדי '!$B:$B,0)),"")) -> 9.4336352 | D45: =IFERROR(INDEX(ניו!$D:$D,MATCH($A45,ניו!$B:$B,0)),"") -> 5.45 | E45: =IFERROR(INDEX(ניו!$E:$E,MATCH($A45,ניו!$B:$B,0)),"") -> 2.2646625 | F45: =IFERROR(INDEX('מדי '!$D:$D,MATCH($A45,'מדי '!$B:$B,0)),"") | G45: =IFERROR(INDEX('מדי '!$E:$E,MATCH($A45,'מדי '!$B:$B,0)),"") | H45: =IFERROR(INDEX('מדי '!$F:$F,MATCH($A45,'מדי '!$B:$B,0)),"")
A46: 3623 | B46: =IF(AND(COUNTIF(ניו!$B:$B,$A46)>0,COUNTIF('מדי '!$B:$B,$A46)>0),"NZ + מדי",IF(COUNTIF(ניו!$B:$B,$A46)>0,"NZ","מדי")) -> NZ + מדי | C46: =IFERROR(INDEX(ניו!$C:$C,MATCH($A46,ניו!$B:$B,0)),IFERROR(INDEX('מדי '!$C:$C,MATCH($A46,'מדי '!$B:$B,0)),"")) -> 8.8779872 | D46: =IFERROR(INDEX(ניו!$D:$D,MATCH($A46,ניו!$B:$B,0)),"") -> 5.1 | E46: =IFERROR(INDEX(ניו!$E:$E,MATCH($A46,ניו!$B:$B,0)),"") -> 2.2518618 | F46: =IFERROR(INDEX('מדי '!$D:$D,MATCH($A46,'מדי '!$B:$B,0)),"") -> 4.4 | G46: =IFERROR(INDEX('מדי '!$E:$E,MATCH($A46,'מדי '!$B:$B,0)),"") -> 3.8 | H46: =IFERROR(INDEX('מדי '!$F:$F,MATCH($A46,'מדי '!$B:$B,0)),"") -> 1.4338836
A47: 363 | B47: =IF(AND(COUNTIF(ניו!$B:$B,$A47)>0,COUNTIF('מדי '!$B:$B,$A47)>0),"NZ + מדי",IF(COUNTIF(ניו!$B:$B,$A47)>0,"NZ","מדי")) -> NZ + מדי | C47: =IFERROR(INDEX(ניו!$C:$C,MATCH($A47,ניו!$B:$B,0)),IFERROR(INDEX('מדי '!$C:$C,MATCH($A47,'מדי '!$B:$B,0)),"")) -> 6.5625268 | D47: =IFERROR(INDEX(ניו!$D:$D,MATCH($A47,ניו!$B:$B,0)),"") -> 3.65 | E47: =IFERROR(INDEX(ניו!$E:$E,MATCH($A47,ניו!$B:$B,0)),"") -> 2.1802578 | F47: =IFERROR(INDEX('מדי '!$D:$D,MATCH($A47,'מדי '!$B:$B,0)),"") -> 3.89 | G47: =IFERROR(INDEX('מדי '!$E:$E,MATCH($A47,'מדי '!$B:$B,0)),"") -> 3.3595455 | H47: =IFERROR(INDEX('מדי '!$F:$F,MATCH($A47,'מדי '!$B:$B,0)),"") -> 1.714961
A48: 364 S-L | B48: =IF(AND(COUNTIF(ניו!$B:$B,$A48)>0,COUNTIF('מדי '!$B:$B,$A48)>0),"NZ + מדי",IF(COUNTIF(ניו!$B:$B,$A48)>0,"NZ","מדי")) -> NZ + מדי | C48: =IFERROR(INDEX(ניו!$C:$C,MATCH($A48,ניו!$B:$B,0)),IFERROR(INDEX('מדי '!$C:$C,MATCH($A48,'מדי '!$B:$B,0)),"")) -> 2.9456457 | D48: =IFERROR(INDEX(ניו!$D:$D,MATCH($A48,ניו!$B:$B,0)),"") -> 1.8 | E48: =IFERROR(INDEX(ניו!$E:$E,MATCH($A48,ניו!$B:$B,0)),"") -> 2.3954001 | F48: =IFERROR(INDEX('מדי '!$D:$D,MATCH($A48,'מדי '!$B:$B,0)),"") -> 3.28 | G48: =IFERROR(INDEX('מדי '!$E:$E,MATCH($A48,'מדי '!$B:$B,0)),"") -> 2.8327273 | H48: =IFERROR(INDEX('מדי '!$F:$F,MATCH($A48,'מדי '!$B:$B,0)),"") -> 3.221581
A49: 364 XL | B49: =IF(AND(COUNTIF(ניו!$B:$B,$A49)>0,COUNTIF('מדי '!$B:$B,$A49)>0),"NZ + מדי",IF(COUNTIF(ניו!$B:$B,$A49)>0,"NZ","מדי")) -> NZ + מדי | C49: =IFERROR(INDEX(ניו!$C:$C,MATCH($A49,ניו!$B:$B,0)),IFERROR(INDEX('מדי '!$C:$C,MATCH($A49,'מדי '!$B:$B,0)),"")) -> 3.4747457 | D49: =IFERROR(INDEX(ניו!$D:$D,MATCH($A49,ניו!$B:$B,0)),"") -> 1.8 | E49: =IFERROR(INDEX(ניו!$E:$E,MATCH($A49,ניו!$B:$B,0)),"") -> 2.0306522 | F49: =IFERROR(INDEX('מדי '!$D:$D,MATCH($A49,'מדי '!$B:$B,0)),"") -> 1.91 | G49: =IFERROR(INDEX('מדי '!$E:$E,MATCH($A49,'מדי '!$B:$B,0)),"") -> 1.6495455 | H49: =IFERROR(INDEX('מדי '!$F:$F,MATCH($A49,'מדי '!$B:$B,0)),"") -> 1.5903256
A50: 365 S-L | B50: =IF(AND(COUNTIF(ניו!$B:$B,$A50)>0,COUNTIF('מדי '!$B:$B,$A50)>0),"NZ + מדי",IF(COUNTIF(ניו!$B:$B,$A50)>0,"NZ","מדי")) -> NZ + מדי | C50: =IFERROR(INDEX(ניו!$C:$C,MATCH($A50,ניו!$B:$B,0)),IFERROR(INDEX('מדי '!$C:$C,MATCH($A50,'מדי '!$B:$B,0)),"")) -> 4.2153864 | D50: =IFERROR(INDEX(ניו!$D:$D,MATCH($A50,ניו!$B:$B,0)),"") -> 2.15 | E50: =IFERROR(INDEX(ניו!$E:$E,MATCH($A50,ניו!$B:$B,0)),"") -> 1.9993422 | F50: =IFERROR(INDEX('מדי '!$D:$D,MATCH($A50,'מדי '!$B:$B,0)),"") -> 2.28 | G50: =IFERROR(INDEX('מדי '!$E:$E,MATCH($A50,'מדי '!$B:$B,0)),"") -> 1.9690909 | H50: =IFERROR(INDEX('מדי '!$F:$F,MATCH($A50,'מדי '!$B:$B,0)),"") -> 1.5648517
A51: 365 XL | B51: =IF(AND(COUNTIF(ניו!$B:$B,$A51)>0,COUNTIF('מדי '!$B:$B,$A51)>0),"NZ + מדי",IF(COUNTIF(ניו!$B:$B,$A51)>0,"NZ","מדי")) -> NZ + מדי | C51: =IFERROR(INDEX(ניו!$C:$C,MATCH($A51,ניו!$B:$B,0)),IFERROR(INDEX('מדי '!$C:$C,MATCH($A51,'מדי '!$B:$B,0)),"")) -> 3.8495957 | D51: =IFERROR(INDEX(ניו!$D:$D,MATCH($A51,ניו!$B:$B,0)),"") -> 2 | E51: =IFERROR(INDEX(ניו!$E:$E,MATCH($A51,ניו!$B:$B,0)),"") -> 2.0365775 | F51: =IFERROR(INDEX('מדי '!$D:$D,MATCH($A51,'מדי '!$B:$B,0)),"") -> 1.86 | G51: =IFERROR(INDEX('מדי '!$E:$E,MATCH($A51,'מדי '!$B:$B,0)),"") -> 1.6063636 | H51: =IFERROR(INDEX('מדי '!$F:$F,MATCH($A51,'מדי '!$B:$B,0)),"") -> 1.3978918
A52: 3655 | B52: =IF(AND(COUNTIF(ניו!$B:$B,$A52)>0,COUNTIF('מדי '!$B:$B,$A52)>0),"NZ + מדי",IF(COUNTIF(ניו!$B:$B,$A52)>0,"NZ","מדי")) -> NZ + מדי | C52: =IFERROR(INDEX(ניו!$C:$C,MATCH($A52,ניו!$B:$B,0)),IFERROR(INDEX('מדי '!$C:$C,MATCH($A52,'מדי '!$B:$B,0)),"")) -> 4.6550457 | D52: =IFERROR(INDEX(ניו!$D:$D,MATCH($A52,ניו!$B:$B,0)),"") -> 2.4 | E52: =IFERROR(INDEX(ניו!$E:$E,MATCH($A52,ניו!$B:$B,0)),"") -> 2.0210328 | F52: =IFERROR(INDEX('מדי '!$D:$D,MATCH($A52,'מדי '!$B:$B,0)),"") -> 2.6 | G52: =IFERROR(INDEX('מדי '!$E:$E,MATCH($A52,'מדי '!$B:$B,0)),"") -> 2.2454545 | H52: =IFERROR(INDEX('מדי '!$F:$F,MATCH($A52,'מדי '!$B:$B,0)),"") -> 1.6159396
A53: 3666 | B53: =IF(AND(COUNTIF(ניו!$B:$B,$A53)>0,COUNTIF('מדי '!$B:$B,$A53)>0),"NZ + מדי",IF(COUNTIF(ניו!$B:$B,$A53)>0,"NZ","מדי")) -> NZ | C53: =IFERROR(INDEX(ניו!$C:$C,MATCH($A53,ניו!$B:$B,0)),IFERROR(INDEX('מדי '!$C:$C,MATCH($A53,'מדי '!$B:$B,0)),"")) -> 10.671621 | D53: =IFERROR(INDEX(ניו!$D:$D,MATCH($A53,ניו!$B:$B,0)),"") -> 6.2 | E53: =IFERROR(INDEX(ניו!$E:$E,MATCH($A53,ניו!$B:$B,0)),"") -> 2.2774423 | F53: =IFERROR(INDEX('מדי '!$D:$D,MATCH($A53,'מדי '!$B:$B,0)),"") | G53: =IFERROR(INDEX('מדי '!$E:$E,MATCH($A53,'מדי '!$B:$B,0)),"") | H53: =IFERROR(INDEX('מדי '!$F:$F,MATCH($A53,'מדי '!$B:$B,0)),"")
A54: 366S | B54: =IF(AND(COUNTIF(ניו!$B:$B,$A54)>0,COUNTIF('מדי '!$B:$B,$A54)>0),"NZ + מדי",IF(COUNTIF(ניו!$B:$B,$A54)>0,"NZ","מדי")) -> NZ | C54: =IFERROR(INDEX(ניו!$C:$C,MATCH($A54,ניו!$B:$B,0)),IFERROR(INDEX('מדי '!$C:$C,MATCH($A54,'מדי '!$B:$B,0)),"")) -> 4.4730941 | D54: =IFERROR(INDEX(ניו!$D:$D,MATCH($A54,ניו!$B:$B,0)),"") -> 2.6 | E54: =IFERROR(INDEX(ניו!$E:$E,MATCH($A54,ניו!$B:$B,0)),"") -> 2.2785123 | F54: =IFERROR(INDEX('מדי '!$D:$D,MATCH($A54,'מדי '!$B:$B,0)),"") | G54: =IFERROR(INDEX('מדי '!$E:$E,MATCH($A54,'מדי '!$B:$B,0)),"") | H54: =IFERROR(INDEX('מדי '!$F:$F,MATCH($A54,'מדי '!$B:$B,0)),"")
A55: 3672 | B55: =IF(AND(COUNTIF(ניו!$B:$B,$A55)>0,COUNTIF('מדי '!$B:$B,$A55)>0),"NZ + מדי",IF(COUNTIF(ניו!$B:$B,$A55)>0,"NZ","מדי")) -> NZ + מדי | C55: =IFERROR(INDEX(ניו!$C:$C,MATCH($A55,ניו!$B:$B,0)),IFERROR(INDEX('מדי '!$C:$C,MATCH($A55,'מדי '!$B:$B,0)),"")) -> 10.108953 | D55: =IFERROR(INDEX(ניו!$D:$D,MATCH($A55,ניו!$B:$B,0)),"") -> 6.45 | E55: =IFERROR(INDEX(ניו!$E:$E,MATCH($A55,ניו!$B:$B,0)),"") -> 2.5011492 | F55: =IFERROR(INDEX('מדי '!$D:$D,MATCH($A55,'מדי '!$B:$B,0)),"") -> 5.15 | G55: =IFERROR(INDEX('מדי '!$E:$E,MATCH($A55,'מדי '!$B:$B,0)),"") -> 4.4477273 | H55: =IFERROR(INDEX('מדי '!$F:$F,MATCH($A55,'מדי '!$B:$B,0)),"") -> 1.4739297
A56: 3674 | B56: =IF(AND(COUNTIF(ניו!$B:$B,$A56)>0,COUNTIF('מדי '!$B:$B,$A56)>0),"NZ + מדי",IF(COUNTIF(ניו!$B:$B,$A56)>0,"NZ","מדי")) -> NZ + מדי | C56: =IFERROR(INDEX(ניו!$C:$C,MATCH($A56,ניו!$B:$B,0)),IFERROR(INDEX('מדי '!$C:$C,MATCH($A56,'מדי '!$B:$B,0)),"")) -> 5.8353457 | D56: =IFERROR(INDEX(ניו!$D:$D,MATCH($A56,ניו!$B:$B,0)),"") -> 4.65 | E56: =IFERROR(INDEX(ניו!$E:$E,MATCH($A56,ניו!$B:$B,0)),"") -> 3.1237224 | F56: =IFERROR(INDEX('מדי '!$D:$D,MATCH($A56,'מדי '!$B:$B,0)),"") -> 5.2 | G56: =IFERROR(INDEX('מדי '!$E:$E,MATCH($A56,'מדי '!$B:$B,0)),"") -> 4.4909091 | H56: =IFERROR(INDEX('מדי '!$F:$F,MATCH($A56,'מדי '!$B:$B,0)),"") -> 2.5781755
A57: 3675 | B57: =IF(AND(COUNTIF(ניו!$B:$B,$A57)>0,COUNTIF('מדי '!$B:$B,$A57)>0),"NZ + מדי",IF(COUNTIF(ניו!$B:$B,$A57)>0,"NZ","מדי")) -> NZ + מדי | C57: =IFERROR(INDEX(ניו!$C:$C,MATCH($A57,ניו!$B:$B,0)),IFERROR(INDEX('מדי '!$C:$C,MATCH($A57,'מדי '!$B:$B,0)),"")) -> 7.9502588 | D57: =IFERROR(INDEX(ניו!$D:$D,MATCH($A57,ניו!$B:$B,0)),"") -> 3.8 | E57: =IFERROR(INDEX(ניו!$E:$E,MATCH($A57,ניו!$B:$B,0)),"") -> 1.8736497 | F57: =IFERROR(INDEX('מדי '!$D:$D,MATCH($A57,'מדי '!$B:$B,0)),"") -> 4.1 | G57: =IFERROR(INDEX('מדי '!$E:$E,MATCH($A57,'מדי '!$B:$B,0)),"") -> 3.5409091 | H57: =IFERROR(INDEX('מדי '!$F:$F,MATCH($A57,'מדי '!$B:$B,0)),"") -> 1.4920326
A58: 369 S-L | B58: =IF(AND(COUNTIF(ניו!$B:$B,$A58)>0,COUNTIF('מדי '!$B:$B,$A58)>0),"NZ + מדי",IF(COUNTIF(ניו!$B:$B,$A58)>0,"NZ","מדי")) -> NZ + מדי | C58: =IFERROR(INDEX(ניו!$C:$C,MATCH($A58,ניו!$B:$B,0)),IFERROR(INDEX('מדי '!$C:$C,MATCH($A58,'מדי '!$B:$B,0)),"")) -> 5.5410018 | D58: =IFERROR(INDEX(ניו!$D:$D,MATCH($A58,ניו!$B:$B,0)),"") -> 2.95 | E58: =IFERROR(INDEX(ניו!$E:$E,MATCH($A58,ניו!$B:$B,0)),"") -> 2.0869872 | F58: =IFERROR(INDEX('מדי '!$D:$D,MATCH($A58,'מדי '!$B:$B,0)),"") -> 2.9 | G58: =IFERROR(INDEX('מדי '!$E:$E,MATCH($A58,'מדי '!$B:$B,0)),"") -> 2.5045455 | H58: =IFERROR(INDEX('מדי '!$F:$F,MATCH($A58,'מדי '!$B:$B,0)),"") -> 1.5142076
A59: 369 XL | B59: =IF(AND(COUNTIF(ניו!$B:$B,$A59)>0,COUNTIF('מדי '!$B:$B,$A59)>0),"NZ + מדי",IF(COUNTIF(ניו!$B:$B,$A59)>0,"NZ","מדי")) -> NZ + מדי | C59: =IFERROR(INDEX(ניו!$C:$C,MATCH($A59,ניו!$B:$B,0)),IFERROR(INDEX('מדי '!$C:$C,MATCH($A59,'מדי '!$B:$B,0)),"")) -> 6.0035791 | D59: =IFERROR(INDEX(ניו!$D:$D,MATCH($A59,ניו!$B:$B,0)),"") -> 3.2 | E59: =IFERROR(INDEX(ניו!$E:$E,MATCH($A59,ניו!$B:$B,0)),"") -> 2.0894203 | F59: =IFERROR(INDEX('מדי '!$D:$D,MATCH($A59,'מדי '!$B:$B,0)),"") -> 3.2 | G59: =IFERROR(INDEX('מדי '!$E:$E,MATCH($A59,'מדי '!$B:$B,0)),"") -> 2.7636364 | H59: =IFERROR(INDEX('מדי '!$F:$F,MATCH($A59,'מדי '!$B:$B,0)),"") -> 1.5421104
... A70: 45EC | B70: =IF(AND(COUNTIF(ניו!$B:$B,$A70)>0,COUNTIF('מדי '!$B:$B,$A70)>0),"NZ + מדי",IF(COUNTIF(ניו!$B:$B,$A70)>0,"NZ","מדי")) -> NZ | C70: =IFERROR(INDEX(ניו!$C:$C,MATCH($A70,ניו!$B:$B,0)),IFERROR(INDEX('מדי '!$C:$C,MATCH($A70,'מדי '!$B:$B,0)),"")) -> 7.4426786 | D70: =IFERROR(INDEX(ניו!$D:$D,MATCH($A70,ניו!$B:$B,0)),"") -> 3.95 | E70: =IFERROR(INDEX(ניו!$E:$E,MATCH($A70,ניו!$B:$B,0)),"") -> 2.0804338 | F70: =IFERROR(INDEX('מדי '!$D:$D,MATCH($A70,'מדי '!$B:$B,0)),"") | G70: =IFERROR(INDEX('מדי '!$E:$E,MATCH($A70,'מדי '!$B:$B,0)),"") | H70: =IFERROR(INDEX('מדי '!$F:$F,MATCH($A70,'מדי '!$B:$B,0)),"")
A71: 45 | B71: =IF(AND(COUNTIF(ניו!$B:$B,$A71)>0,COUNTIF('מדי '!$B:$B,$A71)>0),"NZ + מדי",IF(COUNTIF(ניו!$B:$B,$A71)>0,"NZ","מדי")) -> NZ + מדי | C71: =IFERROR(INDEX(ניו!$C:$C,MATCH($A71,ניו!$B:$B,0)),IFERROR(INDEX('מדי '!$C:$C,MATCH($A71,'מדי '!$B:$B,0)),"")) -> 6.7649052 | D71: =IFERROR(INDEX(ניו!$D:$D,MATCH($A71,ניו!$B:$B,0)),"") -> 3.55 | E71: =IFERROR(INDEX(ניו!$E:$E,MATCH($A71,ניו!$B:$B,0)),"") -> 2.0570872 | F71: =IFERROR(INDEX('מדי '!$D:$D,MATCH($A71,'מדי '!$B:$B,0)),"") -> 3.85 | G71: =IFERROR(INDEX('מדי '!$E:$E,MATCH($A71,'מדי '!$B:$B,0)),"") -> 3.325 | H71: =IFERROR(INDEX('מדי '!$F:$F,MATCH($A71,'מדי '!$B:$B,0)),"") -> 1.6465493
A72: 45B | B72: =IF(AND(COUNTIF(ניו!$B:$B,$A72)>0,COUNTIF('מדי '!$B:$B,$A72)>0),"NZ + מדי",IF(COUNTIF(ניו!$B:$B,$A72)>0,"NZ","מדי")) -> NZ | C72: =IFERROR(INDEX(ניו!$C:$C,MATCH($A72,ניו!$B:$B,0)),IFERROR(INDEX('מדי '!$C:$C,MATCH($A72,'מדי '!$B:$B,0)),"")) -> 7.190102 | D72: =IFERROR(INDEX(ניו!$D:$D,MATCH($A72,ניו!$B:$B,0)),"") -> 3.55 | E72: =IFERROR(INDEX(ניו!$E:$E,MATCH($A72,ניו!$B:$B,0)),"") -> 1.9354385 | F72: =IFERROR(INDEX('מדי '!$D:$D,MATCH($A72,'מדי '!$B:$B,0)),"") | G72: =IFERROR(INDEX('מדי '!$E:$E,MATCH($A72,'מדי '!$B:$B,0)),"") | H72: =IFERROR(INDEX('מדי '!$F:$F,MATCH($A72,'מדי '!$B:$B,0)),"")
A73: 45C | B73: =IF(AND(COUNTIF(ניו!$B:$B,$A73)>0,COUNTIF('מדי '!$B:$B,$A73)>0),"NZ + מדי",IF(COUNTIF(ניו!$B:$B,$A73)>0,"NZ","מדי")) -> NZ | C73: =IFERROR(INDEX(ניו!$C:$C,MATCH($A73,ניו!$B:$B,0)),IFERROR(INDEX('מדי '!$C:$C,MATCH($A73,'מדי '!$B:$B,0)),"")) -> 6.8426828 | D73: =IFERROR(INDEX(ניו!$D:$D,MATCH($A73,ניו!$B:$B,0)),"") -> 3.55 | E73: =IFERROR(INDEX(ניו!$E:$E,MATCH($A73,ניו!$B:$B,0)),"") -> 2.0337053 | F73: =IFERROR(INDEX('מדי '!$D:$D,MATCH($A73,'מדי '!$B:$B,0)),"") | G73: =IFERROR(INDEX('מדי '!$E:$E,MATCH($A73,'מדי '!$B:$B,0)),"") | H73: =IFERROR(INDEX('מדי '!$F:$F,MATCH($A73,'מדי '!$B:$B,0)),"")
A74: 49 | B74: =IF(AND(COUNTIF(ניו!$B:$B,$A74)>0,COUNTIF('מדי '!$B:$B,$A74)>0),"NZ + מדי",IF(COUNTIF(ניו!$B:$B,$A74)>0,"NZ","מדי")) -> NZ | C74: =IFERROR(INDEX(ניו!$C:$C,MATCH($A74,ניו!$B:$B,0)),IFERROR(INDEX('מדי '!$C:$C,MATCH($A74,'מדי '!$B:$B,0)),"")) -> 7.5567651 | D74: =IFERROR(INDEX(ניו!$D:$D,MATCH($A74,ניו!$B:$B,0)),"") -> 4.2 | E74: =IFERROR(INDEX(ניו!$E:$E,MATCH($A74,ניו!$B:$B,0)),"") -> 2.17871 | F74: =IFERROR(INDEX('מדי '!$D:$D,MATCH($A74,'מדי '!$B:$B,0)),"") | G74: =IFERROR(INDEX('מדי '!$E:$E,MATCH($A74,'מדי '!$B:$B,0)),"") | H74: =IFERROR(INDEX('מדי '!$F:$F,MATCH($A74,'מדי '!$B:$B,0)),"")
A75: 49PS | B75: =IF(AND(COUNTIF(ניו!$B:$B,$A75)>0,COUNTIF('מדי '!$B:$B,$A75)>0),"NZ + מדי",IF(COUNTIF(ניו!$B:$B,$A75)>0,"NZ","מדי")) -> NZ | C75: =IFERROR(INDEX(ניו!$C:$C,MATCH($A75,ניו!$B:$B,0)),IFERROR(INDEX('מדי '!$C:$C,MATCH($A75,'מדי '!$B:$B,0)),"")) -> 36.876 | D75: =IFERROR(INDEX(ניו!$D:$D,MATCH($A75,ניו!$B:$B,0)),"") -> 23.45 | E75: =IFERROR(INDEX(ניו!$E:$E,MATCH($A75,ניו!$B:$B,0)),"") -> 2.4927866 | F75: =IFERROR(INDEX('מדי '!$D:$D,MATCH($A75,'מדי '!$B:$B,0)),"") | G75: =IFERROR(INDEX('מדי '!$E:$E,MATCH($A75,'מדי '!$B:$B,0)),"") | H75: =IFERROR(INDEX('מדי '!$F:$F,MATCH($A75,'מדי '!$B:$B,0)),"")
A76: 50 | B76: =IF(AND(COUNTIF(ניו!$B:$B,$A76)>0,COUNTIF('מדי '!$B:$B,$A76)>0),"NZ + מדי",IF(COUNTIF(ניו!$B:$B,$A76)>0,"NZ","מדי")) -> NZ | C76: =IFERROR(INDEX(ניו!$C:$C,MATCH($A76,ניו!$B:$B,0)),IFERROR(INDEX('מדי '!$C:$C,MATCH($A76,'מדי '!$B:$B,0)),"")) -> 33.657727 | D76: =IFERROR(INDEX(ניו!$D:$D,MATCH($A76,ניו!$B:$B,0)),"") -> 16.7 | E76: =IFERROR(INDEX(ניו!$E:$E,MATCH($A76,ניו!$B:$B,0)),"") -> 1.9449917 | F76: =IFERROR(INDEX('מדי '!$D:$D,MATCH($A76,'מדי '!$B:$B,0)),"") | G76: =IFERROR(INDEX('מדי '!$E:$E,MATCH($A76,'מדי '!$B:$B,0)),"") | H76: =IFERROR(INDEX('מדי '!$F:$F,MATCH($A76,'מדי '!$B:$B,0)),"")
A77: 55 | B77: =IF(AND(COUNTIF(ניו!$B:$B,$A77)>0,COUNTIF('מדי '!$B:$B,$A77)>0),"NZ + מדי",IF(COUNTIF(ניו!$B:$B,$A77)>0,"NZ","מדי")) -> NZ + מדי | C77: =IFERROR(INDEX(ניו!$C:$C,MATCH($A77,ניו!$B:$B,0)),IFERROR(INDEX('מדי '!$C:$C,MATCH($A77,'מדי '!$B:$B,0)),"")) -> 24.846822 | D77: =IFERROR(INDEX(ניו!$D:$D,MATCH($A77,ניו!$B:$B,0)),"") -> 9.05 | E77: =IFERROR(INDEX(ניו!$E:$E,MATCH($A77,ניו!$B:$B,0)),"") -> 1.4277882 | F77: =IFERROR(INDEX('מדי '!$D:$D,MATCH($A77,'מדי '!$B:$B,0)),"") -> 11.8 | G77: =IFERROR(INDEX('מדי '!$E:$E,MATCH($A77,'מדי '!$B:$B,0)),"") -> 10.190909 | H77: =IFERROR(INDEX('מדי '!$F:$F,MATCH($A77,'מדי '!$B:$B,0)),"") -> 1.3740005
A78: 59D | B78: =IF(AND(COUNTIF(ניו!$B:$B,$A78)>0,COUNTIF('מדי '!$B:$B,$A78)>0),"NZ + מדי",IF(COUNTIF(ניו!$B:$B,$A78)>0,"NZ","מדי")) -> NZ | C78: =IFERROR(INDEX(ניו!$C:$C,MATCH($A78,ניו!$B:$B,0)),IFERROR(INDEX('מדי '!$C:$C,MATCH($A78,'מדי '!$B:$B,0)),"")) -> 52.912352 | D78: =IFERROR(INDEX(ניו!$D:$D,MATCH($A78,ניו!$B:$B,0)),"") -> 28 | E78: =IFERROR(INDEX(ניו!$E:$E,MATCH($A78,ניו!$B:$B,0)),"") -> 2.0743738 | F78: =IFERROR(INDEX('מדי '!$D:$D,MATCH($A78,'מדי '!$B:$B,0)),"") | G78: =IFERROR(INDEX('מדי '!$E:$E,MATCH($A78,'מדי '!$B:$B,0)),"") | H78: =IFERROR(INDEX('מדי '!$F:$F,MATCH($A78,'מדי '!$B:$B,0)),"")
A79: 59L | B79: =IF(AND(COUNTIF(ניו!$B:$B,$A79)>0,COUNTIF('מדי '!$B:$B,$A79)>0),"NZ + מדי",IF(COUNTIF(ניו!$B:$B,$A79)>0,"NZ","מדי")) -> NZ + מדי | C79: =IFERROR(INDEX(ניו!$C:$C,MATCH($A79,ניו!$B:$B,0)),IFERROR(INDEX('מדי '!$C:$C,MATCH($A79,'מדי '!$B:$B,0)),"")) -> 49.750709 | D79: =IFERROR(INDEX(ניו!$D:$D,MATCH($A79,ניו!$B:$B,0)),"") -> 25.5 | E79: =IFERROR(INDEX(ניו!$E:$E,MATCH($A79,ניו!$B:$B,0)),"") -> 2.0092176 | F79: =IFERROR(INDEX('מדי '!$D:$D,MATCH($A79,'מדי '!$B:$B,0)),"") -> 28 | G79: =IFERROR(INDEX('מדי '!$E:$E,MATCH($A79,'מדי '!$B:$B,0)),"") -> 24.181818 | H79: =IFERROR(INDEX('מדי '!$F:$F,MATCH($A79,'מדי '!$B:$B,0)),"") -> 1.6283002
A80: 59R | B80: =IF(AND(COUNTIF(ניו!$B:$B,$A80)>0,COUNTIF('מדי '!$B:$B,$A80)>0),"NZ + מדי",IF(COUNTIF(ניו!$B:$B,$A80)>0,"NZ","מדי")) -> NZ + מדי | C80: =IFERROR(INDEX(ניו!$C:$C,MATCH($A80,ניו!$B:$B,0)),IFERROR(INDEX('מדי '!$C:$C,MATCH($A80,'מדי '!$B:$B,0)),"")) -> 49.750709 | D80: =IFERROR(INDEX(ניו!$D:$D,MATCH($A80,ניו!$B:$B,0)),"") -> 25.5 | E80: =IFERROR(INDEX(ניו!$E:$E,MATCH($A80,ניו!$B:$B,0)),"") -> 2.0092176 | F80: =IFERROR(INDEX('מדי '!$D:$D,MATCH($A80,'מדי '!$B:$B,0)),"") -> 28 | G80: =IFERROR(INDEX('מדי '!$E:$E,MATCH($A80,'מדי '!$B:$B,0)),"") -> 24.181818 | H80: =IFERROR(INDEX('מדי '!$F:$F,MATCH($A80,'מדי '!$B:$B,0)),"") -> 1.6283002
A81: 60 | B81: =IF(AND(COUNTIF(ניו!$B:$B,$A81)>0,COUNTIF('מדי '!$B:$B,$A81)>0),"NZ + מדי",IF(COUNTIF(ניו!$B:$B,$A81)>0,"NZ","מדי")) -> NZ + מדי | C81: =IFERROR(INDEX(ניו!$C:$C,MATCH($A81,ניו!$B:$B,0)),IFERROR(INDEX('מדי '!$C:$C,MATCH($A81,'מדי '!$B:$B,0)),"")) -> 16.841621 | D81: =IFERROR(INDEX(ניו!$D:$D,MATCH($A81,ניו!$B:$B,0)),"") -> 6.55 | E81: =IFERROR(INDEX(ניו!$E:$E,MATCH($A81,ניו!$B:$B,0)),"") -> 1.5245564 | F81: =IFERROR(INDEX('מדי '!$D:$D,MATCH($A81,'מדי '!$B:$B,0)),"") -> 8.94 | G81: =IFERROR(INDEX('מדי '!$E:$E,MATCH($A81,'מדי '!$B:$B,0)),"") -> 7.7209091 | H81: =IFERROR(INDEX('מדי '!$F:$F,MATCH($A81,'מדי '!$B:$B,0)),"") -> 1.5357813
A82: 60B | B82: =IF(AND(COUNTIF(ניו!$B:$B,$A82)>0,COUNTIF('מדי '!$B:$B,$A82)>0),"NZ + מדי",IF(COUNTIF(ניו!$B:$B,$A82)>0,"NZ","מדי")) -> NZ | C82: =IFERROR(INDEX(ניו!$C:$C,MATCH($A82,ניו!$B:$B,0)),IFERROR(INDEX('מדי '!$C:$C,MATCH($A82,'מדי '!$B:$B,0)),"")) -> 16.840979 | D82: =IFERROR(INDEX(ניו!$D:$D,MATCH($A82,ניו!$B:$B,0)),"") -> 7.5 | E82: =IFERROR(INDEX(ניו!$E:$E,MATCH($A82,ניו!$B:$B,0)),"") -> 1.7457417 | F82: =IFERROR(INDEX('מדי '!$D:$D,MATCH($A82,'מדי '!$B:$B,0)),"") | G82: =IFERROR(INDEX('מדי '!$E:$E,MATCH($A82,'מדי '!$B:$B,0)),"") | H82: =IFERROR(INDEX('מדי '!$F:$F,MATCH($A82,'מדי '!$B:$B,0)),"")
A83: 61 | B83: =IF(AND(COUNTIF(ניו!$B:$B,$A83)>0,COUNTIF('מדי '!$B:$B,$A83)>0),"NZ + מדי",IF(COUNTIF(ניו!$B:$B,$A83)>0,"NZ","מדי")) -> NZ | C83: =IFERROR(INDEX(ניו!$C:$C,MATCH($A83,ניו!$B:$B,0)),IFERROR(INDEX('מדי '!$C:$C,MATCH($A83,'מדי '!$B:$B,0)),"")) -> 7.731 | D83: =IFERROR(INDEX(ניו!$D:$D,MATCH($A83,ניו!$B:$B,0)),"") -> 5.05 | E83: =IFERROR(INDEX(ניו!$E:$E,MATCH($A83,ניו!$B:$B,0)),"") -> 2.5606002 | F83: =IFERROR(INDEX('מדי '!$D:$D,MATCH($A83,'מדי '!$B:$B,0)),"") | G83: =IFERROR(INDEX('מדי '!$E:$E,MATCH($A83,'מדי '!$B:$B,0)),"") | H83: =IFERROR(INDEX('מדי '!$F:$F,MATCH($A83,'מדי '!$B:$B,0)),"")
A84: 70N | B84: =IF(AND(COUNTIF(ניו!$B:$B,$A84)>0,COUNTIF('מדי '!$B:$B,$A84)>0),"NZ + מדי",IF(COUNTIF(ניו!$B:$B,$A84)>0,"NZ","מדי")) -> NZ + מדי | C84: =IFERROR(INDEX(ניו!$C:$C,MATCH($A84,ניו!$B:$B,0)),IFERROR(INDEX('מדי '!$C:$C,MATCH($A84,'מדי '!$B:$B,0)),"")) -> 37.35 | D84: =IFERROR(INDEX(ניו!$D:$D,MATCH($A84,ניו!$B:$B,0)),"") -> 34.8 | E84: =IFERROR(INDEX(ניו!$E:$E,MATCH($A84,ניו!$B:$B,0)),"") -> 3.6523695 | F84: =IFERROR(INDEX('מדי '!$D:$D,MATCH($A84,'מדי '!$B:$B,0)),"") -> 52.3 | G84: =IFERROR(INDEX('מדי '!$E:$E,MATCH($A84,'מדי '!$B:$B,0)),"") -> 45.168182 | H84: =IFERROR(INDEX('מדי '!$F:$F,MATCH($A84,'מדי '!$B:$B,0)),"") -> 4.0512292
A85: 75 | B85: =IF(AND(COUNTIF(ניו!$B:$B,$A85)>0,COUNTIF('מדי '!$B:$B,$A85)>0),"NZ + מדי",IF(COUNTIF(ניו!$B:$B,$A85)>0,"NZ","מדי")) -> NZ + מדי | C85: =IFERROR(INDEX(ניו!$C:$C,MATCH($A85,ניו!$B:$B,0)),IFERROR(INDEX('מדי '!$C:$C,MATCH($A85,'מדי '!$B:$B,0)),"")) -> 51.699979 | D85: =IFERROR(INDEX(ניו!$D:$D,MATCH($A85,ניו!$B:$B,0)),"") -> 26.65 | E85: =IFERROR(INDEX(ניו!$E:$E,MATCH($A85,ניו!$B:$B,0)),"") -> 2.0206585 | F85: =IFERROR(INDEX('מדי '!$D:$D,MATCH($A85,'מדי '!$B:$B,0)),"") -> 25.73 | G85: =IFERROR(INDEX('מדי '!$E:$E,MATCH($A85,'מדי '!$B:$B,0)),"") -> 22.221364 | H85: =IFERROR(INDEX('מדי '!$F:$F,MATCH($A85,'מדי '!$B:$B,0)),"") -> 1.4398762
A86: 76 | B86: =IF(AND(COUNTIF(ניו!$B:$B,$A86)>0,COUNTIF('מדי '!$B:$B,$A86)>0),"NZ + מדי",IF(COUNTIF(ניו!$B:$B,$A86)>0,"NZ","מדי")) -> NZ | C86: =IFERROR(INDEX(ניו!$C:$C,MATCH($A86,ניו!$B:$B,0)),IFERROR(INDEX('מדי '!$C:$C,MATCH($A86,'מדי '!$B:$B,0)),"")) -> 57.635102 | D86: =IFERROR(INDEX(ניו!$D:$D,MATCH($A86,ניו!$B:$B,0)),"") -> 31.35 | E86: =IFERROR(INDEX(ניו!$E:$E,MATCH($A86,ניו!$B:$B,0)),"") -> 2.1322423 | F86: =IFERROR(INDEX('מדי '!$D:$D,MATCH($A86,'מדי '!$B:$B,0)),"") | G86: =IFERROR(INDEX('מדי '!$E:$E,MATCH($A86,'מדי '!$B:$B,0)),"") | H86: =IFERROR(INDEX('מדי '!$F:$F,MATCH($A86,'מדי '!$B:$B,0)),"")
A87: 801 | B87: =IF(AND(COUNTIF(ניו!$B:$B,$A87)>0,COUNTIF('מדי '!$B:$B,$A87)>0),"NZ + מדי",IF(COUNTIF(ניו!$B:$B,$A87)>0,"NZ","מדי")) -> NZ | C87: =IFERROR(INDEX(ניו!$C:$C,MATCH($A87,ניו!$B:$B,0)),IFERROR(INDEX('מדי '!$C:$C,MATCH($A87,'מדי '!$B:$B,0)),"")) -> 3.67 | D87: =IFERROR(INDEX(ניו!$D:$D,MATCH($A87,ניו!$B:$B,0)),"") -> 2.8 | E87: =IFERROR(INDEX(ניו!$E:$E,MATCH($A87,ניו!$B:$B,0)),"") -> 2.9907357 | F87: =IFERROR(INDEX('מדי '!$D:$D,MATCH($A87,'מדי '!$B:$B,0)),"") | G87: =IFERROR(INDEX('מדי '!$E:$E,MATCH($A87,'מדי '!$B:$B,0)),"") | H87: =IFERROR(INDEX('מדי '!$F:$F,MATCH($A87,'מדי '!$B:$B,0)),"")
A88: 804AT | B88: =IF(AND(COUNTIF(ניו!$B:$B,$A88)>0,COUNTIF('מדי '!$B:$B,$A88)>0),"NZ + מדי",IF(COUNTIF(ניו!$B:$B,$A88)>0,"NZ","מדי")) -> NZ + מדי | C88: =IFERROR(INDEX(ניו!$C:$C,MATCH($A88,ניו!$B:$B,0)),IFERROR(INDEX('מדי '!$C:$C,MATCH($A88,'מדי '!$B:$B,0)),"")) -> 4.7314626 | D88: =IFERROR(INDEX(ניו!$D:$D,MATCH($A88,ניו!$B:$B,0)),"") -> 3.2 | E88: =IFERROR(INDEX(ניו!$E:$E,MATCH($A88,ניו!$B:$B,0)),"") -> 2.6511886 | F88: =IFERROR(INDEX('מדי '!$D:$D,MATCH($A88,'מדי '!$B:$B,0)),"") -> 3 | G88: =IFERROR(INDEX('מדי '!$E:$E,MATCH($A88,'מדי '!$B:$B,0)),"") -> 2.5909091 | H88: =IFERROR(INDEX('מדי '!$F:$F,MATCH($A88,'מדי '!$B:$B,0)),"") -> 1.8344318
A89: 805AT | B89: =IF(AND(COUNTIF(ניו!$B:$B,$A89)>0,COUNTIF('מדי '!$B:$B,$A89)>0),"NZ + מדי",IF(COUNTIF(ניו!$B:$B,$A89)>0,"NZ","מדי")) -> NZ | C89: =IFERROR(INDEX(ניו!$C:$C,MATCH($A89,ניו!$B:$B,0)),IFERROR(INDEX('מדי '!$C:$C,MATCH($A89,'מדי '!$B:$B,0)),"")) -> 5.060152 | D89: =IFERROR(INDEX(ניו!$D:$D,MATCH($A89,ניו!$B:$B,0)),"") -> 3 | E89: =IFERROR(INDEX(ניו!$E:$E,MATCH($A89,ניו!$B:$B,0)),"") -> 2.3240409 | F89: =IFERROR(INDEX('מדי '!$D:$D,MATCH($A89,'מדי '!$B:$B,0)),"") | G89: =IFERROR(INDEX('מדי '!$E:$E,MATCH($A89,'מדי '!$B:$B,0)),"") | H89: =IFERROR(INDEX('מדי '!$F:$F,MATCH($A89,'מדי '!$B:$B,0)),"")
A90: 806CB | B90: =IF(AND(COUNTIF(ניו!$B:$B,$A90)>0,COUNTIF('מדי '!$B:$B,$A90)>0),"NZ + מדי",IF(COUNTIF(ניו!$B:$B,$A90)>0,"NZ","מדי")) -> NZ | C90: =IFERROR(INDEX(ניו!$C:$C,MATCH($A90,ניו!$B:$B,0)),IFERROR(INDEX('מדי '!$C:$C,MATCH($A90,'מדי '!$B:$B,0)),"")) -> 2.796 | D90: =IFERROR(INDEX(ניו!$D:$D,MATCH($A90,ניו!$B:$B,0)),"") -> 2 | E90: =IFERROR(INDEX(ניו!$E:$E,MATCH($A90,ניו!$B:$B,0)),"") -> 2.8040057 | F90: =IFERROR(INDEX('מדי '!$D:$D,MATCH($A90,'מדי '!$B:$B,0)),"") | G90: =IFERROR(INDEX('מדי '!$E:$E,MATCH($A90,'מדי '!$B:$B,0)),"") | H90: =IFERROR(INDEX('מדי '!$F:$F,MATCH($A90,'מדי '!$B:$B,0)),"")
A91: 807CB | B91: =IF(AND(COUNTIF(ניו!$B:$B,$A91)>0,COUNTIF('מדי '!$B:$B,$A91)>0),"NZ + מדי",IF(COUNTIF(ניו!$B:$B,$A91)>0,"NZ","מדי")) -> NZ | C91: =IFERROR(INDEX(ניו!$C:$C,MATCH($A91,ניו!$B:$B,0)),IFERROR(INDEX('מדי '!$C:$C,MATCH($A91,'מדי '!$B:$B,0)),"")) -> 2.616 | D91: =IFERROR(INDEX(ניו!$D:$D,MATCH($A91,ניו!$B:$B,0)),"") -> 2.3 | E91: =IFERROR(INDEX(ניו!$E:$E,MATCH($A91,ניו!$B:$B,0)),"") -> 3.4464832 | F91: =IFERROR(INDEX('מדי '!$D:$D,MATCH($A91,'מדי '!$B:$B,0)),"") | G91: =IFERROR(INDEX('מדי '!$E:$E,MATCH($A91,'מדי '!$B:$B,0)),"") | H91: =IFERROR(INDEX('מדי '!$F:$F,MATCH($A91,'מדי '!$B:$B,0)),"")
A92: 808KT | B92: =IF(AND(COUNTIF(ניו!$B:$B,$A92)>0,COUNTIF('מדי '!$B:$B,$A92)>0),"NZ + מדי",IF(COUNTIF(ניו!$B:$B,$A92)>0,"NZ","מדי")) -> NZ + מדי | C92: =IFERROR(INDEX(ניו!$C:$C,MATCH($A92,ניו!$B:$B,0)),IFERROR(INDEX('מדי '!$C:$C,MATCH($A92,'מדי '!$B:$B,0)),"")) -> 7.2788051 | D92: =IFERROR(INDEX(ניו!$D:$D,MATCH($A92,ניו!$B:$B,0)),"") -> 4 | E92: =IFERROR(INDEX(ניו!$E:$E,MATCH($A92,ניו!$B:$B,0)),"") -> 2.1541997 | F92: =IFERROR(INDEX('מדי '!$D:$D,MATCH($A92,'מדי '!$B:$B,0)),"") -> 4.5 | G92: =IFERROR(INDEX('מדי '!$E:$E,MATCH($A92,'מדי '!$B:$B,0)),"") -> 3.8863636 | H92: =IFERROR(INDEX('מדי '!$F:$F,MATCH($A92,'מדי '!$B:$B,0)),"") -> 1.7886615
A93: 82 | B93: =IF(AND(COUNTIF(ניו!$B:$B,$A93)>0,COUNTIF('מדי '!$B:$B,$A93)>0),"NZ + מדי",IF(COUNTIF(ניו!$B:$B,$A93)>0,"NZ","מדי")) -> NZ | C93: =IFERROR(INDEX(ניו!$C:$C,MATCH($A93,ניו!$B:$B,0)),IFERROR(INDEX('מדי '!$C:$C,MATCH($A93,'מדי '!$B:$B,0)),"")) -> 16.540549 | D93: =IFERROR(INDEX(ניו!$D:$D,MATCH($A93,ניו!$B:$B,0)),"") -> 8.45 | E93: =IFERROR(INDEX(ניו!$E:$E,MATCH($A93,ניו!$B:$B,0)),"") -> 2.0025938 | F93: =IFERROR(INDEX('מדי '!$D:$D,MATCH($A93,'מדי '!$B:$B,0)),"") | G93: =IFERROR(INDEX('מדי '!$E:$E,MATCH($A93,'מדי '!$B:$B,0)),"") | H93: =IFERROR(INDEX('מדי '!$F:$F,MATCH($A93,'מדי '!$B:$B,0)),"")
A94: 85K | B94: =IF(AND(COUNTIF(ניו!$B:$B,$A94)>0,COUNTIF('מדי '!$B:$B,$A94)>0),"NZ + מדי",IF(COUNTIF(ניו!$B:$B,$A94)>0,"NZ","מדי")) -> NZ | C94: =IFERROR(INDEX(ניו!$C:$C,MATCH($A94,ניו!$B:$B,0)),IFERROR(INDEX('מדי '!$C:$C,MATCH($A94,'מדי '!$B:$B,0)),"")) -> 15.600138 | D94: =IFERROR(INDEX(ניו!$D:$D,MATCH($A94,ניו!$B:$B,0)),"") -> 7.9 | E94: =IFERROR(INDEX(ניו!$E:$E,MATCH($A94,ניו!$B:$B,0)),"") -> 1.9851106 | F94: =IFERROR(INDEX('מדי '!$D:$D,MATCH($A94,'מדי '!$B:$B,0)),"") | G94: =IFERROR(INDEX('מדי '!$E:$E,MATCH($A94,'מדי '!$B:$B,0)),"") | H94: =IFERROR(INDEX('מדי '!$F:$F,MATCH($A94,'מדי '!$B:$B,0)),"")
A95: 85 | B95: =IF(AND(COUNTIF(ניו!$B:$B,$A95)>0,COUNTIF('מדי '!$B:$B,$A95)>0),"NZ + מדי",IF(COUNTIF(ניו!$B:$B,$A95)>0,"NZ","מדי")) -> NZ | C95: =IFERROR(INDEX(ניו!$C:$C,MATCH($A95,ניו!$B:$B,0)),IFERROR(INDEX('מדי '!$C:$C,MATCH($A95,'מדי '!$B:$B,0)),"")) -> 10.7 | D95: =IFERROR(INDEX(ניו!$D:$D,MATCH($A95,ניו!$B:$B,0)),"") -> 5.8 | E95: =IFERROR(INDEX(ניו!$E:$E,MATCH($A95,ניו!$B:$B,0)),"") -> 2.1248598 | F95: =IFERROR(INDEX('מדי '!$D:$D,MATCH($A95,'מדי '!$B:$B,0)),"") | G95: =IFERROR(INDEX('מדי '!$E:$E,MATCH($A95,'מדי '!$B:$B,0)),"") | H95: =IFERROR(INDEX('מדי '!$F:$F,MATCH($A95,'מדי '!$B:$B,0)),"")
A96: 85B | B96: =IF(AND(COUNTIF(ניו!$B:$B,$A96)>0,COUNTIF('מדי '!$B:$B,$A96)>0),"NZ + מדי",IF(COUNTIF(ניו!$B:$B,$A96)>0,"NZ","מדי")) -> NZ | C96: =IFERROR(INDEX(ניו!$C:$C,MATCH($A96,ניו!$B:$B,0)),IFERROR(INDEX('מדי '!$C:$C,MATCH($A96,'מדי '!$B:$B,0)),"")) -> 10.737112 | D96: =IFERROR(INDEX(ניו!$D:$D,MATCH($A96,ניו!$B:$B,0)),"") -> 5.8 | E96: =IFERROR(INDEX(ניו!$E:$E,MATCH($A96,ניו!$B:$B,0)),"") -> 2.1175154 | F96: =IFERROR(INDEX('מדי '!$D:$D,MATCH($A96,'מדי '!$B:$B,0)),"") | G96: =IFERROR(INDEX('מדי '!$E:$E,MATCH($A96,'מדי '!$B:$B,0)),"") | H96: =IFERROR(INDEX('מדי '!$F:$F,MATCH($A96,'מדי '!$B:$B,0)),"")
A97: 87 | B97: =IF(AND(COUNTIF(ניו!$B:$B,$A97)>0,COUNTIF('מדי '!$B:$B,$A97)>0),"NZ + מדי",IF(COUNTIF(ניו!$B:$B,$A97)>0,"NZ","מדי")) -> NZ + מדי | C97: =IFERROR(INDEX(ניו!$C:$C,MATCH($A97,ניו!$B:$B,0)),IFERROR(INDEX('מדי '!$C:$C,MATCH($A97,'מדי '!$B:$B,0)),"")) -> 58.440113 | D97: =IFERROR(INDEX(ניו!$D:$D,MATCH($A97,ניו!$B:$B,0)),"") -> 32.8 | E97: =IFERROR(INDEX(ניו!$E:$E,MATCH($A97,ניו!$B:$B,0)),"") -> 2.2001326 | F97: =IFERROR(INDEX('מדי '!$D:$D,MATCH($A97,'מדי '!$B:$B,0)),"") -> 29.85 | G97: =IFERROR(INDEX('מדי '!$E:$E,MATCH($A97,'מדי '!$B:$B,0)),"") -> 25.779545 | H97: =IFERROR(INDEX('מדי '!$F:$F,MATCH($A97,'מדי '!$B:$B,0)),"") -> 1.4777774
A98: 91B | B98: =IF(AND(COUNTIF(ניו!$B:$B,$A98)>0,COUNTIF('מדי '!$B:$B,$A98)>0),"NZ + מדי",IF(COUNTIF(ניו!$B:$B,$A98)>0,"NZ","מדי")) -> NZ + מדי | C98: =IFERROR(INDEX(ניו!$C:$C,MATCH($A98,ניו!$B:$B,0)),IFERROR(INDEX('מדי '!$C:$C,MATCH($A98,'מדי '!$B:$B,0)),"")) -> 15.70668 | D98: =IFERROR(INDEX(ניו!$D:$D,MATCH($A98,ניו!$B:$B,0)),"") -> 12 | E98: =IFERROR(INDEX(ניו!$E:$E,MATCH($A98,ניו!$B:$B,0)),"") -> 2.994904 | F98: =IFERROR(INDEX('מדי '!$D:$D,MATCH($A98,'מדי '!$B:$B,0)),"") -> 12 | G98: =IFERROR(INDEX('מדי '!$E:$E,MATCH($A98,'מדי '!$B:$B,0)),"") -> 10.363636 | H98: =IFERROR(INDEX('מדי '!$F:$F,MATCH($A98,'מדי '!$B:$B,0)),"") -> 2.2104086
A99: 95 | B99: =IF(AND(COUNTIF(ניו!$B:$B,$A99)>0,COUNTIF('מדי '!$B:$B,$A99)>0),"NZ + מדי",IF(COUNTIF(ניו!$B:$B,$A99)>0,"NZ","מדי")) -> NZ + מדי | C99: =IFERROR(INDEX(ניו!$C:$C,MATCH($A99,ניו!$B:$B,0)),IFERROR(INDEX('מדי '!$C:$C,MATCH($A99,'מדי '!$B:$B,0)),"")) -> 5.0426837 | D99: =IFERROR(INDEX(ניו!$D:$D,MATCH($A99,ניו!$B:$B,0)),"") -> 3.1 | E99: =IFERROR(INDEX(ניו!$E:$E,MATCH($A99,ניו!$B:$B,0)),"") -> 2.4098279 | F99: =IFERROR(INDEX('מדי '!$D:$D,MATCH($A99,'מדי '!$B:$B,0)),"") -> 3.85 | G99: =IFERROR(INDEX('מדי '!$E:$E,MATCH($A99,'מדי '!$B:$B,0)),"") -> 3.325 | H99: =IFERROR(INDEX('מדי '!$F:$F,MATCH($A99,'מדי '!$B:$B,0)),"") -> 2.2088932
A100: 95B | B100: =IF(AND(COUNTIF(ניו!$B:$B,$A100)>0,COUNTIF('מדי '!$B:$B,$A100)>0),"NZ + מדי",IF(COUNTIF(ניו!$B:$B,$A100)>0,"NZ","מדי")) -> NZ | C100: =IFERROR(INDEX(ניו!$C:$C,MATCH($A100,ניו!$B:$B,0)),IFERROR(INDEX('מדי '!$C:$C,MATCH($A100,'מדי '!$B:$B,0)),"")) -> 5.5845469 | D100: =IFERROR(INDEX(ניו!$D:$D,MATCH($A100,ניו!$B:$B,0)),"") -> 3.1 | E100: =IFERROR(INDEX(ניו!$E:$E,MATCH($A100,ניו!$B:$B,0)),"") -> 2.1760047 | F100: =IFERROR(INDEX('מדי '!$D:$D,MATCH($A100,'מדי '!$B:$B,0)),"") | G100: =IFERROR(INDEX('מדי '!$E:$E,MATCH($A100,'מדי '!$B:$B,0)),"") | H100: =IFERROR(INDEX('מדי '!$F:$F,MATCH($A100,'מדי '!$B:$B,0)),"")
A101: 95C | B101: =IF(AND(COUNTIF(ניו!$B:$B,$A101)>0,COUNTIF('מדי '!$B:$B,$A101)>0),"NZ + מדי",IF(COUNTIF(ניו!$B:$B,$A101)>0,"NZ","מדי")) -> NZ | C101: =IFERROR(INDEX(ניו!$C:$C,MATCH($A101,ניו!$B:$B,0)),IFERROR(INDEX('מדי '!$C:$C,MATCH($A101,'מדי '!$B:$B,0)),"")) -> 5.2371276 | D101: =IFERROR(INDEX(ניו!$D:$D,MATCH($A101,ניו!$B:$B,0)),"") -> 3.1 | E101: =IFERROR(INDEX(ניו!$E:$E,MATCH($A101,ניו!$B:$B,0)),"") -> 2.3203559 | F101: =IFERROR(INDEX('מדי '!$D:$D,MATCH($A101,'מדי '!$B:$B,0)),"") | G101: =IFERROR(INDEX('מדי '!$E:$E,MATCH($A101,'מדי '!$B:$B,0)),"") | H101: =IFERROR(INDEX('מדי '!$F:$F,MATCH($A101,'מדי '!$B:$B,0)),"")
A102: AC07 | B102: =IF(AND(COUNTIF(ניו!$B:$B,$A102)>0,COUNTIF('מדי '!$B:$B,$A102)>0),"NZ + מדי",IF(COUNTIF(ניו!$B:$B,$A102)>0,"NZ","מדי")) -> NZ + מדי | C102: =IFERROR(INDEX(ניו!$C:$C,MATCH($A102,ניו!$B:$B,0)),IFERROR(INDEX('מדי '!$C:$C,MATCH($A102,'מדי '!$B:$B,0)),"")) -> 26.797775 | D102: =IFERROR(INDEX(ניו!$D:$D,MATCH($A102,ניו!$B:$B,0)),"") -> 14.7 | E102: =IFERROR(INDEX(ניו!$E:$E,MATCH($A102,ניו!$B:$B,0)),"") -> 2.1503278 | F102: =IFERROR(INDEX('מדי '!$D:$D,MATCH($A102,'מדי '!$B:$B,0)),"") -> 16.28 | G102: =IFERROR(INDEX('מדי '!$E:$E,MATCH($A102,'מדי '!$B:$B,0)),"") -> 14.06 | H102: =IFERROR(INDEX('מדי '!$F:$F,MATCH($A102,'מדי '!$B:$B,0)),"") -> 1.7576459
A103: AC11 | B103: =IF(AND(COUNTIF(ניו!$B:$B,$A103)>0,COUNTIF('מדי '!$B:$B,$A103)>0),"NZ + מדי",IF(COUNTIF(ניו!$B:$B,$A103)>0,"NZ","מדי")) -> NZ + מדי | C103: =IFERROR(INDEX(ניו!$C:$C,MATCH($A103,ניו!$B:$B,0)),IFERROR(INDEX('מדי '!$C:$C,MATCH($A103,'מדי '!$B:$B,0)),"")) -> 22.406634 | D103: =IFERROR(INDEX(ניו!$D:$D,MATCH($A103,ניו!$B:$B,0)),"") -> 11.7 | E103: =IFERROR(INDEX(ניו!$E:$E,MATCH($A103,ניו!$B:$B,0)),"") -> 2.0468938 | F103: =IFERROR(INDEX('מדי '!$D:$D,MATCH($A103,'מדי '!$B:$B,0)),"") -> 12.32 | G103: =IFERROR(INDEX('מדי '!$E:$E,MATCH($A103,'מדי '!$B:$B,0)),"") -> 10.64 | H103: =IFERROR(INDEX('מדי '!$F:$F,MATCH($A103,'מדי '!$B:$B,0)),"") -> 1.5907788
A104: AC25 | B104: =IF(AND(COUNTIF(ניו!$B:$B,$A104)>0,COUNTIF('מדי '!$B:$B,$A104)>0),"NZ + מדי",IF(COUNTIF(ניו!$B:$B,$A104)>0,"NZ","מדי")) -> NZ + מדי | C104: =IFERROR(INDEX(ניו!$C:$C,MATCH($A104,ניו!$B:$B,0)),IFERROR(INDEX('מדי '!$C:$C,MATCH($A104,'מדי '!$B:$B,0)),"")) -> 9.5354533 | D104: =IFERROR(INDEX(ניו!$D:$D,MATCH($A104,ניו!$B:$B,0)),"") -> 5.45 | E104: =IFERROR(INDEX(ניו!$E:$E,MATCH($A104,ניו!$B:$B,0)),"") -> 2.2404808 | F104: =IFERROR(INDEX('מדי '!$D:$D,MATCH($A104,'מדי '!$B:$B,0)),"") -> 5.25 | G104: =IFERROR(INDEX('מדי '!$E:$E,MATCH($A104,'מדי '!$B:$B,0)),"") -> 4.5340909 | H104: =IFERROR(INDEX('מדי '!$F:$F,MATCH($A104,'מדי '!$B:$B,0)),"") -> 1.592919
A105: AC27 | B105: =IF(AND(COUNTIF(ניו!$B:$B,$A105)>0,COUNTIF('מדי '!$B:$B,$A105)>0),"NZ + מדי",IF(COUNTIF(ניו!$B:$B,$A105)>0,"NZ","מדי")) -> NZ + מדי | C105: =IFERROR(INDEX(ניו!$C:$C,MATCH($A105,ניו!$B:$B,0)),IFERROR(INDEX('מדי '!$C:$C,MATCH($A105,'מדי '!$B:$B,0)),"")) -> 14.905488 | D105: =IFERROR(INDEX(ניו!$D:$D,MATCH($A105,ניו!$B:$B,0)),"") -> 7.75 | E105: =IFERROR(INDEX(ניו!$E:$E,MATCH($A105,ניו!$B:$B,0)),"") -> 2.0381754 | F105: =IFERROR(INDEX('מדי '!$D:$D,MATCH($A105,'מדי '!$B:$B,0)),"") -> 6.94 | G105: =IFERROR(INDEX('מדי '!$E:$E,MATCH($A105,'מדי '!$B:$B,0)),"") -> 5.9936364 | H105: =IFERROR(INDEX('מדי '!$F:$F,MATCH($A105,'מדי '!$B:$B,0)),"") -> 1.3470664
A106: AC28 | B106: =IF(AND(COUNTIF(ניו!$B:$B,$A106)>0,COUNTIF('מדי '!$B:$B,$A106)>0),"NZ + מדי",IF(COUNTIF(ניו!$B:$B,$A106)>0,"NZ","מדי")) -> NZ + מדי | C106: =IFERROR(INDEX(ניו!$C:$C,MATCH($A106,ניו!$B:$B,0)),IFERROR(INDEX('מדי '!$C:$C,MATCH($A106,'מדי '!$B:$B,0)),"")) -> 10.834701 | D106: =IFERROR(INDEX(ניו!$D:$D,MATCH($A106,ניו!$B:$B,0)),"") -> 5.85 | E106: =IFERROR(INDEX(ניו!$E:$E,MATCH($A106,ניו!$B:$B,0)),"") -> 2.1165329 | F106: =IFERROR(INDEX('מדי '!$D:$D,MATCH($A106,'מדי '!$B:$B,0)),"") -> 4.84 | G106: =IFERROR(INDEX('מדי '!$E:$E,MATCH($A106,'מדי '!$B:$B,0)),"") -> 4.18 | H106: =IFERROR(INDEX('מדי '!$F:$F,MATCH($A106,'מדי '!$B:$B,0)),"") -> 1.2924215
A107: AC37 | B107: =IF(AND(COUNTIF(ניו!$B:$B,$A107)>0,COUNTIF('מדי '!$B:$B,$A107)>0),"NZ + מדי",IF(COUNTIF(ניו!$B:$B,$A107)>0,"NZ","מדי")) -> NZ + מדי | C107: =IFERROR(INDEX(ניו!$C:$C,MATCH($A107,ניו!$B:$B,0)),IFERROR(INDEX('מדי '!$C:$C,MATCH($A107,'מדי '!$B:$B,0)),"")) -> 8.9420077 | D107: =IFERROR(INDEX(ניו!$D:$D,MATCH($A107,ניו!$B:$B,0)),"") -> 5.25 | E107: =IFERROR(INDEX(ניו!$E:$E,MATCH($A107,ניו!$B:$B,0)),"") -> 2.3014966 | F107: =IFERROR(INDEX('מדי '!$D:$D,MATCH($A107,'מדי '!$B:$B,0)),"") -> 5.5 | G107: =IFERROR(INDEX('מדי '!$E:$E,MATCH($A107,'מדי '!$B:$B,0)),"") -> 4.75 | H107: =IFERROR(INDEX('מדי '!$F:$F,MATCH($A107,'מדי '!$B:$B,0)),"") -> 1.7795221
A108: AC40 | B108: =IF(AND(COUNTIF(ניו!$B:$B,$A108)>0,COUNTIF('מדי '!$B:$B,$A108)>0),"NZ + מדי",IF(COUNTIF(ניו!$B:$B,$A108)>0,"NZ","מדי")) -> NZ | C108: =IFERROR(INDEX(ניו!$C:$C,MATCH($A108,ניו!$B:$B,0)),IFERROR(INDEX('מדי '!$C:$C,MATCH($A108,'מדי '!$B:$B,0)),"")) -> 22.707831 | D108: =IFERROR(INDEX(ניו!$D:$D,MATCH($A108,ניו!$B:$B,0)),"") -> 12 | E108: =IFERROR(INDEX(ניו!$E:$E,MATCH($A108,ניו!$B:$B,0)),"") -> 2.071532 | F108: =IFERROR(INDEX('מדי '!$D:$D,MATCH($A108,'מדי '!$B:$B,0)),"") | G108: =IFERROR(INDEX('מדי '!$E:$E,MATCH($A108,'מדי '!$B:$B,0)),"") | H108: =IFERROR(INDEX('מדי '!$F:$F,MATCH($A108,'מדי '!$B:$B,0)),"")
A109: AC43D | B109: =IF(AND(COUNTIF(ניו!$B:$B,$A109)>0,COUNTIF('מדי '!$B:$B,$A109)>0),"NZ + מדי",IF(COUNTIF(ניו!$B:$B,$A109)>0,"NZ","מדי")) -> NZ + מדי | C109: =IFERROR(INDEX(ניו!$C:$C,MATCH($A109,ניו!$B:$B,0)),IFERROR(INDEX('מדי '!$C:$C,MATCH($A109,'מדי '!$B:$B,0)),"")) -> 28.388471 | D109: =IFERROR(INDEX(ניו!$D:$D,MATCH($A109,ניו!$B:$B,0)),"") -> 15.45 | E109: =IFERROR(INDEX(ניו!$E:$E,MATCH($A109,ניו!$B:$B,0)),"") -> 2.1334013 | F109: =IFERROR(INDEX('מדי '!$D:$D,MATCH($A109,'מדי '!$B:$B,0)),"") -> 16.22 | G109: =IFERROR(INDEX('מדי '!$E:$E,MATCH($A109,'מדי '!$B:$B,0)),"") -> 14.008182 | H109: =IFERROR(INDEX('מדי '!$F:$F,MATCH($A109,'מדי '!$B:$B,0)),"") -> 1.6530446
A110: AC45X | B110: =IF(AND(COUNTIF(ניו!$B:$B,$A110)>0,COUNTIF('מדי '!$B:$B,$A110)>0),"NZ + מדי",IF(COUNTIF(ניו!$B:$B,$A110)>0,"NZ","מדי")) -> NZ + מדי | C110: =IFERROR(INDEX(ניו!$C:$C,MATCH($A110,ניו!$B:$B,0)),IFERROR(INDEX('מדי '!$C:$C,MATCH($A110,'מדי '!$B:$B,0)),"")) -> 19.12583 | D110: =IFERROR(INDEX(ניו!$D:$D,MATCH($A110,ניו!$B:$B,0)),"") -> 9.85 | E110: =IFERROR(INDEX(ניו!$E:$E,MATCH($A110,ניו!$B:$B,0)),"") -> 2.0188405 | F110: =IFERROR(INDEX('מדי '!$D:$D,MATCH($A110,'מדי '!$B:$B,0)),"") -> 10.92 | G110: =IFERROR(INDEX('מדי '!$E:$E,MATCH($A110,'מדי '!$B:$B,0)),"") -> 9.4309091 | H110: =IFERROR(INDEX('מדי '!$F:$F,MATCH($A110,'מדי '!$B:$B,0)),"") -> 1.6518784
A111: AC49 | B111: =IF(AND(COUNTIF(ניו!$B:$B,$A111)>0,COUNTIF('מדי '!$B:$B,$A111)>0),"NZ + מדי",IF(COUNTIF(ניו!$B:$B,$A111)>0,"NZ","מדי")) -> NZ + מדי | C111: =IFERROR(INDEX(ניו!$C:$C,MATCH($A111,ניו!$B:$B,0)),IFERROR(INDEX('מדי '!$C:$C,MATCH($A111,'מדי '!$B:$B,0)),"")) -> 17.727703 | D111: =IFERROR(INDEX(ניו!$D:$D,MATCH($A111,ניו!$B:$B,0)),"") -> 9.25 | E111: =IFERROR(INDEX(ניו!$E:$E,MATCH($A111,ניו!$B:$B,0)),"") -> 2.0453863 | F111: =IFERROR(INDEX('מדי '!$D:$D,MATCH($A111,'מדי '!$B:$B,0)),"") -> 10.85 | G111: =IFERROR(INDEX('מדי '!$E:$E,MATCH($A111,'מדי '!$B:$B,0)),"") -> 7.4 | H111: =IFERROR(INDEX('מדי '!$F:$F,MATCH($A111,'מדי '!$B:$B,0)),"") -> 1.3983763
... A158: 213CTS | B158: =IF(AND(COUNTIF(ניו!$B:$B,$A158)>0,COUNTIF('מדי '!$B:$B,$A158)>0),"NZ + מדי",IF(COUNTIF(ניו!$B:$B,$A158)>0,"NZ","מדי")) -> NZ | C158: =IFERROR(INDEX(ניו!$C:$C,MATCH($A158,ניו!$B:$B,0)),IFERROR(INDEX('מדי '!$C:$C,MATCH($A158,'מדי '!$B:$B,0)),"")) -> 18.84 | D158: =IFERROR(INDEX(ניו!$D:$D,MATCH($A158,ניו!$B:$B,0)),"") -> 11.75 | E158: =IFERROR(INDEX(ניו!$E:$E,MATCH($A158,ניו!$B:$B,0)),"") -> 2.4447983 | F158: =IFERROR(INDEX('מדי '!$D:$D,MATCH($A158,'מדי '!$B:$B,0)),"") | G158: =IFERROR(INDEX('מדי '!$E:$E,MATCH($A158,'מדי '!$B:$B,0)),"") | H158: =IFERROR(INDEX('מדי '!$F:$F,MATCH($A158,'מדי '!$B:$B,0)),"")
A159: 202 | B159: =IF(AND(COUNTIF(ניו!$B:$B,$A159)>0,COUNTIF('מדי '!$B:$B,$A159)>0),"NZ + מדי",IF(COUNTIF(ניו!$B:$B,$A159)>0,"NZ","מדי")) -> NZ | C159: =IFERROR(INDEX(ניו!$C:$C,MATCH($A159,ניו!$B:$B,0)),IFERROR(INDEX('מדי '!$C:$C,MATCH($A159,'מדי '!$B:$B,0)),"")) -> 7.128 | D159: =IFERROR(INDEX(ניו!$D:$D,MATCH($A159,ניו!$B:$B,0)),"") -> 4.9 | E159: =IFERROR(INDEX(ניו!$E:$E,MATCH($A159,ניו!$B:$B,0)),"") -> 2.694725 | F159: =IFERROR(INDEX('מדי '!$D:$D,MATCH($A159,'מדי '!$B:$B,0)),"") | G159: =IFERROR(INDEX('מדי '!$E:$E,MATCH($A159,'מדי '!$B:$B,0)),"") | H159: =IFERROR(INDEX('מדי '!$F:$F,MATCH($A159,'מדי '!$B:$B,0)),"")
A160: 56B | B160: =IF(AND(COUNTIF(ניו!$B:$B,$A160)>0,COUNTIF('מדי '!$B:$B,$A160)>0),"NZ + מדי",IF(COUNTIF(ניו!$B:$B,$A160)>0,"NZ","מדי")) -> NZ | C160: =IFERROR(INDEX(ניו!$C:$C,MATCH($A160,ניו!$B:$B,0)),IFERROR(INDEX('מדי '!$C:$C,MATCH($A160,'מדי '!$B:$B,0)),"")) -> 9.741 | D160: =IFERROR(INDEX(ניו!$D:$D,MATCH($A160,ניו!$B:$B,0)),"") -> 8.15 | E160: =IFERROR(INDEX(ניו!$E:$E,MATCH($A160,ניו!$B:$B,0)),"") -> 3.2797454 | F160: =IFERROR(INDEX('מדי '!$D:$D,MATCH($A160,'מדי '!$B:$B,0)),"") | G160: =IFERROR(INDEX('מדי '!$E:$E,MATCH($A160,'מדי '!$B:$B,0)),"") | H160: =IFERROR(INDEX('מדי '!$F:$F,MATCH($A160,'מדי '!$B:$B,0)),"")
A161: SH322 | B161: =IF(AND(COUNTIF(ניו!$B:$B,$A161)>0,COUNTIF('מדי '!$B:$B,$A161)>0),"NZ + מדי",IF(COUNTIF(ניו!$B:$B,$A161)>0,"NZ","מדי")) -> NZ | C161: =IFERROR(INDEX(ניו!$C:$C,MATCH($A161,ניו!$B:$B,0)),IFERROR(INDEX('מדי '!$C:$C,MATCH($A161,'מדי '!$B:$B,0)),"")) -> 28.7958 | D161: =IFERROR(INDEX(ניו!$D:$D,MATCH($A161,ניו!$B:$B,0)),"") -> 17.05 | E161: =IFERROR(INDEX(ניו!$E:$E,MATCH($A161,ניו!$B:$B,0)),"") -> 2.3210329 | F161: =IFERROR(INDEX('מדי '!$D:$D,MATCH($A161,'מדי '!$B:$B,0)),"") | G161: =IFERROR(INDEX('מדי '!$E:$E,MATCH($A161,'מדי '!$B:$B,0)),"") | H161: =IFERROR(INDEX('מדי '!$F:$F,MATCH($A161,'מדי '!$B:$B,0)),"")
A162: SH922 | B162: =IF(AND(COUNTIF(ניו!$B:$B,$A162)>0,COUNTIF('מדי '!$B:$B,$A162)>0),"NZ + מדי",IF(COUNTIF(ניו!$B:$B,$A162)>0,"NZ","מדי")) -> NZ | C162: =IFERROR(INDEX(ניו!$C:$C,MATCH($A162,ניו!$B:$B,0)),IFERROR(INDEX('מדי '!$C:$C,MATCH($A162,'מדי '!$B:$B,0)),"")) -> 27.429 | D162: =IFERROR(INDEX(ניו!$D:$D,MATCH($A162,ניו!$B:$B,0)),"") -> 17.05 | E162: =IFERROR(INDEX(ניו!$E:$E,MATCH($A162,ניו!$B:$B,0)),"") -> 2.4366911 | F162: =IFERROR(INDEX('מדי '!$D:$D,MATCH($A162,'מדי '!$B:$B,0)),"") | G162: =IFERROR(INDEX('מדי '!$E:$E,MATCH($A162,'מדי '!$B:$B,0)),"") | H162: =IFERROR(INDEX('מדי '!$F:$F,MATCH($A162,'מדי '!$B:$B,0)),"")
A163: SH422 | B163: =IF(AND(COUNTIF(ניו!$B:$B,$A163)>0,COUNTIF('מדי '!$B:$B,$A163)>0),"NZ + מדי",IF(COUNTIF(ניו!$B:$B,$A163)>0,"NZ","מדי")) -> NZ | C163: =IFERROR(INDEX(ניו!$C:$C,MATCH($A163,ניו!$B:$B,0)),IFERROR(INDEX('מדי '!$C:$C,MATCH($A163,'מדי '!$B:$B,0)),"")) -> 39.5 | D163: =IFERROR(INDEX(ניו!$D:$D,MATCH($A163,ניו!$B:$B,0)),"") -> 26.8 | E163: =IFERROR(INDEX(ניו!$E:$E,MATCH($A163,ניו!$B:$B,0)),"") -> 2.6596456 | F163: =IFERROR(INDEX('מדי '!$D:$D,MATCH($A163,'מדי '!$B:$B,0)),"") | G163: =IFERROR(INDEX('מדי '!$E:$E,MATCH($A163,'מדי '!$B:$B,0)),"") | H163: =IFERROR(INDEX('מדי '!$F:$F,MATCH($A163,'מדי '!$B:$B,0)),"")
A164: SH333 | B164: =IF(AND(COUNTIF(ניו!$B:$B,$A164)>0,COUNTIF('מדי '!$B:$B,$A164)>0),"NZ + מדי",IF(COUNTIF(ניו!$B:$B,$A164)>0,"NZ","מדי")) -> NZ | C164: =IFERROR(INDEX(ניו!$C:$C,MATCH($A164,ניו!$B:$B,0)),IFERROR(INDEX('מדי '!$C:$C,MATCH($A164,'מדי '!$B:$B,0)),"")) -> 19.7 | D164: =IFERROR(INDEX(ניו!$D:$D,MATCH($A164,ניו!$B:$B,0)),"") -> 15.3 | E164: =IFERROR(INDEX(ניו!$E:$E,MATCH($A164,ניו!$B:$B,0)),"") -> 3.044467 | F164: =IFERROR(INDEX('מדי '!$D:$D,MATCH($A164,'מדי '!$B:$B,0)),"") | G164: =IFERROR(INDEX('מדי '!$E:$E,MATCH($A164,'מדי '!$B:$B,0)),"") | H164: =IFERROR(INDEX('מדי '!$F:$F,MATCH($A164,'מדי '!$B:$B,0)),"")
A165: 809PW | B165: =IF(AND(COUNTIF(ניו!$B:$B,$A165)>0,COUNTIF('מדי '!$B:$B,$A165)>0),"NZ + מדי",IF(COUNTIF(ניו!$B:$B,$A165)>0,"NZ","מדי")) -> NZ | C165: =IFERROR(INDEX(ניו!$C:$C,MATCH($A165,ניו!$B:$B,0)),IFERROR(INDEX('מדי '!$C:$C,MATCH($A165,'מדי '!$B:$B,0)),"")) -> 3.67 | D165: =IFERROR(INDEX(ניו!$D:$D,MATCH($A165,ניו!$B:$B,0)),"") -> 2.35 | E165: =IFERROR(INDEX(ניו!$E:$E,MATCH($A165,ניו!$B:$B,0)),"") -> 2.5100817 | F165: =IFERROR(INDEX('מדי '!$D:$D,MATCH($A165,'מדי '!$B:$B,0)),"") | G165: =IFERROR(INDEX('מדי '!$E:$E,MATCH($A165,'מדי '!$B:$B,0)),"") | H165: =IFERROR(INDEX('מדי '!$F:$F,MATCH($A165,'מדי '!$B:$B,0)),"")
A166: 397A | B166: =IF(AND(COUNTIF(ניו!$B:$B,$A166)>0,COUNTIF('מדי '!$B:$B,$A166)>0),"NZ + מדי",IF(COUNTIF(ניו!$B:$B,$A166)>0,"NZ","מדי")) -> NZ | C166: =IFERROR(INDEX(ניו!$C:$C,MATCH($A166,ניו!$B:$B,0)),IFERROR(INDEX('מדי '!$C:$C,MATCH($A166,'מדי '!$B:$B,0)),"")) -> 9.71 | D166: =IFERROR(INDEX(ניו!$D:$D,MATCH($A166,ניו!$B:$B,0)),"") -> 8.1 | E166: =IFERROR(INDEX(ניו!$E:$E,MATCH($A166,ניו!$B:$B,0)),"") -> 3.2700309 | F166: =IFERROR(INDEX('מדי '!$D:$D,MATCH($A166,'מדי '!$B:$B,0)),"") | G166: =IFERROR(INDEX('מדי '!$E:$E,MATCH($A166,'מדי '!$B:$B,0)),"") | H166: =IFERROR(INDEX('מדי '!$F:$F,MATCH($A166,'מדי '!$B:$B,0)),"")
A167: 395 | B167: =IF(AND(COUNTIF(ניו!$B:$B,$A167)>0,COUNTIF('מדי '!$B:$B,$A167)>0),"NZ + מדי",IF(COUNTIF(ניו!$B:$B,$A167)>0,"NZ","מדי")) -> NZ | C167: =IFERROR(INDEX(ניו!$C:$C,MATCH($A167,ניו!$B:$B,0)),IFERROR(INDEX('מדי '!$C:$C,MATCH($A167,'מדי '!$B:$B,0)),"")) -> 6.6 | D167: =IFERROR(INDEX(ניו!$D:$D,MATCH($A167,ניו!$B:$B,0)),"") -> 5.8 | E167: =IFERROR(INDEX(ניו!$E:$E,MATCH($A167,ניו!$B:$B,0)),"") -> 3.4448485 | F167: =IFERROR(INDEX('מדי '!$D:$D,MATCH($A167,'מדי '!$B:$B,0)),"") | G167: =IFERROR(INDEX('מדי '!$E:$E,MATCH($A167,'מדי '!$B:$B,0)),"") | H167: =IFERROR(INDEX('מדי '!$F:$F,MATCH($A167,'מדי '!$B:$B,0)),"")
A168: 391 | B168: =IF(AND(COUNTIF(ניו!$B:$B,$A168)>0,COUNTIF('מדי '!$B:$B,$A168)>0),"NZ + מדי",IF(COUNTIF(ניו!$B:$B,$A168)>0,"NZ","מדי")) -> NZ | C168: =IFERROR(INDEX(ניו!$C:$C,MATCH($A168,ניו!$B:$B,0)),IFERROR(INDEX('מדי '!$C:$C,MATCH($A168,'מדי '!$B:$B,0)),"")) -> 6.6 | D168: =IFERROR(INDEX(ניו!$D:$D,MATCH($A168,ניו!$B:$B,0)),"") -> 6.3 | E168: =IFERROR(INDEX(ניו!$E:$E,MATCH($A168,ניו!$B:$B,0)),"") -> 3.7418182 | F168: =IFERROR(INDEX('מדי '!$D:$D,MATCH($A168,'מדי '!$B:$B,0)),"") | G168: =IFERROR(INDEX('מדי '!$E:$E,MATCH($A168,'מדי '!$B:$B,0)),"") | H168: =IFERROR(INDEX('מדי '!$F:$F,MATCH($A168,'מדי '!$B:$B,0)),"")
...
