Workbook

Sheet דאטה
A1: מטרה מול ביצוע בפועל לפי לקוח - אוקטובר 2026
A2: תאריך הכנה: | B2: 27/10/26
A4: לקוח | B4: 10.2026 (בפועל) | C4: מטרה | D4: ביצוע %
A5: סופר פארם לייף | B5: 155000 | C5: 200000 | D5: =B5/C5 -> 0.775
A6: סופרפארם | B6: 500000 | C6: 550000 | D6: =B6/C6 -> 0.90909091
A7: BE | B7: 100000 | C7: 100000 | D7: =B7/C7 -> 1
A8: בתי מרקחת | B8: 150000 | C8: 200000 | D8: =B8/C8 -> 0.75
A9: כללית | B9: 220000 | C9: 330000 | D9: =B9/C9 -> 0.66666667
A10: מאוחדת | B10: 60000 | C10: 100000 | D10: =B10/C10 -> 0.6
A11: מכוני אורטופדיה | B11: 80000 | C11: 100000 | D11: =B11/C11 -> 0.8
A12: מכוני פיזיותרפיה | B12: 30000 | C12: 25000 | D12: =B12/C12 -> 1.2
A13: אתר אוריאל | B13: 400000 | C13: 1159557 | D13: =B13/C13 -> 0.34495932
A14: אמזון | B14: 200000 | C14: 321889 | D14: =B14/C14 -> 0.6213322
A15: מפיצים | B15: 199455 | C15: 550000 | D15: =B15/C15 -> 0.36264545
A16: אחרים | B16: 26666 | C16: 45000 | D16: =B16/C16 -> 0.59257778
A17: סה"כ | B17: =SUM(B5:B16) -> 2121121 | C17: =SUM(C5:C16) -> 3681446 | D17: =B17/C17 -> 0.57616518
A19: מקור: צילום מסך טבלת "מטרה מול ביצוע בפועל" לחודש 10.2026 לפי לקוח, שסופק ע"י המשתמש. אין קובץ נתונים גולמי מקושר - עמודות "בפועל" ו"מטרה" הוזנו כערכים קשיחים לפי התמונה; עמודת "ביצוע %" מחושבת בנוסחה חיה (בפועל/מטרה).

Sheet גרף
A1: נתוני גרף - ממוין לפי מטרה (מהגבוה לנמוך)
A3: לקוח | B3: 10.2026 (בפועל) | C3: מטרה | D3: ביצוע %
A4: =דאטה!A13 -> אתר אוריאל | B4: =דאטה!B13 -> 400000 | C4: =דאטה!C13 -> 1159557 | D4: =דאטה!D13 -> 0.34495932
A5: =דאטה!A6 -> סופרפארם | B5: =דאטה!B6 -> 500000 | C5: =דאטה!C6 -> 550000 | D5: =דאטה!D6 -> 0.90909091
A6: =דאטה!A15 -> מפיצים | B6: =דאטה!B15 -> 199455 | C6: =דאטה!C15 -> 550000 | D6: =דאטה!D15 -> 0.36264545
A7: =דאטה!A9 -> כללית | B7: =דאטה!B9 -> 220000 | C7: =דאטה!C9 -> 330000 | D7: =דאטה!D9 -> 0.66666667
A8: =דאטה!A14 -> אמזון | B8: =דאטה!B14 -> 200000 | C8: =דאטה!C14 -> 321889 | D8: =דאטה!D14 -> 0.6213322
A9: =דאטה!A5 -> סופר פארם לייף | B9: =דאטה!B5 -> 155000 | C9: =דאטה!C5 -> 200000 | D9: =דאטה!D5 -> 0.775
A10: =דאטה!A8 -> בתי מרקחת | B10: =דאטה!B8 -> 150000 | C10: =דאטה!C8 -> 200000 | D10: =דאטה!D8 -> 0.75
A11: =דאטה!A7 -> BE | B11: =דאטה!B7 -> 100000 | C11: =דאטה!C7 -> 100000 | D11: =דאטה!D7 -> 1
A12: =דאטה!A10 -> מאוחדת | B12: =דאטה!B10 -> 60000 | C12: =דאטה!C10 -> 100000 | D12: =דאטה!D10 -> 0.6
A13: =דאטה!A11 -> מכוני אורטופדיה | B13: =דאטה!B11 -> 80000 | C13: =דאטה!C11 -> 100000 | D13: =דאטה!D11 -> 0.8
A14: =דאטה!A16 -> אחרים | B14: =דאטה!B16 -> 26666 | C14: =דאטה!C16 -> 45000 | D14: =דאטה!D16 -> 0.59257778
A15: =דאטה!A12 -> מכוני פיזיותרפיה | B15: =דאטה!B12 -> 30000 | C15: =דאטה!C12 -> 25000 | D15: =דאטה!D12 -> 1.2
