Workbook

Sheet דודו
A1: ביצועי סניפים לפי סוכן — דודו (Top 20 לפי מכירות 2026)
A2: תאריך חישוב: | B2: 46235
A4: # | B4: שם הסניף | C4: שם הסוכן | D4: מכירות 2026 | E4: מכירות 2025 | F4: קצב 2025 | G4: 2026 מול קצב 2025 (%) | H4: מיקום אורתופדיה | I4: מיקום כללי
A5: 1 | B5: =IFERROR(INDEX(מקור!$A$2:$A$309,MATCH("דודו|"&A5,מקור!$K$2:$K$309,0)),"") -> הדסה עין כרם~138 | C5: דודו | D5: =IFERROR(INDEX(מקור!$I$2:$I$309,MATCH("דודו|"&A5,מקור!$K$2:$K$309,0)),"") -> 40303.1 | E5: =IFERROR(INDEX(מקור!$J$2:$J$309,MATCH("דודו|"&A5,מקור!$K$2:$K$309,0)),"") -> 70289.5 | F5: =IFERROR(E5/12*6,"") -> 35144.75 | G5: =IFERROR(D5/F5-1,"") -> 0.14677441 | H5: =IFERROR(INDEX(מקור!$B$2:$B$309,MATCH("דודו|"&A5,מקור!$K$2:$K$309,0)),"") -> 3 | I5: =IFERROR(INDEX(מקור!$C$2:$C$309,MATCH("דודו|"&A5,מקור!$K$2:$K$309,0)),"") -> 133
A6: 2 | B6: =IFERROR(INDEX(מקור!$A$2:$A$309,MATCH("דודו|"&A6,מקור!$K$2:$K$309,0)),"") -> גאלרי כיכר-ציון~219 | C6: דודו | D6: =IFERROR(INDEX(מקור!$I$2:$I$309,MATCH("דודו|"&A6,מקור!$K$2:$K$309,0)),"") -> 34207.6 | E6: =IFERROR(INDEX(מקור!$J$2:$J$309,MATCH("דודו|"&A6,מקור!$K$2:$K$309,0)),"") -> 46442.7 | F6: =IFERROR(E6/12*6,"") -> 23221.35 | G6: =IFERROR(D6/F6-1,"") -> 0.47310988 | H6: =IFERROR(INDEX(מקור!$B$2:$B$309,MATCH("דודו|"&A6,מקור!$K$2:$K$309,0)),"") -> 11 | I6: =IFERROR(INDEX(מקור!$C$2:$C$309,MATCH("דודו|"&A6,מקור!$K$2:$K$309,0)),"") -> 55
A7: 3 | B7: =IFERROR(INDEX(מקור!$A$2:$A$309,MATCH("דודו|"&A7,מקור!$K$2:$K$309,0)),"") -> אשדוד סטאר-סנטר~117 | C7: דודו | D7: =IFERROR(INDEX(מקור!$I$2:$I$309,MATCH("דודו|"&A7,מקור!$K$2:$K$309,0)),"") -> 34181.8 | E7: =IFERROR(INDEX(מקור!$J$2:$J$309,MATCH("דודו|"&A7,מקור!$K$2:$K$309,0)),"") -> 63211.5 | F7: =IFERROR(E7/12*6,"") -> 31605.75 | G7: =IFERROR(D7/F7-1,"") -> 0.081505739 | H7: =IFERROR(INDEX(מקור!$B$2:$B$309,MATCH("דודו|"&A7,מקור!$K$2:$K$309,0)),"") -> 5 | I7: =IFERROR(INDEX(מקור!$C$2:$C$309,MATCH("דודו|"&A7,מקור!$K$2:$K$309,0)),"") -> 31
A8: 4 | B8: =IFERROR(INDEX(מקור!$A$2:$A$309,MATCH("דודו|"&A8,מקור!$K$2:$K$309,0)),"") -> רמות ירושלים~184 | C8: דודו | D8: =IFERROR(INDEX(מקור!$I$2:$I$309,MATCH("דודו|"&A8,מקור!$K$2:$K$309,0)),"") -> 33328.8 | E8: =IFERROR(INDEX(מקור!$J$2:$J$309,MATCH("דודו|"&A8,מקור!$K$2:$K$309,0)),"") -> 58295.4 | F8: =IFERROR(E8/12*6,"") -> 29147.7 | G8: =IFERROR(D8/F8-1,"") -> 0.14344528 | H8: =IFERROR(INDEX(מקור!$B$2:$B$309,MATCH("דודו|"&A8,מקור!$K$2:$K$309,0)),"") -> 24 | I8: =IFERROR(INDEX(מקור!$C$2:$C$309,MATCH("דודו|"&A8,מקור!$K$2:$K$309,0)),"") -> 63
A9: 5 | B9: =IFERROR(INDEX(מקור!$A$2:$A$309,MATCH("דודו|"&A9,מקור!$K$2:$K$309,0)),"") -> מודיעין ישפרו~125 | C9: דודו | D9: =IFERROR(INDEX(מקור!$I$2:$I$309,MATCH("דודו|"&A9,מקור!$K$2:$K$309,0)),"") -> 31106.1 | E9: =IFERROR(INDEX(מקור!$J$2:$J$309,MATCH("דודו|"&A9,מקור!$K$2:$K$309,0)),"") -> 51666.7 | F9: =IFERROR(E9/12*6,"") -> 25833.35 | G9: =IFERROR(D9/F9-1,"") -> 0.20410632 | H9: =IFERROR(INDEX(מקור!$B$2:$B$309,MATCH("דודו|"&A9,מקור!$K$2:$K$309,0)),"") -> 14 | I9: =IFERROR(INDEX(מקור!$C$2:$C$309,MATCH("דודו|"&A9,מקור!$K$2:$K$309,0)),"") -> 39
A10: 6 | B10: =IFERROR(INDEX(מקור!$A$2:$A$309,MATCH("דודו|"&A10,מקור!$K$2:$K$309,0)),"") -> קניון-מודיעין~153 | C10: דודו | D10: =IFERROR(INDEX(מקור!$I$2:$I$309,MATCH("דודו|"&A10,מקור!$K$2:$K$309,0)),"") -> 30919.3 | E10: =IFERROR(INDEX(מקור!$J$2:$J$309,MATCH("דודו|"&A10,מקור!$K$2:$K$309,0)),"") -> 52742 | F10: =IFERROR(E10/12*6,"") -> 26371 | G10: =IFERROR(D10/F10-1,"") -> 0.17247355 | H10: =IFERROR(INDEX(מקור!$B$2:$B$309,MATCH("דודו|"&A10,מקור!$K$2:$K$309,0)),"") -> 4 | I10: =IFERROR(INDEX(מקור!$C$2:$C$309,MATCH("דודו|"&A10,מקור!$K$2:$K$309,0)),"") -> 26
A11: 7 | B11: =IFERROR(INDEX(מקור!$A$2:$A$309,MATCH("דודו|"&A11,מקור!$K$2:$K$309,0)),"") -> אשקלון גירון~28 | C11: דודו | D11: =IFERROR(INDEX(מקור!$I$2:$I$309,MATCH("דודו|"&A11,מקור!$K$2:$K$309,0)),"") -> 29916.7 | E11: =IFERROR(INDEX(מקור!$J$2:$J$309,MATCH("דודו|"&A11,מקור!$K$2:$K$309,0)),"") -> 56802.8 | F11: =IFERROR(E11/12*6,"") -> 28401.4 | G11: =IFERROR(D11/F11-1,"") -> 0.053353004 | H11: =IFERROR(INDEX(מקור!$B$2:$B$309,MATCH("דודו|"&A11,מקור!$K$2:$K$309,0)),"") -> 17 | I11: =IFERROR(INDEX(מקור!$C$2:$C$309,MATCH("דודו|"&A11,מקור!$K$2:$K$309,0)),"") -> 44
A12: 8 | B12: =IFERROR(INDEX(מקור!$A$2:$A$309,MATCH("דודו|"&A12,מקור!$K$2:$K$309,0)),"") -> גאלרי מלחה~30 | C12: דודו | D12: =IFERROR(INDEX(מקור!$I$2:$I$309,MATCH("דודו|"&A12,מקור!$K$2:$K$309,0)),"") -> 25566.1 | E12: =IFERROR(INDEX(מקור!$J$2:$J$309,MATCH("דודו|"&A12,מקור!$K$2:$K$309,0)),"") -> 52586.4 | F12: =IFERROR(E12/12*6,"") -> 26293.2 | G12: =IFERROR(D12/F12-1,"") -> -0.027653538 | H12: =IFERROR(INDEX(מקור!$B$2:$B$309,MATCH("דודו|"&A12,מקור!$K$2:$K$309,0)),"") -> 16 | I12: =IFERROR(INDEX(מקור!$C$2:$C$309,MATCH("דודו|"&A12,מקור!$K$2:$K$309,0)),"") -> 13
A13: 9 | B13: =IFERROR(INDEX(מקור!$A$2:$A$309,MATCH("דודו|"&A13,מקור!$K$2:$K$309,0)),"") -> קניון רחובות~45 | C13: דודו | D13: =IFERROR(INDEX(מקור!$I$2:$I$309,MATCH("דודו|"&A13,מקור!$K$2:$K$309,0)),"") -> 24091.9 | E13: =IFERROR(INDEX(מקור!$J$2:$J$309,MATCH("דודו|"&A13,מקור!$K$2:$K$309,0)),"") -> 50792.3 | F13: =IFERROR(E13/12*6,"") -> 25396.15 | G13: =IFERROR(D13/F13-1,"") -> -0.05135621 | H13: =IFERROR(INDEX(מקור!$B$2:$B$309,MATCH("דודו|"&A13,מקור!$K$2:$K$309,0)),"") -> 13 | I13: =IFERROR(INDEX(מקור!$C$2:$C$309,MATCH("דודו|"&A13,מקור!$K$2:$K$309,0)),"") -> 16
A14: 10 | B14: =IFERROR(INDEX(מקור!$A$2:$A$309,MATCH("דודו|"&A14,מקור!$K$2:$K$309,0)),"") -> תלפיות~95 | C14: דודו | D14: =IFERROR(INDEX(מקור!$I$2:$I$309,MATCH("דודו|"&A14,מקור!$K$2:$K$309,0)),"") -> 22454.5 | E14: =IFERROR(INDEX(מקור!$J$2:$J$309,MATCH("דודו|"&A14,מקור!$K$2:$K$309,0)),"") -> 46557.9 | F14: =IFERROR(E14/12*6,"") -> 23278.95 | G14: =IFERROR(D14/F14-1,"") -> -0.035416116 | H14: =IFERROR(INDEX(מקור!$B$2:$B$309,MATCH("דודו|"&A14,מקור!$K$2:$K$309,0)),"") -> 25 | I14: =IFERROR(INDEX(מקור!$C$2:$C$309,MATCH("דודו|"&A14,מקור!$K$2:$K$309,0)),"") -> 64
A15: 11 | B15: =IFERROR(INDEX(מקור!$A$2:$A$309,MATCH("דודו|"&A15,מקור!$K$2:$K$309,0)),"") -> ניות~2 | C15: דודו | D15: =IFERROR(INDEX(מקור!$I$2:$I$309,MATCH("דודו|"&A15,מקור!$K$2:$K$309,0)),"") -> 22141.7 | E15: =IFERROR(INDEX(מקור!$J$2:$J$309,MATCH("דודו|"&A15,מקור!$K$2:$K$309,0)),"") -> 42012.2 | F15: =IFERROR(E15/12*6,"") -> 21006.1 | G15: =IFERROR(D15/F15-1,"") -> 0.054060487 | H15: =IFERROR(INDEX(מקור!$B$2:$B$309,MATCH("דודו|"&A15,מקור!$K$2:$K$309,0)),"") -> 43 | I15: =IFERROR(INDEX(מקור!$C$2:$C$309,MATCH("דודו|"&A15,מקור!$K$2:$K$309,0)),"") -> 69
A16: 12 | B16: =IFERROR(INDEX(מקור!$A$2:$A$309,MATCH("דודו|"&A16,מקור!$K$2:$K$309,0)),"") -> בילו סנטר~52 | C16: דודו | D16: =IFERROR(INDEX(מקור!$I$2:$I$309,MATCH("דודו|"&A16,מקור!$K$2:$K$309,0)),"") -> 21969.8 | E16: =IFERROR(INDEX(מקור!$J$2:$J$309,MATCH("דודו|"&A16,מקור!$K$2:$K$309,0)),"") -> 39005.8 | F16: =IFERROR(E16/12*6,"") -> 19502.9 | G16: =IFERROR(D16/F16-1,"") -> 0.12648888 | H16: =IFERROR(INDEX(מקור!$B$2:$B$309,MATCH("דודו|"&A16,מקור!$K$2:$K$309,0)),"") -> 15 | I16: =IFERROR(INDEX(מקור!$C$2:$C$309,MATCH("דודו|"&A16,מקור!$K$2:$K$309,0)),"") -> 36
... A24: 20 | B24: =IFERROR(INDEX(מקור!$A$2:$A$309,MATCH("דודו|"&A24,מקור!$K$2:$K$309,0)),"") -> אשדוד סיטי~40 | C24: דודו | D24: =IFERROR(INDEX(מקור!$I$2:$I$309,MATCH("דודו|"&A24,מקור!$K$2:$K$309,0)),"") -> 18434.6 | E24: =IFERROR(INDEX(מקור!$J$2:$J$309,MATCH("דודו|"&A24,מקור!$K$2:$K$309,0)),"") -> 36774.5 | F24: =IFERROR(E24/12*6,"") -> 18387.25 | G24: =IFERROR(D24/F24-1,"") -> 0.002575154 | H24: =IFERROR(INDEX(מקור!$B$2:$B$309,MATCH("דודו|"&A24,מקור!$K$2:$K$309,0)),"") -> 26 | I24: =IFERROR(INDEX(מקור!$C$2:$C$309,MATCH("דודו|"&A24,מקור!$K$2:$K$309,0)),"") -> 18
A26: הערה: "20 הסניפים הכי חזקים" מדורגים לפי מכירות 2026 בפועל (לא לפי אחוז שינוי מול 2025). קצב 2025 = מכירות 2025 (שנה מלאה) חלקי 12 כפול 6, כדי להשוות לחצי-שנה של 2026.

Sheet דודו - אורתופדיה
A1: דודו — כל הסניפים מדורגים לפי מיקום באורתופדיה (פער מול דירוג מכירות)
A2: תאריך חישוב: | B2: 46235
A4: דירוג אורתופדיה (בין סניפי דודו) | B4: שם הסניף | C4: מיקום באורתופדיה (ברשת כולה) | D4: מכירות 2026 | E4: דירוג מכירות (בין סניפי דודו) | F4: פער (מכירות מול אורתופדיה)
A5: 1 | B5: =IFERROR(INDEX(מקור!$A$2:$A$309,MATCH("דודו|"&A5,מקור!$L$2:$L$309,0)),"") -> הדסה עין כרם~138 | C5: =IFERROR(INDEX(מקור!$B$2:$B$309,MATCH("דודו|"&A5,מקור!$L$2:$L$309,0)),"") -> 3 | D5: =IFERROR(INDEX(מקור!$I$2:$I$309,MATCH("דודו|"&A5,מקור!$L$2:$L$309,0)),"") -> 40303.1 | E5: =IFERROR(INDEX(מקור!$M$2:$M$309,MATCH("דודו|"&A5,מקור!$L$2:$L$309,0)),"") -> 1 | F5: =IFERROR(E5-A5,"") -> 0
A6: 2 | B6: =IFERROR(INDEX(מקור!$A$2:$A$309,MATCH("דודו|"&A6,מקור!$L$2:$L$309,0)),"") -> קניון-מודיעין~153 | C6: =IFERROR(INDEX(מקור!$B$2:$B$309,MATCH("דודו|"&A6,מקור!$L$2:$L$309,0)),"") -> 4 | D6: =IFERROR(INDEX(מקור!$I$2:$I$309,MATCH("דודו|"&A6,מקור!$L$2:$L$309,0)),"") -> 30919.3 | E6: =IFERROR(INDEX(מקור!$M$2:$M$309,MATCH("דודו|"&A6,מקור!$L$2:$L$309,0)),"") -> 6 | F6: =IFERROR(E6-A6,"") -> 4
A7: 3 | B7: =IFERROR(INDEX(מקור!$A$2:$A$309,MATCH("דודו|"&A7,מקור!$L$2:$L$309,0)),"") -> אשדוד סטאר-סנטר~117 | C7: =IFERROR(INDEX(מקור!$B$2:$B$309,MATCH("דודו|"&A7,מקור!$L$2:$L$309,0)),"") -> 5 | D7: =IFERROR(INDEX(מקור!$I$2:$I$309,MATCH("דודו|"&A7,מקור!$L$2:$L$309,0)),"") -> 34181.8 | E7: =IFERROR(INDEX(מקור!$M$2:$M$309,MATCH("דודו|"&A7,מקור!$L$2:$L$309,0)),"") -> 3 | F7: =IFERROR(E7-A7,"") -> 0
A8: 4 | B8: =IFERROR(INDEX(מקור!$A$2:$A$309,MATCH("דודו|"&A8,מקור!$L$2:$L$309,0)),"") -> גאלרי כיכר-ציון~219 | C8: =IFERROR(INDEX(מקור!$B$2:$B$309,MATCH("דודו|"&A8,מקור!$L$2:$L$309,0)),"") -> 11 | D8: =IFERROR(INDEX(מקור!$I$2:$I$309,MATCH("דודו|"&A8,מקור!$L$2:$L$309,0)),"") -> 34207.6 | E8: =IFERROR(INDEX(מקור!$M$2:$M$309,MATCH("דודו|"&A8,מקור!$L$2:$L$309,0)),"") -> 2 | F8: =IFERROR(E8-A8,"") -> -2
A9: 5 | B9: =IFERROR(INDEX(מקור!$A$2:$A$309,MATCH("דודו|"&A9,מקור!$L$2:$L$309,0)),"") -> קניון רחובות~45 | C9: =IFERROR(INDEX(מקור!$B$2:$B$309,MATCH("דודו|"&A9,מקור!$L$2:$L$309,0)),"") -> 13 | D9: =IFERROR(INDEX(מקור!$I$2:$I$309,MATCH("דודו|"&A9,מקור!$L$2:$L$309,0)),"") -> 24091.9 | E9: =IFERROR(INDEX(מקור!$M$2:$M$309,MATCH("דודו|"&A9,מקור!$L$2:$L$309,0)),"") -> 9 | F9: =IFERROR(E9-A9,"") -> 4
A10: 6 | B10: =IFERROR(INDEX(מקור!$A$2:$A$309,MATCH("דודו|"&A10,מקור!$L$2:$L$309,0)),"") -> מודיעין ישפרו~125 | C10: =IFERROR(INDEX(מקור!$B$2:$B$309,MATCH("דודו|"&A10,מקור!$L$2:$L$309,0)),"") -> 14 | D10: =IFERROR(INDEX(מקור!$I$2:$I$309,MATCH("דודו|"&A10,מקור!$L$2:$L$309,0)),"") -> 31106.1 | E10: =IFERROR(INDEX(מקור!$M$2:$M$309,MATCH("דודו|"&A10,מקור!$L$2:$L$309,0)),"") -> 5 | F10: =IFERROR(E10-A10,"") -> -1
A11: 7 | B11: =IFERROR(INDEX(מקור!$A$2:$A$309,MATCH("דודו|"&A11,מקור!$L$2:$L$309,0)),"") -> בילו סנטר~52 | C11: =IFERROR(INDEX(מקור!$B$2:$B$309,MATCH("דודו|"&A11,מקור!$L$2:$L$309,0)),"") -> 15 | D11: =IFERROR(INDEX(מקור!$I$2:$I$309,MATCH("דודו|"&A11,מקור!$L$2:$L$309,0)),"") -> 21969.8 | E11: =IFERROR(INDEX(מקור!$M$2:$M$309,MATCH("דודו|"&A11,מקור!$L$2:$L$309,0)),"") -> 12 | F11: =IFERROR(E11-A11,"") -> 5
A12: 8 | B12: =IFERROR(INDEX(מקור!$A$2:$A$309,MATCH("דודו|"&A12,מקור!$L$2:$L$309,0)),"") -> גאלרי מלחה~30 | C12: =IFERROR(INDEX(מקור!$B$2:$B$309,MATCH("דודו|"&A12,מקור!$L$2:$L$309,0)),"") -> 16 | D12: =IFERROR(INDEX(מקור!$I$2:$I$309,MATCH("דודו|"&A12,מקור!$L$2:$L$309,0)),"") -> 25566.1 | E12: =IFERROR(INDEX(מקור!$M$2:$M$309,MATCH("דודו|"&A12,מקור!$L$2:$L$309,0)),"") -> 8 | F12: =IFERROR(E12-A12,"") -> 0
A13: 9 | B13: =IFERROR(INDEX(מקור!$A$2:$A$309,MATCH("דודו|"&A13,מקור!$L$2:$L$309,0)),"") -> אשקלון גירון~28 | C13: =IFERROR(INDEX(מקור!$B$2:$B$309,MATCH("דודו|"&A13,מקור!$L$2:$L$309,0)),"") -> 17 | D13: =IFERROR(INDEX(מקור!$I$2:$I$309,MATCH("דודו|"&A13,מקור!$L$2:$L$309,0)),"") -> 29916.7 | E13: =IFERROR(INDEX(מקור!$M$2:$M$309,MATCH("דודו|"&A13,מקור!$L$2:$L$309,0)),"") -> 7 | F13: =IFERROR(E13-A13,"") -> -2
A14: 10 | B14: =IFERROR(INDEX(מקור!$A$2:$A$309,MATCH("דודו|"&A14,מקור!$L$2:$L$309,0)),"") -> רמות ירושלים~184 | C14: =IFERROR(INDEX(מקור!$B$2:$B$309,MATCH("דודו|"&A14,מקור!$L$2:$L$309,0)),"") -> 24 | D14: =IFERROR(INDEX(מקור!$I$2:$I$309,MATCH("דודו|"&A14,מקור!$L$2:$L$309,0)),"") -> 33328.8 | E14: =IFERROR(INDEX(מקור!$M$2:$M$309,MATCH("דודו|"&A14,מקור!$L$2:$L$309,0)),"") -> 4 | F14: =IFERROR(E14-A14,"") -> -6
A15: 11 | B15: =IFERROR(INDEX(מקור!$A$2:$A$309,MATCH("דודו|"&A15,מקור!$L$2:$L$309,0)),"") -> תלפיות~95 | C15: =IFERROR(INDEX(מקור!$B$2:$B$309,MATCH("דודו|"&A15,מקור!$L$2:$L$309,0)),"") -> 25 | D15: =IFERROR(INDEX(מקור!$I$2:$I$309,MATCH("דודו|"&A15,מקור!$L$2:$L$309,0)),"") -> 22454.5 | E15: =IFERROR(INDEX(מקור!$M$2:$M$309,MATCH("דודו|"&A15,מקור!$L$2:$L$309,0)),"") -> 10 | F15: =IFERROR(E15-A15,"") -> -1
A16: 12 | B16: =IFERROR(INDEX(מקור!$A$2:$A$309,MATCH("דודו|"&A16,מקור!$L$2:$L$309,0)),"") -> אשדוד סיטי~40 | C16: =IFERROR(INDEX(מקור!$B$2:$B$309,MATCH("דודו|"&A16,מקור!$L$2:$L$309,0)),"") -> 26 | D16: =IFERROR(INDEX(מקור!$I$2:$I$309,MATCH("דודו|"&A16,מקור!$L$2:$L$309,0)),"") -> 18434.6 | E16: =IFERROR(INDEX(מקור!$M$2:$M$309,MATCH("דודו|"&A16,מקור!$L$2:$L$309,0)),"") -> 20 | F16: =IFERROR(E16-A16,"") -> 8
... A72: 68 | B72: =IFERROR(INDEX(מקור!$A$2:$A$309,MATCH("דודו|"&A72,מקור!$L$2:$L$309,0)),"") -> אשדוד ט"ז~345 | C72: =IFERROR(INDEX(מקור!$B$2:$B$309,MATCH("דודו|"&A72,מקור!$L$2:$L$309,0)),"") -> 301 | D72: =IFERROR(INDEX(מקור!$I$2:$I$309,MATCH("דודו|"&A72,מקור!$L$2:$L$309,0)),"") -> 2594.7 | E72: =IFERROR(INDEX(מקור!$M$2:$M$309,MATCH("דודו|"&A72,מקור!$L$2:$L$309,0)),"") -> 67 | F72: =IFERROR(E72-A72,"") -> -1
A74: הערה: הדירוג בעמודה A ובעמודה E הוא דירוג יחסי בין 68 סניפי דודו בלבד (לא הדירוג הכללי ברשת). פער = דירוג מכירות פחות דירוג אורתופדיה; פער חיובי וגדול = הסניף חזק באורתופדיה יחסית לסניפי דודו האחרים אך מוכר פחות טוב יחסית אליהם (פוטנציאל לא ממומש). שורות עם פער >= 10 מודגשות (הסף נבחר לפי התפלגות בפועל: פערים בין -14 ל-16, ממוצע 0, סטיית תקן כ-5).

Sheet מקור
A1: חנויות | B1: מיקום באורתופדיה | C1: מיקום בסך מכירות הרשת | D1: עיר | E1: אזור | F1: סוכן | G1: מיקום פר סוכן | H1: הערות | I1: מכירות שלנו לכל סניף 2026 | J1: מכירות שלנו לכל סניף 2025 | K1: מפתח מורכב (סוכן|דירוג מכירות) | L1: מפתח מורכב אורתופדיה (סוכן|דירוג אורתופדיה) | M1: דירוג מכירות (בין הסוכן) | O1: תאריך חישוב: | P1: 46235
A2: אבן-יהודה~268 | B2: 253 | C2: 223 | D2: אבן יהודה | E2: השרון | F2: חיים | I2: 3445 | J2: 5811.6 | K2: =IF(F2="","",TRIM(F2)&"|"&(SUMPRODUCT((TRIM($F$2:$F$309)=TRIM(F2))*($I$2:$I$309>I2))+1)) -> חיים|77 | L2: =IF(F2="","",TRIM(F2)&"|"&(SUMPRODUCT((TRIM($F$2:$F$309)=TRIM(F2))*($B$2:$B$309<B2))+1)) -> חיים|73 | M2: =IF(F2="","",SUMPRODUCT((TRIM($F$2:$F$309)=TRIM(F2))*($I$2:$I$309>I2))+1) -> 77
A3: אבן גבירול~109 | B3: 80 | C3: 145 | D3: ת"א | E3: ת"א | F3: חיים | I3: 20526 | J3: 24134.5 | K3: =IF(F3="","",TRIM(F3)&"|"&(SUMPRODUCT((TRIM($F$2:$F$309)=TRIM(F3))*($I$2:$I$309>I3))+1)) -> חיים|9 | L3: =IF(F3="","",TRIM(F3)&"|"&(SUMPRODUCT((TRIM($F$2:$F$309)=TRIM(F3))*($B$2:$B$309<B3))+1)) -> חיים|26 | M3: =IF(F3="","",SUMPRODUCT((TRIM($F$2:$F$309)=TRIM(F3))*($I$2:$I$309>I3))+1) -> 9
A4: אגמים אשקלון~318 | B4: 229 | C4: 227 | D4: אשקלון | E4: דרום | F4: דודו | I4: 5259.1 | J4: 17310.2 | K4: =IF(F4="","",TRIM(F4)&"|"&(SUMPRODUCT((TRIM($F$2:$F$309)=TRIM(F4))*($I$2:$I$309>I4))+1)) -> דודו|58 | L4: =IF(F4="","",TRIM(F4)&"|"&(SUMPRODUCT((TRIM($F$2:$F$309)=TRIM(F4))*($B$2:$B$309<B4))+1)) -> דודו|57 | M4: =IF(F4="","",SUMPRODUCT((TRIM($F$2:$F$309)=TRIM(F4))*($I$2:$I$309>I4))+1) -> 58
A5: אגמים נתניה~233 | B5: 213 | C5: 179 | D5: נתניה | E5: השרון | F5: חיים | I5: 8559.2 | J5: 19823.2 | K5: =IF(F5="","",TRIM(F5)&"|"&(SUMPRODUCT((TRIM($F$2:$F$309)=TRIM(F5))*($I$2:$I$309>I5))+1)) -> חיים|49 | L5: =IF(F5="","",TRIM(F5)&"|"&(SUMPRODUCT((TRIM($F$2:$F$309)=TRIM(F5))*($B$2:$B$309<B5))+1)) -> חיים|65 | M5: =IF(F5="","",SUMPRODUCT((TRIM($F$2:$F$309)=TRIM(F5))*($I$2:$I$309>I5))+1) -> 49
A6: אודיטוריום~111 | B6: 112 | C6: 93 | D6: חיפה והקריות | E6: חיפה | F6: חדש | G6: 12 | I6: 10897.3 | J6: 18916.7 | K6: =IF(F6="","",TRIM(F6)&"|"&(SUMPRODUCT((TRIM($F$2:$F$309)=TRIM(F6))*($I$2:$I$309>I6))+1)) -> חדש|16 | L6: =IF(F6="","",TRIM(F6)&"|"&(SUMPRODUCT((TRIM($F$2:$F$309)=TRIM(F6))*($B$2:$B$309<B6))+1)) -> חדש|17 | M6: =IF(F6="","",SUMPRODUCT((TRIM($F$2:$F$309)=TRIM(F6))*($I$2:$I$309>I6))+1) -> 16
A7: אום-אל-פאחם~129 | B7: 198 | C7: 167 | D7: אום אל פאחם | E7: צפון | F7: חדש | I7: 8203.8 | J7: 14488.6 | K7: =IF(F7="","",TRIM(F7)&"|"&(SUMPRODUCT((TRIM($F$2:$F$309)=TRIM(F7))*($I$2:$I$309>I7))+1)) -> חדש|27 | L7: =IF(F7="","",TRIM(F7)&"|"&(SUMPRODUCT((TRIM($F$2:$F$309)=TRIM(F7))*($B$2:$B$309<B7))+1)) -> חדש|44 | M7: =IF(F7="","",SUMPRODUCT((TRIM($F$2:$F$309)=TRIM(F7))*($I$2:$I$309>I7))+1) -> 27
A8: אונו פארק~327 | B8: 269 | C8: 235 | D8: קרית אונו | E8: צפון | F8: חדש | I8: 4982.2 | J8: 9100.3 | K8: =IF(F8="","",TRIM(F8)&"|"&(SUMPRODUCT((TRIM($F$2:$F$309)=TRIM(F8))*($I$2:$I$309>I8))+1)) -> חדש|49 | L8: =IF(F8="","",TRIM(F8)&"|"&(SUMPRODUCT((TRIM($F$2:$F$309)=TRIM(F8))*($B$2:$B$309<B8))+1)) -> חדש|69 | M8: =IF(F8="","",SUMPRODUCT((TRIM($F$2:$F$309)=TRIM(F8))*($I$2:$I$309>I8))+1) -> 49
A9: אוסישקין רמה"ש~127 | B9: 105 | C9: 59 | D9: רמת השרון | E9: מרכז | F9: חיים | G9: 19 | I9: 12679.3 | J9: 25328.7 | K9: =IF(F9="","",TRIM(F9)&"|"&(SUMPRODUCT((TRIM($F$2:$F$309)=TRIM(F9))*($I$2:$I$309>I9))+1)) -> חיים|26 | L9: =IF(F9="","",TRIM(F9)&"|"&(SUMPRODUCT((TRIM($F$2:$F$309)=TRIM(F9))*($B$2:$B$309<B9))+1)) -> חיים|35 | M9: =IF(F9="","",SUMPRODUCT((TRIM($F$2:$F$309)=TRIM(F9))*($I$2:$I$309>I9))+1) -> 26
A10: אופקים~128 | B10: 96 | C10: 94 | D10: אופקים | E10: דרום | F10: דודו | I10: 12889.3 | J10: 13546.6 | K10: =IF(F10="","",TRIM(F10)&"|"&(SUMPRODUCT((TRIM($F$2:$F$309)=TRIM(F10))*($I$2:$I$309>I10))+1)) -> דודו|32 | L10: =IF(F10="","",TRIM(F10)&"|"&(SUMPRODUCT((TRIM($F$2:$F$309)=TRIM(F10))*($B$2:$B$309<B10))+1)) -> דודו|34 | M10: =IF(F10="","",SUMPRODUCT((TRIM($F$2:$F$309)=TRIM(F10))*($I$2:$I$309>I10))+1) -> 32
A11: אור יהודה~126 | B11: 191 | C11: 229 | D11: אור יהודה | E11: מרכז | F11: סטאס | I11: 6807.5 | J11: 14974.2 | K11: =IF(F11="","",TRIM(F11)&"|"&(SUMPRODUCT((TRIM($F$2:$F$309)=TRIM(F11))*($I$2:$I$309>I11))+1)) -> סטאס|38 | L11: =IF(F11="","",TRIM(F11)&"|"&(SUMPRODUCT((TRIM($F$2:$F$309)=TRIM(F11))*($B$2:$B$309<B11))+1)) -> סטאס|39 | M11: =IF(F11="","",SUMPRODUCT((TRIM($F$2:$F$309)=TRIM(F11))*($I$2:$I$309>I11))+1) -> 38
A12: אורדע~50 | B12: 232 | C12: 178 | D12: רמת גן | E12: מרכז | F12: סטאס | I12: 5956.5 | J12: 12140.5 | K12: =IF(F12="","",TRIM(F12)&"|"&(SUMPRODUCT((TRIM($F$2:$F$309)=TRIM(F12))*($I$2:$I$309>I12))+1)) -> סטאס|45 | L12: =IF(F12="","",TRIM(F12)&"|"&(SUMPRODUCT((TRIM($F$2:$F$309)=TRIM(F12))*($B$2:$B$309<B12))+1)) -> סטאס|48 | M12: =IF(F12="","",SUMPRODUCT((TRIM($F$2:$F$309)=TRIM(F12))*($I$2:$I$309>I12))+1) -> 45
A13: אורון~6 | B13: 199 | C13: 166 | D13: פתח תקווה | E13: מרכז | F13: סטאס | I13: 6751.9 | J13: 11659.4 | K13: =IF(F13="","",TRIM(F13)&"|"&(SUMPRODUCT((TRIM($F$2:$F$309)=TRIM(F13))*($I$2:$I$309>I13))+1)) -> סטאס|40 | L13: =IF(F13="","",TRIM(F13)&"|"&(SUMPRODUCT((TRIM($F$2:$F$309)=TRIM(F13))*($B$2:$B$309<B13))+1)) -> סטאס|40 | M13: =IF(F13="","",SUMPRODUCT((TRIM($F$2:$F$309)=TRIM(F13))*($I$2:$I$309>I13))+1) -> 40
A14: אזור התעשיה חולון~185 | B14: 150 | C14: 210 | D14: חולון | E14: מרכז | F14: סטאס | I14: 10505.1 | J14: 20001.1 | K14: =IF(F14="","",TRIM(F14)&"|"&(SUMPRODUCT((TRIM($F$2:$F$309)=TRIM(F14))*($I$2:$I$309>I14))+1)) -> סטאס|20 | L14: =IF(F14="","",TRIM(F14)&"|"&(SUMPRODUCT((TRIM($F$2:$F$309)=TRIM(F14))*($B$2:$B$309<B14))+1)) -> סטאס|31 | M14: =IF(F14="","",SUMPRODUCT((TRIM($F$2:$F$309)=TRIM(F14))*($I$2:$I$309>I14))+1) -> 20
A15: איינשטיין חיפה~263 | B15: 233 | C15: 202 | D15: חיפה והקריות | E15: חיפה | F15: חדש | I15: 7027.7 | J15: 9894.1 | K15: =IF(F15="","",TRIM(F15)&"|"&(SUMPRODUCT((TRIM($F$2:$F$309)=TRIM(F15))*($I$2:$I$309>I15))+1)) -> חדש|32 | L15: =IF(F15="","",TRIM(F15)&"|"&(SUMPRODUCT((TRIM($F$2:$F$309)=TRIM(F15))*($B$2:$B$309<B15))+1)) -> חדש|57 | M15: =IF(F15="","",SUMPRODUCT((TRIM($F$2:$F$309)=TRIM(F15))*($I$2:$I$309>I15))+1) -> 32
A16: איירפורט סיטי~160 | B16: 275 | C16: 291 | D16: לוד | E16: מרכז | F16: סטאס | I16: 4561.3 | J16: 8864.9 | K16: =IF(F16="","",TRIM(F16)&"|"&(SUMPRODUCT((TRIM($F$2:$F$309)=TRIM(F16))*($I$2:$I$309>I16))+1)) -> סטאס|51 | L16: =IF(F16="","",TRIM(F16)&"|"&(SUMPRODUCT((TRIM($F$2:$F$309)=TRIM(F16))*($B$2:$B$309<B16))+1)) -> סטאס|59 | M16: =IF(F16="","",SUMPRODUCT((TRIM($F$2:$F$309)=TRIM(F16))*($I$2:$I$309>I16))+1) -> 51
A17: איכילוב~107 | B17: 12 | C17: 25 | D17: ת"א | E17: ת"א | F17: חיים | G17: 10 | I17: 23252.2 | J17: 52869.2 | K17: =IF(F17="","",TRIM(F17)&"|"&(SUMPRODUCT((TRIM($F$2:$F$309)=TRIM(F17))*($I$2:$I$309>I17))+1)) -> חיים|4 | L17: =IF(F17="","",TRIM(F17)&"|"&(SUMPRODUCT((TRIM($F$2:$F$309)=TRIM(F17))*($B$2:$B$309<B17))+1)) -> חיים|4 | M17: =IF(F17="","",SUMPRODUCT((TRIM($F$2:$F$309)=TRIM(F17))*($I$2:$I$309>I17))+1) -> 4
A18: אליהו קורן י-ם~240 | B18: 223 | C18: 231 | D18: ירושלים | E18: ירושלים | F18: דודו | I18: 10094.1 | J18: 17473.5 | K18: =IF(F18="","",TRIM(F18)&"|"&(SUMPRODUCT((TRIM($F$2:$F$309)=TRIM(F18))*($I$2:$I$309>I18))+1)) -> דודו|41 | L18: =IF(F18="","",TRIM(F18)&"|"&(SUMPRODUCT((TRIM($F$2:$F$309)=TRIM(F18))*($B$2:$B$309<B18))+1)) -> דודו|55 | M18: =IF(F18="","",SUMPRODUCT((TRIM($F$2:$F$309)=TRIM(F18))*($I$2:$I$309>I18))+1) -> 41
A19: אלנבי~114 | B19: 114 | C19: 96 | D19: ת"א | E19: ת"א | F19: חיים | I19: 10650.5 | J19: 23531.3 | K19: =IF(F19="","",TRIM(F19)&"|"&(SUMPRODUCT((TRIM($F$2:$F$309)=TRIM(F19))*($I$2:$I$309>I19))+1)) -> חיים|34 | L19: =IF(F19="","",TRIM(F19)&"|"&(SUMPRODUCT((TRIM($F$2:$F$309)=TRIM(F19))*($B$2:$B$309<B19))+1)) -> חיים|38 | M19: =IF(F19="","",SUMPRODUCT((TRIM($F$2:$F$309)=TRIM(F19))*($I$2:$I$309>I19))+1) -> 34
A20: אם-המושבות פ"ת~199 | B20: 44 | C20: 46 | D20: פתח תקוה | E20: מרכז | F20: סטאס | G20: 10 | I20: 13498 | J20: 30392 | K20: =IF(F20="","",TRIM(F20)&"|"&(SUMPRODUCT((TRIM($F$2:$F$309)=TRIM(F20))*($I$2:$I$309>I20))+1)) -> סטאס|12 | L20: =IF(F20="","",TRIM(F20)&"|"&(SUMPRODUCT((TRIM($F$2:$F$309)=TRIM(F20))*($B$2:$B$309<B20))+1)) -> סטאס|7 | M20: =IF(F20="","",SUMPRODUCT((TRIM($F$2:$F$309)=TRIM(F20))*($I$2:$I$309>I20))+1) -> 12
A21: אסף הרופא~264 | B21: 239 | C21: 293 | D21: רחובות | E21: מרכז | F21: דודו | I21: 4994.4 | J21: 10880.1 | K21: =IF(F21="","",TRIM(F21)&"|"&(SUMPRODUCT((TRIM($F$2:$F$309)=TRIM(F21))*($I$2:$I$309>I21))+1)) -> דודו|59 | L21: =IF(F21="","",TRIM(F21)&"|"&(SUMPRODUCT((TRIM($F$2:$F$309)=TRIM(F21))*($B$2:$B$309<B21))+1)) -> דודו|61 | M21: =IF(F21="","",SUMPRODUCT((TRIM($F$2:$F$309)=TRIM(F21))*($I$2:$I$309>I21))+1) -> 59
A22: אעבלין~332 | B22: 303 | C22: 304 | D22: אעבלין | E22: צפון | F22: חדש | I22: 1602.1 | J22: 3939.3 | K22: =IF(F22="","",TRIM(F22)&"|"&(SUMPRODUCT((TRIM($F$2:$F$309)=TRIM(F22))*($I$2:$I$309>I22))+1)) -> חדש|84 | L22: =IF(F22="","",TRIM(F22)&"|"&(SUMPRODUCT((TRIM($F$2:$F$309)=TRIM(F22))*($B$2:$B$309<B22))+1)) -> חדש|85 | M22: =IF(F22="","",SUMPRODUCT((TRIM($F$2:$F$309)=TRIM(F22))*($I$2:$I$309>I22))+1) -> 84
A23: אפקה קרית-ביאליק~341 | B23: 307 | C23: 298 | D23: חיפה והקריות | E23: חיפה | F23: חדש | I23: 1123.1 | J23: 4158.2 | K23: =IF(F23="","",TRIM(F23)&"|"&(SUMPRODUCT((TRIM($F$2:$F$309)=TRIM(F23))*($I$2:$I$309>I23))+1)) -> חדש|85 | L23: =IF(F23="","",TRIM(F23)&"|"&(SUMPRODUCT((TRIM($F$2:$F$309)=TRIM(F23))*($B$2:$B$309<B23))+1)) -> חדש|88 | M23: =IF(F23="","",SUMPRODUCT((TRIM($F$2:$F$309)=TRIM(F23))*($I$2:$I$309>I23))+1) -> 85
A24: ארלוזורוב~220 | B24: 194 | C24: 157 | D24: ת"א | E24: ת"א | F24: חיים | I24: 6255.2 | J24: 20297.6 | K24: =IF(F24="","",TRIM(F24)&"|"&(SUMPRODUCT((TRIM($F$2:$F$309)=TRIM(F24))*($I$2:$I$309>I24))+1)) -> חיים|67 | L24: =IF(F24="","",TRIM(F24)&"|"&(SUMPRODUCT((TRIM($F$2:$F$309)=TRIM(F24))*($B$2:$B$309<B24))+1)) -> חיים|60 | M24: =IF(F24="","",SUMPRODUCT((TRIM($F$2:$F$309)=TRIM(F24))*($I$2:$I$309>I24))+1) -> 67
A25: ארמון חיפה~82 | B25: 129 | C25: 106 | D25: חיפה והקריות | E25: חיפה | F25: חדש | G25: 16 | I25: 59.1 | J25: 20460.6 | K25: =IF(F25="","",TRIM(F25)&"|"&(SUMPRODUCT((TRIM($F$2:$F$309)=TRIM(F25))*($I$2:$I$309>I25))+1)) -> חדש|87 | L25: =IF(F25="","",TRIM(F25)&"|"&(SUMPRODUCT((TRIM($F$2:$F$309)=TRIM(F25))*($B$2:$B$309<B25))+1)) -> חדש|22 | M25: =IF(F25="","",SUMPRODUCT((TRIM($F$2:$F$309)=TRIM(F25))*($I$2:$I$309>I25))+1) -> 87
A26: אשדוד ט"ז~345 | B26: 301 | C26: 303 | D26: אשדוד | E26: דרום | F26: דודו | I26: 2594.7 | J26: 0 | K26: =IF(F26="","",TRIM(F26)&"|"&(SUMPRODUCT((TRIM($F$2:$F$309)=TRIM(F26))*($I$2:$I$309>I26))+1)) -> דודו|67 | L26: =IF(F26="","",TRIM(F26)&"|"&(SUMPRODUCT((TRIM($F$2:$F$309)=TRIM(F26))*($B$2:$B$309<B26))+1)) -> דודו|68 | M26: =IF(F26="","",SUMPRODUCT((TRIM($F$2:$F$309)=TRIM(F26))*($I$2:$I$309>I26))+1) -> 67
A27: אשדוד סטאר-סנטר~117 | B27: 5 | C27: 31 | D27: אשדוד | E27: דרום | F27: דודו | G27: 9 | I27: 34181.8 | J27: 63211.5 | K27: =IF(F27="","",TRIM(F27)&"|"&(SUMPRODUCT((TRIM($F$2:$F$309)=TRIM(F27))*($I$2:$I$309>I27))+1)) -> דודו|3 | L27: =IF(F27="","",TRIM(F27)&"|"&(SUMPRODUCT((TRIM($F$2:$F$309)=TRIM(F27))*($B$2:$B$309<B27))+1)) -> דודו|3 | M27: =IF(F27="","",SUMPRODUCT((TRIM($F$2:$F$309)=TRIM(F27))*($I$2:$I$309>I27))+1) -> 3
A28: אשדוד סיטי~40 | B28: 26 | C28: 18 | D28: אשדוד | E28: דרום | F28: דודו | G28: 6 | I28: 18434.6 | J28: 36774.5 | K28: =IF(F28="","",TRIM(F28)&"|"&(SUMPRODUCT((TRIM($F$2:$F$309)=TRIM(F28))*($I$2:$I$309>I28))+1)) -> דודו|20 | L28: =IF(F28="","",TRIM(F28)&"|"&(SUMPRODUCT((TRIM($F$2:$F$309)=TRIM(F28))*($B$2:$B$309<B28))+1)) -> דודו|12 | M28: =IF(F28="","",SUMPRODUCT((TRIM($F$2:$F$309)=TRIM(F28))*($I$2:$I$309>I28))+1) -> 20
A29: אשקלון גירון~28 | B29: 17 | C29: 44 | D29: אשקלון | E29: דרום | F29: דודו | G29: 14 | I29: 29916.7 | J29: 56802.8 | K29: =IF(F29="","",TRIM(F29)&"|"&(SUMPRODUCT((TRIM($F$2:$F$309)=TRIM(F29))*($I$2:$I$309>I29))+1)) -> דודו|7 | L29: =IF(F29="","",TRIM(F29)&"|"&(SUMPRODUCT((TRIM($F$2:$F$309)=TRIM(F29))*($B$2:$B$309<B29))+1)) -> דודו|9 | M29: =IF(F29="","",SUMPRODUCT((TRIM($F$2:$F$309)=TRIM(F29))*($I$2:$I$309>I29))+1) -> 7
A30: אתר סחר~667 | B30: 7 | K30: =IF(F30="","",TRIM(F30)&"|"&(SUMPRODUCT((TRIM($F$2:$F$309)=TRIM(F30))*($I$2:$I$309>I30))+1)) | L30: =IF(F30="","",TRIM(F30)&"|"&(SUMPRODUCT((TRIM($F$2:$F$309)=TRIM(F30))*($B$2:$B$309<B30))+1)) | M30: =IF(F30="","",SUMPRODUCT((TRIM($F$2:$F$309)=TRIM(F30))*($I$2:$I$309>I30))+1)
A31: באקה סנטר~290 | B31: 267 | C31: 212 | D31: באקה | E31: צפון | F31: חדש | I31: 2644 | J31: 9221.4 | K31: =IF(F31="","",TRIM(F31)&"|"&(SUMPRODUCT((TRIM($F$2:$F$309)=TRIM(F31))*($I$2:$I$309>I31))+1)) -> חדש|76 | L31: =IF(F31="","",TRIM(F31)&"|"&(SUMPRODUCT((TRIM($F$2:$F$309)=TRIM(F31))*($B$2:$B$309<B31))+1)) -> חדש|68 | M31: =IF(F31="","",SUMPRODUCT((TRIM($F$2:$F$309)=TRIM(F31))*($I$2:$I$309>I31))+1) -> 76
A32: בורוכוב גבעתיים~279 | B32: 218 | C32: 155 | D32: גבעתיים | E32: מרכז | F32: סטאס | I32: 5224.1 | J32: 12498.9 | K32: =IF(F32="","",TRIM(F32)&"|"&(SUMPRODUCT((TRIM($F$2:$F$309)=TRIM(F32))*($I$2:$I$309>I32))+1)) -> סטאס|48 | L32: =IF(F32="","",TRIM(F32)&"|"&(SUMPRODUCT((TRIM($F$2:$F$309)=TRIM(F32))*($B$2:$B$309<B32))+1)) -> סטאס|45 | M32: =IF(F32="","",SUMPRODUCT((TRIM($F$2:$F$309)=TRIM(F32))*($I$2:$I$309>I32))+1) -> 48
A33: ביג-יקנעם~151 | B33: 90 | C33: 103 | D33: יוקנעם | E33: צפון | F33: חדש | G33: 15 | I33: 12858.5 | J33: 25510.2 | K33: =IF(F33="","",TRIM(F33)&"|"&(SUMPRODUCT((TRIM($F$2:$F$309)=TRIM(F33))*($I$2:$I$309>I33))+1)) -> חדש|8 | L33: =IF(F33="","",TRIM(F33)&"|"&(SUMPRODUCT((TRIM($F$2:$F$309)=TRIM(F33))*($B$2:$B$309<B33))+1)) -> חדש|12 | M33: =IF(F33="","",SUMPRODUCT((TRIM($F$2:$F$309)=TRIM(F33))*($I$2:$I$309>I33))+1) -> 8
A34: ביג-נצרת~159 | B34: 221 | C34: 172 | D34: נצרת | E34: צפון | F34: חדש | I34: 4315.3 | J34: 11638.9 | K34: =IF(F34="","",TRIM(F34)&"|"&(SUMPRODUCT((TRIM($F$2:$F$309)=TRIM(F34))*($I$2:$I$309>I34))+1)) -> חדש|57 | L34: =IF(F34="","",TRIM(F34)&"|"&(SUMPRODUCT((TRIM($F$2:$F$309)=TRIM(F34))*($B$2:$B$309<B34))+1)) -> חדש|51 | M34: =IF(F34="","",SUMPRODUCT((TRIM($F$2:$F$309)=TRIM(F34))*($I$2:$I$309>I34))+1) -> 57
A35: ביג-עפולה~201 | B35: 227 | C35: 233 | D35: עפולה | E35: צפון | F35: חדש | I35: 4806.5 | J35: 12817.1 | K35: =IF(F35="","",TRIM(F35)&"|"&(SUMPRODUCT((TRIM($F$2:$F$309)=TRIM(F35))*($I$2:$I$309>I35))+1)) -> חדש|50 | L35: =IF(F35="","",TRIM(F35)&"|"&(SUMPRODUCT((TRIM($F$2:$F$309)=TRIM(F35))*($B$2:$B$309<B35))+1)) -> חדש|54 | M35: =IF(F35="","",SUMPRODUCT((TRIM($F$2:$F$309)=TRIM(F35))*($I$2:$I$309>I35))+1) -> 50
A36: ביג-פאשן אשדוד~230 | B36: 53 | C36: 40 | D36: אשדוד | E36: דרום | F36: דודו | G36: 13 | I36: 17795.5 | J36: 33328.1 | K36: =IF(F36="","",TRIM(F36)&"|"&(SUMPRODUCT((TRIM($F$2:$F$309)=TRIM(F36))*($I$2:$I$309>I36))+1)) -> דודו|21 | L36: =IF(F36="","",TRIM(F36)&"|"&(SUMPRODUCT((TRIM($F$2:$F$309)=TRIM(F36))*($B$2:$B$309<B36))+1)) -> דודו|21 | M36: =IF(F36="","",SUMPRODUCT((TRIM($F$2:$F$309)=TRIM(F36))*($I$2:$I$309>I36))+1) -> 21
A37: ביג-פוריה~158 | B37: 174 | C37: 138 | D37: טבריה | E37: צפון | F37: חדש | I37: 5705.4 | J37: 11722.6 | K37: =IF(F37="","",TRIM(F37)&"|"&(SUMPRODUCT((TRIM($F$2:$F$309)=TRIM(F37))*($I$2:$I$309>I37))+1)) -> חדש|45 | L37: =IF(F37="","",TRIM(F37)&"|"&(SUMPRODUCT((TRIM($F$2:$F$309)=TRIM(F37))*($B$2:$B$309<B37))+1)) -> חדש|35 | M37: =IF(F37="","",SUMPRODUCT((TRIM($F$2:$F$309)=TRIM(F37))*($I$2:$I$309>I37))+1) -> 45
A38: ביג אור-יהודה~193 | B38: 284 | C38: 265 | D38: אור יהודה | E38: מרכז | F38: סטאס | I38: 2316 | J38: 9819.2 | K38: =IF(F38="","",TRIM(F38)&"|"&(SUMPRODUCT((TRIM($F$2:$F$309)=TRIM(F38))*($I$2:$I$309>I38))+1)) -> סטאס|61 | L38: =IF(F38="","",TRIM(F38)&"|"&(SUMPRODUCT((TRIM($F$2:$F$309)=TRIM(F38))*($B$2:$B$309<B38))+1)) -> סטאס|60 | M38: =IF(F38="","",SUMPRODUCT((TRIM($F$2:$F$309)=TRIM(F38))*($I$2:$I$309>I38))+1) -> 61
A39: ביג אור-עקיבא~236 | B39: 214 | C39: 208 | D39: אור עקיבא | E39: צפון | F39: חדש | I39: 7577.7 | J39: 12491.1 | K39: =IF(F39="","",TRIM(F39)&"|"&(SUMPRODUCT((TRIM($F$2:$F$309)=TRIM(F39))*($I$2:$I$309>I39))+1)) -> חדש|29 | L39: =IF(F39="","",TRIM(F39)&"|"&(SUMPRODUCT((TRIM($F$2:$F$309)=TRIM(F39))*($B$2:$B$309<B39))+1)) -> חדש|49 | M39: =IF(F39="","",SUMPRODUCT((TRIM($F$2:$F$309)=TRIM(F39))*($I$2:$I$309>I39))+1) -> 29
A40: ביג אילת~112 | B40: 36 | C40: 6 | D40: אילת | E40: אילת | F40: דודו | G40: 1 | I40: 17265.6 | J40: 29529.4 | K40: =IF(F40="","",TRIM(F40)&"|"&(SUMPRODUCT((TRIM($F$2:$F$309)=TRIM(F40))*($I$2:$I$309>I40))+1)) -> דודו|23 | L40: =IF(F40="","",TRIM(F40)&"|"&(SUMPRODUCT((TRIM($F$2:$F$309)=TRIM(F40))*($B$2:$B$309<B40))+1)) -> דודו|16 | M40: =IF(F40="","",SUMPRODUCT((TRIM($F$2:$F$309)=TRIM(F40))*($I$2:$I$309>I40))+1) -> 23
A41: ביג באר שבע~55 | B41: 1 | C41: 3 | D41: באר שבע | E41: דרום | F41: סטאס | G41: 1 | I41: 47114 | J41: 88438.1 | K41: =IF(F41="","",TRIM(F41)&"|"&(SUMPRODUCT((TRIM($F$2:$F$309)=TRIM(F41))*($I$2:$I$309>I41))+1)) -> סטאס|1 | L41: =IF(F41="","",TRIM(F41)&"|"&(SUMPRODUCT((TRIM($F$2:$F$309)=TRIM(F41))*($B$2:$B$309<B41))+1)) -> סטאס|1 | M41: =IF(F41="","",SUMPRODUCT((TRIM($F$2:$F$309)=TRIM(F41))*($I$2:$I$309>I41))+1) -> 1
A42: ביג גדרה~339 | B42: 204 | C42: 209 | D42: גדרה | E42: דרום | F42: סטאס | I42: 8972.5 | J42: 18942.1 | K42: =IF(F42="","",TRIM(F42)&"|"&(SUMPRODUCT((TRIM($F$2:$F$309)=TRIM(F42))*($I$2:$I$309>I42))+1)) -> סטאס|31 | L42: =IF(F42="","",TRIM(F42)&"|"&(SUMPRODUCT((TRIM($F$2:$F$309)=TRIM(F42))*($B$2:$B$309<B42))+1)) -> סטאס|42 | M42: =IF(F42="","",SUMPRODUCT((TRIM($F$2:$F$309)=TRIM(F42))*($I$2:$I$309>I42))+1) -> 31
A43: ביג יהוד~295 | B43: 140 | C43: 111 | D43: יהוד | E43: מרכז | F43: סטאס | I43: 9214.8 | J43: 20338.3 | K43: =IF(F43="","",TRIM(F43)&"|"&(SUMPRODUCT((TRIM($F$2:$F$309)=TRIM(F43))*($I$2:$I$309>I43))+1)) -> סטאס|30 | L43: =IF(F43="","",TRIM(F43)&"|"&(SUMPRODUCT((TRIM($F$2:$F$309)=TRIM(F43))*($B$2:$B$309<B43))+1)) -> סטאס|29 | M43: =IF(F43="","",SUMPRODUCT((TRIM($F$2:$F$309)=TRIM(F43))*($I$2:$I$309>I43))+1) -> 30
A44: ביג כרמי-גת~334 | B44: 158 | C44: 200 | D44: קרית גת | E44: דרום | F44: דודו | I44: 9835.3 | J44: 19470.7 | K44: =IF(F44="","",TRIM(F44)&"|"&(SUMPRODUCT((TRIM($F$2:$F$309)=TRIM(F44))*($I$2:$I$309>I44))+1)) -> דודו|42 | L44: =IF(F44="","",TRIM(F44)&"|"&(SUMPRODUCT((TRIM($F$2:$F$309)=TRIM(F44))*($B$2:$B$309<B44))+1)) -> דודו|46 | M44: =IF(F44="","",SUMPRODUCT((TRIM($F$2:$F$309)=TRIM(F44))*($I$2:$I$309>I44))+1) -> 42
A45: ביג מגדל העמק~340 | B45: 277 | C45: 281 | D45: מגדל העמק | E45: צפון | F45: חדש | I45: 4606.7 | J45: 9257.6 | K45: =IF(F45="","",TRIM(F45)&"|"&(SUMPRODUCT((TRIM($F$2:$F$309)=TRIM(F45))*($I$2:$I$309>I45))+1)) -> חדש|53 | L45: =IF(F45="","",TRIM(F45)&"|"&(SUMPRODUCT((TRIM($F$2:$F$309)=TRIM(F45))*($B$2:$B$309<B45))+1)) -> חדש|72 | M45: =IF(F45="","",SUMPRODUCT((TRIM($F$2:$F$309)=TRIM(F45))*($I$2:$I$309>I45))+1) -> 53
A46: ביג פולג~104 | B46: 56 | C46: 66 | D46: נתניה | E46: השרון | F46: חיים | I46: 12492.2 | J46: 31310.4 | K46: =IF(F46="","",TRIM(F46)&"|"&(SUMPRODUCT((TRIM($F$2:$F$309)=TRIM(F46))*($I$2:$I$309>I46))+1)) -> חיים|28 | L46: =IF(F46="","",TRIM(F46)&"|"&(SUMPRODUCT((TRIM($F$2:$F$309)=TRIM(F46))*($B$2:$B$309<B46))+1)) -> חיים|16 | M46: =IF(F46="","",SUMPRODUCT((TRIM($F$2:$F$309)=TRIM(F46))*($I$2:$I$309>I46))+1) -> 28
A47: ביג פרדס-חנה~194 | B47: 157 | C47: 199 | D47: פרדס חנה | E47: צפון | F47: חדש | I47: 575.7 | J47: 20459.2 | K47: =IF(F47="","",TRIM(F47)&"|"&(SUMPRODUCT((TRIM($F$2:$F$309)=TRIM(F47))*($I$2:$I$309>I47))+1)) -> חדש|86 | L47: =IF(F47="","",TRIM(F47)&"|"&(SUMPRODUCT((TRIM($F$2:$F$309)=TRIM(F47))*($B$2:$B$309<B47))+1)) -> חדש|28 | M47: =IF(F47="","",SUMPRODUCT((TRIM($F$2:$F$309)=TRIM(F47))*($I$2:$I$309>I47))+1) -> 86
A48: ביג צ'ק פוסט~170 | B48: 164 | C48: 186 | D48: חיפה והקריות | E48: חיפה | F48: חדש | I48: 8611.2 | J48: 13175.1 | K48: =IF(F48="","",TRIM(F48)&"|"&(SUMPRODUCT((TRIM($F$2:$F$309)=TRIM(F48))*($I$2:$I$309>I48))+1)) -> חדש|24 | L48: =IF(F48="","",TRIM(F48)&"|"&(SUMPRODUCT((TRIM($F$2:$F$309)=TRIM(F48))*($B$2:$B$309<B48))+1)) -> חדש|31 | M48: =IF(F48="","",SUMPRODUCT((TRIM($F$2:$F$309)=TRIM(F48))*($I$2:$I$309>I48))+1) -> 24
A49: ביג קסטינה~150 | B49: 28 | C49: 30 | D49: קרית מלאכי | E49: דרום | F49: דודו | G49: 8 | I49: 20373.4 | J49: 35954.1 | K49: =IF(F49="","",TRIM(F49)&"|"&(SUMPRODUCT((TRIM($F$2:$F$309)=TRIM(F49))*($I$2:$I$309>I49))+1)) -> דודו|15 | L49: =IF(F49="","",TRIM(F49)&"|"&(SUMPRODUCT((TRIM($F$2:$F$309)=TRIM(F49))*($B$2:$B$309<B49))+1)) -> דודו|14 | M49: =IF(F49="","",SUMPRODUCT((TRIM($F$2:$F$309)=TRIM(F49))*($I$2:$I$309>I49))+1) -> 15
A50: ביג קרית-גת~178 | B50: 27 | C50: 50 | D50: קרית גת | E50: דרום | F50: דודו | G50: 17 | I50: 21940.2 | J50: 36086.4 | K50: =IF(F50="","",TRIM(F50)&"|"&(SUMPRODUCT((TRIM($F$2:$F$309)=TRIM(F50))*($I$2:$I$309>I50))+1)) -> דודו|13 | L50: =IF(F50="","",TRIM(F50)&"|"&(SUMPRODUCT((TRIM($F$2:$F$309)=TRIM(F50))*($B$2:$B$309<B50))+1)) -> דודו|13 | M50: =IF(F50="","",SUMPRODUCT((TRIM($F$2:$F$309)=TRIM(F50))*($I$2:$I$309>I50))+1) -> 13
A51: ביג קרית-שמונה~192 | B51: 92 | C51: 116 | D51: קרית שמונה | E51: צפון | F51: חדש | G51: 18 | I51: 11759.5 | J51: 23099.9 | K51: =IF(F51="","",TRIM(F51)&"|"&(SUMPRODUCT((TRIM($F$2:$F$309)=TRIM(F51))*($I$2:$I$309>I51))+1)) -> חדש|13 | L51: =IF(F51="","",TRIM(F51)&"|"&(SUMPRODUCT((TRIM($F$2:$F$309)=TRIM(F51))*($B$2:$B$309<B51))+1)) -> חדש|14 | M51: =IF(F51="","",SUMPRODUCT((TRIM($F$2:$F$309)=TRIM(F51))*($I$2:$I$309>I51))+1) -> 13
A52: בילו סנטר~52 | B52: 15 | C52: 36 | D52: רחובות | E52: מרכז | F52: דודו | G52: 10 | I52: 21969.8 | J52: 39005.8 | K52: =IF(F52="","",TRIM(F52)&"|"&(SUMPRODUCT((TRIM($F$2:$F$309)=TRIM(F52))*($I$2:$I$309>I52))+1)) -> דודו|12 | L52: =IF(F52="","",TRIM(F52)&"|"&(SUMPRODUCT((TRIM($F$2:$F$309)=TRIM(F52))*($B$2:$B$309<B52))+1)) -> דודו|7 | M52: =IF(F52="","",SUMPRODUCT((TRIM($F$2:$F$309)=TRIM(F52))*($I$2:$I$309>I52))+1) -> 12
A53: בית-האומות~176 | B53: 48 | C53: 128 | D53: ירושלים | E53: ירושלים | F53: דודו | I53: 19715.9 | J53: 45291.6 | K53: =IF(F53="","",TRIM(F53)&"|"&(SUMPRODUCT((TRIM($F$2:$F$309)=TRIM(F53))*($I$2:$I$309>I53))+1)) -> דודו|17 | L53: =IF(F53="","",TRIM(F53)&"|"&(SUMPRODUCT((TRIM($F$2:$F$309)=TRIM(F53))*($B$2:$B$309<B53))+1)) -> דודו|20 | M53: =IF(F53="","",SUMPRODUCT((TRIM($F$2:$F$309)=TRIM(F53))*($I$2:$I$309>I53))+1) -> 17
A54: בית-הבד~227 | B54: 216 | C54: 224 | D54: הוד השרון | E54: השרון | F54: חיים | I54: 6738.7 | J54: 16229.1 | K54: =IF(F54="","",TRIM(F54)&"|"&(SUMPRODUCT((TRIM($F$2:$F$309)=TRIM(F54))*($I$2:$I$309>I54))+1)) -> חיים|65 | L54: =IF(F54="","",TRIM(F54)&"|"&(SUMPRODUCT((TRIM($F$2:$F$309)=TRIM(F54))*($B$2:$B$309<B54))+1)) -> חיים|67 | M54: =IF(F54="","",SUMPRODUCT((TRIM($F$2:$F$309)=TRIM(F54))*($I$2:$I$309>I54))+1) -> 65
A55: בית-שאן~171 | B55: 187 | C55: 198 | D55: בית שאן | E55: צפון | F55: חדש | I55: 5117.6 | J55: 10084 | K55: =IF(F55="","",TRIM(F55)&"|"&(SUMPRODUCT((TRIM($F$2:$F$309)=TRIM(F55))*($I$2:$I$309>I55))+1)) -> חדש|48 | L55: =IF(F55="","",TRIM(F55)&"|"&(SUMPRODUCT((TRIM($F$2:$F$309)=TRIM(F55))*($B$2:$B$309<B55))+1)) -> חדש|39 | M55: =IF(F55="","",SUMPRODUCT((TRIM($F$2:$F$309)=TRIM(F55))*($I$2:$I$309>I55))+1) -> 48
A56: בית אמריקה~5 | B56: 153 | C56: 180 | D56: ת"א | E56: ת"א | F56: חיים | I56: 3365.3 | J56: 13982.7 | K56: =IF(F56="","",TRIM(F56)&"|"&(SUMPRODUCT((TRIM($F$2:$F$309)=TRIM(F56))*($I$2:$I$309>I56))+1)) -> חיים|79 | L56: =IF(F56="","",TRIM(F56)&"|"&(SUMPRODUCT((TRIM($F$2:$F$309)=TRIM(F56))*($B$2:$B$309<B56))+1)) -> חיים|51 | M56: =IF(F56="","",SUMPRODUCT((TRIM($F$2:$F$309)=TRIM(F56))*($I$2:$I$309>I56))+1) -> 79
A57: בית הכרם~121 | B57: 72 | C57: 74 | D57: ירושלים | E57: ירושלים | F57: דודו | I57: 14027.5 | J57: 28961 | K57: =IF(F57="","",TRIM(F57)&"|"&(SUMPRODUCT((TRIM($F$2:$F$309)=TRIM(F57))*($I$2:$I$309>I57))+1)) -> דודו|27 | L57: =IF(F57="","",TRIM(F57)&"|"&(SUMPRODUCT((TRIM($F$2:$F$309)=TRIM(F57))*($B$2:$B$309<B57))+1)) -> דודו|29 | M57: =IF(F57="","",SUMPRODUCT((TRIM($F$2:$F$309)=TRIM(F57))*($I$2:$I$309>I57))+1) -> 27
A58: בית חנינא~335 | B58: 237 | C58: 228 | D58: ירושלים | E58: ירושלים | F58: דודו | I58: 5642.9 | J58: 11540.6 | K58: =IF(F58="","",TRIM(F58)&"|"&(SUMPRODUCT((TRIM($F$2:$F$309)=TRIM(F58))*($I$2:$I$309>I58))+1)) -> דודו|56 | L58: =IF(F58="","",TRIM(F58)&"|"&(SUMPRODUCT((TRIM($F$2:$F$309)=TRIM(F58))*($B$2:$B$309<B58))+1)) -> דודו|59 | M58: =IF(F58="","",SUMPRODUCT((TRIM($F$2:$F$309)=TRIM(F58))*($I$2:$I$309>I58))+1) -> 56
A59: בית שמש~93 | B59: 29 | C59: 45 | D59: בית שמש | E59: ירושלים | F59: דודו | G59: 15 | I59: 21728.9 | J59: 40253.2 | K59: =IF(F59="","",TRIM(F59)&"|"&(SUMPRODUCT((TRIM($F$2:$F$309)=TRIM(F59))*($I$2:$I$309>I59))+1)) -> דודו|14 | L59: =IF(F59="","",TRIM(F59)&"|"&(SUMPRODUCT((TRIM($F$2:$F$309)=TRIM(F59))*($B$2:$B$309<B59))+1)) -> דודו|15 | M59: =IF(F59="","",SUMPRODUCT((TRIM($F$2:$F$309)=TRIM(F59))*($I$2:$I$309>I59))+1) -> 14
A60: בן-גוריון~96 | B60: 203 | C60: 107 | D60: גבעתיים | E60: מרכז | F60: סטאס | I60: 8561.8 | J60: 14908.2 | K60: =IF(F60="","",TRIM(F60)&"|"&(SUMPRODUCT((TRIM($F$2:$F$309)=TRIM(F60))*($I$2:$I$309>I60))+1)) -> סטאס|32 | L60: =IF(F60="","",TRIM(F60)&"|"&(SUMPRODUCT((TRIM($F$2:$F$309)=TRIM(F60))*($B$2:$B$309<B60))+1)) -> סטאס|41 | M60: =IF(F60="","",SUMPRODUCT((TRIM($F$2:$F$309)=TRIM(F60))*($I$2:$I$309>I60))+1) -> 32
A61: בסר סיטי פ"ת~313 | B61: 270 | C61: 242 | D61: פתח תקווה | E61: מרכז | F61: סטאס | I61: 4168.3 | J61: 9587.2 | K61: =IF(F61="","",TRIM(F61)&"|"&(SUMPRODUCT((TRIM($F$2:$F$309)=TRIM(F61))*($I$2:$I$309>I61))+1)) -> סטאס|53 | L61: =IF(F61="","",TRIM(F61)&"|"&(SUMPRODUCT((TRIM($F$2:$F$309)=TRIM(F61))*($B$2:$B$309<B61))+1)) -> סטאס|56 | M61: =IF(F61="","",SUMPRODUCT((TRIM($F$2:$F$309)=TRIM(F61))*($I$2:$I$309>I61))+1) -> 53
A62: ברנע אשקלון~305 | B62: 97 | C62: 38 | D62: אשקלון | E62: דרום | F62: דודו | G62: 11 | I62: 11597.1 | J62: 22838.4 | K62: =IF(F62="","",TRIM(F62)&"|"&(SUMPRODUCT((TRIM($F$2:$F$309)=TRIM(F62))*($I$2:$I$309>I62))+1)) -> דודו|35 | L62: =IF(F62="","",TRIM(F62)&"|"&(SUMPRODUCT((TRIM($F$2:$F$309)=TRIM(F62))*($B$2:$B$309<B62))+1)) -> דודו|35 | M62: =IF(F62="","",SUMPRODUCT((TRIM($F$2:$F$309)=TRIM(F62))*($I$2:$I$309>I62))+1) -> 35
A63: ג'דיידה מכר~296 | B63: 290 | C63: 290 | D63: ג'דיידה מכר | E63: צפון | F63: חדש | I63: 2955.9 | J63: 4511.7 | K63: =IF(F63="","",TRIM(F63)&"|"&(SUMPRODUCT((TRIM($F$2:$F$309)=TRIM(F63))*($I$2:$I$309>I63))+1)) -> חדש|72 | L63: =IF(F63="","",TRIM(F63)&"|"&(SUMPRODUCT((TRIM($F$2:$F$309)=TRIM(F63))*($B$2:$B$309<B63))+1)) -> חדש|79 | M63: =IF(F63="","",SUMPRODUCT((TRIM($F$2:$F$309)=TRIM(F63))*($I$2:$I$309>I63))+1) -> 72
A64: גאלרי ביג גלילות~333 | B64: 37 | C64: 19 | D64: הרצליה | E64: מרכז | F64: חיים | G64: 5 | I64: 21741 | J64: 36448.2 | K64: =IF(F64="","",TRIM(F64)&"|"&(SUMPRODUCT((TRIM($F$2:$F$309)=TRIM(F64))*($I$2:$I$309>I64))+1)) -> חיים|7 | L64: =IF(F64="","",TRIM(F64)&"|"&(SUMPRODUCT((TRIM($F$2:$F$309)=TRIM(F64))*($B$2:$B$309<B64))+1)) -> חיים|11 | M64: =IF(F64="","",SUMPRODUCT((TRIM($F$2:$F$309)=TRIM(F64))*($I$2:$I$309>I64))+1) -> 7
A65: גאלרי בת-ים~115 | B65: 32 | C65: 21 | D65: בת ים | E65: מרכז | F65: סטאס | G65: 5 | I65: 14737.1 | J65: 31606.4 | K65: =IF(F65="","",TRIM(F65)&"|"&(SUMPRODUCT((TRIM($F$2:$F$309)=TRIM(F65))*($I$2:$I$309>I65))+1)) -> סטאס|8 | L65: =IF(F65="","",TRIM(F65)&"|"&(SUMPRODUCT((TRIM($F$2:$F$309)=TRIM(F65))*($B$2:$B$309<B65))+1)) -> סטאס|3 | M65: =IF(F65="","",SUMPRODUCT((TRIM($F$2:$F$309)=TRIM(F65))*($I$2:$I$309>I65))+1) -> 8
A66: גאלרי כיכר-ציון~219 | B66: 11 | C66: 55 | D66: ירושלים | E66: ירושלים | F66: דודו | G66: 18 | I66: 34207.6 | J66: 46442.7 | K66: =IF(F66="","",TRIM(F66)&"|"&(SUMPRODUCT((TRIM($F$2:$F$309)=TRIM(F66))*($I$2:$I$309>I66))+1)) -> דודו|2 | L66: =IF(F66="","",TRIM(F66)&"|"&(SUMPRODUCT((TRIM($F$2:$F$309)=TRIM(F66))*($B$2:$B$309<B66))+1)) -> דודו|4 | M66: =IF(F66="","",SUMPRODUCT((TRIM($F$2:$F$309)=TRIM(F66))*($I$2:$I$309>I66))+1) -> 2
A67: גאלרי מול הים~53 | B67: 61 | C67: 12 | D67: אילת | E67: אילת | F67: דודו | G67: 3 | I67: 13139.5 | J67: 30442.7 | K67: =IF(F67="","",TRIM(F67)&"|"&(SUMPRODUCT((TRIM($F$2:$F$309)=TRIM(F67))*($I$2:$I$309>I67))+1)) -> דודו|31 | L67: =IF(F67="","",TRIM(F67)&"|"&(SUMPRODUCT((TRIM($F$2:$F$309)=TRIM(F67))*($B$2:$B$309<B67))+1)) -> דודו|24 | M67: =IF(F67="","",SUMPRODUCT((TRIM($F$2:$F$309)=TRIM(F67))*($I$2:$I$309>I67))+1) -> 31
A68: גאלרי מלחה~30 | B68: 16 | C68: 13 | D68: ירושלים | E68: ירושלים | F68: דודו | G68: 4 | I68: 25566.1 | J68: 52586.4 | K68: =IF(F68="","",TRIM(F68)&"|"&(SUMPRODUCT((TRIM($F$2:$F$309)=TRIM(F68))*($I$2:$I$309>I68))+1)) -> דודו|8 | L68: =IF(F68="","",TRIM(F68)&"|"&(SUMPRODUCT((TRIM($F$2:$F$309)=TRIM(F68))*($B$2:$B$309<B68))+1)) -> דודו|8 | M68: =IF(F68="","",SUMPRODUCT((TRIM($F$2:$F$309)=TRIM(F68))*($I$2:$I$309>I68))+1) -> 8
A69: גאלרי קריון~15 | B69: 21 | C69: 7 | D69: חיפה והקריות | E69: חיפה | F69: חדש | G69: 3 | I69: 12185.8 | J69: 27590.1 | K69: =IF(F69="","",TRIM(F69)&"|"&(SUMPRODUCT((TRIM($F$2:$F$309)=TRIM(F69))*($I$2:$I$309>I69))+1)) -> חדש|11 | L69: =IF(F69="","",TRIM(F69)&"|"&(SUMPRODUCT((TRIM($F$2:$F$309)=TRIM(F69))*($B$2:$B$309<B69))+1)) -> חדש|4 | M69: =IF(F69="","",SUMPRODUCT((TRIM($F$2:$F$309)=TRIM(F69))*($I$2:$I$309>I69))+1) -> 11
A70: גאלרי רשל"צ~136 | B70: 78 | C70: 81 | D70: ראשל"צ | E70: מרכז | F70: חיים | I70: 12835.8 | J70: 28639.2 | K70: =IF(F70="","",TRIM(F70)&"|"&(SUMPRODUCT((TRIM($F$2:$F$309)=TRIM(F70))*($I$2:$I$309>I70))+1)) -> חיים|25 | L70: =IF(F70="","",TRIM(F70)&"|"&(SUMPRODUCT((TRIM($F$2:$F$309)=TRIM(F70))*($B$2:$B$309<B70))+1)) -> חיים|24 | M70: =IF(F70="","",SUMPRODUCT((TRIM($F$2:$F$309)=TRIM(F70))*($I$2:$I$309>I70))+1) -> 25
A71: גבעת-שמואל~247 | B71: 183 | C71: 168 | D71: גבעת שמואל | E71: מרכז | F71: סטאס | I71: 6830.9 | J71: 16329.4 | K71: =IF(F71="","",TRIM(F71)&"|"&(SUMPRODUCT((TRIM($F$2:$F$309)=TRIM(F71))*($I$2:$I$309>I71))+1)) -> סטאס|37 | L71: =IF(F71="","",TRIM(F71)&"|"&(SUMPRODUCT((TRIM($F$2:$F$309)=TRIM(F71))*($B$2:$B$309<B71))+1)) -> סטאס|37 | M71: =IF(F71="","",SUMPRODUCT((TRIM($F$2:$F$309)=TRIM(F71))*($I$2:$I$309>I71))+1) -> 37
A72: גבעת אלונים~330 | B72: 306 | C72: 296 | D72: קריות | E72: חיפה | F72: חדש | I72: 1838.5 | J72: 4798.9 | K72: =IF(F72="","",TRIM(F72)&"|"&(SUMPRODUCT((TRIM($F$2:$F$309)=TRIM(F72))*($I$2:$I$309>I72))+1)) -> חדש|83 | L72: =IF(F72="","",TRIM(F72)&"|"&(SUMPRODUCT((TRIM($F$2:$F$309)=TRIM(F72))*($B$2:$B$309<B72))+1)) -> חדש|87 | M72: =IF(F72="","",SUMPRODUCT((TRIM($F$2:$F$309)=TRIM(F72))*($I$2:$I$309>I72))+1) -> 83
A73: גבעת טל~103 | B73: 175 | C73: 158 | D73: ראש העין | E73: מרכז | F73: סטאס | I73: 6787.7 | J73: 18895.5 | K73: =IF(F73="","",TRIM(F73)&"|"&(SUMPRODUCT((TRIM($F$2:$F$309)=TRIM(F73))*($I$2:$I$309>I73))+1)) -> סטאס|39 | L73: =IF(F73="","",TRIM(F73)&"|"&(SUMPRODUCT((TRIM($F$2:$F$309)=TRIM(F73))*($B$2:$B$309<B73))+1)) -> סטאס|36 | M73: =IF(F73="","",SUMPRODUCT((TRIM($F$2:$F$309)=TRIM(F73))*($I$2:$I$309>I73))+1) -> 39
A74: גבעת סביון~12 | B74: 167 | C74: 144 | D74: ת"א | E74: ת"א | F74: חיים | I74: 9699.2 | J74: 21919.4 | K74: =IF(F74="","",TRIM(F74)&"|"&(SUMPRODUCT((TRIM($F$2:$F$309)=TRIM(F74))*($I$2:$I$309>I74))+1)) -> חיים|37 | L74: =IF(F74="","",TRIM(F74)&"|"&(SUMPRODUCT((TRIM($F$2:$F$309)=TRIM(F74))*($B$2:$B$309<B74))+1)) -> חיים|54 | M74: =IF(F74="","",SUMPRODUCT((TRIM($F$2:$F$309)=TRIM(F74))*($I$2:$I$309>I74))+1) -> 37
A75: גבעת שאול~88 | B75: 121 | C75: 182 | D75: גבעת שאול | E75: ירושלים | F75: דודו | I75: 11193 | J75: 25344.6 | K75: =IF(F75="","",TRIM(F75)&"|"&(SUMPRODUCT((TRIM($F$2:$F$309)=TRIM(F75))*($I$2:$I$309>I75))+1)) -> דודו|38 | L75: =IF(F75="","",TRIM(F75)&"|"&(SUMPRODUCT((TRIM($F$2:$F$309)=TRIM(F75))*($B$2:$B$309<B75))+1)) -> דודו|40 | M75: =IF(F75="","",SUMPRODUCT((TRIM($F$2:$F$309)=TRIM(F75))*($I$2:$I$309>I75))+1) -> 38
A76: גדרה~146 | B76: 51 | C76: 56 | D76: גדרה | E76: דרום | F76: סטאס | G76: 13 | I76: 15387.8 | J76: 32028.6 | K76: =IF(F76="","",TRIM(F76)&"|"&(SUMPRODUCT((TRIM($F$2:$F$309)=TRIM(F76))*($I$2:$I$309>I76))+1)) -> סטאס|5 | L76: =IF(F76="","",TRIM(F76)&"|"&(SUMPRODUCT((TRIM($F$2:$F$309)=TRIM(F76))*($B$2:$B$309<B76))+1)) -> סטאס|9 | M76: =IF(F76="","",SUMPRODUCT((TRIM($F$2:$F$309)=TRIM(F76))*($I$2:$I$309>I76))+1) -> 5
A77: גורדון~73 | B77: 120 | C77: 92 | D77: ת"א | E77: ת"א | F77: חיים | I77: 7119.4 | J77: 23058.1 | K77: =IF(F77="","",TRIM(F77)&"|"&(SUMPRODUCT((TRIM($F$2:$F$309)=TRIM(F77))*($I$2:$I$309>I77))+1)) -> חיים|61 | L77: =IF(F77="","",TRIM(F77)&"|"&(SUMPRODUCT((TRIM($F$2:$F$309)=TRIM(F77))*($B$2:$B$309<B77))+1)) -> חיים|39 | M77: =IF(F77="","",SUMPRODUCT((TRIM($F$2:$F$309)=TRIM(F77))*($I$2:$I$309>I77))+1) -> 61
A78: גושן קרית-מוצקין~282 | B78: 282 | C78: 274 | D78: חיפה והקריות | E78: חיפה | F78: חדש | I78: 3802.9 | J78: 9528.4 | K78: =IF(F78="","",TRIM(F78)&"|"&(SUMPRODUCT((TRIM($F$2:$F$309)=TRIM(F78))*($I$2:$I$309>I78))+1)) -> חדש|64 | L78: =IF(F78="","",TRIM(F78)&"|"&(SUMPRODUCT((TRIM($F$2:$F$309)=TRIM(F78))*($B$2:$B$309<B78))+1)) -> חדש|76 | M78: =IF(F78="","",SUMPRODUCT((TRIM($F$2:$F$309)=TRIM(F78))*($I$2:$I$309>I78))+1) -> 64
A79: גילה~7 | B79: 238 | C79: 253 | D79: ירושלים | E79: ירושלים | F79: דודו | I79: 4316.1 | J79: 11428.1 | K79: =IF(F79="","",TRIM(F79)&"|"&(SUMPRODUCT((TRIM($F$2:$F$309)=TRIM(F79))*($I$2:$I$309>I79))+1)) -> דודו|61 | L79: =IF(F79="","",TRIM(F79)&"|"&(SUMPRODUCT((TRIM($F$2:$F$309)=TRIM(F79))*($B$2:$B$309<B79))+1)) -> דודו|60 | M79: =IF(F79="","",SUMPRODUCT((TRIM($F$2:$F$309)=TRIM(F79))*($I$2:$I$309>I79))+1) -> 61
A80: גלובוס אשקלון~269 | B80: 67 | C80: 109 | D80: אשקלון | E80: דרום | F80: דודו | I80: 13789.2 | J80: 23706.5 | K80: =IF(F80="","",TRIM(F80)&"|"&(SUMPRODUCT((TRIM($F$2:$F$309)=TRIM(F80))*($I$2:$I$309>I80))+1)) -> דודו|28 | L80: =IF(F80="","",TRIM(F80)&"|"&(SUMPRODUCT((TRIM($F$2:$F$309)=TRIM(F80))*($B$2:$B$309<B80))+1)) -> דודו|27 | M80: =IF(F80="","",SUMPRODUCT((TRIM($F$2:$F$309)=TRIM(F80))*($I$2:$I$309>I80))+1) -> 28
A81: גליל-ים הרצליה~314 | B81: 281 | C81: 247 | D81: הרצליה | E81: מרכז | F81: חיים | I81: 3155 | J81: 11230.2 | K81: =IF(F81="","",TRIM(F81)&"|"&(SUMPRODUCT((TRIM($F$2:$F$309)=TRIM(F81))*($I$2:$I$309>I81))+1)) -> חיים|80 | L81: =IF(F81="","",TRIM(F81)&"|"&(SUMPRODUCT((TRIM($F$2:$F$309)=TRIM(F81))*($B$2:$B$309<B81))+1)) -> חיים|82 | M81: =IF(F81="","",SUMPRODUCT((TRIM($F$2:$F$309)=TRIM(F81))*($I$2:$I$309>I81))+1) -> 80
A82: גן יבנה~228 | B82: 123 | C82: 110 | D82: גן יבנה | E82: דרום | F82: סטאס | I82: 11796.7 | J82: 20208.2 | K82: =IF(F82="","",TRIM(F82)&"|"&(SUMPRODUCT((TRIM($F$2:$F$309)=TRIM(F82))*($I$2:$I$309>I82))+1)) -> סטאס|17 | L82: =IF(F82="","",TRIM(F82)&"|"&(SUMPRODUCT((TRIM($F$2:$F$309)=TRIM(F82))*($B$2:$B$309<B82))+1)) -> סטאס|23 | M82: =IF(F82="","",SUMPRODUCT((TRIM($F$2:$F$309)=TRIM(F82))*($I$2:$I$309>I82))+1) -> 17
A83: גן שמואל~84 | B83: 83 | C83: 125 | D83: גן שמואל | E83: צפון | F83: חדש | G83: 20 | I83: 12274.4 | J83: 26074.8 | K83: =IF(F83="","",TRIM(F83)&"|"&(SUMPRODUCT((TRIM($F$2:$F$309)=TRIM(F83))*($I$2:$I$309>I83))+1)) -> חדש|10 | L83: =IF(F83="","",TRIM(F83)&"|"&(SUMPRODUCT((TRIM($F$2:$F$309)=TRIM(F83))*($B$2:$B$309<B83))+1)) -> חדש|11 | M83: =IF(F83="","",SUMPRODUCT((TRIM($F$2:$F$309)=TRIM(F83))*($I$2:$I$309>I83))+1) -> 10
A84: גרנד באר-שבע~204 | B84: 38 | C84: 34 | D84: באר שבע | E84: דרום | F84: סטאס | G84: 7 | I84: 22158.6 | J84: 37784.7 | K84: =IF(F84="","",TRIM(F84)&"|"&(SUMPRODUCT((TRIM($F$2:$F$309)=TRIM(F84))*($I$2:$I$309>I84))+1)) -> סטאס|4 | L84: =IF(F84="","",TRIM(F84)&"|"&(SUMPRODUCT((TRIM($F$2:$F$309)=TRIM(F84))*($B$2:$B$309<B84))+1)) -> סטאס|5 | M84: =IF(F84="","",SUMPRODUCT((TRIM($F$2:$F$309)=TRIM(F84))*($I$2:$I$309>I84))+1) -> 4
A85: גרנד קניון~77 | B85: 10 | C85: 4 | D85: חיפה והקריות | E85: חיפה | F85: חדש | G85: 2 | I85: 28100.5 | J85: 55881.1 | K85: =IF(F85="","",TRIM(F85)&"|"&(SUMPRODUCT((TRIM($F$2:$F$309)=TRIM(F85))*($I$2:$I$309>I85))+1)) -> חדש|2 | L85: =IF(F85="","",TRIM(F85)&"|"&(SUMPRODUCT((TRIM($F$2:$F$309)=TRIM(F85))*($B$2:$B$309<B85))+1)) -> חדש|2 | M85: =IF(F85="","",SUMPRODUCT((TRIM($F$2:$F$309)=TRIM(F85))*($I$2:$I$309>I85))+1) -> 2
A86: דושי סנטר נצרת~292 | B86: 287 | C86: 299 | D86: נצרת | E86: צפון | F86: חדש | I86: 2125.6 | J86: 2770.4 | K86: =IF(F86="","",TRIM(F86)&"|"&(SUMPRODUCT((TRIM($F$2:$F$309)=TRIM(F86))*($I$2:$I$309>I86))+1)) -> חדש|79 | L86: =IF(F86="","",TRIM(F86)&"|"&(SUMPRODUCT((TRIM($F$2:$F$309)=TRIM(F86))*($B$2:$B$309<B86))+1)) -> חדש|78 | M86: =IF(F86="","",SUMPRODUCT((TRIM($F$2:$F$309)=TRIM(F86))*($I$2:$I$309>I86))+1) -> 79
A87: דיזינגוף סנטר~17 | B87: 104 | C87: 124 | D87: ת"א | E87: ת"א | F87: חיים | I87: 9197.6 | J87: 23945.1 | K87: =IF(F87="","",TRIM(F87)&"|"&(SUMPRODUCT((TRIM($F$2:$F$309)=TRIM(F87))*($I$2:$I$309>I87))+1)) -> חיים|42 | L87: =IF(F87="","",TRIM(F87)&"|"&(SUMPRODUCT((TRIM($F$2:$F$309)=TRIM(F87))*($B$2:$B$309<B87))+1)) -> חיים|34 | M87: =IF(F87="","",SUMPRODUCT((TRIM($F$2:$F$309)=TRIM(F87))*($I$2:$I$309>I87))+1) -> 42
A88: דימונה דימרי סנטר~302 | B88: 155 | C88: 130 | D88: דימונה | E88: דרום | F88: דודו | I88: 6409.1 | J88: 15834.2 | K88: =IF(F88="","",TRIM(F88)&"|"&(SUMPRODUCT((TRIM($F$2:$F$309)=TRIM(F88))*($I$2:$I$309>I88))+1)) -> דודו|53 | L88: =IF(F88="","",TRIM(F88)&"|"&(SUMPRODUCT((TRIM($F$2:$F$309)=TRIM(F88))*($B$2:$B$309<B88))+1)) -> דודו|44 | M88: =IF(F88="","",SUMPRODUCT((TRIM($F$2:$F$309)=TRIM(F88))*($I$2:$I$309>I88))+1) -> 53
A89: דימונה~135 | B89: 152 | C89: 244 | D89: דימונה | E89: דרום | F89: דודו | I89: 7642.2 | J89: 14420.5 | K89: =IF(F89="","",TRIM(F89)&"|"&(SUMPRODUCT((TRIM($F$2:$F$309)=TRIM(F89))*($I$2:$I$309>I89))+1)) -> דודו|48 | L89: =IF(F89="","",TRIM(F89)&"|"&(SUMPRODUCT((TRIM($F$2:$F$309)=TRIM(F89))*($B$2:$B$309<B89))+1)) -> דודו|42 | M89: =IF(F89="","",SUMPRODUCT((TRIM($F$2:$F$309)=TRIM(F89))*($I$2:$I$309>I89))+1) -> 48
A90: דליית אל-כרמל~287 | B90: 247 | C90: 261 | D90: חיפה והקריות | E90: חיפה | F90: חדש | I90: 4500.3 | J90: 9631.1 | K90: =IF(F90="","",TRIM(F90)&"|"&(SUMPRODUCT((TRIM($F$2:$F$309)=TRIM(F90))*($I$2:$I$309>I90))+1)) -> חדש|54 | L90: =IF(F90="","",TRIM(F90)&"|"&(SUMPRODUCT((TRIM($F$2:$F$309)=TRIM(F90))*($B$2:$B$309<B90))+1)) -> חדש|61 | M90: =IF(F90="","",SUMPRODUCT((TRIM($F$2:$F$309)=TRIM(F90))*($I$2:$I$309>I90))+1) -> 54
A91: דרך בר-לב ת"א~270 | B91: 200 | C91: 173 | D91: ת"א | E91: ת"א | F91: חיים | I91: 6742.9 | J91: 14550.1 | K91: =IF(F91="","",TRIM(F91)&"|"&(SUMPRODUCT((TRIM($F$2:$F$309)=TRIM(F91))*($I$2:$I$309>I91))+1)) -> חיים|64 | L91: =IF(F91="","",TRIM(F91)&"|"&(SUMPRODUCT((TRIM($F$2:$F$309)=TRIM(F91))*($B$2:$B$309<B91))+1)) -> חיים|62 | M91: =IF(F91="","",SUMPRODUCT((TRIM($F$2:$F$309)=TRIM(F91))*($I$2:$I$309>I91))+1) -> 64
A92: דרך מצדה ב"ש~297 | B92: 94 | C92: 85 | D92: באר שבע | E92: דרום | F92: סטאס | G92: 20 | I92: 13595.1 | J92: 24660 | K92: =IF(F92="","",TRIM(F92)&"|"&(SUMPRODUCT((TRIM($F$2:$F$309)=TRIM(F92))*($I$2:$I$309>I92))+1)) -> סטאס|11 | L92: =IF(F92="","",TRIM(F92)&"|"&(SUMPRODUCT((TRIM($F$2:$F$309)=TRIM(F92))*($B$2:$B$309<B92))+1)) -> סטאס|17 | M92: =IF(F92="","",SUMPRODUCT((TRIM($F$2:$F$309)=TRIM(F92))*($I$2:$I$309>I92))+1) -> 11
A93: האומנים קרית-מוצקין~344 | B93: 305 | C93: 295 | D93: חיפה והקריות | E93: חיפה | F93: חדש | I93: 1913.9 | J93: 0 | K93: =IF(F93="","",TRIM(F93)&"|"&(SUMPRODUCT((TRIM($F$2:$F$309)=TRIM(F93))*($I$2:$I$309>I93))+1)) -> חדש|82 | L93: =IF(F93="","",TRIM(F93)&"|"&(SUMPRODUCT((TRIM($F$2:$F$309)=TRIM(F93))*($B$2:$B$309<B93))+1)) -> חדש|86 | M93: =IF(F93="","",SUMPRODUCT((TRIM($F$2:$F$309)=TRIM(F93))*($I$2:$I$309>I93))+1) -> 82
A94: האר"י נתניה~140 | B94: 30 | C94: 20 | D94: נתניה | E94: השרון | F94: חיים | G94: 6 | I94: 15173.8 | J94: 38918.4 | K94: =IF(F94="","",TRIM(F94)&"|"&(SUMPRODUCT((TRIM($F$2:$F$309)=TRIM(F94))*($I$2:$I$309>I94))+1)) -> חיים|16 | L94: =IF(F94="","",TRIM(F94)&"|"&(SUMPRODUCT((TRIM($F$2:$F$309)=TRIM(F94))*($B$2:$B$309<B94))+1)) -> חיים|7 | M94: =IF(F94="","",SUMPRODUCT((TRIM($F$2:$F$309)=TRIM(F94))*($I$2:$I$309>I94))+1) -> 16
A95: הבנקים חיפה~337 | B95: 285 | C95: 283 | D95: חיפה והקריות | E95: חיפה | F95: חדש | I95: 1996.8 | J95: 0 | K95: =IF(F95="","",TRIM(F95)&"|"&(SUMPRODUCT((TRIM($F$2:$F$309)=TRIM(F95))*($I$2:$I$309>I95))+1)) -> חדש|81 | L95: =IF(F95="","",TRIM(F95)&"|"&(SUMPRODUCT((TRIM($F$2:$F$309)=TRIM(F95))*($B$2:$B$309<B95))+1)) -> חדש|77 | M95: =IF(F95="","",SUMPRODUCT((TRIM($F$2:$F$309)=TRIM(F95))*($I$2:$I$309>I95))+1) -> 81
A96: הדסה עין כרם~138 | B96: 3 | C96: 133 | D96: ירושלים | E96: ירושלים | F96: דודו | I96: 40303.1 | J96: 70289.5 | K96: =IF(F96="","",TRIM(F96)&"|"&(SUMPRODUCT((TRIM($F$2:$F$309)=TRIM(F96))*($I$2:$I$309>I96))+1)) -> דודו|1 | L96: =IF(F96="","",TRIM(F96)&"|"&(SUMPRODUCT((TRIM($F$2:$F$309)=TRIM(F96))*($B$2:$B$309<B96))+1)) -> דודו|1 | M96: =IF(F96="","",SUMPRODUCT((TRIM($F$2:$F$309)=TRIM(F96))*($I$2:$I$309>I96))+1) -> 1
A97: הדר-גנים פ"ת~311 | B97: 248 | C97: 222 | D97: פתח תקווה | E97: מרכז | F97: סטאס | I97: 5485.4 | J97: 10153 | K97: =IF(F97="","",TRIM(F97)&"|"&(SUMPRODUCT((TRIM($F$2:$F$309)=TRIM(F97))*($I$2:$I$309>I97))+1)) -> סטאס|47 | L97: =IF(F97="","",TRIM(F97)&"|"&(SUMPRODUCT((TRIM($F$2:$F$309)=TRIM(F97))*($B$2:$B$309<B97))+1)) -> סטאס|52 | M97: =IF(F97="","",SUMPRODUCT((TRIM($F$2:$F$309)=TRIM(F97))*($I$2:$I$309>I97))+1) -> 47
A98: הוד השרון~54 | B98: 70 | C98: 33 | D98: הוד השרון | E98: השרון | F98: חיים | G98: 13 | I98: 19180.1 | J98: 36008.2 | K98: =IF(F98="","",TRIM(F98)&"|"&(SUMPRODUCT((TRIM($F$2:$F$309)=TRIM(F98))*($I$2:$I$309>I98))+1)) -> חיים|11 | L98: =IF(F98="","",TRIM(F98)&"|"&(SUMPRODUCT((TRIM($F$2:$F$309)=TRIM(F98))*($B$2:$B$309<B98))+1)) -> חיים|22 | M98: =IF(F98="","",SUMPRODUCT((TRIM($F$2:$F$309)=TRIM(F98))*($I$2:$I$309>I98))+1) -> 11
A99: היכל~59 | B99: 58 | C99: 91 | D99: ת"א | E99: ת"א | F99: חיים | I99: 12899.2 | J99: 34842.5 | K99: =IF(F99="","",TRIM(F99)&"|"&(SUMPRODUCT((TRIM($F$2:$F$309)=TRIM(F99))*($I$2:$I$309>I99))+1)) -> חיים|20 | L99: =IF(F99="","",TRIM(F99)&"|"&(SUMPRODUCT((TRIM($F$2:$F$309)=TRIM(F99))*($B$2:$B$309<B99))+1)) -> חיים|17 | M99: =IF(F99="","",SUMPRODUCT((TRIM($F$2:$F$309)=TRIM(F99))*($I$2:$I$309>I99))+1) -> 20
A100: המכללה ראשל"צ~244 | B100: 231 | C100: 230 | D100: ראשל"צ | E100: מרכז | F100: חיים | I100: 4432.2 | J100: 12905.5 | K100: =IF(F100="","",TRIM(F100)&"|"&(SUMPRODUCT((TRIM($F$2:$F$309)=TRIM(F100))*($I$2:$I$309>I100))+1)) -> חיים|71 | L100: =IF(F100="","",TRIM(F100)&"|"&(SUMPRODUCT((TRIM($F$2:$F$309)=TRIM(F100))*($B$2:$B$309<B100))+1)) -> חיים|69 | M100: =IF(F100="","",SUMPRODUCT((TRIM($F$2:$F$309)=TRIM(F100))*($I$2:$I$309>I100))+1) -> 71
...
