Workbook

Sheet CHMI קבוצות לקוחות
A1: קבוצות לקוחות — ספירת לקוחות (שורות) לפי קבוצה, מתוך דוח PPlay1 of uriel (Reporter)
A3: קבוצת לקוחות | B3: מספר לקוחות (שורות) | C3: סכום 2025 (מקור) | D3: סכום 2026 (מקור)
A4: 0בתי טבע | B4: =COUNTIF('קבוצות לקוחות - מקור'!$A$2:$A$945,$A4) | C4: =SUMIF('קבוצות לקוחות - מקור'!$A$2:$A$945,$A4,'קבוצות לקוחות - מקור'!$C$2:$C$945) | D4: =SUMIF('קבוצות לקוחות - מקור'!$A$2:$A$945,$A4,'קבוצות לקוחות - מקור'!$D$2:$D$945)
A5: 0בתי טבע רשתות | B5: =COUNTIF('קבוצות לקוחות - מקור'!$A$2:$A$945,$A5) | C5: =SUMIF('קבוצות לקוחות - מקור'!$A$2:$A$945,$A5,'קבוצות לקוחות - מקור'!$C$2:$C$945) | D5: =SUMIF('קבוצות לקוחות - מקור'!$A$2:$A$945,$A5,'קבוצות לקוחות - מקור'!$D$2:$D$945)
A6: 0בתי מרקחת | B6: =COUNTIF('קבוצות לקוחות - מקור'!$A$2:$A$945,$A6) | C6: =SUMIF('קבוצות לקוחות - מקור'!$A$2:$A$945,$A6,'קבוצות לקוחות - מקור'!$C$2:$C$945) | D6: =SUMIF('קבוצות לקוחות - מקור'!$A$2:$A$945,$A6,'קבוצות לקוחות - מקור'!$D$2:$D$945)
A7: מגזר ערבי | B7: =COUNTIF('קבוצות לקוחות - מקור'!$A$2:$A$945,$A7) | C7: =SUMIF('קבוצות לקוחות - מקור'!$A$2:$A$945,$A7,'קבוצות לקוחות - מקור'!$C$2:$C$945) | D7: =SUMIF('קבוצות לקוחות - מקור'!$A$2:$A$945,$A7,'קבוצות לקוחות - מקור'!$D$2:$D$945)
A8: רוקחים עתיד | B8: =COUNTIF('קבוצות לקוחות - מקור'!$A$2:$A$945,$A8) | C8: =SUMIF('קבוצות לקוחות - מקור'!$A$2:$A$945,$A8,'קבוצות לקוחות - מקור'!$C$2:$C$945) | D8: =SUMIF('קבוצות לקוחות - מקור'!$A$2:$A$945,$A8,'קבוצות לקוחות - מקור'!$D$2:$D$945)
A9: רשת י-ם | B9: =COUNTIF('קבוצות לקוחות - מקור'!$A$2:$A$945,$A9) | C9: =SUMIF('קבוצות לקוחות - מקור'!$A$2:$A$945,$A9,'קבוצות לקוחות - מקור'!$C$2:$C$945) | D9: =SUMIF('קבוצות לקוחות - מקור'!$A$2:$A$945,$A9,'קבוצות לקוחות - מקור'!$D$2:$D$945)
A10: שור טבצניק | B10: =COUNTIF('קבוצות לקוחות - מקור'!$A$2:$A$945,$A10) | C10: =SUMIF('קבוצות לקוחות - מקור'!$A$2:$A$945,$A10,'קבוצות לקוחות - מקור'!$C$2:$C$945) | D10: =SUMIF('קבוצות לקוחות - מקור'!$A$2:$A$945,$A10,'קבוצות לקוחות - מקור'!$D$2:$D$945)
A11: שרם | B11: =COUNTIF('קבוצות לקוחות - מקור'!$A$2:$A$945,$A11) | C11: =SUMIF('קבוצות לקוחות - מקור'!$A$2:$A$945,$A11,'קבוצות לקוחות - מקור'!$C$2:$C$945) | D11: =SUMIF('קבוצות לקוחות - מקור'!$A$2:$A$945,$A11,'קבוצות לקוחות - מקור'!$D$2:$D$945)
A12: 0כללי | B12: =COUNTIF('קבוצות לקוחות - מקור'!$A$2:$A$945,$A12) | C12: =SUMIF('קבוצות לקוחות - מקור'!$A$2:$A$945,$A12,'קבוצות לקוחות - מקור'!$C$2:$C$945) | D12: =SUMIF('קבוצות לקוחות - מקור'!$A$2:$A$945,$A12,'קבוצות לקוחות - מקור'!$D$2:$D$945)
A13: 0מפיצי משנה | B13: =COUNTIF('קבוצות לקוחות - מקור'!$A$2:$A$945,$A13) | C13: =SUMIF('קבוצות לקוחות - מקור'!$A$2:$A$945,$A13,'קבוצות לקוחות - מקור'!$C$2:$C$945) | D13: =SUMIF('קבוצות לקוחות - מקור'!$A$2:$A$945,$A13,'קבוצות לקוחות - מקור'!$D$2:$D$945)
A14: ס. פארם | B14: =COUNTIF('קבוצות לקוחות - מקור'!$A$2:$A$945,$A14) | C14: =SUMIF('קבוצות לקוחות - מקור'!$A$2:$A$945,$A14,'קבוצות לקוחות - מקור'!$C$2:$C$945) | D14: =SUMIF('קבוצות לקוחות - מקור'!$A$2:$A$945,$A14,'קבוצות לקוחות - מקור'!$D$2:$D$945)
A15: BE | B15: =COUNTIF('קבוצות לקוחות - מקור'!$A$2:$A$945,$A15) | C15: =SUMIF('קבוצות לקוחות - מקור'!$A$2:$A$945,$A15,'קבוצות לקוחות - מקור'!$C$2:$C$945) | D15: =SUMIF('קבוצות לקוחות - מקור'!$A$2:$A$945,$A15,'קבוצות לקוחות - מקור'!$D$2:$D$945)
... A20: 0שונות | B20: =COUNTIF('קבוצות לקוחות - מקור'!$A$2:$A$945,$A20) | C20: =SUMIF('קבוצות לקוחות - מקור'!$A$2:$A$945,$A20,'קבוצות לקוחות - מקור'!$C$2:$C$945) | D20: =SUMIF('קבוצות לקוחות - מקור'!$A$2:$A$945,$A20,'קבוצות לקוחות - מקור'!$D$2:$D$945)
A21: סה"כ 17 קבוצות | B21: =SUM(B4:B20) | C21: =SUM(C4:C20) | D21: =SUM(D4:D20)

Sheet נקודות לפי סוכן 2026
A1: נקודות לכל סוכן בכל קבוצת לקוחות — מתוך דוח PPlay1 of uriel (Reporter), "2026_נקודות_של_סוכן_1"
A3: קבוצת לקוחות | B3: חיים וייצמ | C3: חאזם תלחמי | D3: סטאס נסאר | E3: עיסא | F3: .דוד א | G3: לא מטופל | H3: סה"כ נקודות (קבוצה)
A4: 0בתי מרקחת | B4: =COUNTIFS('נקודות - מקור'!$A$2:$A$564,$A4,'נקודות - מקור'!$C$2:$C$564,"<>0") | C4: =COUNTIFS('נקודות - מקור'!$A$2:$A$564,$A4,'נקודות - מקור'!$D$2:$D$564,"<>0") | D4: =COUNTIFS('נקודות - מקור'!$A$2:$A$564,$A4,'נקודות - מקור'!$E$2:$E$564,"<>0") | E4: =COUNTIFS('נקודות - מקור'!$A$2:$A$564,$A4,'נקודות - מקור'!$F$2:$F$564,"<>0") | F4: =COUNTIFS('נקודות - מקור'!$A$2:$A$564,$A4,'נקודות - מקור'!$G$2:$G$564,"<>0") | G4: =COUNTIFS('נקודות - מקור'!$A$2:$A$564,$A4,'נקודות - מקור'!$H$2:$H$564,0) | H4: =COUNTIFS('נקודות - מקור'!$A$2:$A$564,$A4)
A5: מגזר ערבי | B5: =COUNTIFS('נקודות - מקור'!$A$2:$A$564,$A5,'נקודות - מקור'!$C$2:$C$564,"<>0") | C5: =COUNTIFS('נקודות - מקור'!$A$2:$A$564,$A5,'נקודות - מקור'!$D$2:$D$564,"<>0") | D5: =COUNTIFS('נקודות - מקור'!$A$2:$A$564,$A5,'נקודות - מקור'!$E$2:$E$564,"<>0") | E5: =COUNTIFS('נקודות - מקור'!$A$2:$A$564,$A5,'נקודות - מקור'!$F$2:$F$564,"<>0") | F5: =COUNTIFS('נקודות - מקור'!$A$2:$A$564,$A5,'נקודות - מקור'!$G$2:$G$564,"<>0") | G5: =COUNTIFS('נקודות - מקור'!$A$2:$A$564,$A5,'נקודות - מקור'!$H$2:$H$564,0) | H5: =COUNTIFS('נקודות - מקור'!$A$2:$A$564,$A5)
A6: רוקחים עתיד | B6: =COUNTIFS('נקודות - מקור'!$A$2:$A$564,$A6,'נקודות - מקור'!$C$2:$C$564,"<>0") | C6: =COUNTIFS('נקודות - מקור'!$A$2:$A$564,$A6,'נקודות - מקור'!$D$2:$D$564,"<>0") | D6: =COUNTIFS('נקודות - מקור'!$A$2:$A$564,$A6,'נקודות - מקור'!$E$2:$E$564,"<>0") | E6: =COUNTIFS('נקודות - מקור'!$A$2:$A$564,$A6,'נקודות - מקור'!$F$2:$F$564,"<>0") | F6: =COUNTIFS('נקודות - מקור'!$A$2:$A$564,$A6,'נקודות - מקור'!$G$2:$G$564,"<>0") | G6: =COUNTIFS('נקודות - מקור'!$A$2:$A$564,$A6,'נקודות - מקור'!$H$2:$H$564,0) | H6: =COUNTIFS('נקודות - מקור'!$A$2:$A$564,$A6)
A7: רשת י-ם | B7: =COUNTIFS('נקודות - מקור'!$A$2:$A$564,$A7,'נקודות - מקור'!$C$2:$C$564,"<>0") | C7: =COUNTIFS('נקודות - מקור'!$A$2:$A$564,$A7,'נקודות - מקור'!$D$2:$D$564,"<>0") | D7: =COUNTIFS('נקודות - מקור'!$A$2:$A$564,$A7,'נקודות - מקור'!$E$2:$E$564,"<>0") | E7: =COUNTIFS('נקודות - מקור'!$A$2:$A$564,$A7,'נקודות - מקור'!$F$2:$F$564,"<>0") | F7: =COUNTIFS('נקודות - מקור'!$A$2:$A$564,$A7,'נקודות - מקור'!$G$2:$G$564,"<>0") | G7: =COUNTIFS('נקודות - מקור'!$A$2:$A$564,$A7,'נקודות - מקור'!$H$2:$H$564,0) | H7: =COUNTIFS('נקודות - מקור'!$A$2:$A$564,$A7)
A8: שור טבצניק | B8: =COUNTIFS('נקודות - מקור'!$A$2:$A$564,$A8,'נקודות - מקור'!$C$2:$C$564,"<>0") | C8: =COUNTIFS('נקודות - מקור'!$A$2:$A$564,$A8,'נקודות - מקור'!$D$2:$D$564,"<>0") | D8: =COUNTIFS('נקודות - מקור'!$A$2:$A$564,$A8,'נקודות - מקור'!$E$2:$E$564,"<>0") | E8: =COUNTIFS('נקודות - מקור'!$A$2:$A$564,$A8,'נקודות - מקור'!$F$2:$F$564,"<>0") | F8: =COUNTIFS('נקודות - מקור'!$A$2:$A$564,$A8,'נקודות - מקור'!$G$2:$G$564,"<>0") | G8: =COUNTIFS('נקודות - מקור'!$A$2:$A$564,$A8,'נקודות - מקור'!$H$2:$H$564,0) | H8: =COUNTIFS('נקודות - מקור'!$A$2:$A$564,$A8)
A9: שרם | B9: =COUNTIFS('נקודות - מקור'!$A$2:$A$564,$A9,'נקודות - מקור'!$C$2:$C$564,"<>0") | C9: =COUNTIFS('נקודות - מקור'!$A$2:$A$564,$A9,'נקודות - מקור'!$D$2:$D$564,"<>0") | D9: =COUNTIFS('נקודות - מקור'!$A$2:$A$564,$A9,'נקודות - מקור'!$E$2:$E$564,"<>0") | E9: =COUNTIFS('נקודות - מקור'!$A$2:$A$564,$A9,'נקודות - מקור'!$F$2:$F$564,"<>0") | F9: =COUNTIFS('נקודות - מקור'!$A$2:$A$564,$A9,'נקודות - מקור'!$G$2:$G$564,"<>0") | G9: =COUNTIFS('נקודות - מקור'!$A$2:$A$564,$A9,'נקודות - מקור'!$H$2:$H$564,0) | H9: =COUNTIFS('נקודות - מקור'!$A$2:$A$564,$A9)
A10: 0מפיצי משנה | B10: =COUNTIFS('נקודות - מקור'!$A$2:$A$564,$A10,'נקודות - מקור'!$C$2:$C$564,"<>0") | C10: =COUNTIFS('נקודות - מקור'!$A$2:$A$564,$A10,'נקודות - מקור'!$D$2:$D$564,"<>0") | D10: =COUNTIFS('נקודות - מקור'!$A$2:$A$564,$A10,'נקודות - מקור'!$E$2:$E$564,"<>0") | E10: =COUNTIFS('נקודות - מקור'!$A$2:$A$564,$A10,'נקודות - מקור'!$F$2:$F$564,"<>0") | F10: =COUNTIFS('נקודות - מקור'!$A$2:$A$564,$A10,'נקודות - מקור'!$G$2:$G$564,"<>0") | G10: =COUNTIFS('נקודות - מקור'!$A$2:$A$564,$A10,'נקודות - מקור'!$H$2:$H$564,0) | H10: =COUNTIFS('נקודות - מקור'!$A$2:$A$564,$A10)
A11: ס. פארם | B11: =COUNTIFS('נקודות - מקור'!$A$2:$A$564,$A11,'נקודות - מקור'!$C$2:$C$564,"<>0") | C11: =COUNTIFS('נקודות - מקור'!$A$2:$A$564,$A11,'נקודות - מקור'!$D$2:$D$564,"<>0") | D11: =COUNTIFS('נקודות - מקור'!$A$2:$A$564,$A11,'נקודות - מקור'!$E$2:$E$564,"<>0") | E11: =COUNTIFS('נקודות - מקור'!$A$2:$A$564,$A11,'נקודות - מקור'!$F$2:$F$564,"<>0") | F11: =COUNTIFS('נקודות - מקור'!$A$2:$A$564,$A11,'נקודות - מקור'!$G$2:$G$564,"<>0") | G11: =COUNTIFS('נקודות - מקור'!$A$2:$A$564,$A11,'נקודות - מקור'!$H$2:$H$564,0) | H11: =COUNTIFS('נקודות - מקור'!$A$2:$A$564,$A11)
A12: שופרסל BE | B12: =COUNTIFS('נקודות - מקור'!$A$2:$A$564,$A12,'נקודות - מקור'!$C$2:$C$564,"<>0") | C12: =COUNTIFS('נקודות - מקור'!$A$2:$A$564,$A12,'נקודות - מקור'!$D$2:$D$564,"<>0") | D12: =COUNTIFS('נקודות - מקור'!$A$2:$A$564,$A12,'נקודות - מקור'!$E$2:$E$564,"<>0") | E12: =COUNTIFS('נקודות - מקור'!$A$2:$A$564,$A12,'נקודות - מקור'!$F$2:$F$564,"<>0") | F12: =COUNTIFS('נקודות - מקור'!$A$2:$A$564,$A12,'נקודות - מקור'!$G$2:$G$564,"<>0") | G12: =COUNTIFS('נקודות - מקור'!$A$2:$A$564,$A12,'נקודות - מקור'!$H$2:$H$564,0) | H12: =COUNTIFS('נקודות - מקור'!$A$2:$A$564,$A12)
A13: 0קופות חולים | B13: =COUNTIFS('נקודות - מקור'!$A$2:$A$564,$A13,'נקודות - מקור'!$C$2:$C$564,"<>0") | C13: =COUNTIFS('נקודות - מקור'!$A$2:$A$564,$A13,'נקודות - מקור'!$D$2:$D$564,"<>0") | D13: =COUNTIFS('נקודות - מקור'!$A$2:$A$564,$A13,'נקודות - מקור'!$E$2:$E$564,"<>0") | E13: =COUNTIFS('נקודות - מקור'!$A$2:$A$564,$A13,'נקודות - מקור'!$F$2:$F$564,"<>0") | F13: =COUNTIFS('נקודות - מקור'!$A$2:$A$564,$A13,'נקודות - מקור'!$G$2:$G$564,"<>0") | G13: =COUNTIFS('נקודות - מקור'!$A$2:$A$564,$A13,'נקודות - מקור'!$H$2:$H$564,0) | H13: =COUNTIFS('נקודות - מקור'!$A$2:$A$564,$A13)
A14: סה"כ | B14: =SUM(B4:B13) | C14: =SUM(C4:C13) | D14: =SUM(D4:D13) | E14: =SUM(E4:E13) | F14: =SUM(F4:F13) | G14: =SUM(G4:G13) | H14: =SUM(H4:H13)
A16: בדיקת הצלבה — מספר שורות-לקוח במקור (COUNTA): | B16: =COUNTA('נקודות - מקור'!$A$2:$A$564)
A17: הפרש מול "סה"כ נקודות" הכללי (צריך להיות 0): | B17: =H14-B16
A20: נקודות עם יותר מסוכן אחד (לשקיפות — לא נזרקות, נספרות בכל הסוכנים הרלוונטיים):
A21: קבוצה | B21: שם לקוח (מקור) | C21: סוכנים עם סכום≠0
A22: שרם | B22: ב.מ שרה פארם צור יצחק שרמפארם | C22: חאזם תלחמי, סטאס נסאר

Sheet נקודות לפי סוכן 2025
A1: נקודות לכל סוכן בכל קבוצת לקוחות — מתוך דוח PPlay1 of uriel (Reporter), "2025_נקודות_של_סוכן_1" (2025, שנה מלאה)
A3: קבוצת לקוחות | B3: חיים וייצמ | C3: חאזם תלחמי | D3: סטאס נסאר | E3: עיסא | F3: .דוד א | G3: לא מטופל | H3: סה"כ נקודות (קבוצה)
A4: 0בתי מרקחת | B4: =COUNTIFS('נקודות - מקור 2025'!$A$2:$A$583,$A4,'נקודות - מקור 2025'!$C$2:$C$583,"<>0") | C4: =COUNTIFS('נקודות - מקור 2025'!$A$2:$A$583,$A4,'נקודות - מקור 2025'!$D$2:$D$583,"<>0") | D4: =COUNTIFS('נקודות - מקור 2025'!$A$2:$A$583,$A4,'נקודות - מקור 2025'!$E$2:$E$583,"<>0") | E4: =COUNTIFS('נקודות - מקור 2025'!$A$2:$A$583,$A4,'נקודות - מקור 2025'!$F$2:$F$583,"<>0") | F4: =COUNTIFS('נקודות - מקור 2025'!$A$2:$A$583,$A4,'נקודות - מקור 2025'!$G$2:$G$583,"<>0") | G4: =COUNTIFS('נקודות - מקור 2025'!$A$2:$A$583,$A4,'נקודות - מקור 2025'!$H$2:$H$583,0) | H4: =COUNTIFS('נקודות - מקור 2025'!$A$2:$A$583,$A4)
A5: מגזר ערבי | B5: =COUNTIFS('נקודות - מקור 2025'!$A$2:$A$583,$A5,'נקודות - מקור 2025'!$C$2:$C$583,"<>0") | C5: =COUNTIFS('נקודות - מקור 2025'!$A$2:$A$583,$A5,'נקודות - מקור 2025'!$D$2:$D$583,"<>0") | D5: =COUNTIFS('נקודות - מקור 2025'!$A$2:$A$583,$A5,'נקודות - מקור 2025'!$E$2:$E$583,"<>0") | E5: =COUNTIFS('נקודות - מקור 2025'!$A$2:$A$583,$A5,'נקודות - מקור 2025'!$F$2:$F$583,"<>0") | F5: =COUNTIFS('נקודות - מקור 2025'!$A$2:$A$583,$A5,'נקודות - מקור 2025'!$G$2:$G$583,"<>0") | G5: =COUNTIFS('נקודות - מקור 2025'!$A$2:$A$583,$A5,'נקודות - מקור 2025'!$H$2:$H$583,0) | H5: =COUNTIFS('נקודות - מקור 2025'!$A$2:$A$583,$A5)
A6: רוקחים עתיד | B6: =COUNTIFS('נקודות - מקור 2025'!$A$2:$A$583,$A6,'נקודות - מקור 2025'!$C$2:$C$583,"<>0") | C6: =COUNTIFS('נקודות - מקור 2025'!$A$2:$A$583,$A6,'נקודות - מקור 2025'!$D$2:$D$583,"<>0") | D6: =COUNTIFS('נקודות - מקור 2025'!$A$2:$A$583,$A6,'נקודות - מקור 2025'!$E$2:$E$583,"<>0") | E6: =COUNTIFS('נקודות - מקור 2025'!$A$2:$A$583,$A6,'נקודות - מקור 2025'!$F$2:$F$583,"<>0") | F6: =COUNTIFS('נקודות - מקור 2025'!$A$2:$A$583,$A6,'נקודות - מקור 2025'!$G$2:$G$583,"<>0") | G6: =COUNTIFS('נקודות - מקור 2025'!$A$2:$A$583,$A6,'נקודות - מקור 2025'!$H$2:$H$583,0) | H6: =COUNTIFS('נקודות - מקור 2025'!$A$2:$A$583,$A6)
A7: רשת י-ם | B7: =COUNTIFS('נקודות - מקור 2025'!$A$2:$A$583,$A7,'נקודות - מקור 2025'!$C$2:$C$583,"<>0") | C7: =COUNTIFS('נקודות - מקור 2025'!$A$2:$A$583,$A7,'נקודות - מקור 2025'!$D$2:$D$583,"<>0") | D7: =COUNTIFS('נקודות - מקור 2025'!$A$2:$A$583,$A7,'נקודות - מקור 2025'!$E$2:$E$583,"<>0") | E7: =COUNTIFS('נקודות - מקור 2025'!$A$2:$A$583,$A7,'נקודות - מקור 2025'!$F$2:$F$583,"<>0") | F7: =COUNTIFS('נקודות - מקור 2025'!$A$2:$A$583,$A7,'נקודות - מקור 2025'!$G$2:$G$583,"<>0") | G7: =COUNTIFS('נקודות - מקור 2025'!$A$2:$A$583,$A7,'נקודות - מקור 2025'!$H$2:$H$583,0) | H7: =COUNTIFS('נקודות - מקור 2025'!$A$2:$A$583,$A7)
A8: שור טבצניק | B8: =COUNTIFS('נקודות - מקור 2025'!$A$2:$A$583,$A8,'נקודות - מקור 2025'!$C$2:$C$583,"<>0") | C8: =COUNTIFS('נקודות - מקור 2025'!$A$2:$A$583,$A8,'נקודות - מקור 2025'!$D$2:$D$583,"<>0") | D8: =COUNTIFS('נקודות - מקור 2025'!$A$2:$A$583,$A8,'נקודות - מקור 2025'!$E$2:$E$583,"<>0") | E8: =COUNTIFS('נקודות - מקור 2025'!$A$2:$A$583,$A8,'נקודות - מקור 2025'!$F$2:$F$583,"<>0") | F8: =COUNTIFS('נקודות - מקור 2025'!$A$2:$A$583,$A8,'נקודות - מקור 2025'!$G$2:$G$583,"<>0") | G8: =COUNTIFS('נקודות - מקור 2025'!$A$2:$A$583,$A8,'נקודות - מקור 2025'!$H$2:$H$583,0) | H8: =COUNTIFS('נקודות - מקור 2025'!$A$2:$A$583,$A8)
A9: שרם | B9: =COUNTIFS('נקודות - מקור 2025'!$A$2:$A$583,$A9,'נקודות - מקור 2025'!$C$2:$C$583,"<>0") | C9: =COUNTIFS('נקודות - מקור 2025'!$A$2:$A$583,$A9,'נקודות - מקור 2025'!$D$2:$D$583,"<>0") | D9: =COUNTIFS('נקודות - מקור 2025'!$A$2:$A$583,$A9,'נקודות - מקור 2025'!$E$2:$E$583,"<>0") | E9: =COUNTIFS('נקודות - מקור 2025'!$A$2:$A$583,$A9,'נקודות - מקור 2025'!$F$2:$F$583,"<>0") | F9: =COUNTIFS('נקודות - מקור 2025'!$A$2:$A$583,$A9,'נקודות - מקור 2025'!$G$2:$G$583,"<>0") | G9: =COUNTIFS('נקודות - מקור 2025'!$A$2:$A$583,$A9,'נקודות - מקור 2025'!$H$2:$H$583,0) | H9: =COUNTIFS('נקודות - מקור 2025'!$A$2:$A$583,$A9)
A10: 0מפיצי משנה | B10: =COUNTIFS('נקודות - מקור 2025'!$A$2:$A$583,$A10,'נקודות - מקור 2025'!$C$2:$C$583,"<>0") | C10: =COUNTIFS('נקודות - מקור 2025'!$A$2:$A$583,$A10,'נקודות - מקור 2025'!$D$2:$D$583,"<>0") | D10: =COUNTIFS('נקודות - מקור 2025'!$A$2:$A$583,$A10,'נקודות - מקור 2025'!$E$2:$E$583,"<>0") | E10: =COUNTIFS('נקודות - מקור 2025'!$A$2:$A$583,$A10,'נקודות - מקור 2025'!$F$2:$F$583,"<>0") | F10: =COUNTIFS('נקודות - מקור 2025'!$A$2:$A$583,$A10,'נקודות - מקור 2025'!$G$2:$G$583,"<>0") | G10: =COUNTIFS('נקודות - מקור 2025'!$A$2:$A$583,$A10,'נקודות - מקור 2025'!$H$2:$H$583,0) | H10: =COUNTIFS('נקודות - מקור 2025'!$A$2:$A$583,$A10)
A11: ס. פארם | B11: =COUNTIFS('נקודות - מקור 2025'!$A$2:$A$583,$A11,'נקודות - מקור 2025'!$C$2:$C$583,"<>0") | C11: =COUNTIFS('נקודות - מקור 2025'!$A$2:$A$583,$A11,'נקודות - מקור 2025'!$D$2:$D$583,"<>0") | D11: =COUNTIFS('נקודות - מקור 2025'!$A$2:$A$583,$A11,'נקודות - מקור 2025'!$E$2:$E$583,"<>0") | E11: =COUNTIFS('נקודות - מקור 2025'!$A$2:$A$583,$A11,'נקודות - מקור 2025'!$F$2:$F$583,"<>0") | F11: =COUNTIFS('נקודות - מקור 2025'!$A$2:$A$583,$A11,'נקודות - מקור 2025'!$G$2:$G$583,"<>0") | G11: =COUNTIFS('נקודות - מקור 2025'!$A$2:$A$583,$A11,'נקודות - מקור 2025'!$H$2:$H$583,0) | H11: =COUNTIFS('נקודות - מקור 2025'!$A$2:$A$583,$A11)
A12: שופרסל BE | B12: =COUNTIFS('נקודות - מקור 2025'!$A$2:$A$583,$A12,'נקודות - מקור 2025'!$C$2:$C$583,"<>0") | C12: =COUNTIFS('נקודות - מקור 2025'!$A$2:$A$583,$A12,'נקודות - מקור 2025'!$D$2:$D$583,"<>0") | D12: =COUNTIFS('נקודות - מקור 2025'!$A$2:$A$583,$A12,'נקודות - מקור 2025'!$E$2:$E$583,"<>0") | E12: =COUNTIFS('נקודות - מקור 2025'!$A$2:$A$583,$A12,'נקודות - מקור 2025'!$F$2:$F$583,"<>0") | F12: =COUNTIFS('נקודות - מקור 2025'!$A$2:$A$583,$A12,'נקודות - מקור 2025'!$G$2:$G$583,"<>0") | G12: =COUNTIFS('נקודות - מקור 2025'!$A$2:$A$583,$A12,'נקודות - מקור 2025'!$H$2:$H$583,0) | H12: =COUNTIFS('נקודות - מקור 2025'!$A$2:$A$583,$A12)
A13: סה"כ | B13: =SUM(B4:B12) | C13: =SUM(C4:C12) | D13: =SUM(D4:D12) | E13: =SUM(E4:E12) | F13: =SUM(F4:F12) | G13: =SUM(G4:G12) | H13: =SUM(H4:H12)
A15: בדיקת הצלבה — מספר שורות-לקוח במקור (COUNTA): | B15: =COUNTA('נקודות - מקור 2025'!$A$2:$A$583)
A16: הפרש מול "סה"כ נקודות" הכללי (צריך להיות 0): | B16: =H13-B15
A19: נקודות עם יותר מסוכן אחד (לשקיפות — לא נזרקות, נספרות בכל הסוכנים הרלוונטיים):
A20: קבוצה | B20: שם לקוח (מקור) | C20: סוכנים עם סכום≠0
A21: 0בתי מרקחת | B21: בתי מרקחת פרטי | C21: חיים וייצמ, חאזם תלחמי, סטאס נסאר, .דוד א

Sheet RawData
A1: ערוץ (קוד+שם) | B1: לקוח | C1: מספר מסמך | D1: סוג מסמך | E1: מכירות 2025 | F1: כמות 2025 | G1: מכירות 2026 | H1: כמות 2026
A2: 102 - Orthopedic institutes | B2: 150002 אילן המרכז לאורטופדיה | C2: INV60424 | D2: INV | E2: 1498.64 | F2: 29 | G2: 0 | H2: 0
A3: 102 - Orthopedic institutes | B3: 150002 אילן המרכז לאורטופדיה | C3: INV68487 | D3: INV | E3: 0 | F3: 0 | G3: 1222.81 | H3: 9
A4: 102 - Orthopedic institutes | B4: 150002 אילן המרכז לאורטופדיה | C4: INV68397 | D4: INV | E4: 0 | F4: 0 | G4: 855.88 | H4: 16
A5: 102 - Orthopedic institutes | B5: 150002 אילן המרכז לאורטופדיה | C5: INV67820 | D5: INV | E5: 0 | F5: 0 | G5: 819.94 | H5: 7
A6: 102 - Orthopedic institutes | B6: 150002 אילן המרכז לאורטופדיה | C6: INV52159 | D6: INV | E6: 790.57 | F6: 9 | G6: 0 | H6: 0
A7: 102 - Orthopedic institutes | B7: 150002 אילן המרכז לאורטופדיה | C7: INV68852 | D7: INV | E7: 0 | F7: 0 | G7: 718.99 | H7: 12
A8: 102 - Orthopedic institutes | B8: 150002 אילן המרכז לאורטופדיה | C8: INV68593 | D8: INV | E8: 0 | F8: 0 | G8: 709.15 | H8: 17
A9: 102 - Orthopedic institutes | B9: 150002 אילן המרכז לאורטופדיה | C9: INV65991 | D9: INV | E9: 657.45 | F9: 20 | G9: 0 | H9: 0
A10: 102 - Orthopedic institutes | B10: 150002 אילן המרכז לאורטופדיה | C10: INV66251 | D10: INV | E10: 638.53 | F10: 6 | G10: 0 | H10: 0
A11: 102 - Orthopedic institutes | B11: 150002 אילן המרכז לאורטופדיה | C11: INV68791 | D11: INV | E11: 0 | F11: 0 | G11: 630 | H11: 7
A12: 102 - Orthopedic institutes | B12: 150002 אילן המרכז לאורטופדיה | C12: INV66952 | D12: INV | E12: 629.99 | F12: 7 | G12: 0 | H12: 0
A13: 102 - Orthopedic institutes | B13: 150002 אילן המרכז לאורטופדיה | C13: INV69189 | D13: INV | E13: 0 | F13: 0 | G13: 562.36 | H13: 13
... A2208: 108 - Shoe Stores | B2208: C02283 אדור למסחר כללי ואופנה בע"מ | C2208: INV45213 | D2208: INV | E2208: 0.01 | F2208: 1 | G2208: 0 | H2208: 0

Sheet הערות שיטה
A1: הערות שיטה — איך נבנה הניתוח, ואיזו הגדרה נבחרה ל"חשבונית"
A3: 1. מבנה המקור: הדוח הגולמי (56,263 שורות, גיליון יחיד) בנוי בהיררכיה של 3 רמות: (א) שורת Sale Type (ערוץ, עמודה A, למשל "102 - Orthopedic institutes") שמסתיימת בשורת "Total - <ערוץ>"; (ב) בתוכה שורת לקוח (עמודה A, בלי Document Number) שמסתיימת ב"Total - <לקוח>"; (ג) בתוכה שורות מסמך/חשבונית (עמודה C = Document Number).
A4: 2. מקרה קצה שזוהה ותוקן: כשללקוח יש מסמך יחיד בלבד בכל הטווח, NetSuite לא פותח שורת-לקוח נפרדת ושורת-Total נפרדת — השם וה-Document Number מופיעים על אותה שורה (למשל "150064 מיקס שופ" ו-"INV66238" יחד). הניתוח מזהה זאת נכון: לקוח נספר כל עוד יש ערך בעמודה A (גם אם יש גם מספר מסמך באותה שורה).
A5: 3. אימות שלמות: לכל אחד מ-7 הערוצים הושווה סכום כל שורות המסמך (2025 Sales / 2026 Sales) לעומת הערך העצמי של שורת הכותרת של אותו ערוץ (שמכילה את הסכום הכולל) — בכל 7 הערוצים ההתאמה הייתה מדויקת לסנט (ראו קוד האימות). זה מוכיח שלא נשמטו שורות ושלא נכנסו שורות כפולות.
A6: 4. לא נמצא אף לקוח (מתוך 172 הלקוחות הייחודיים ב-7 הערוצים) בלי אף שורת מסמך — לכן "מספר לקוחות" ו"יש להם לפחות מסמך אחד" חופפים במקרה הזה.
A8: 5. סוגי מסמך שנמצאו (עמודת Document Number) בתוך 7 הערוצים הרלוונטיים: INV (Invoice), CM (Credit Memo), CS (Cash Sale). לא נמצאו Journal Entry ("JE...") או סוגים אחרים בתוך הערוצים האלה — JE הופיע רק בשורות "- Unassigned -" / "- No Customer/Project -" בתחילת הדוח, מחוץ ל-7 הערוצים.
A9: 6. ההחלטה הסופית (אושרה במפורש ע"י המשתמש): "חשבונית" = מסמכים שמספרם מתחיל ב-"INV" בלבד. CM (Credit Memo) ו-CS (Cash Sale) לא נספרים כחשבונית, גם אם היו מועמדים סבירים.
A10: נימוק רקע (לשקיפות): נבדקו כל 142 שורות ה-CM בתוך 7 הערוצים (וכל 25,119 שורות ה-CM/ה-CS בקובץ כולו) — 100% מערכי ה-CM שליליים (זיכוי/החזר על חשבונית קודמת), ו-100% מערכי ה-CS חיוביים (מכירה במזומן). ההחלטה הסופית של המשתמש הייתה לספור רק prefix "INV" במדויק — ראו טבלת הפירוט למטה לכל שאר ה-prefixes שנמצאו (לשם שקיפות בלבד, לא נספרים).
A11: 7. "חשבונית נספרה" לשנה מסוימת = יש ערך שונה מאפס ולא ריק בעמודת ה-Sales של אותה שנה (2025 Sales / 2026 Sales) באותה שורת מסמך, בדיוק כנדרש.
A13: 8. טבלת שקיפות — פירוט לפי סוג מסמך ושנה, לכל ערוץ (לצורך ביקורת/שינוי הגדרה אם תרצה):
A15: ערוץ | B15: INV 2025 | C15: CM 2025 | D15: CS 2025 | E15: INV 2026 | F15: CM 2026 | G15: CS 2026
A16: 102 - Orthopedic institutes | B16: =COUNTIFS(RawData!$A$2:$A$2208,$A16,RawData!$D$2:$D$2208,"INV",RawData!$E$2:$E$2208,"<>0") | C16: =COUNTIFS(RawData!$A$2:$A$2208,$A16,RawData!$D$2:$D$2208,"CM",RawData!$E$2:$E$2208,"<>0") | D16: =COUNTIFS(RawData!$A$2:$A$2208,$A16,RawData!$D$2:$D$2208,"CS",RawData!$E$2:$E$2208,"<>0") | E16: =COUNTIFS(RawData!$A$2:$A$2208,$A16,RawData!$D$2:$D$2208,"INV",RawData!$G$2:$G$2208,"<>0") | F16: =COUNTIFS(RawData!$A$2:$A$2208,$A16,RawData!$D$2:$D$2208,"CM",RawData!$G$2:$G$2208,"<>0") | G16: =COUNTIFS(RawData!$A$2:$A$2208,$A16,RawData!$D$2:$D$2208,"CS",RawData!$G$2:$G$2208,"<>0")
A17: 103 - Physiotherapy institutes | B17: =COUNTIFS(RawData!$A$2:$A$2208,$A17,RawData!$D$2:$D$2208,"INV",RawData!$E$2:$E$2208,"<>0") | C17: =COUNTIFS(RawData!$A$2:$A$2208,$A17,RawData!$D$2:$D$2208,"CM",RawData!$E$2:$E$2208,"<>0") | D17: =COUNTIFS(RawData!$A$2:$A$2208,$A17,RawData!$D$2:$D$2208,"CS",RawData!$E$2:$E$2208,"<>0") | E17: =COUNTIFS(RawData!$A$2:$A$2208,$A17,RawData!$D$2:$D$2208,"INV",RawData!$G$2:$G$2208,"<>0") | F17: =COUNTIFS(RawData!$A$2:$A$2208,$A17,RawData!$D$2:$D$2208,"CM",RawData!$G$2:$G$2208,"<>0") | G17: =COUNTIFS(RawData!$A$2:$A$2208,$A17,RawData!$D$2:$D$2208,"CS",RawData!$G$2:$G$2208,"<>0")
A18: 104 - Sports Shop | B18: =COUNTIFS(RawData!$A$2:$A$2208,$A18,RawData!$D$2:$D$2208,"INV",RawData!$E$2:$E$2208,"<>0") | C18: =COUNTIFS(RawData!$A$2:$A$2208,$A18,RawData!$D$2:$D$2208,"CM",RawData!$E$2:$E$2208,"<>0") | D18: =COUNTIFS(RawData!$A$2:$A$2208,$A18,RawData!$D$2:$D$2208,"CS",RawData!$E$2:$E$2208,"<>0") | E18: =COUNTIFS(RawData!$A$2:$A$2208,$A18,RawData!$D$2:$D$2208,"INV",RawData!$G$2:$G$2208,"<>0") | F18: =COUNTIFS(RawData!$A$2:$A$2208,$A18,RawData!$D$2:$D$2208,"CM",RawData!$G$2:$G$2208,"<>0") | G18: =COUNTIFS(RawData!$A$2:$A$2208,$A18,RawData!$D$2:$D$2208,"CS",RawData!$G$2:$G$2208,"<>0")
A19: 105 - Pedicure Salons | B19: =COUNTIFS(RawData!$A$2:$A$2208,$A19,RawData!$D$2:$D$2208,"INV",RawData!$E$2:$E$2208,"<>0") | C19: =COUNTIFS(RawData!$A$2:$A$2208,$A19,RawData!$D$2:$D$2208,"CM",RawData!$E$2:$E$2208,"<>0") | D19: =COUNTIFS(RawData!$A$2:$A$2208,$A19,RawData!$D$2:$D$2208,"CS",RawData!$E$2:$E$2208,"<>0") | E19: =COUNTIFS(RawData!$A$2:$A$2208,$A19,RawData!$D$2:$D$2208,"INV",RawData!$G$2:$G$2208,"<>0") | F19: =COUNTIFS(RawData!$A$2:$A$2208,$A19,RawData!$D$2:$D$2208,"CM",RawData!$G$2:$G$2208,"<>0") | G19: =COUNTIFS(RawData!$A$2:$A$2208,$A19,RawData!$D$2:$D$2208,"CS",RawData!$G$2:$G$2208,"<>0")
A20: 107 - Pharmacies | B20: =COUNTIFS(RawData!$A$2:$A$2208,$A20,RawData!$D$2:$D$2208,"INV",RawData!$E$2:$E$2208,"<>0") | C20: =COUNTIFS(RawData!$A$2:$A$2208,$A20,RawData!$D$2:$D$2208,"CM",RawData!$E$2:$E$2208,"<>0") | D20: =COUNTIFS(RawData!$A$2:$A$2208,$A20,RawData!$D$2:$D$2208,"CS",RawData!$E$2:$E$2208,"<>0") | E20: =COUNTIFS(RawData!$A$2:$A$2208,$A20,RawData!$D$2:$D$2208,"INV",RawData!$G$2:$G$2208,"<>0") | F20: =COUNTIFS(RawData!$A$2:$A$2208,$A20,RawData!$D$2:$D$2208,"CM",RawData!$G$2:$G$2208,"<>0") | G20: =COUNTIFS(RawData!$A$2:$A$2208,$A20,RawData!$D$2:$D$2208,"CS",RawData!$G$2:$G$2208,"<>0")
A21: 108 - Shoe Stores | B21: =COUNTIFS(RawData!$A$2:$A$2208,$A21,RawData!$D$2:$D$2208,"INV",RawData!$E$2:$E$2208,"<>0") | C21: =COUNTIFS(RawData!$A$2:$A$2208,$A21,RawData!$D$2:$D$2208,"CM",RawData!$E$2:$E$2208,"<>0") | D21: =COUNTIFS(RawData!$A$2:$A$2208,$A21,RawData!$D$2:$D$2208,"CS",RawData!$E$2:$E$2208,"<>0") | E21: =COUNTIFS(RawData!$A$2:$A$2208,$A21,RawData!$D$2:$D$2208,"INV",RawData!$G$2:$G$2208,"<>0") | F21: =COUNTIFS(RawData!$A$2:$A$2208,$A21,RawData!$D$2:$D$2208,"CM",RawData!$G$2:$G$2208,"<>0") | G21: =COUNTIFS(RawData!$A$2:$A$2208,$A21,RawData!$D$2:$D$2208,"CS",RawData!$G$2:$G$2208,"<>0")
A22: 109 - Private Shops | B22: =COUNTIFS(RawData!$A$2:$A$2208,$A22,RawData!$D$2:$D$2208,"INV",RawData!$E$2:$E$2208,"<>0") | C22: =COUNTIFS(RawData!$A$2:$A$2208,$A22,RawData!$D$2:$D$2208,"CM",RawData!$E$2:$E$2208,"<>0") | D22: =COUNTIFS(RawData!$A$2:$A$2208,$A22,RawData!$D$2:$D$2208,"CS",RawData!$E$2:$E$2208,"<>0") | E22: =COUNTIFS(RawData!$A$2:$A$2208,$A22,RawData!$D$2:$D$2208,"INV",RawData!$G$2:$G$2208,"<>0") | F22: =COUNTIFS(RawData!$A$2:$A$2208,$A22,RawData!$D$2:$D$2208,"CM",RawData!$G$2:$G$2208,"<>0") | G22: =COUNTIFS(RawData!$A$2:$A$2208,$A22,RawData!$D$2:$D$2208,"CS",RawData!$G$2:$G$2208,"<>0")
A23: סה"כ | B23: =SUM(B16:B22) | C23: =SUM(C16:C22) | D23: =SUM(D16:D22) | E23: =SUM(E16:E22) | F23: =SUM(F16:F22) | G23: =SUM(G16:G22)
A25: הטבלה למעלה מציגה את כל 3 סוגי המסמך (INV/CM/CS) לשם שקיפות מלאה. ההגדרה הסופית שנבחרה לטבלת הסיכום (גיליון "סיכום") היא עמודות ה-INV בלבד — CM ו-CS אינם נספרים.

Sheet קבוצות לקוחות - מקור
A1: קבוצה | B1: שם לקוח/שורה (מהמקור) | C1: סכום 2025 | D1: סכום 2026
A2: 0בתי מרקחת | B2: בימק מחוז צפון | C2: 87507.8 | D2: 48827.1
A3: 0בתי מרקחת | B3: המרכז אעבלין ב.מ | C3: 10975.3 | D3: 2875.2
A4: 0בתי מרקחת | B4: (מדיקל הצפון מעיליה )חורי בע""מ | C4: 5349.7 | D4: 3742.5
A5: 0בתי מרקחת | B5: נובו פארם דיר אל אסד ב.מ | C5: 21464.5 | D5: 15273.8
A6: 0בתי מרקחת | B6: עמית נהריה ב.מ | C6: 271.9 | D6: 0
A7: 0בתי מרקחת | B7: שביט בע""מ ק.אתא ב.מ | C7: 612.5 | D7: 429.8
A8: 0בתי מרקחת | B8: חידאר פארם ב.מ | C8: 3557.4 | D8: 2601
A9: 0בתי מרקחת | B9: -סמי בית שאן בע""מ ב.מ | C9: 647.8 | D9: 560.9
A10: 0בתי מרקחת | B10: רסקו טבריה ב.מ | C10: 5421 | D10: 3837.2
A11: 0בתי מרקחת | B11: פרמה טבריה ב.מ | C11: 211.6 | D11: 278
A12: 0בתי מרקחת | B12: צפת דרום ב.מ | C12: 0 | D12: 20.1
A13: 0בתי מרקחת | B13: בימר""ק אלעין פארם כפר שעב | C13: 0 | D13: 0
... A945: 0צרכנים פרטיים | B945: עובדי כמיפל | C945: 1619.8 | D945: 454.6

Sheet נקודות - מקור
A1: קבוצה | B1: שם לקוח/שורה (מהמקור) | C1: חיים וייצמ | D1: חאזם תלחמי | E1: סטאס נסאר | F1: עיסא | G1: .דוד א | H1: מספר סוכנים (סכום≠0) | I1: סטטוס
A2: 0בתי מרקחת | B2: המרכז אעבלין ב.מ | C2: 0 | D2: 2875.2 | E2: 0 | F2: 0 | G2: 0 | H2: =COUNTIF(C2:G2,"<>0") | I2: =IF(H2=0,"לא מטופל",IF(H2=1,"מטופל - סוכן אחד","מטופל - יותר מסוכן אחד"))
A3: 0בתי מרקחת | B3: (מדיקל הצפון מעיליה )חורי בע""מ | C3: 0 | D3: 3742.5 | E3: 0 | F3: 0 | G3: 0 | H3: =COUNTIF(C3:G3,"<>0") | I3: =IF(H3=0,"לא מטופל",IF(H3=1,"מטופל - סוכן אחד","מטופל - יותר מסוכן אחד"))
A4: 0בתי מרקחת | B4: נובו פארם דיר אל אסד ב.מ | C4: 0 | D4: 14900.4 | E4: 0 | F4: 0 | G4: 0 | H4: =COUNTIF(C4:G4,"<>0") | I4: =IF(H4=0,"לא מטופל",IF(H4=1,"מטופל - סוכן אחד","מטופל - יותר מסוכן אחד"))
A5: 0בתי מרקחת | B5: שביט בע""מ ק.אתא ב.מ | C5: 0 | D5: 429.8 | E5: 0 | F5: 0 | G5: 0 | H5: =COUNTIF(C5:G5,"<>0") | I5: =IF(H5=0,"לא מטופל",IF(H5=1,"מטופל - סוכן אחד","מטופל - יותר מסוכן אחד"))
A6: 0בתי מרקחת | B6: חידאר פארם ב.מ | C6: 0 | D6: 2601 | E6: 0 | F6: 0 | G6: 0 | H6: =COUNTIF(C6:G6,"<>0") | I6: =IF(H6=0,"לא מטופל",IF(H6=1,"מטופל - סוכן אחד","מטופל - יותר מסוכן אחד"))
A7: 0בתי מרקחת | B7: -סמי בית שאן בע""מ ב.מ | C7: 0 | D7: 560.9 | E7: 0 | F7: 0 | G7: 0 | H7: =COUNTIF(C7:G7,"<>0") | I7: =IF(H7=0,"לא מטופל",IF(H7=1,"מטופל - סוכן אחד","מטופל - יותר מסוכן אחד"))
A8: 0בתי מרקחת | B8: רסקו טבריה ב.מ | C8: 0 | D8: 3837.2 | E8: 0 | F8: 0 | G8: 0 | H8: =COUNTIF(C8:G8,"<>0") | I8: =IF(H8=0,"לא מטופל",IF(H8=1,"מטופל - סוכן אחד","מטופל - יותר מסוכן אחד"))
A9: 0בתי מרקחת | B9: פרמה טבריה ב.מ | C9: 0 | D9: 278 | E9: 0 | F9: 0 | G9: 0 | H9: =COUNTIF(C9:G9,"<>0") | I9: =IF(H9=0,"לא מטופל",IF(H9=1,"מטופל - סוכן אחד","מטופל - יותר מסוכן אחד"))
A10: 0בתי מרקחת | B10: צפת דרום ב.מ | C10: 0 | D10: 20.1 | E10: 0 | F10: 0 | G10: 0 | H10: =COUNTIF(C10:G10,"<>0") | I10: =IF(H10=0,"לא מטופל",IF(H10=1,"מטופל - סוכן אחד","מטופל - יותר מסוכן אחד"))
A11: 0בתי מרקחת | B11: .נובו פארם בית שאן ב.מ | C11: 0 | D11: 6926 | E11: 0 | F11: 0 | G11: 0 | H11: =COUNTIF(C11:G11,"<>0") | I11: =IF(H11=0,"לא מטופל",IF(H11=1,"מטופל - סוכן אחד","מטופל - יותר מסוכן אחד"))
A12: 0בתי מרקחת | B12: גרין ב.מ -גבעת עדה | C12: 0 | D12: 2061.6 | E12: 0 | F12: 0 | G12: 0 | H12: =COUNTIF(C12:G12,"<>0") | I12: =IF(H12=0,"לא מטופל",IF(H12=1,"מטופל - סוכן אחד","מטופל - יותר מסוכן אחד"))
A13: 0בתי מרקחת | B13: מוראד פארם ב.מ אבו סנאן | C13: 0 | D13: 2578 | E13: 0 | F13: 0 | G13: 0 | H13: =COUNTIF(C13:G13,"<>0") | I13: =IF(H13=0,"לא מטופל",IF(H13=1,"מטופל - סוכן אחד","מטופל - יותר מסוכן אחד"))
... A564: 0קופות חולים | B564: ק.חולים מכבי | C564: 0 | D564: 0 | E564: 0 | F564: 586.8 | G564: 0 | H564: =COUNTIF(C564:G564,"<>0") | I564: =IF(H564=0,"לא מטופל",IF(H564=1,"מטופל - סוכן אחד","מטופל - יותר מסוכן אחד"))

Sheet נקודות - מקור 2025
A1: קבוצה | B1: שם לקוח/שורה (מהמקור) | C1: חיים וייצמ | D1: חאזם תלחמי | E1: סטאס נסאר | F1: עיסא | G1: .דוד א | H1: מספר סוכנים (סכום≠0) | I1: סטטוס
A2: 0בתי מרקחת | B2: המרכז אעבלין ב.מ | C2: 0 | D2: 10975.3 | E2: 0 | F2: 0 | G2: 0 | H2: =COUNTIF(C2:G2,"<>0") | I2: =IF(H2=0,"לא מטופל",IF(H2=1,"מטופל - סוכן אחד","מטופל - יותר מסוכן אחד"))
A3: 0בתי מרקחת | B3: (מדיקל הצפון מעיליה )חורי בע""מ | C3: 0 | D3: 5349.7 | E3: 0 | F3: 0 | G3: 0 | H3: =COUNTIF(C3:G3,"<>0") | I3: =IF(H3=0,"לא מטופל",IF(H3=1,"מטופל - סוכן אחד","מטופל - יותר מסוכן אחד"))
A4: 0בתי מרקחת | B4: נובו פארם דיר אל אסד ב.מ | C4: 0 | D4: 21464.5 | E4: 0 | F4: 0 | G4: 0 | H4: =COUNTIF(C4:G4,"<>0") | I4: =IF(H4=0,"לא מטופל",IF(H4=1,"מטופל - סוכן אחד","מטופל - יותר מסוכן אחד"))
A5: 0בתי מרקחת | B5: עמית נהריה ב.מ | C5: 0 | D5: 0 | E5: 271.9 | F5: 0 | G5: 0 | H5: =COUNTIF(C5:G5,"<>0") | I5: =IF(H5=0,"לא מטופל",IF(H5=1,"מטופל - סוכן אחד","מטופל - יותר מסוכן אחד"))
A6: 0בתי מרקחת | B6: שביט בע""מ ק.אתא ב.מ | C6: 0 | D6: 612.5 | E6: 0 | F6: 0 | G6: 0 | H6: =COUNTIF(C6:G6,"<>0") | I6: =IF(H6=0,"לא מטופל",IF(H6=1,"מטופל - סוכן אחד","מטופל - יותר מסוכן אחד"))
A7: 0בתי מרקחת | B7: חידאר פארם ב.מ | C7: 0 | D7: 3557.4 | E7: 0 | F7: 0 | G7: 0 | H7: =COUNTIF(C7:G7,"<>0") | I7: =IF(H7=0,"לא מטופל",IF(H7=1,"מטופל - סוכן אחד","מטופל - יותר מסוכן אחד"))
A8: 0בתי מרקחת | B8: -סמי בית שאן בע""מ ב.מ | C8: 0 | D8: 647.8 | E8: 0 | F8: 0 | G8: 0 | H8: =COUNTIF(C8:G8,"<>0") | I8: =IF(H8=0,"לא מטופל",IF(H8=1,"מטופל - סוכן אחד","מטופל - יותר מסוכן אחד"))
A9: 0בתי מרקחת | B9: רסקו טבריה ב.מ | C9: 0 | D9: 5421 | E9: 0 | F9: 0 | G9: 0 | H9: =COUNTIF(C9:G9,"<>0") | I9: =IF(H9=0,"לא מטופל",IF(H9=1,"מטופל - סוכן אחד","מטופל - יותר מסוכן אחד"))
A10: 0בתי מרקחת | B10: פרמה טבריה ב.מ | C10: 0 | D10: 211.6 | E10: 0 | F10: 0 | G10: 0 | H10: =COUNTIF(C10:G10,"<>0") | I10: =IF(H10=0,"לא מטופל",IF(H10=1,"מטופל - סוכן אחד","מטופל - יותר מסוכן אחד"))
A11: 0בתי מרקחת | B11: .נובו פארם בית שאן ב.מ | C11: 0 | D11: 15653.4 | E11: 0 | F11: 0 | G11: 0 | H11: =COUNTIF(C11:G11,"<>0") | I11: =IF(H11=0,"לא מטופל",IF(H11=1,"מטופל - סוכן אחד","מטופל - יותר מסוכן אחד"))
A12: 0בתי מרקחת | B12: גרין ב.מ -גבעת עדה | C12: 0 | D12: 3161.8 | E12: 0 | F12: 0 | G12: 0 | H12: =COUNTIF(C12:G12,"<>0") | I12: =IF(H12=0,"לא מטופל",IF(H12=1,"מטופל - סוכן אחד","מטופל - יותר מסוכן אחד"))
A13: 0בתי מרקחת | B13: מוראד פארם ב.מ אבו סנאן | C13: 0 | D13: 6271.6 | E13: 0 | F13: 0 | G13: 0 | H13: =COUNTIF(C13:G13,"<>0") | I13: =IF(H13=0,"לא מטופל",IF(H13=1,"מטופל - סוכן אחד","מטופל - יותר מסוכן אחד"))
... A583: שופרסל BE | B583: 518 כפר קרע BE | C583: 0 | D583: 2759.6 | E583: 0 | F583: 0 | G583: 0 | H583: =COUNTIF(C583:G583,"<>0") | I583: =IF(H583=0,"לא מטופל",IF(H583=1,"מטופל - סוכן אחד","מטופל - יותר מסוכן אחד"))

Sheet סיכום NET
A1: Doors by channel 25&26 — מספר לקוחות (דלתות) וחשבוניות לפי ערוץ, 2025 מול 2026
A2: מקור: | B2: CustomSalesbyCustomerSummary965.xlsx (NetSuite, Custom Sales by Customer Summary)
A3: טווח תאריכים במקור: | B3: 01 January 2025 - 31 October 2026
A4: תאריך חישוב: | B4: 46297
A5: הגדרת "חשבונית": | B5: מסמכים שמספרם (Document Number) מתחיל ב-"INV" בלבד. CM (Credit Memo) ו-CS (Cash Sale) אינם נספרים — ראו גיליון "הערות שיטה".
A7: ערוץ (קוד+שם) | B7: מספר לקוחות (דלתות) | C7: חשבוניות 2025 | D7: חשבוניות 2026
A8: 102 - Orthopedic institutes | B8: =SUMPRODUCT((RawData!$A$2:$A$2208=$A8)/COUNTIFS(RawData!$A$2:$A$2208,RawData!$A$2:$A$2208,RawData!$B$2:$B$2208,RawData!$B$2:$B$2208)) | C8: =COUNTIFS(RawData!$A$2:$A$2208,$A8,RawData!$D$2:$D$2208,"INV",RawData!$E$2:$E$2208,"<>0") | D8: =COUNTIFS(RawData!$A$2:$A$2208,$A8,RawData!$D$2:$D$2208,"INV",RawData!$G$2:$G$2208,"<>0")
A9: 103 - Physiotherapy institutes | B9: =SUMPRODUCT((RawData!$A$2:$A$2208=$A9)/COUNTIFS(RawData!$A$2:$A$2208,RawData!$A$2:$A$2208,RawData!$B$2:$B$2208,RawData!$B$2:$B$2208)) | C9: =COUNTIFS(RawData!$A$2:$A$2208,$A9,RawData!$D$2:$D$2208,"INV",RawData!$E$2:$E$2208,"<>0") | D9: =COUNTIFS(RawData!$A$2:$A$2208,$A9,RawData!$D$2:$D$2208,"INV",RawData!$G$2:$G$2208,"<>0")
A10: 104 - Sports Shop | B10: =SUMPRODUCT((RawData!$A$2:$A$2208=$A10)/COUNTIFS(RawData!$A$2:$A$2208,RawData!$A$2:$A$2208,RawData!$B$2:$B$2208,RawData!$B$2:$B$2208)) | C10: =COUNTIFS(RawData!$A$2:$A$2208,$A10,RawData!$D$2:$D$2208,"INV",RawData!$E$2:$E$2208,"<>0") | D10: =COUNTIFS(RawData!$A$2:$A$2208,$A10,RawData!$D$2:$D$2208,"INV",RawData!$G$2:$G$2208,"<>0")
A11: 105 - Pedicure Salons | B11: =SUMPRODUCT((RawData!$A$2:$A$2208=$A11)/COUNTIFS(RawData!$A$2:$A$2208,RawData!$A$2:$A$2208,RawData!$B$2:$B$2208,RawData!$B$2:$B$2208)) | C11: =COUNTIFS(RawData!$A$2:$A$2208,$A11,RawData!$D$2:$D$2208,"INV",RawData!$E$2:$E$2208,"<>0") | D11: =COUNTIFS(RawData!$A$2:$A$2208,$A11,RawData!$D$2:$D$2208,"INV",RawData!$G$2:$G$2208,"<>0")
A12: 107 - Pharmacies | B12: =SUMPRODUCT((RawData!$A$2:$A$2208=$A12)/COUNTIFS(RawData!$A$2:$A$2208,RawData!$A$2:$A$2208,RawData!$B$2:$B$2208,RawData!$B$2:$B$2208)) | C12: =COUNTIFS(RawData!$A$2:$A$2208,$A12,RawData!$D$2:$D$2208,"INV",RawData!$E$2:$E$2208,"<>0") | D12: =COUNTIFS(RawData!$A$2:$A$2208,$A12,RawData!$D$2:$D$2208,"INV",RawData!$G$2:$G$2208,"<>0")
A13: 108 - Shoe Stores | B13: =SUMPRODUCT((RawData!$A$2:$A$2208=$A13)/COUNTIFS(RawData!$A$2:$A$2208,RawData!$A$2:$A$2208,RawData!$B$2:$B$2208,RawData!$B$2:$B$2208)) | C13: =COUNTIFS(RawData!$A$2:$A$2208,$A13,RawData!$D$2:$D$2208,"INV",RawData!$E$2:$E$2208,"<>0") | D13: =COUNTIFS(RawData!$A$2:$A$2208,$A13,RawData!$D$2:$D$2208,"INV",RawData!$G$2:$G$2208,"<>0")
A14: 109 - Private Shops | B14: =SUMPRODUCT((RawData!$A$2:$A$2208=$A14)/COUNTIFS(RawData!$A$2:$A$2208,RawData!$A$2:$A$2208,RawData!$B$2:$B$2208,RawData!$B$2:$B$2208)) | C14: =COUNTIFS(RawData!$A$2:$A$2208,$A14,RawData!$D$2:$D$2208,"INV",RawData!$E$2:$E$2208,"<>0") | D14: =COUNTIFS(RawData!$A$2:$A$2208,$A14,RawData!$D$2:$D$2208,"INV",RawData!$G$2:$G$2208,"<>0")
A15: סה"כ 7 הערוצים | B15: =SUM(B8:B14) | C15: =SUM(C8:C14) | D15: =SUM(D8:D14)

Sheet השוואת מכר לפי סוכן
A1: השוואת מכר (₪) לפי סוכן — 2025 מול 2026
A3: סוכן | B3: מכר 2025 (₪, 12 ח׳) | C3: מכר 2026 גולמי (₪, 9 ח׳) | D3: מכר 2026 מנורמל (₪, ×12/9) | E3: % שינוי (מנורמל מול 2025) | F3: ₪ שינוי (מנורמל מול 2025)
A4: חיים וייצמ | B4: =SUM('נקודות - מקור 2025'!$C$2:$C$583) | C4: =SUM('נקודות - מקור'!$C$2:$C$564) | D4: =C4*12/9 | E4: =IF(B4=0,"",(D4-B4)/B4) | F4: =D4-B4
A5: חאזם תלחמי | B5: =SUM('נקודות - מקור 2025'!$D$2:$D$583) | C5: =SUM('נקודות - מקור'!$D$2:$D$564) | D5: =C5*12/9 | E5: =IF(B5=0,"",(D5-B5)/B5) | F5: =D5-B5
A6: סטאס נסאר | B6: =SUM('נקודות - מקור 2025'!$E$2:$E$583) | C6: =SUM('נקודות - מקור'!$E$2:$E$564) | D6: =C6*12/9 | E6: =IF(B6=0,"",(D6-B6)/B6) | F6: =D6-B6
A7: עיסא | B7: =SUM('נקודות - מקור 2025'!$F$2:$F$583) | C7: =SUM('נקודות - מקור'!$F$2:$F$564) | D7: =C7*12/9 | E7: =IF(B7=0,"",(D7-B7)/B7) | F7: =D7-B7
A8: .דוד א | B8: =SUM('נקודות - מקור 2025'!$G$2:$G$583) | C8: =SUM('נקודות - מקור'!$G$2:$G$564) | D8: =C8*12/9 | E8: =IF(B8=0,"",(D8-B8)/B8) | F8: =D8-B8
A9: סה"כ | B9: =SUM(B4:B8) | C9: =SUM(C4:C8) | D9: =SUM(D4:D8) | E9: =IF(B9=0,"",(D9-B9)/B9) | F9: =SUM(F4:F8)

Sheet סוכנים-ערוצים - מקור
A1: סוכן | B1: ערוץ (קוד+שם) | C1: שנה | D1: מספר לקוחות (דלתות) | E1: סה"כ מכר (₪)
A2: אמזלג × מירב שירה | B2: 102 - Orthopedic institutes | C2: 2025 | D2: 3 | E2: 25159.06
A3: אמזלג × מירב שירה | B3: 103 - Physiotherapy institutes | C3: 2025 | D3: 3 | E3: 19548.06
A4: אמזלג × מירב שירה | B4: 104 - Sports Shop | C4: 2025 | D4: 0 | E4: 0
A5: אמזלג × מירב שירה | B5: 105 - Pedicure Salons | C5: 2025 | D5: 0 | E5: 0
A6: אמזלג × מירב שירה | B6: 107 - Pharmacies | C6: 2025 | D6: 0 | E6: 0
A7: אמזלג × מירב שירה | B7: 108 - Shoe Stores | C7: 2025 | D7: 1 | E7: 19065.38
A8: אמזלג × מירב שירה | B8: 109 - Private Shops | C8: 2025 | D8: 3 | E8: 4676.89
A9: אזולאי דוד | B9: 102 - Orthopedic institutes | C9: 2025 | D9: 27 | E9: 257530.14
A10: אזולאי דוד | B10: 103 - Physiotherapy institutes | C10: 2025 | D10: 0 | E10: 0
A11: אזולאי דוד | B11: 104 - Sports Shop | C11: 2025 | D11: 0 | E11: 0
A12: אזולאי דוד | B12: 105 - Pedicure Salons | C12: 2025 | D12: 1 | E12: 2013.25
A13: אזולאי דוד | B13: 107 - Pharmacies | C13: 2025 | D13: 0 | E13: 0
... A85: - Unassigned - | B85: 109 - Private Shops | C85: 2026 | D85: 0 | E85: 0

Sheet סוכנים-ערוצים 2025
A1: סוכנים לפי ערוץ 2025 — מספר לקוחות (דלתות) וסה"כ מכר (₪)
A2: טבלה א׳: מספר לקוחות (דלתות)
A3: סוכן | B3: 102 - Orthopedic institutes | C3: 103 - Physiotherapy institutes | D3: 104 - Sports Shop | E3: 105 - Pedicure Salons | F3: 107 - Pharmacies | G3: 108 - Shoe Stores | H3: 109 - Private Shops | I3: סה"כ 7 הערוצים
A4: אמזלג × מירב שירה | B4: =SUMIFS('סוכנים-ערוצים - מקור'!$D$2:$D$85,'סוכנים-ערוצים - מקור'!$A$2:$A$85,$A4,'סוכנים-ערוצים - מקור'!$B$2:$B$85,B$3,'סוכנים-ערוצים - מקור'!$C$2:$C$85,2025) | C4: =SUMIFS('סוכנים-ערוצים - מקור'!$D$2:$D$85,'סוכנים-ערוצים - מקור'!$A$2:$A$85,$A4,'סוכנים-ערוצים - מקור'!$B$2:$B$85,C$3,'סוכנים-ערוצים - מקור'!$C$2:$C$85,2025) | D4: =SUMIFS('סוכנים-ערוצים - מקור'!$D$2:$D$85,'סוכנים-ערוצים - מקור'!$A$2:$A$85,$A4,'סוכנים-ערוצים - מקור'!$B$2:$B$85,D$3,'סוכנים-ערוצים - מקור'!$C$2:$C$85,2025) | E4: =SUMIFS('סוכנים-ערוצים - מקור'!$D$2:$D$85,'סוכנים-ערוצים - מקור'!$A$2:$A$85,$A4,'סוכנים-ערוצים - מקור'!$B$2:$B$85,E$3,'סוכנים-ערוצים - מקור'!$C$2:$C$85,2025) | F4: =SUMIFS('סוכנים-ערוצים - מקור'!$D$2:$D$85,'סוכנים-ערוצים - מקור'!$A$2:$A$85,$A4,'סוכנים-ערוצים - מקור'!$B$2:$B$85,F$3,'סוכנים-ערוצים - מקור'!$C$2:$C$85,2025) | G4: =SUMIFS('סוכנים-ערוצים - מקור'!$D$2:$D$85,'סוכנים-ערוצים - מקור'!$A$2:$A$85,$A4,'סוכנים-ערוצים - מקור'!$B$2:$B$85,G$3,'סוכנים-ערוצים - מקור'!$C$2:$C$85,2025) | H4: =SUMIFS('סוכנים-ערוצים - מקור'!$D$2:$D$85,'סוכנים-ערוצים - מקור'!$A$2:$A$85,$A4,'סוכנים-ערוצים - מקור'!$B$2:$B$85,H$3,'סוכנים-ערוצים - מקור'!$C$2:$C$85,2025) | I4: =SUM(B4:H4)
A5: אזולאי דוד | B5: =SUMIFS('סוכנים-ערוצים - מקור'!$D$2:$D$85,'סוכנים-ערוצים - מקור'!$A$2:$A$85,$A5,'סוכנים-ערוצים - מקור'!$B$2:$B$85,B$3,'סוכנים-ערוצים - מקור'!$C$2:$C$85,2025) | C5: =SUMIFS('סוכנים-ערוצים - מקור'!$D$2:$D$85,'סוכנים-ערוצים - מקור'!$A$2:$A$85,$A5,'סוכנים-ערוצים - מקור'!$B$2:$B$85,C$3,'סוכנים-ערוצים - מקור'!$C$2:$C$85,2025) | D5: =SUMIFS('סוכנים-ערוצים - מקור'!$D$2:$D$85,'סוכנים-ערוצים - מקור'!$A$2:$A$85,$A5,'סוכנים-ערוצים - מקור'!$B$2:$B$85,D$3,'סוכנים-ערוצים - מקור'!$C$2:$C$85,2025) | E5: =SUMIFS('סוכנים-ערוצים - מקור'!$D$2:$D$85,'סוכנים-ערוצים - מקור'!$A$2:$A$85,$A5,'סוכנים-ערוצים - מקור'!$B$2:$B$85,E$3,'סוכנים-ערוצים - מקור'!$C$2:$C$85,2025) | F5: =SUMIFS('סוכנים-ערוצים - מקור'!$D$2:$D$85,'סוכנים-ערוצים - מקור'!$A$2:$A$85,$A5,'סוכנים-ערוצים - מקור'!$B$2:$B$85,F$3,'סוכנים-ערוצים - מקור'!$C$2:$C$85,2025) | G5: =SUMIFS('סוכנים-ערוצים - מקור'!$D$2:$D$85,'סוכנים-ערוצים - מקור'!$A$2:$A$85,$A5,'סוכנים-ערוצים - מקור'!$B$2:$B$85,G$3,'סוכנים-ערוצים - מקור'!$C$2:$C$85,2025) | H5: =SUMIFS('סוכנים-ערוצים - מקור'!$D$2:$D$85,'סוכנים-ערוצים - מקור'!$A$2:$A$85,$A5,'סוכנים-ערוצים - מקור'!$B$2:$B$85,H$3,'סוכנים-ערוצים - מקור'!$C$2:$C$85,2025) | I5: =SUM(B5:H5)
A6: סטניסלב נסאר | B6: =SUMIFS('סוכנים-ערוצים - מקור'!$D$2:$D$85,'סוכנים-ערוצים - מקור'!$A$2:$A$85,$A6,'סוכנים-ערוצים - מקור'!$B$2:$B$85,B$3,'סוכנים-ערוצים - מקור'!$C$2:$C$85,2025) | C6: =SUMIFS('סוכנים-ערוצים - מקור'!$D$2:$D$85,'סוכנים-ערוצים - מקור'!$A$2:$A$85,$A6,'סוכנים-ערוצים - מקור'!$B$2:$B$85,C$3,'סוכנים-ערוצים - מקור'!$C$2:$C$85,2025) | D6: =SUMIFS('סוכנים-ערוצים - מקור'!$D$2:$D$85,'סוכנים-ערוצים - מקור'!$A$2:$A$85,$A6,'סוכנים-ערוצים - מקור'!$B$2:$B$85,D$3,'סוכנים-ערוצים - מקור'!$C$2:$C$85,2025) | E6: =SUMIFS('סוכנים-ערוצים - מקור'!$D$2:$D$85,'סוכנים-ערוצים - מקור'!$A$2:$A$85,$A6,'סוכנים-ערוצים - מקור'!$B$2:$B$85,E$3,'סוכנים-ערוצים - מקור'!$C$2:$C$85,2025) | F6: =SUMIFS('סוכנים-ערוצים - מקור'!$D$2:$D$85,'סוכנים-ערוצים - מקור'!$A$2:$A$85,$A6,'סוכנים-ערוצים - מקור'!$B$2:$B$85,F$3,'סוכנים-ערוצים - מקור'!$C$2:$C$85,2025) | G6: =SUMIFS('סוכנים-ערוצים - מקור'!$D$2:$D$85,'סוכנים-ערוצים - מקור'!$A$2:$A$85,$A6,'סוכנים-ערוצים - מקור'!$B$2:$B$85,G$3,'סוכנים-ערוצים - מקור'!$C$2:$C$85,2025) | H6: =SUMIFS('סוכנים-ערוצים - מקור'!$D$2:$D$85,'סוכנים-ערוצים - מקור'!$A$2:$A$85,$A6,'סוכנים-ערוצים - מקור'!$B$2:$B$85,H$3,'סוכנים-ערוצים - מקור'!$C$2:$C$85,2025) | I6: =SUM(B6:H6)
A7: חאזם תלחמי | B7: =SUMIFS('סוכנים-ערוצים - מקור'!$D$2:$D$85,'סוכנים-ערוצים - מקור'!$A$2:$A$85,$A7,'סוכנים-ערוצים - מקור'!$B$2:$B$85,B$3,'סוכנים-ערוצים - מקור'!$C$2:$C$85,2025) | C7: =SUMIFS('סוכנים-ערוצים - מקור'!$D$2:$D$85,'סוכנים-ערוצים - מקור'!$A$2:$A$85,$A7,'סוכנים-ערוצים - מקור'!$B$2:$B$85,C$3,'סוכנים-ערוצים - מקור'!$C$2:$C$85,2025) | D7: =SUMIFS('סוכנים-ערוצים - מקור'!$D$2:$D$85,'סוכנים-ערוצים - מקור'!$A$2:$A$85,$A7,'סוכנים-ערוצים - מקור'!$B$2:$B$85,D$3,'סוכנים-ערוצים - מקור'!$C$2:$C$85,2025) | E7: =SUMIFS('סוכנים-ערוצים - מקור'!$D$2:$D$85,'סוכנים-ערוצים - מקור'!$A$2:$A$85,$A7,'סוכנים-ערוצים - מקור'!$B$2:$B$85,E$3,'סוכנים-ערוצים - מקור'!$C$2:$C$85,2025) | F7: =SUMIFS('סוכנים-ערוצים - מקור'!$D$2:$D$85,'סוכנים-ערוצים - מקור'!$A$2:$A$85,$A7,'סוכנים-ערוצים - מקור'!$B$2:$B$85,F$3,'סוכנים-ערוצים - מקור'!$C$2:$C$85,2025) | G7: =SUMIFS('סוכנים-ערוצים - מקור'!$D$2:$D$85,'סוכנים-ערוצים - מקור'!$A$2:$A$85,$A7,'סוכנים-ערוצים - מקור'!$B$2:$B$85,G$3,'סוכנים-ערוצים - מקור'!$C$2:$C$85,2025) | H7: =SUMIFS('סוכנים-ערוצים - מקור'!$D$2:$D$85,'סוכנים-ערוצים - מקור'!$A$2:$A$85,$A7,'סוכנים-ערוצים - מקור'!$B$2:$B$85,H$3,'סוכנים-ערוצים - מקור'!$C$2:$C$85,2025) | I7: =SUM(B7:H7)
A8: חיים ויצמן | B8: =SUMIFS('סוכנים-ערוצים - מקור'!$D$2:$D$85,'סוכנים-ערוצים - מקור'!$A$2:$A$85,$A8,'סוכנים-ערוצים - מקור'!$B$2:$B$85,B$3,'סוכנים-ערוצים - מקור'!$C$2:$C$85,2025) | C8: =SUMIFS('סוכנים-ערוצים - מקור'!$D$2:$D$85,'סוכנים-ערוצים - מקור'!$A$2:$A$85,$A8,'סוכנים-ערוצים - מקור'!$B$2:$B$85,C$3,'סוכנים-ערוצים - מקור'!$C$2:$C$85,2025) | D8: =SUMIFS('סוכנים-ערוצים - מקור'!$D$2:$D$85,'סוכנים-ערוצים - מקור'!$A$2:$A$85,$A8,'סוכנים-ערוצים - מקור'!$B$2:$B$85,D$3,'סוכנים-ערוצים - מקור'!$C$2:$C$85,2025) | E8: =SUMIFS('סוכנים-ערוצים - מקור'!$D$2:$D$85,'סוכנים-ערוצים - מקור'!$A$2:$A$85,$A8,'סוכנים-ערוצים - מקור'!$B$2:$B$85,E$3,'סוכנים-ערוצים - מקור'!$C$2:$C$85,2025) | F8: =SUMIFS('סוכנים-ערוצים - מקור'!$D$2:$D$85,'סוכנים-ערוצים - מקור'!$A$2:$A$85,$A8,'סוכנים-ערוצים - מקור'!$B$2:$B$85,F$3,'סוכנים-ערוצים - מקור'!$C$2:$C$85,2025) | G8: =SUMIFS('סוכנים-ערוצים - מקור'!$D$2:$D$85,'סוכנים-ערוצים - מקור'!$A$2:$A$85,$A8,'סוכנים-ערוצים - מקור'!$B$2:$B$85,G$3,'סוכנים-ערוצים - מקור'!$C$2:$C$85,2025) | H8: =SUMIFS('סוכנים-ערוצים - מקור'!$D$2:$D$85,'סוכנים-ערוצים - מקור'!$A$2:$A$85,$A8,'סוכנים-ערוצים - מקור'!$B$2:$B$85,H$3,'סוכנים-ערוצים - מקור'!$C$2:$C$85,2025) | I8: =SUM(B8:H8)
A9: - Unassigned - | B9: =SUMIFS('סוכנים-ערוצים - מקור'!$D$2:$D$85,'סוכנים-ערוצים - מקור'!$A$2:$A$85,$A9,'סוכנים-ערוצים - מקור'!$B$2:$B$85,B$3,'סוכנים-ערוצים - מקור'!$C$2:$C$85,2025) | C9: =SUMIFS('סוכנים-ערוצים - מקור'!$D$2:$D$85,'סוכנים-ערוצים - מקור'!$A$2:$A$85,$A9,'סוכנים-ערוצים - מקור'!$B$2:$B$85,C$3,'סוכנים-ערוצים - מקור'!$C$2:$C$85,2025) | D9: =SUMIFS('סוכנים-ערוצים - מקור'!$D$2:$D$85,'סוכנים-ערוצים - מקור'!$A$2:$A$85,$A9,'סוכנים-ערוצים - מקור'!$B$2:$B$85,D$3,'סוכנים-ערוצים - מקור'!$C$2:$C$85,2025) | E9: =SUMIFS('סוכנים-ערוצים - מקור'!$D$2:$D$85,'סוכנים-ערוצים - מקור'!$A$2:$A$85,$A9,'סוכנים-ערוצים - מקור'!$B$2:$B$85,E$3,'סוכנים-ערוצים - מקור'!$C$2:$C$85,2025) | F9: =SUMIFS('סוכנים-ערוצים - מקור'!$D$2:$D$85,'סוכנים-ערוצים - מקור'!$A$2:$A$85,$A9,'סוכנים-ערוצים - מקור'!$B$2:$B$85,F$3,'סוכנים-ערוצים - מקור'!$C$2:$C$85,2025) | G9: =SUMIFS('סוכנים-ערוצים - מקור'!$D$2:$D$85,'סוכנים-ערוצים - מקור'!$A$2:$A$85,$A9,'סוכנים-ערוצים - מקור'!$B$2:$B$85,G$3,'סוכנים-ערוצים - מקור'!$C$2:$C$85,2025) | H9: =SUMIFS('סוכנים-ערוצים - מקור'!$D$2:$D$85,'סוכנים-ערוצים - מקור'!$A$2:$A$85,$A9,'סוכנים-ערוצים - מקור'!$B$2:$B$85,H$3,'סוכנים-ערוצים - מקור'!$C$2:$C$85,2025) | I9: =SUM(B9:H9)
A10: סה"כ | B10: =SUM(B4:B9) | C10: =SUM(C4:C9) | D10: =SUM(D4:D9) | E10: =SUM(E4:E9) | F10: =SUM(F4:F9) | G10: =SUM(G4:G9) | H10: =SUM(H4:H9) | I10: =SUM(I4:I9)
A12: טבלה ב׳: סה"כ מכר (₪)
A13: סוכן | B13: 102 - Orthopedic institutes | C13: 103 - Physiotherapy institutes | D13: 104 - Sports Shop | E13: 105 - Pedicure Salons | F13: 107 - Pharmacies | G13: 108 - Shoe Stores | H13: 109 - Private Shops | I13: סה"כ 7 הערוצים (₪)
A14: אמזלג × מירב שירה | B14: =SUMIFS('סוכנים-ערוצים - מקור'!$E$2:$E$85,'סוכנים-ערוצים - מקור'!$A$2:$A$85,$A14,'סוכנים-ערוצים - מקור'!$B$2:$B$85,B$13,'סוכנים-ערוצים - מקור'!$C$2:$C$85,2025) | C14: =SUMIFS('סוכנים-ערוצים - מקור'!$E$2:$E$85,'סוכנים-ערוצים - מקור'!$A$2:$A$85,$A14,'סוכנים-ערוצים - מקור'!$B$2:$B$85,C$13,'סוכנים-ערוצים - מקור'!$C$2:$C$85,2025) | D14: =SUMIFS('סוכנים-ערוצים - מקור'!$E$2:$E$85,'סוכנים-ערוצים - מקור'!$A$2:$A$85,$A14,'סוכנים-ערוצים - מקור'!$B$2:$B$85,D$13,'סוכנים-ערוצים - מקור'!$C$2:$C$85,2025) | E14: =SUMIFS('סוכנים-ערוצים - מקור'!$E$2:$E$85,'סוכנים-ערוצים - מקור'!$A$2:$A$85,$A14,'סוכנים-ערוצים - מקור'!$B$2:$B$85,E$13,'סוכנים-ערוצים - מקור'!$C$2:$C$85,2025) | F14: =SUMIFS('סוכנים-ערוצים - מקור'!$E$2:$E$85,'סוכנים-ערוצים - מקור'!$A$2:$A$85,$A14,'סוכנים-ערוצים - מקור'!$B$2:$B$85,F$13,'סוכנים-ערוצים - מקור'!$C$2:$C$85,2025) | G14: =SUMIFS('סוכנים-ערוצים - מקור'!$E$2:$E$85,'סוכנים-ערוצים - מקור'!$A$2:$A$85,$A14,'סוכנים-ערוצים - מקור'!$B$2:$B$85,G$13,'סוכנים-ערוצים - מקור'!$C$2:$C$85,2025) | H14: =SUMIFS('סוכנים-ערוצים - מקור'!$E$2:$E$85,'סוכנים-ערוצים - מקור'!$A$2:$A$85,$A14,'סוכנים-ערוצים - מקור'!$B$2:$B$85,H$13,'סוכנים-ערוצים - מקור'!$C$2:$C$85,2025) | I14: =SUM(B14:H14)
A15: אזולאי דוד | B15: =SUMIFS('סוכנים-ערוצים - מקור'!$E$2:$E$85,'סוכנים-ערוצים - מקור'!$A$2:$A$85,$A15,'סוכנים-ערוצים - מקור'!$B$2:$B$85,B$13,'סוכנים-ערוצים - מקור'!$C$2:$C$85,2025) | C15: =SUMIFS('סוכנים-ערוצים - מקור'!$E$2:$E$85,'סוכנים-ערוצים - מקור'!$A$2:$A$85,$A15,'סוכנים-ערוצים - מקור'!$B$2:$B$85,C$13,'סוכנים-ערוצים - מקור'!$C$2:$C$85,2025) | D15: =SUMIFS('סוכנים-ערוצים - מקור'!$E$2:$E$85,'סוכנים-ערוצים - מקור'!$A$2:$A$85,$A15,'סוכנים-ערוצים - מקור'!$B$2:$B$85,D$13,'סוכנים-ערוצים - מקור'!$C$2:$C$85,2025) | E15: =SUMIFS('סוכנים-ערוצים - מקור'!$E$2:$E$85,'סוכנים-ערוצים - מקור'!$A$2:$A$85,$A15,'סוכנים-ערוצים - מקור'!$B$2:$B$85,E$13,'סוכנים-ערוצים - מקור'!$C$2:$C$85,2025) | F15: =SUMIFS('סוכנים-ערוצים - מקור'!$E$2:$E$85,'סוכנים-ערוצים - מקור'!$A$2:$A$85,$A15,'סוכנים-ערוצים - מקור'!$B$2:$B$85,F$13,'סוכנים-ערוצים - מקור'!$C$2:$C$85,2025) | G15: =SUMIFS('סוכנים-ערוצים - מקור'!$E$2:$E$85,'סוכנים-ערוצים - מקור'!$A$2:$A$85,$A15,'סוכנים-ערוצים - מקור'!$B$2:$B$85,G$13,'סוכנים-ערוצים - מקור'!$C$2:$C$85,2025) | H15: =SUMIFS('סוכנים-ערוצים - מקור'!$E$2:$E$85,'סוכנים-ערוצים - מקור'!$A$2:$A$85,$A15,'סוכנים-ערוצים - מקור'!$B$2:$B$85,H$13,'סוכנים-ערוצים - מקור'!$C$2:$C$85,2025) | I15: =SUM(B15:H15)
A16: סטניסלב נסאר | B16: =SUMIFS('סוכנים-ערוצים - מקור'!$E$2:$E$85,'סוכנים-ערוצים - מקור'!$A$2:$A$85,$A16,'סוכנים-ערוצים - מקור'!$B$2:$B$85,B$13,'סוכנים-ערוצים - מקור'!$C$2:$C$85,2025) | C16: =SUMIFS('סוכנים-ערוצים - מקור'!$E$2:$E$85,'סוכנים-ערוצים - מקור'!$A$2:$A$85,$A16,'סוכנים-ערוצים - מקור'!$B$2:$B$85,C$13,'סוכנים-ערוצים - מקור'!$C$2:$C$85,2025) | D16: =SUMIFS('סוכנים-ערוצים - מקור'!$E$2:$E$85,'סוכנים-ערוצים - מקור'!$A$2:$A$85,$A16,'סוכנים-ערוצים - מקור'!$B$2:$B$85,D$13,'סוכנים-ערוצים - מקור'!$C$2:$C$85,2025) | E16: =SUMIFS('סוכנים-ערוצים - מקור'!$E$2:$E$85,'סוכנים-ערוצים - מקור'!$A$2:$A$85,$A16,'סוכנים-ערוצים - מקור'!$B$2:$B$85,E$13,'סוכנים-ערוצים - מקור'!$C$2:$C$85,2025) | F16: =SUMIFS('סוכנים-ערוצים - מקור'!$E$2:$E$85,'סוכנים-ערוצים - מקור'!$A$2:$A$85,$A16,'סוכנים-ערוצים - מקור'!$B$2:$B$85,F$13,'סוכנים-ערוצים - מקור'!$C$2:$C$85,2025) | G16: =SUMIFS('סוכנים-ערוצים - מקור'!$E$2:$E$85,'סוכנים-ערוצים - מקור'!$A$2:$A$85,$A16,'סוכנים-ערוצים - מקור'!$B$2:$B$85,G$13,'סוכנים-ערוצים - מקור'!$C$2:$C$85,2025) | H16: =SUMIFS('סוכנים-ערוצים - מקור'!$E$2:$E$85,'סוכנים-ערוצים - מקור'!$A$2:$A$85,$A16,'סוכנים-ערוצים - מקור'!$B$2:$B$85,H$13,'סוכנים-ערוצים - מקור'!$C$2:$C$85,2025) | I16: =SUM(B16:H16)
A17: חאזם תלחמי | B17: =SUMIFS('סוכנים-ערוצים - מקור'!$E$2:$E$85,'סוכנים-ערוצים - מקור'!$A$2:$A$85,$A17,'סוכנים-ערוצים - מקור'!$B$2:$B$85,B$13,'סוכנים-ערוצים - מקור'!$C$2:$C$85,2025) | C17: =SUMIFS('סוכנים-ערוצים - מקור'!$E$2:$E$85,'סוכנים-ערוצים - מקור'!$A$2:$A$85,$A17,'סוכנים-ערוצים - מקור'!$B$2:$B$85,C$13,'סוכנים-ערוצים - מקור'!$C$2:$C$85,2025) | D17: =SUMIFS('סוכנים-ערוצים - מקור'!$E$2:$E$85,'סוכנים-ערוצים - מקור'!$A$2:$A$85,$A17,'סוכנים-ערוצים - מקור'!$B$2:$B$85,D$13,'סוכנים-ערוצים - מקור'!$C$2:$C$85,2025) | E17: =SUMIFS('סוכנים-ערוצים - מקור'!$E$2:$E$85,'סוכנים-ערוצים - מקור'!$A$2:$A$85,$A17,'סוכנים-ערוצים - מקור'!$B$2:$B$85,E$13,'סוכנים-ערוצים - מקור'!$C$2:$C$85,2025) | F17: =SUMIFS('סוכנים-ערוצים - מקור'!$E$2:$E$85,'סוכנים-ערוצים - מקור'!$A$2:$A$85,$A17,'סוכנים-ערוצים - מקור'!$B$2:$B$85,F$13,'סוכנים-ערוצים - מקור'!$C$2:$C$85,2025) | G17: =SUMIFS('סוכנים-ערוצים - מקור'!$E$2:$E$85,'סוכנים-ערוצים - מקור'!$A$2:$A$85,$A17,'סוכנים-ערוצים - מקור'!$B$2:$B$85,G$13,'סוכנים-ערוצים - מקור'!$C$2:$C$85,2025) | H17: =SUMIFS('סוכנים-ערוצים - מקור'!$E$2:$E$85,'סוכנים-ערוצים - מקור'!$A$2:$A$85,$A17,'סוכנים-ערוצים - מקור'!$B$2:$B$85,H$13,'סוכנים-ערוצים - מקור'!$C$2:$C$85,2025) | I17: =SUM(B17:H17)
A18: חיים ויצמן | B18: =SUMIFS('סוכנים-ערוצים - מקור'!$E$2:$E$85,'סוכנים-ערוצים - מקור'!$A$2:$A$85,$A18,'סוכנים-ערוצים - מקור'!$B$2:$B$85,B$13,'סוכנים-ערוצים - מקור'!$C$2:$C$85,2025) | C18: =SUMIFS('סוכנים-ערוצים - מקור'!$E$2:$E$85,'סוכנים-ערוצים - מקור'!$A$2:$A$85,$A18,'סוכנים-ערוצים - מקור'!$B$2:$B$85,C$13,'סוכנים-ערוצים - מקור'!$C$2:$C$85,2025) | D18: =SUMIFS('סוכנים-ערוצים - מקור'!$E$2:$E$85,'סוכנים-ערוצים - מקור'!$A$2:$A$85,$A18,'סוכנים-ערוצים - מקור'!$B$2:$B$85,D$13,'סוכנים-ערוצים - מקור'!$C$2:$C$85,2025) | E18: =SUMIFS('סוכנים-ערוצים - מקור'!$E$2:$E$85,'סוכנים-ערוצים - מקור'!$A$2:$A$85,$A18,'סוכנים-ערוצים - מקור'!$B$2:$B$85,E$13,'סוכנים-ערוצים - מקור'!$C$2:$C$85,2025) | F18: =SUMIFS('סוכנים-ערוצים - מקור'!$E$2:$E$85,'סוכנים-ערוצים - מקור'!$A$2:$A$85,$A18,'סוכנים-ערוצים - מקור'!$B$2:$B$85,F$13,'סוכנים-ערוצים - מקור'!$C$2:$C$85,2025) | G18: =SUMIFS('סוכנים-ערוצים - מקור'!$E$2:$E$85,'סוכנים-ערוצים - מקור'!$A$2:$A$85,$A18,'סוכנים-ערוצים - מקור'!$B$2:$B$85,G$13,'סוכנים-ערוצים - מקור'!$C$2:$C$85,2025) | H18: =SUMIFS('סוכנים-ערוצים - מקור'!$E$2:$E$85,'סוכנים-ערוצים - מקור'!$A$2:$A$85,$A18,'סוכנים-ערוצים - מקור'!$B$2:$B$85,H$13,'סוכנים-ערוצים - מקור'!$C$2:$C$85,2025) | I18: =SUM(B18:H18)
A19: - Unassigned - | B19: =SUMIFS('סוכנים-ערוצים - מקור'!$E$2:$E$85,'סוכנים-ערוצים - מקור'!$A$2:$A$85,$A19,'סוכנים-ערוצים - מקור'!$B$2:$B$85,B$13,'סוכנים-ערוצים - מקור'!$C$2:$C$85,2025) | C19: =SUMIFS('סוכנים-ערוצים - מקור'!$E$2:$E$85,'סוכנים-ערוצים - מקור'!$A$2:$A$85,$A19,'סוכנים-ערוצים - מקור'!$B$2:$B$85,C$13,'סוכנים-ערוצים - מקור'!$C$2:$C$85,2025) | D19: =SUMIFS('סוכנים-ערוצים - מקור'!$E$2:$E$85,'סוכנים-ערוצים - מקור'!$A$2:$A$85,$A19,'סוכנים-ערוצים - מקור'!$B$2:$B$85,D$13,'סוכנים-ערוצים - מקור'!$C$2:$C$85,2025) | E19: =SUMIFS('סוכנים-ערוצים - מקור'!$E$2:$E$85,'סוכנים-ערוצים - מקור'!$A$2:$A$85,$A19,'סוכנים-ערוצים - מקור'!$B$2:$B$85,E$13,'סוכנים-ערוצים - מקור'!$C$2:$C$85,2025) | F19: =SUMIFS('סוכנים-ערוצים - מקור'!$E$2:$E$85,'סוכנים-ערוצים - מקור'!$A$2:$A$85,$A19,'סוכנים-ערוצים - מקור'!$B$2:$B$85,F$13,'סוכנים-ערוצים - מקור'!$C$2:$C$85,2025) | G19: =SUMIFS('סוכנים-ערוצים - מקור'!$E$2:$E$85,'סוכנים-ערוצים - מקור'!$A$2:$A$85,$A19,'סוכנים-ערוצים - מקור'!$B$2:$B$85,G$13,'סוכנים-ערוצים - מקור'!$C$2:$C$85,2025) | H19: =SUMIFS('סוכנים-ערוצים - מקור'!$E$2:$E$85,'סוכנים-ערוצים - מקור'!$A$2:$A$85,$A19,'סוכנים-ערוצים - מקור'!$B$2:$B$85,H$13,'סוכנים-ערוצים - מקור'!$C$2:$C$85,2025) | I19: =SUM(B19:H19)
A20: סה"כ | B20: =SUM(B14:B19) | C20: =SUM(C14:C19) | D20: =SUM(D14:D19) | E20: =SUM(E14:E19) | F20: =SUM(F14:F19) | G20: =SUM(G14:G19) | H20: =SUM(H14:H19) | I20: =SUM(I14:I19)

Sheet סוכנים-ערוצים 2026
A1: סוכנים לפי ערוץ 2026 — מספר לקוחות (דלתות) וסה"כ מכר (₪)
A2: טבלה א׳: מספר לקוחות (דלתות)
A3: סוכן | B3: 102 - Orthopedic institutes | C3: 103 - Physiotherapy institutes | D3: 104 - Sports Shop | E3: 105 - Pedicure Salons | F3: 107 - Pharmacies | G3: 108 - Shoe Stores | H3: 109 - Private Shops | I3: סה"כ 7 הערוצים
A4: אמזלג × מירב שירה | B4: =SUMIFS('סוכנים-ערוצים - מקור'!$D$2:$D$85,'סוכנים-ערוצים - מקור'!$A$2:$A$85,$A4,'סוכנים-ערוצים - מקור'!$B$2:$B$85,B$3,'סוכנים-ערוצים - מקור'!$C$2:$C$85,2026) | C4: =SUMIFS('סוכנים-ערוצים - מקור'!$D$2:$D$85,'סוכנים-ערוצים - מקור'!$A$2:$A$85,$A4,'סוכנים-ערוצים - מקור'!$B$2:$B$85,C$3,'סוכנים-ערוצים - מקור'!$C$2:$C$85,2026) | D4: =SUMIFS('סוכנים-ערוצים - מקור'!$D$2:$D$85,'סוכנים-ערוצים - מקור'!$A$2:$A$85,$A4,'סוכנים-ערוצים - מקור'!$B$2:$B$85,D$3,'סוכנים-ערוצים - מקור'!$C$2:$C$85,2026) | E4: =SUMIFS('סוכנים-ערוצים - מקור'!$D$2:$D$85,'סוכנים-ערוצים - מקור'!$A$2:$A$85,$A4,'סוכנים-ערוצים - מקור'!$B$2:$B$85,E$3,'סוכנים-ערוצים - מקור'!$C$2:$C$85,2026) | F4: =SUMIFS('סוכנים-ערוצים - מקור'!$D$2:$D$85,'סוכנים-ערוצים - מקור'!$A$2:$A$85,$A4,'סוכנים-ערוצים - מקור'!$B$2:$B$85,F$3,'סוכנים-ערוצים - מקור'!$C$2:$C$85,2026) | G4: =SUMIFS('סוכנים-ערוצים - מקור'!$D$2:$D$85,'סוכנים-ערוצים - מקור'!$A$2:$A$85,$A4,'סוכנים-ערוצים - מקור'!$B$2:$B$85,G$3,'סוכנים-ערוצים - מקור'!$C$2:$C$85,2026) | H4: =SUMIFS('סוכנים-ערוצים - מקור'!$D$2:$D$85,'סוכנים-ערוצים - מקור'!$A$2:$A$85,$A4,'סוכנים-ערוצים - מקור'!$B$2:$B$85,H$3,'סוכנים-ערוצים - מקור'!$C$2:$C$85,2026) | I4: =SUM(B4:H4)
A5: אזולאי דוד | B5: =SUMIFS('סוכנים-ערוצים - מקור'!$D$2:$D$85,'סוכנים-ערוצים - מקור'!$A$2:$A$85,$A5,'סוכנים-ערוצים - מקור'!$B$2:$B$85,B$3,'סוכנים-ערוצים - מקור'!$C$2:$C$85,2026) | C5: =SUMIFS('סוכנים-ערוצים - מקור'!$D$2:$D$85,'סוכנים-ערוצים - מקור'!$A$2:$A$85,$A5,'סוכנים-ערוצים - מקור'!$B$2:$B$85,C$3,'סוכנים-ערוצים - מקור'!$C$2:$C$85,2026) | D5: =SUMIFS('סוכנים-ערוצים - מקור'!$D$2:$D$85,'סוכנים-ערוצים - מקור'!$A$2:$A$85,$A5,'סוכנים-ערוצים - מקור'!$B$2:$B$85,D$3,'סוכנים-ערוצים - מקור'!$C$2:$C$85,2026) | E5: =SUMIFS('סוכנים-ערוצים - מקור'!$D$2:$D$85,'סוכנים-ערוצים - מקור'!$A$2:$A$85,$A5,'סוכנים-ערוצים - מקור'!$B$2:$B$85,E$3,'סוכנים-ערוצים - מקור'!$C$2:$C$85,2026) | F5: =SUMIFS('סוכנים-ערוצים - מקור'!$D$2:$D$85,'סוכנים-ערוצים - מקור'!$A$2:$A$85,$A5,'סוכנים-ערוצים - מקור'!$B$2:$B$85,F$3,'סוכנים-ערוצים - מקור'!$C$2:$C$85,2026) | G5: =SUMIFS('סוכנים-ערוצים - מקור'!$D$2:$D$85,'סוכנים-ערוצים - מקור'!$A$2:$A$85,$A5,'סוכנים-ערוצים - מקור'!$B$2:$B$85,G$3,'סוכנים-ערוצים - מקור'!$C$2:$C$85,2026) | H5: =SUMIFS('סוכנים-ערוצים - מקור'!$D$2:$D$85,'סוכנים-ערוצים - מקור'!$A$2:$A$85,$A5,'סוכנים-ערוצים - מקור'!$B$2:$B$85,H$3,'סוכנים-ערוצים - מקור'!$C$2:$C$85,2026) | I5: =SUM(B5:H5)
A6: סטניסלב נסאר | B6: =SUMIFS('סוכנים-ערוצים - מקור'!$D$2:$D$85,'סוכנים-ערוצים - מקור'!$A$2:$A$85,$A6,'סוכנים-ערוצים - מקור'!$B$2:$B$85,B$3,'סוכנים-ערוצים - מקור'!$C$2:$C$85,2026) | C6: =SUMIFS('סוכנים-ערוצים - מקור'!$D$2:$D$85,'סוכנים-ערוצים - מקור'!$A$2:$A$85,$A6,'סוכנים-ערוצים - מקור'!$B$2:$B$85,C$3,'סוכנים-ערוצים - מקור'!$C$2:$C$85,2026) | D6: =SUMIFS('סוכנים-ערוצים - מקור'!$D$2:$D$85,'סוכנים-ערוצים - מקור'!$A$2:$A$85,$A6,'סוכנים-ערוצים - מקור'!$B$2:$B$85,D$3,'סוכנים-ערוצים - מקור'!$C$2:$C$85,2026) | E6: =SUMIFS('סוכנים-ערוצים - מקור'!$D$2:$D$85,'סוכנים-ערוצים - מקור'!$A$2:$A$85,$A6,'סוכנים-ערוצים - מקור'!$B$2:$B$85,E$3,'סוכנים-ערוצים - מקור'!$C$2:$C$85,2026) | F6: =SUMIFS('סוכנים-ערוצים - מקור'!$D$2:$D$85,'סוכנים-ערוצים - מקור'!$A$2:$A$85,$A6,'סוכנים-ערוצים - מקור'!$B$2:$B$85,F$3,'סוכנים-ערוצים - מקור'!$C$2:$C$85,2026) | G6: =SUMIFS('סוכנים-ערוצים - מקור'!$D$2:$D$85,'סוכנים-ערוצים - מקור'!$A$2:$A$85,$A6,'סוכנים-ערוצים - מקור'!$B$2:$B$85,G$3,'סוכנים-ערוצים - מקור'!$C$2:$C$85,2026) | H6: =SUMIFS('סוכנים-ערוצים - מקור'!$D$2:$D$85,'סוכנים-ערוצים - מקור'!$A$2:$A$85,$A6,'סוכנים-ערוצים - מקור'!$B$2:$B$85,H$3,'סוכנים-ערוצים - מקור'!$C$2:$C$85,2026) | I6: =SUM(B6:H6)
A7: חאזם תלחמי | B7: =SUMIFS('סוכנים-ערוצים - מקור'!$D$2:$D$85,'סוכנים-ערוצים - מקור'!$A$2:$A$85,$A7,'סוכנים-ערוצים - מקור'!$B$2:$B$85,B$3,'סוכנים-ערוצים - מקור'!$C$2:$C$85,2026) | C7: =SUMIFS('סוכנים-ערוצים - מקור'!$D$2:$D$85,'סוכנים-ערוצים - מקור'!$A$2:$A$85,$A7,'סוכנים-ערוצים - מקור'!$B$2:$B$85,C$3,'סוכנים-ערוצים - מקור'!$C$2:$C$85,2026) | D7: =SUMIFS('סוכנים-ערוצים - מקור'!$D$2:$D$85,'סוכנים-ערוצים - מקור'!$A$2:$A$85,$A7,'סוכנים-ערוצים - מקור'!$B$2:$B$85,D$3,'סוכנים-ערוצים - מקור'!$C$2:$C$85,2026) | E7: =SUMIFS('סוכנים-ערוצים - מקור'!$D$2:$D$85,'סוכנים-ערוצים - מקור'!$A$2:$A$85,$A7,'סוכנים-ערוצים - מקור'!$B$2:$B$85,E$3,'סוכנים-ערוצים - מקור'!$C$2:$C$85,2026) | F7: =SUMIFS('סוכנים-ערוצים - מקור'!$D$2:$D$85,'סוכנים-ערוצים - מקור'!$A$2:$A$85,$A7,'סוכנים-ערוצים - מקור'!$B$2:$B$85,F$3,'סוכנים-ערוצים - מקור'!$C$2:$C$85,2026) | G7: =SUMIFS('סוכנים-ערוצים - מקור'!$D$2:$D$85,'סוכנים-ערוצים - מקור'!$A$2:$A$85,$A7,'סוכנים-ערוצים - מקור'!$B$2:$B$85,G$3,'סוכנים-ערוצים - מקור'!$C$2:$C$85,2026) | H7: =SUMIFS('סוכנים-ערוצים - מקור'!$D$2:$D$85,'סוכנים-ערוצים - מקור'!$A$2:$A$85,$A7,'סוכנים-ערוצים - מקור'!$B$2:$B$85,H$3,'סוכנים-ערוצים - מקור'!$C$2:$C$85,2026) | I7: =SUM(B7:H7)
A8: חיים ויצמן | B8: =SUMIFS('סוכנים-ערוצים - מקור'!$D$2:$D$85,'סוכנים-ערוצים - מקור'!$A$2:$A$85,$A8,'סוכנים-ערוצים - מקור'!$B$2:$B$85,B$3,'סוכנים-ערוצים - מקור'!$C$2:$C$85,2026) | C8: =SUMIFS('סוכנים-ערוצים - מקור'!$D$2:$D$85,'סוכנים-ערוצים - מקור'!$A$2:$A$85,$A8,'סוכנים-ערוצים - מקור'!$B$2:$B$85,C$3,'סוכנים-ערוצים - מקור'!$C$2:$C$85,2026) | D8: =SUMIFS('סוכנים-ערוצים - מקור'!$D$2:$D$85,'סוכנים-ערוצים - מקור'!$A$2:$A$85,$A8,'סוכנים-ערוצים - מקור'!$B$2:$B$85,D$3,'סוכנים-ערוצים - מקור'!$C$2:$C$85,2026) | E8: =SUMIFS('סוכנים-ערוצים - מקור'!$D$2:$D$85,'סוכנים-ערוצים - מקור'!$A$2:$A$85,$A8,'סוכנים-ערוצים - מקור'!$B$2:$B$85,E$3,'סוכנים-ערוצים - מקור'!$C$2:$C$85,2026) | F8: =SUMIFS('סוכנים-ערוצים - מקור'!$D$2:$D$85,'סוכנים-ערוצים - מקור'!$A$2:$A$85,$A8,'סוכנים-ערוצים - מקור'!$B$2:$B$85,F$3,'סוכנים-ערוצים - מקור'!$C$2:$C$85,2026) | G8: =SUMIFS('סוכנים-ערוצים - מקור'!$D$2:$D$85,'סוכנים-ערוצים - מקור'!$A$2:$A$85,$A8,'סוכנים-ערוצים - מקור'!$B$2:$B$85,G$3,'סוכנים-ערוצים - מקור'!$C$2:$C$85,2026) | H8: =SUMIFS('סוכנים-ערוצים - מקור'!$D$2:$D$85,'סוכנים-ערוצים - מקור'!$A$2:$A$85,$A8,'סוכנים-ערוצים - מקור'!$B$2:$B$85,H$3,'סוכנים-ערוצים - מקור'!$C$2:$C$85,2026) | I8: =SUM(B8:H8)
A9: - Unassigned - | B9: =SUMIFS('סוכנים-ערוצים - מקור'!$D$2:$D$85,'סוכנים-ערוצים - מקור'!$A$2:$A$85,$A9,'סוכנים-ערוצים - מקור'!$B$2:$B$85,B$3,'סוכנים-ערוצים - מקור'!$C$2:$C$85,2026) | C9: =SUMIFS('סוכנים-ערוצים - מקור'!$D$2:$D$85,'סוכנים-ערוצים - מקור'!$A$2:$A$85,$A9,'סוכנים-ערוצים - מקור'!$B$2:$B$85,C$3,'סוכנים-ערוצים - מקור'!$C$2:$C$85,2026) | D9: =SUMIFS('סוכנים-ערוצים - מקור'!$D$2:$D$85,'סוכנים-ערוצים - מקור'!$A$2:$A$85,$A9,'סוכנים-ערוצים - מקור'!$B$2:$B$85,D$3,'סוכנים-ערוצים - מקור'!$C$2:$C$85,2026) | E9: =SUMIFS('סוכנים-ערוצים - מקור'!$D$2:$D$85,'סוכנים-ערוצים - מקור'!$A$2:$A$85,$A9,'סוכנים-ערוצים - מקור'!$B$2:$B$85,E$3,'סוכנים-ערוצים - מקור'!$C$2:$C$85,2026) | F9: =SUMIFS('סוכנים-ערוצים - מקור'!$D$2:$D$85,'סוכנים-ערוצים - מקור'!$A$2:$A$85,$A9,'סוכנים-ערוצים - מקור'!$B$2:$B$85,F$3,'סוכנים-ערוצים - מקור'!$C$2:$C$85,2026) | G9: =SUMIFS('סוכנים-ערוצים - מקור'!$D$2:$D$85,'סוכנים-ערוצים - מקור'!$A$2:$A$85,$A9,'סוכנים-ערוצים - מקור'!$B$2:$B$85,G$3,'סוכנים-ערוצים - מקור'!$C$2:$C$85,2026) | H9: =SUMIFS('סוכנים-ערוצים - מקור'!$D$2:$D$85,'סוכנים-ערוצים - מקור'!$A$2:$A$85,$A9,'סוכנים-ערוצים - מקור'!$B$2:$B$85,H$3,'סוכנים-ערוצים - מקור'!$C$2:$C$85,2026) | I9: =SUM(B9:H9)
A10: סה"כ | B10: =SUM(B4:B9) | C10: =SUM(C4:C9) | D10: =SUM(D4:D9) | E10: =SUM(E4:E9) | F10: =SUM(F4:F9) | G10: =SUM(G4:G9) | H10: =SUM(H4:H9) | I10: =SUM(I4:I9)
A12: טבלה ב׳: סה"כ מכר (₪)
A13: סוכן | B13: 102 - Orthopedic institutes | C13: 103 - Physiotherapy institutes | D13: 104 - Sports Shop | E13: 105 - Pedicure Salons | F13: 107 - Pharmacies | G13: 108 - Shoe Stores | H13: 109 - Private Shops | I13: סה"כ 7 הערוצים (₪)
A14: אמזלג × מירב שירה | B14: =SUMIFS('סוכנים-ערוצים - מקור'!$E$2:$E$85,'סוכנים-ערוצים - מקור'!$A$2:$A$85,$A14,'סוכנים-ערוצים - מקור'!$B$2:$B$85,B$13,'סוכנים-ערוצים - מקור'!$C$2:$C$85,2026) | C14: =SUMIFS('סוכנים-ערוצים - מקור'!$E$2:$E$85,'סוכנים-ערוצים - מקור'!$A$2:$A$85,$A14,'סוכנים-ערוצים - מקור'!$B$2:$B$85,C$13,'סוכנים-ערוצים - מקור'!$C$2:$C$85,2026) | D14: =SUMIFS('סוכנים-ערוצים - מקור'!$E$2:$E$85,'סוכנים-ערוצים - מקור'!$A$2:$A$85,$A14,'סוכנים-ערוצים - מקור'!$B$2:$B$85,D$13,'סוכנים-ערוצים - מקור'!$C$2:$C$85,2026) | E14: =SUMIFS('סוכנים-ערוצים - מקור'!$E$2:$E$85,'סוכנים-ערוצים - מקור'!$A$2:$A$85,$A14,'סוכנים-ערוצים - מקור'!$B$2:$B$85,E$13,'סוכנים-ערוצים - מקור'!$C$2:$C$85,2026) | F14: =SUMIFS('סוכנים-ערוצים - מקור'!$E$2:$E$85,'סוכנים-ערוצים - מקור'!$A$2:$A$85,$A14,'סוכנים-ערוצים - מקור'!$B$2:$B$85,F$13,'סוכנים-ערוצים - מקור'!$C$2:$C$85,2026) | G14: =SUMIFS('סוכנים-ערוצים - מקור'!$E$2:$E$85,'סוכנים-ערוצים - מקור'!$A$2:$A$85,$A14,'סוכנים-ערוצים - מקור'!$B$2:$B$85,G$13,'סוכנים-ערוצים - מקור'!$C$2:$C$85,2026) | H14: =SUMIFS('סוכנים-ערוצים - מקור'!$E$2:$E$85,'סוכנים-ערוצים - מקור'!$A$2:$A$85,$A14,'סוכנים-ערוצים - מקור'!$B$2:$B$85,H$13,'סוכנים-ערוצים - מקור'!$C$2:$C$85,2026) | I14: =SUM(B14:H14)
A15: אזולאי דוד | B15: =SUMIFS('סוכנים-ערוצים - מקור'!$E$2:$E$85,'סוכנים-ערוצים - מקור'!$A$2:$A$85,$A15,'סוכנים-ערוצים - מקור'!$B$2:$B$85,B$13,'סוכנים-ערוצים - מקור'!$C$2:$C$85,2026) | C15: =SUMIFS('סוכנים-ערוצים - מקור'!$E$2:$E$85,'סוכנים-ערוצים - מקור'!$A$2:$A$85,$A15,'סוכנים-ערוצים - מקור'!$B$2:$B$85,C$13,'סוכנים-ערוצים - מקור'!$C$2:$C$85,2026) | D15: =SUMIFS('סוכנים-ערוצים - מקור'!$E$2:$E$85,'סוכנים-ערוצים - מקור'!$A$2:$A$85,$A15,'סוכנים-ערוצים - מקור'!$B$2:$B$85,D$13,'סוכנים-ערוצים - מקור'!$C$2:$C$85,2026) | E15: =SUMIFS('סוכנים-ערוצים - מקור'!$E$2:$E$85,'סוכנים-ערוצים - מקור'!$A$2:$A$85,$A15,'סוכנים-ערוצים - מקור'!$B$2:$B$85,E$13,'סוכנים-ערוצים - מקור'!$C$2:$C$85,2026) | F15: =SUMIFS('סוכנים-ערוצים - מקור'!$E$2:$E$85,'סוכנים-ערוצים - מקור'!$A$2:$A$85,$A15,'סוכנים-ערוצים - מקור'!$B$2:$B$85,F$13,'סוכנים-ערוצים - מקור'!$C$2:$C$85,2026) | G15: =SUMIFS('סוכנים-ערוצים - מקור'!$E$2:$E$85,'סוכנים-ערוצים - מקור'!$A$2:$A$85,$A15,'סוכנים-ערוצים - מקור'!$B$2:$B$85,G$13,'סוכנים-ערוצים - מקור'!$C$2:$C$85,2026) | H15: =SUMIFS('סוכנים-ערוצים - מקור'!$E$2:$E$85,'סוכנים-ערוצים - מקור'!$A$2:$A$85,$A15,'סוכנים-ערוצים - מקור'!$B$2:$B$85,H$13,'סוכנים-ערוצים - מקור'!$C$2:$C$85,2026) | I15: =SUM(B15:H15)
A16: סטניסלב נסאר | B16: =SUMIFS('סוכנים-ערוצים - מקור'!$E$2:$E$85,'סוכנים-ערוצים - מקור'!$A$2:$A$85,$A16,'סוכנים-ערוצים - מקור'!$B$2:$B$85,B$13,'סוכנים-ערוצים - מקור'!$C$2:$C$85,2026) | C16: =SUMIFS('סוכנים-ערוצים - מקור'!$E$2:$E$85,'סוכנים-ערוצים - מקור'!$A$2:$A$85,$A16,'סוכנים-ערוצים - מקור'!$B$2:$B$85,C$13,'סוכנים-ערוצים - מקור'!$C$2:$C$85,2026) | D16: =SUMIFS('סוכנים-ערוצים - מקור'!$E$2:$E$85,'סוכנים-ערוצים - מקור'!$A$2:$A$85,$A16,'סוכנים-ערוצים - מקור'!$B$2:$B$85,D$13,'סוכנים-ערוצים - מקור'!$C$2:$C$85,2026) | E16: =SUMIFS('סוכנים-ערוצים - מקור'!$E$2:$E$85,'סוכנים-ערוצים - מקור'!$A$2:$A$85,$A16,'סוכנים-ערוצים - מקור'!$B$2:$B$85,E$13,'סוכנים-ערוצים - מקור'!$C$2:$C$85,2026) | F16: =SUMIFS('סוכנים-ערוצים - מקור'!$E$2:$E$85,'סוכנים-ערוצים - מקור'!$A$2:$A$85,$A16,'סוכנים-ערוצים - מקור'!$B$2:$B$85,F$13,'סוכנים-ערוצים - מקור'!$C$2:$C$85,2026) | G16: =SUMIFS('סוכנים-ערוצים - מקור'!$E$2:$E$85,'סוכנים-ערוצים - מקור'!$A$2:$A$85,$A16,'סוכנים-ערוצים - מקור'!$B$2:$B$85,G$13,'סוכנים-ערוצים - מקור'!$C$2:$C$85,2026) | H16: =SUMIFS('סוכנים-ערוצים - מקור'!$E$2:$E$85,'סוכנים-ערוצים - מקור'!$A$2:$A$85,$A16,'סוכנים-ערוצים - מקור'!$B$2:$B$85,H$13,'סוכנים-ערוצים - מקור'!$C$2:$C$85,2026) | I16: =SUM(B16:H16)
A17: חאזם תלחמי | B17: =SUMIFS('סוכנים-ערוצים - מקור'!$E$2:$E$85,'סוכנים-ערוצים - מקור'!$A$2:$A$85,$A17,'סוכנים-ערוצים - מקור'!$B$2:$B$85,B$13,'סוכנים-ערוצים - מקור'!$C$2:$C$85,2026) | C17: =SUMIFS('סוכנים-ערוצים - מקור'!$E$2:$E$85,'סוכנים-ערוצים - מקור'!$A$2:$A$85,$A17,'סוכנים-ערוצים - מקור'!$B$2:$B$85,C$13,'סוכנים-ערוצים - מקור'!$C$2:$C$85,2026) | D17: =SUMIFS('סוכנים-ערוצים - מקור'!$E$2:$E$85,'סוכנים-ערוצים - מקור'!$A$2:$A$85,$A17,'סוכנים-ערוצים - מקור'!$B$2:$B$85,D$13,'סוכנים-ערוצים - מקור'!$C$2:$C$85,2026) | E17: =SUMIFS('סוכנים-ערוצים - מקור'!$E$2:$E$85,'סוכנים-ערוצים - מקור'!$A$2:$A$85,$A17,'סוכנים-ערוצים - מקור'!$B$2:$B$85,E$13,'סוכנים-ערוצים - מקור'!$C$2:$C$85,2026) | F17: =SUMIFS('סוכנים-ערוצים - מקור'!$E$2:$E$85,'סוכנים-ערוצים - מקור'!$A$2:$A$85,$A17,'סוכנים-ערוצים - מקור'!$B$2:$B$85,F$13,'סוכנים-ערוצים - מקור'!$C$2:$C$85,2026) | G17: =SUMIFS('סוכנים-ערוצים - מקור'!$E$2:$E$85,'סוכנים-ערוצים - מקור'!$A$2:$A$85,$A17,'סוכנים-ערוצים - מקור'!$B$2:$B$85,G$13,'סוכנים-ערוצים - מקור'!$C$2:$C$85,2026) | H17: =SUMIFS('סוכנים-ערוצים - מקור'!$E$2:$E$85,'סוכנים-ערוצים - מקור'!$A$2:$A$85,$A17,'סוכנים-ערוצים - מקור'!$B$2:$B$85,H$13,'סוכנים-ערוצים - מקור'!$C$2:$C$85,2026) | I17: =SUM(B17:H17)
A18: חיים ויצמן | B18: =SUMIFS('סוכנים-ערוצים - מקור'!$E$2:$E$85,'סוכנים-ערוצים - מקור'!$A$2:$A$85,$A18,'סוכנים-ערוצים - מקור'!$B$2:$B$85,B$13,'סוכנים-ערוצים - מקור'!$C$2:$C$85,2026) | C18: =SUMIFS('סוכנים-ערוצים - מקור'!$E$2:$E$85,'סוכנים-ערוצים - מקור'!$A$2:$A$85,$A18,'סוכנים-ערוצים - מקור'!$B$2:$B$85,C$13,'סוכנים-ערוצים - מקור'!$C$2:$C$85,2026) | D18: =SUMIFS('סוכנים-ערוצים - מקור'!$E$2:$E$85,'סוכנים-ערוצים - מקור'!$A$2:$A$85,$A18,'סוכנים-ערוצים - מקור'!$B$2:$B$85,D$13,'סוכנים-ערוצים - מקור'!$C$2:$C$85,2026) | E18: =SUMIFS('סוכנים-ערוצים - מקור'!$E$2:$E$85,'סוכנים-ערוצים - מקור'!$A$2:$A$85,$A18,'סוכנים-ערוצים - מקור'!$B$2:$B$85,E$13,'סוכנים-ערוצים - מקור'!$C$2:$C$85,2026) | F18: =SUMIFS('סוכנים-ערוצים - מקור'!$E$2:$E$85,'סוכנים-ערוצים - מקור'!$A$2:$A$85,$A18,'סוכנים-ערוצים - מקור'!$B$2:$B$85,F$13,'סוכנים-ערוצים - מקור'!$C$2:$C$85,2026) | G18: =SUMIFS('סוכנים-ערוצים - מקור'!$E$2:$E$85,'סוכנים-ערוצים - מקור'!$A$2:$A$85,$A18,'סוכנים-ערוצים - מקור'!$B$2:$B$85,G$13,'סוכנים-ערוצים - מקור'!$C$2:$C$85,2026) | H18: =SUMIFS('סוכנים-ערוצים - מקור'!$E$2:$E$85,'סוכנים-ערוצים - מקור'!$A$2:$A$85,$A18,'סוכנים-ערוצים - מקור'!$B$2:$B$85,H$13,'סוכנים-ערוצים - מקור'!$C$2:$C$85,2026) | I18: =SUM(B18:H18)
A19: - Unassigned - | B19: =SUMIFS('סוכנים-ערוצים - מקור'!$E$2:$E$85,'סוכנים-ערוצים - מקור'!$A$2:$A$85,$A19,'סוכנים-ערוצים - מקור'!$B$2:$B$85,B$13,'סוכנים-ערוצים - מקור'!$C$2:$C$85,2026) | C19: =SUMIFS('סוכנים-ערוצים - מקור'!$E$2:$E$85,'סוכנים-ערוצים - מקור'!$A$2:$A$85,$A19,'סוכנים-ערוצים - מקור'!$B$2:$B$85,C$13,'סוכנים-ערוצים - מקור'!$C$2:$C$85,2026) | D19: =SUMIFS('סוכנים-ערוצים - מקור'!$E$2:$E$85,'סוכנים-ערוצים - מקור'!$A$2:$A$85,$A19,'סוכנים-ערוצים - מקור'!$B$2:$B$85,D$13,'סוכנים-ערוצים - מקור'!$C$2:$C$85,2026) | E19: =SUMIFS('סוכנים-ערוצים - מקור'!$E$2:$E$85,'סוכנים-ערוצים - מקור'!$A$2:$A$85,$A19,'סוכנים-ערוצים - מקור'!$B$2:$B$85,E$13,'סוכנים-ערוצים - מקור'!$C$2:$C$85,2026) | F19: =SUMIFS('סוכנים-ערוצים - מקור'!$E$2:$E$85,'סוכנים-ערוצים - מקור'!$A$2:$A$85,$A19,'סוכנים-ערוצים - מקור'!$B$2:$B$85,F$13,'סוכנים-ערוצים - מקור'!$C$2:$C$85,2026) | G19: =SUMIFS('סוכנים-ערוצים - מקור'!$E$2:$E$85,'סוכנים-ערוצים - מקור'!$A$2:$A$85,$A19,'סוכנים-ערוצים - מקור'!$B$2:$B$85,G$13,'סוכנים-ערוצים - מקור'!$C$2:$C$85,2026) | H19: =SUMIFS('סוכנים-ערוצים - מקור'!$E$2:$E$85,'סוכנים-ערוצים - מקור'!$A$2:$A$85,$A19,'סוכנים-ערוצים - מקור'!$B$2:$B$85,H$13,'סוכנים-ערוצים - מקור'!$C$2:$C$85,2026) | I19: =SUM(B19:H19)
A20: סה"כ | B20: =SUM(B14:B19) | C20: =SUM(C14:C19) | D20: =SUM(D14:D19) | E20: =SUM(E14:E19) | F20: =SUM(F14:F19) | G20: =SUM(G14:G19) | H20: =SUM(H14:H19) | I20: =SUM(I14:I19)

Sheet סוכנים-ערוצים סיכום
A1: סוכנים-ערוצים — סיכום 2025 מול 2026 (סה"כ 7 ערוצים)
A3: סוכן | B3: לקוחות 2025 (7 ערוצים) | C3: לקוחות 2026 (7 ערוצים) | D3: מכר 2025 (₪, 12 ח׳) | E3: מכר 2026 גולמי (₪, 9 ח׳) | F3: מכר 2026 מנורמל (₪, ×12/9) | G3: % שינוי מכר (מנורמל) | H3: ₪ שינוי מכר (מנורמל)
A4: אמזלג × מירב שירה | B4: =SUMIFS('סוכנים-ערוצים - מקור'!$D$2:$D$85,'סוכנים-ערוצים - מקור'!$A$2:$A$85,$A4,'סוכנים-ערוצים - מקור'!$C$2:$C$85,2025) | C4: =SUMIFS('סוכנים-ערוצים - מקור'!$D$2:$D$85,'סוכנים-ערוצים - מקור'!$A$2:$A$85,$A4,'סוכנים-ערוצים - מקור'!$C$2:$C$85,2026) | D4: =SUMIFS('סוכנים-ערוצים - מקור'!$E$2:$E$85,'סוכנים-ערוצים - מקור'!$A$2:$A$85,$A4,'סוכנים-ערוצים - מקור'!$C$2:$C$85,2025) | E4: =SUMIFS('סוכנים-ערוצים - מקור'!$E$2:$E$85,'סוכנים-ערוצים - מקור'!$A$2:$A$85,$A4,'סוכנים-ערוצים - מקור'!$C$2:$C$85,2026) | F4: =E4*12/9 | G4: =IF(D4=0,"",(F4-D4)/D4) | H4: =F4-D4
A5: אזולאי דוד | B5: =SUMIFS('סוכנים-ערוצים - מקור'!$D$2:$D$85,'סוכנים-ערוצים - מקור'!$A$2:$A$85,$A5,'סוכנים-ערוצים - מקור'!$C$2:$C$85,2025) | C5: =SUMIFS('סוכנים-ערוצים - מקור'!$D$2:$D$85,'סוכנים-ערוצים - מקור'!$A$2:$A$85,$A5,'סוכנים-ערוצים - מקור'!$C$2:$C$85,2026) | D5: =SUMIFS('סוכנים-ערוצים - מקור'!$E$2:$E$85,'סוכנים-ערוצים - מקור'!$A$2:$A$85,$A5,'סוכנים-ערוצים - מקור'!$C$2:$C$85,2025) | E5: =SUMIFS('סוכנים-ערוצים - מקור'!$E$2:$E$85,'סוכנים-ערוצים - מקור'!$A$2:$A$85,$A5,'סוכנים-ערוצים - מקור'!$C$2:$C$85,2026) | F5: =E5*12/9 | G5: =IF(D5=0,"",(F5-D5)/D5) | H5: =F5-D5
A6: סטניסלב נסאר | B6: =SUMIFS('סוכנים-ערוצים - מקור'!$D$2:$D$85,'סוכנים-ערוצים - מקור'!$A$2:$A$85,$A6,'סוכנים-ערוצים - מקור'!$C$2:$C$85,2025) | C6: =SUMIFS('סוכנים-ערוצים - מקור'!$D$2:$D$85,'סוכנים-ערוצים - מקור'!$A$2:$A$85,$A6,'סוכנים-ערוצים - מקור'!$C$2:$C$85,2026) | D6: =SUMIFS('סוכנים-ערוצים - מקור'!$E$2:$E$85,'סוכנים-ערוצים - מקור'!$A$2:$A$85,$A6,'סוכנים-ערוצים - מקור'!$C$2:$C$85,2025) | E6: =SUMIFS('סוכנים-ערוצים - מקור'!$E$2:$E$85,'סוכנים-ערוצים - מקור'!$A$2:$A$85,$A6,'סוכנים-ערוצים - מקור'!$C$2:$C$85,2026) | F6: =E6*12/9 | G6: =IF(D6=0,"",(F6-D6)/D6) | H6: =F6-D6
A7: חאזם תלחמי | B7: =SUMIFS('סוכנים-ערוצים - מקור'!$D$2:$D$85,'סוכנים-ערוצים - מקור'!$A$2:$A$85,$A7,'סוכנים-ערוצים - מקור'!$C$2:$C$85,2025) | C7: =SUMIFS('סוכנים-ערוצים - מקור'!$D$2:$D$85,'סוכנים-ערוצים - מקור'!$A$2:$A$85,$A7,'סוכנים-ערוצים - מקור'!$C$2:$C$85,2026) | D7: =SUMIFS('סוכנים-ערוצים - מקור'!$E$2:$E$85,'סוכנים-ערוצים - מקור'!$A$2:$A$85,$A7,'סוכנים-ערוצים - מקור'!$C$2:$C$85,2025) | E7: =SUMIFS('סוכנים-ערוצים - מקור'!$E$2:$E$85,'סוכנים-ערוצים - מקור'!$A$2:$A$85,$A7,'סוכנים-ערוצים - מקור'!$C$2:$C$85,2026) | F7: =E7*12/9 | G7: =IF(D7=0,"",(F7-D7)/D7) | H7: =F7-D7
A8: חיים ויצמן | B8: =SUMIFS('סוכנים-ערוצים - מקור'!$D$2:$D$85,'סוכנים-ערוצים - מקור'!$A$2:$A$85,$A8,'סוכנים-ערוצים - מקור'!$C$2:$C$85,2025) | C8: =SUMIFS('סוכנים-ערוצים - מקור'!$D$2:$D$85,'סוכנים-ערוצים - מקור'!$A$2:$A$85,$A8,'סוכנים-ערוצים - מקור'!$C$2:$C$85,2026) | D8: =SUMIFS('סוכנים-ערוצים - מקור'!$E$2:$E$85,'סוכנים-ערוצים - מקור'!$A$2:$A$85,$A8,'סוכנים-ערוצים - מקור'!$C$2:$C$85,2025) | E8: =SUMIFS('סוכנים-ערוצים - מקור'!$E$2:$E$85,'סוכנים-ערוצים - מקור'!$A$2:$A$85,$A8,'סוכנים-ערוצים - מקור'!$C$2:$C$85,2026) | F8: =E8*12/9 | G8: =IF(D8=0,"",(F8-D8)/D8) | H8: =F8-D8
A9: - Unassigned - | B9: =SUMIFS('סוכנים-ערוצים - מקור'!$D$2:$D$85,'סוכנים-ערוצים - מקור'!$A$2:$A$85,$A9,'סוכנים-ערוצים - מקור'!$C$2:$C$85,2025) | C9: =SUMIFS('סוכנים-ערוצים - מקור'!$D$2:$D$85,'סוכנים-ערוצים - מקור'!$A$2:$A$85,$A9,'סוכנים-ערוצים - מקור'!$C$2:$C$85,2026) | D9: =SUMIFS('סוכנים-ערוצים - מקור'!$E$2:$E$85,'סוכנים-ערוצים - מקור'!$A$2:$A$85,$A9,'סוכנים-ערוצים - מקור'!$C$2:$C$85,2025) | E9: =SUMIFS('סוכנים-ערוצים - מקור'!$E$2:$E$85,'סוכנים-ערוצים - מקור'!$A$2:$A$85,$A9,'סוכנים-ערוצים - מקור'!$C$2:$C$85,2026) | F9: =E9*12/9 | G9: =IF(D9=0,"",(F9-D9)/D9) | H9: =F9-D9
A10: סה"כ | B10: =SUM(B4:B9) | C10: =SUM(C4:C9) | D10: =SUM(D4:D9) | E10: =SUM(E4:E9) | F10: =SUM(F4:F9) | G10: =IF(D10=0,"",(F10-D10)/D10) | H10: =SUM(H4:H9)

Sheet לקוחות לפי סוכן - מקור
A1: סוכן | B1: קוד ערוץ | C1: ערוץ (קוד+שם) | D1: קוד לקוח | E1: שם לקוח/חנות | F1: מכר 2025 (₪) | G1: מכר 2026 (₪) | H1: כמות 2025 | I1: כמות 2026 | J1: סוג שורה (מקור) | K1: מקור הנתון
A2: אמזלג × מירב שירה | B2: 102 | C2: 102 - Orthopedic institutes | D2: C02263 | E2: C02263 ע.ר. שיקום | F2: 12199.86 | G2: 6130.47 | H2: 134 | I2: 72 | J2: normal | K2: NetSuite
A3: אמזלג × מירב שירה | B3: 102 | C3: 102 - Orthopedic institutes | D3: C02299 | E3: C02299 גנאים מוחמד | F3: 1050.47 | G3: 3378.25 | H3: 15 | I3: 20 | J3: normal | K3: NetSuite
A4: אמזלג × מירב שירה | B4: 102 | C4: 102 - Orthopedic institutes | D4: C02306 | E4: C02306 לאדימו בעמ | F4: 11908.73 | G4: 0 | H4: 173 | I4: 0 | J4: normal | K4: NetSuite
A5: אמזלג × מירב שירה | B5: 102 | C5: 102 - Orthopedic institutes | D5: C02318 | E5: C02318 סופר ספיר בעמ | F5: 0 | G5: 2792.65 | H5: 0 | I5: 81 | J5: normal | K5: NetSuite
A6: אמזלג × מירב שירה | B6: 103 | C6: 103 - Physiotherapy institutes | D6: 150394 | E6: 150394 לור שרותי בריאות | F6: 7295.31 | G6: 0 | H6: 167 | I6: 0 | J6: normal | K6: NetSuite
A7: אמזלג × מירב שירה | B7: 103 | C7: 103 - Physiotherapy institutes | D7: 150394SC1 | E7: 150394 לור שרותי בריאות : 150394SC1 לור שירותי בריאות | F7: 11551.59 | G7: 57937.82 | H7: 324 | I7: 765 | J7: normal | K7: NetSuite
A8: אמזלג × מירב שירה | B8: 103 | C8: 103 - Physiotherapy institutes | D8: C02303 | E8: C02303 אוריה מורן אטלס רפואה שלמה | F8: 701.16 | G8: 1309.35 | H8: 8 | I8: 16 | J8: normal | K8: NetSuite
A9: אמזלג × מירב שירה | B9: 103 | C9: 103 - Physiotherapy institutes | D9: C02319 | E9: C02319 אייביתרפיה | F9: 0 | G9: 4593.24 | H9: 0 | I9: 66 | J9: normal | K9: NetSuite
A10: אמזלג × מירב שירה | B10: 103 | C10: 103 - Physiotherapy institutes | D10: C02320 | E10: C02320 יער מדיקס חיפה בעמ | F10: 0 | G10: 1367.83 | H10: 0 | I10: 14 | J10: normal | K10: NetSuite
A11: אמזלג × מירב שירה | B11: 103 | C11: 103 - Physiotherapy institutes | D11: C02332 | E11: C02332 גרניט טל | F11: 0 | G11: 360 | H11: 0 | I11: 12 | J11: normal | K11: NetSuite
A12: אמזלג × מירב שירה | B12: 104 | C12: 104 - Sports Shop | D12: C02324 | E12: C02324 דרור ספורט | F12: 0 | G12: 1896.82 | H12: 0 | I12: 59 | J12: normal | K12: NetSuite
A13: אמזלג × מירב שירה | B13: 108 | C13: 108 - Shoe Stores | D13: C02283 | E13: C02283 אדור למסחר כללי ואופנה בע"מ | F13: 19065.38 | G13: 0 | H13: 833 | I13: 0 | J13: normal | K13: NetSuite
... A55: אזולאי דוד | B55: 109 | C55: 109 - Private Shops | D55: C02175 | E55: C02175 סלון בלומה | F55: 0 | G55: 1071.99 | H55: 0 | I55: 4 | J55: normal | K55: NetSuite
A56: אזולאי דוד | C56: 0בתי מרקחת | E56: בתי מרקחת פרטי | G56: 205825.6 | K56: CHMI
A57: אזולאי דוד | C57: רשת י-ם | E57: רמת שלמה פארם בע""מ י-ם ב.מ | G57: 1338.5 | K57: CHMI
A58: אזולאי דוד | C58: רשת י-ם | E58: ברודר ב.שמש ב.מ | G58: 75.8 | K58: CHMI
A59: אזולאי דוד | C59: רשת י-ם | E59: בקשי מחנה יהודה י-ם ב.מ | G59: 5722.7 | K59: CHMI
A60: אזולאי דוד | C60: רשת י-ם | E60: גאולה י-ם ב.מ | G60: 23194.1 | K60: CHMI
A61: אזולאי דוד | C61: רשת י-ם | E61: גבעת זאב י-ם ב.מ | G61: 5895.1 | K61: CHMI
A62: אזולאי דוד | C62: רשת י-ם | E62: גבעת שאול ב.מ-מדי פלוס בע""מ | G62: 6197.8 | K62: CHMI
A63: אזולאי דוד | C63: רשת י-ם | E63: אורנים פארם ירושלים ב.מ | G63: 9183.2 | K63: CHMI
A64: אזולאי דוד | C64: רשת י-ם | E64: מזור י-ם ב.מ | G64: 805.4 | K64: CHMI
A65: אזולאי דוד | C65: רשת י-ם | E65: ב.מ סנהדריה מדי פלוס | G65: 5440.6 | K65: CHMI
A66: אזולאי דוד | C66: רשת י-ם | E66: עוזיאל י-ם ב.מ | G66: 5545.8 | K66: CHMI
A67: אזולאי דוד | C67: רשת י-ם | E67: 01.10 ב.מ.פארמה שאול בע""מ | G67: 1944.3 | K67: CHMI
... A213: אזולאי דוד | C213: 0קופות חולים | E213: 7339 מאוחדת נופי סלע | G213: 500 | K213: CHMI
A214: סטניסלב נסאר | B214: 102 | C214: 102 - Orthopedic institutes | D214: 150004 | E214: 150004 מדיקל אופיר ב"ש בע"מ | F214: 1168.01 | G214: 6564.05 | H214: 10 | I214: 36 | J214: normal | K214: NetSuite
A215: סטניסלב נסאר | B215: 102 | C215: 102 - Orthopedic institutes | D215: 150012 | E215: 150012 אשד אורטופדיה בע"מ | F215: 6530.09 | G215: 8357.19 | H215: 67 | I215: 58 | J215: normal | K215: NetSuite
A216: סטניסלב נסאר | B216: 102 | C216: 102 - Orthopedic institutes | D216: 150027 | E216: 150027 ברזילי אורטופדיה-ר"ג | F216: 3591.62 | G216: 1722.1 | H216: 46 | I216: 30 | J216: normal | K216: NetSuite
A217: סטניסלב נסאר | B217: 102 | C217: 102 - Orthopedic institutes | D217: 150035 | E217: 150035 אורטו-ארט | F217: 4469.01 | G217: 2526.09 | H217: 43 | I217: 16 | J217: normal | K217: NetSuite
A218: סטניסלב נסאר | B218: 102 | C218: 102 - Orthopedic institutes | D218: 150139 | E218: 150139 מדילייט-אורטופדיה | F218: 37290.96 | G218: 24733.21 | H218: 331 | I218: 213 | J218: normal | K218: NetSuite
A219: סטניסלב נסאר | B219: 102 | C219: 102 - Orthopedic institutes | D219: 150173 | E219: 150173 ש.א.ש פתרונות ציוד בע"מ | F219: -2984.01 | G219: 0 | H219: -53 | I219: 0 | J219: normal | K219: NetSuite
A220: סטניסלב נסאר | B220: 102 | C220: 102 - Orthopedic institutes | D220: 150230 | E220: 150230 המומחים - בית של יעל | F220: 310 | G220: -510.01 | H220: 3 | I220: -3 | J220: normal | K220: NetSuite
A221: סטניסלב נסאר | B221: 102 | C221: 102 - Orthopedic institutes | D221: 150337 | E221: 150337 עמיאל באלאנס ב"ש בע"מ | F221: 1472.95 | G221: 424.88 | H221: 45 | I221: -29 | J221: normal | K221: NetSuite
A222: סטניסלב נסאר | B222: 102 | C222: 102 - Orthopedic institutes | D222: 151054 | E222: 151054 אורטופדיה סנטר | F222: 210 | G222: 0 | H222: 2 | I222: 0 | J222: normal | K222: NetSuite
A223: סטניסלב נסאר | B223: 102 | C223: 102 - Orthopedic institutes | D223: 151093 | E223: 151093 איזי סטיפס | F223: 3501.12 | G223: 584.99 | H223: 32 | I223: 4 | J223: normal | K223: NetSuite
A224: סטניסלב נסאר | B224: 102 | C224: 102 - Orthopedic institutes | D224: 151187 | E224: 151187 משי אורלגין בע"מ | F224: 12577.69 | G224: 7425.85 | H224: 124 | I224: 77 | J224: normal | K224: NetSuite
A225: סטניסלב נסאר | B225: 102 | C225: 102 - Orthopedic institutes | D225: C02178 | E225: C02178 עולם האורטופדיה | F225: 5383.36 | G225: 5171.17 | H225: 42 | I225: 34 | J225: normal | K225: NetSuite
... A239: סטניסלב נסאר | B239: 109 | C239: 109 - Private Shops | D239: C02231SC4 | E239: C02231 ש.ל.י. סיירת ציוד בעמ : C02231SC4 ש.ל.י סיירת ציוד בעמ באר שבע | F239: 3820.38 | G239: 0 | H239: 159 | I239: 0 | J239: normal | K239: NetSuite
A240: סטניסלב נסאר | C240: 0בתי מרקחת | E240: בתי מרקחת פרטי | G240: 79610 | K240: CHMI
A241: סטניסלב נסאר | C241: מגזר ערבי | E241: אבו עזמי טירה ב.מ | G241: 3404.2 | K241: CHMI
A242: סטניסלב נסאר | C242: מגזר ערבי | E242: אלהאם פארם בענה ב.מ | G242: -0.9 | K242: CHMI
A243: סטניסלב נסאר | C243: מגזר ערבי | E243: אדם רוקחות בע""מ טירה ב.מ | G243: 5798.4 | K243: CHMI
A244: סטניסלב נסאר | C244: מגזר ערבי | E244: אלחייאת ב.מ אל סייד | G244: 6486.8 | K244: CHMI
A245: סטניסלב נסאר | C245: שרם | E245: מזור יבנה ב.מ שרמפארם | G245: 94.1 | K245: CHMI
A246: סטניסלב נסאר | C246: שרם | E246: פארם דרום רהט שרם | G246: 262.4 | K246: CHMI
A247: סטניסלב נסאר | C247: שרם | E247: ב.מ הלא - אלפי מנשה שרמפארם | G247: 5367.9 | K247: CHMI
A248: סטניסלב נסאר | C248: שרם | E248: הלא ג'לג'וליה ב.מ שרםפארם | G248: 8264.4 | K248: CHMI
A249: סטניסלב נסאר | C249: שרם | E249: אבי 2 ר""ג שרםפארם | G249: 2667.8 | K249: CHMI
A250: סטניסלב נסאר | C250: שרם | E250: תל גנים ב.מ שרםפארם גבעתיים | G250: 3470.3 | K250: CHMI
A251: סטניסלב נסאר | C251: שרם | E251: פארם לקיה ב.מ ש.ר.ם | G251: 1355.6 | K251: CHMI
... A391: סטניסלב נסאר | C391: 0קופות חולים | E391: 7346 מאוחדת פארם אפרת | G391: 324.1 | K391: CHMI
A392: חאזם תלחמי | B392: 102 | C392: 102 - Orthopedic institutes | D392: 150005 | E392: 150005 אקספרס הנעלה ועור בע"מ | F392: 22318.45 | G392: 22040.24 | H392: 351 | I392: 317 | J392: normal | K392: NetSuite
A393: חאזם תלחמי | B393: 102 | C393: 102 - Orthopedic institutes | D393: 150010 | E393: 150010 אור אורטופדיה | F393: 27346.95 | G393: 20846.97 | H393: 462 | I393: 348 | J393: normal | K393: NetSuite
A394: חאזם תלחמי | B394: 102 | C394: 102 - Orthopedic institutes | D394: 150013 | E394: 150013 גליל אורטופדיה | F394: 17270.19 | G394: 7296.18 | H394: 162 | I394: 67 | J394: normal | K394: NetSuite
A395: חאזם תלחמי | B395: 102 | C395: 102 - Orthopedic institutes | D395: 150020 | E395: 150020 בירו אורטופדיה (יוסי) | F395: 2728.9 | G395: 1425.36 | H395: 24 | I395: 14 | J395: normal | K395: NetSuite
A396: חאזם תלחמי | B396: 102 | C396: 102 - Orthopedic institutes | D396: 150041 | E396: 150041 דן סימון אורטופדיה-פנורמה | F396: 957.32 | G396: 422.28 | H396: 5 | I396: 2 | J396: normal | K396: NetSuite
A397: חאזם תלחמי | B397: 102 | C397: 102 - Orthopedic institutes | D397: 150051 | E397: 150051 הררי אורטופדיה | F397: 3463.81 | G397: 7057.04 | H397: 23 | I397: 65 | J397: normal | K397: NetSuite
A398: חאזם תלחמי | B398: 102 | C398: 102 - Orthopedic institutes | D398: 150067 | E398: 150067 גרינברג ר.ע.י.ה אורטופדיה | F398: 2892.01 | G398: 0 | H398: 12 | I398: 0 | J398: normal | K398: NetSuite
A399: חאזם תלחמי | B399: 102 | C399: 102 - Orthopedic institutes | D399: 150136 | E399: 150136 מידרך אורטופדיה | F399: 911.25 | G399: 0 | H399: 21 | I399: 0 | J399: normal | K399: NetSuite
A400: חאזם תלחמי | B400: 102 | C400: 102 - Orthopedic institutes | D400: 150170 | E400: 150170 אליאורט אורטופדיה מתקדמת | F400: 8159.39 | G400: 1723.04 | H400: 128 | I400: 15 | J400: normal | K400: NetSuite
A401: חאזם תלחמי | B401: 102 | C401: 102 - Orthopedic institutes | D401: 150181 | E401: 150181 מכון ציון-מרכזים רפואיים | F401: 11173.08 | G401: 5091.86 | H401: 83 | I401: 32 | J401: normal | K401: NetSuite
A402: חאזם תלחמי | B402: 102 | C402: 102 - Orthopedic institutes | D402: 150202 | E402: 150202 רוני אורטופדיה בע"מ | F402: 63875.02 | G402: 35989.62 | H402: 925 | I402: 442 | J402: normal | K402: NetSuite
A403: חאזם תלחמי | B403: 102 | C403: 102 - Orthopedic institutes | D403: 150208 | E403: 150208 בני אורטפדיה קרית שמונ | F403: 1143.27 | G403: 1149.18 | H403: 12 | I403: 11 | J403: normal | K403: NetSuite
... A483: חיים ויצמן | B483: 109 | C483: 109 - Private Shops | D483: C02270 | E483: C02270 טעם טבע של גיל | F483: 1287 | G483: 6024.15 | H483: 26 | I483: 86 | J483: normal | K483: NetSuite
A484: חיים ויצמן | C484: 0בתי מרקחת | E484: בתי מרקחת פרטי | G484: 77423.2 | K484: CHMI
A485: חיים ויצמן | C485: שור טבצניק | E485: שור טבצ'ניק ת""א ב.מ | G485: 3760 | K485: CHMI
A486: חיים ויצמן | C486: שרם | E486: המרקחה ב.מ 03.11 שרמפארם | G486: 9776.6 | K486: CHMI
A487: חיים ויצמן | C487: שרם | E487: טל שחר ת""א ב.מ שרםפארם | G487: 2020.2 | K487: CHMI
A488: חיים ויצמן | C488: שרם | E488: נחמיה ב""ב ב.מ שרםפארם | G488: 240.7 | K488: CHMI
A489: חיים ויצמן | C489: שרם | E489: יהודה הלוי ת""א ב.מ שרםפארם | G489: 452.2 | K489: CHMI
A490: חיים ויצמן | C490: שרם | E490: מרכז צפון ת""א ב.מ שרםפארם | G490: 1404 | K490: CHMI
A491: חיים ויצמן | C491: שרם | E491: בר אילן רעננה ב.מ שרמפארם | G491: 1061.8 | K491: CHMI
A492: חיים ויצמן | C492: שרם | E492: .ברק )י.מ.שרותי רוקחות(ת""א ב.מ | G492: 3322.6 | K492: CHMI
A493: חיים ויצמן | C493: שרם | E493: פריים פארם-יהודה המכבי ב.מ.שרמ | G493: 8995.4 | K493: CHMI
A494: חיים ויצמן | C494: שרם | E494: המרכז נס ציונה ב.מ שרםפארם | G494: 1844.5 | K494: CHMI
A495: חיים ויצמן | C495: שרם | E495: כפר שמריהו ב.מ )חדש( שרמפארם | G495: 10405.7 | K495: CHMI
... A867: עיסא | C867: 0קופות חולים | E867: ק.חולים מכבי | G867: 586.8 | K867: CHMI

Sheet לקוחות לפי סוכן
A1: לקוחות לפי סוכן וערוץ — רשימה מלאה לכל חנות (2025 לעומת 2026)
A3: סוכן | B3: ערוץ (קוד+שם) | C3: שם הלקוח/חנות | D3: מכר 2025 (₪) | E3: מכר 2026 (₪) | F3: קוד לקוח | G3: כמות 2025 | H3: כמות 2026 | I3: מקור הנתון
A4: אמזלג × מירב שירה | C4: סה"כ 15 חנויות | D4: =SUMIF('לקוחות לפי סוכן - מקור'!$A$2:$A$867,$A4,'לקוחות לפי סוכן - מקור'!$F$2:$F$867) | E4: =SUMIF('לקוחות לפי סוכן - מקור'!$A$2:$A$867,$A4,'לקוחות לפי סוכן - מקור'!$G$2:$G$867) | G4: =SUMIF('לקוחות לפי סוכן - מקור'!$A$2:$A$867,$A4,'לקוחות לפי סוכן - מקור'!$H$2:$H$867) | H4: =SUMIF('לקוחות לפי סוכן - מקור'!$A$2:$A$867,$A4,'לקוחות לפי סוכן - מקור'!$I$2:$I$867) | I4: NetSuite
A5: ='לקוחות לפי סוכן - מקור'!A2 | B5: ='לקוחות לפי סוכן - מקור'!C2 | C5: ='לקוחות לפי סוכן - מקור'!E2 | D5: ='לקוחות לפי סוכן - מקור'!F2 | E5: ='לקוחות לפי סוכן - מקור'!G2 | F5: ='לקוחות לפי סוכן - מקור'!D2 | G5: ='לקוחות לפי סוכן - מקור'!H2 | H5: ='לקוחות לפי סוכן - מקור'!I2 | I5: ='לקוחות לפי סוכן - מקור'!K2
A6: ='לקוחות לפי סוכן - מקור'!A3 | B6: ='לקוחות לפי סוכן - מקור'!C3 | C6: ='לקוחות לפי סוכן - מקור'!E3 | D6: ='לקוחות לפי סוכן - מקור'!F3 | E6: ='לקוחות לפי סוכן - מקור'!G3 | F6: ='לקוחות לפי סוכן - מקור'!D3 | G6: ='לקוחות לפי סוכן - מקור'!H3 | H6: ='לקוחות לפי סוכן - מקור'!I3 | I6: ='לקוחות לפי סוכן - מקור'!K3
A7: ='לקוחות לפי סוכן - מקור'!A4 | B7: ='לקוחות לפי סוכן - מקור'!C4 | C7: ='לקוחות לפי סוכן - מקור'!E4 | D7: ='לקוחות לפי סוכן - מקור'!F4 | E7: ='לקוחות לפי סוכן - מקור'!G4 | F7: ='לקוחות לפי סוכן - מקור'!D4 | G7: ='לקוחות לפי סוכן - מקור'!H4 | H7: ='לקוחות לפי סוכן - מקור'!I4 | I7: ='לקוחות לפי סוכן - מקור'!K4
A8: ='לקוחות לפי סוכן - מקור'!A5 | B8: ='לקוחות לפי סוכן - מקור'!C5 | C8: ='לקוחות לפי סוכן - מקור'!E5 | D8: ='לקוחות לפי סוכן - מקור'!F5 | E8: ='לקוחות לפי סוכן - מקור'!G5 | F8: ='לקוחות לפי סוכן - מקור'!D5 | G8: ='לקוחות לפי סוכן - מקור'!H5 | H8: ='לקוחות לפי סוכן - מקור'!I5 | I8: ='לקוחות לפי סוכן - מקור'!K5
A9: ='לקוחות לפי סוכן - מקור'!A6 | B9: ='לקוחות לפי סוכן - מקור'!C6 | C9: ='לקוחות לפי סוכן - מקור'!E6 | D9: ='לקוחות לפי סוכן - מקור'!F6 | E9: ='לקוחות לפי סוכן - מקור'!G6 | F9: ='לקוחות לפי סוכן - מקור'!D6 | G9: ='לקוחות לפי סוכן - מקור'!H6 | H9: ='לקוחות לפי סוכן - מקור'!I6 | I9: ='לקוחות לפי סוכן - מקור'!K6
A10: ='לקוחות לפי סוכן - מקור'!A7 | B10: ='לקוחות לפי סוכן - מקור'!C7 | C10: ='לקוחות לפי סוכן - מקור'!E7 | D10: ='לקוחות לפי סוכן - מקור'!F7 | E10: ='לקוחות לפי סוכן - מקור'!G7 | F10: ='לקוחות לפי סוכן - מקור'!D7 | G10: ='לקוחות לפי סוכן - מקור'!H7 | H10: ='לקוחות לפי סוכן - מקור'!I7 | I10: ='לקוחות לפי סוכן - מקור'!K7
A11: ='לקוחות לפי סוכן - מקור'!A8 | B11: ='לקוחות לפי סוכן - מקור'!C8 | C11: ='לקוחות לפי סוכן - מקור'!E8 | D11: ='לקוחות לפי סוכן - מקור'!F8 | E11: ='לקוחות לפי סוכן - מקור'!G8 | F11: ='לקוחות לפי סוכן - מקור'!D8 | G11: ='לקוחות לפי סוכן - מקור'!H8 | H11: ='לקוחות לפי סוכן - מקור'!I8 | I11: ='לקוחות לפי סוכן - מקור'!K8
A12: ='לקוחות לפי סוכן - מקור'!A9 | B12: ='לקוחות לפי סוכן - מקור'!C9 | C12: ='לקוחות לפי סוכן - מקור'!E9 | D12: ='לקוחות לפי סוכן - מקור'!F9 | E12: ='לקוחות לפי סוכן - מקור'!G9 | F12: ='לקוחות לפי סוכן - מקור'!D9 | G12: ='לקוחות לפי סוכן - מקור'!H9 | H12: ='לקוחות לפי סוכן - מקור'!I9 | I12: ='לקוחות לפי סוכן - מקור'!K9
A13: ='לקוחות לפי סוכן - מקור'!A10 | B13: ='לקוחות לפי סוכן - מקור'!C10 | C13: ='לקוחות לפי סוכן - מקור'!E10 | D13: ='לקוחות לפי סוכן - מקור'!F10 | E13: ='לקוחות לפי סוכן - מקור'!G10 | F13: ='לקוחות לפי סוכן - מקור'!D10 | G13: ='לקוחות לפי סוכן - מקור'!H10 | H13: ='לקוחות לפי סוכן - מקור'!I10 | I13: ='לקוחות לפי סוכן - מקור'!K10
A14: ='לקוחות לפי סוכן - מקור'!A11 | B14: ='לקוחות לפי סוכן - מקור'!C11 | C14: ='לקוחות לפי סוכן - מקור'!E11 | D14: ='לקוחות לפי סוכן - מקור'!F11 | E14: ='לקוחות לפי סוכן - מקור'!G11 | F14: ='לקוחות לפי סוכן - מקור'!D11 | G14: ='לקוחות לפי סוכן - מקור'!H11 | H14: ='לקוחות לפי סוכן - מקור'!I11 | I14: ='לקוחות לפי סוכן - מקור'!K11
A15: ='לקוחות לפי סוכן - מקור'!A12 | B15: ='לקוחות לפי סוכן - מקור'!C12 | C15: ='לקוחות לפי סוכן - מקור'!E12 | D15: ='לקוחות לפי סוכן - מקור'!F12 | E15: ='לקוחות לפי סוכן - מקור'!G12 | F15: ='לקוחות לפי סוכן - מקור'!D12 | G15: ='לקוחות לפי סוכן - מקור'!H12 | H15: ='לקוחות לפי סוכן - מקור'!I12 | I15: ='לקוחות לפי סוכן - מקור'!K12
A16: ='לקוחות לפי סוכן - מקור'!A13 | B16: ='לקוחות לפי סוכן - מקור'!C13 | C16: ='לקוחות לפי סוכן - מקור'!E13 | D16: ='לקוחות לפי סוכן - מקור'!F13 | E16: ='לקוחות לפי סוכן - מקור'!G13 | F16: ='לקוחות לפי סוכן - מקור'!D13 | G16: ='לקוחות לפי סוכן - מקור'!H13 | H16: ='לקוחות לפי סוכן - מקור'!I13 | I16: ='לקוחות לפי סוכן - מקור'!K13
... A19: ='לקוחות לפי סוכן - מקור'!A16 | B19: ='לקוחות לפי סוכן - מקור'!C16 | C19: ='לקוחות לפי סוכן - מקור'!E16 | D19: ='לקוחות לפי סוכן - מקור'!F16 | E19: ='לקוחות לפי סוכן - מקור'!G16 | F19: ='לקוחות לפי סוכן - מקור'!D16 | G19: ='לקוחות לפי סוכן - מקור'!H16 | H19: ='לקוחות לפי סוכן - מקור'!I16 | I19: ='לקוחות לפי סוכן - מקור'!K16
A21: אזולאי דוד | C21: סה"כ 196 חנויות | D21: =SUMIF('לקוחות לפי סוכן - מקור'!$A$2:$A$867,$A21,'לקוחות לפי סוכן - מקור'!$F$2:$F$867) | E21: =SUMIF('לקוחות לפי סוכן - מקור'!$A$2:$A$867,$A21,'לקוחות לפי סוכן - מקור'!$G$2:$G$867) | G21: =SUMIF('לקוחות לפי סוכן - מקור'!$A$2:$A$867,$A21,'לקוחות לפי סוכן - מקור'!$H$2:$H$867) | H21: =SUMIF('לקוחות לפי סוכן - מקור'!$A$2:$A$867,$A21,'לקוחות לפי סוכן - מקור'!$I$2:$I$867) | I21: NetSuite+CHMI (39+157)
A22: ='לקוחות לפי סוכן - מקור'!A17 | B22: ='לקוחות לפי סוכן - מקור'!C17 | C22: ='לקוחות לפי סוכן - מקור'!E17 | D22: ='לקוחות לפי סוכן - מקור'!F17 | E22: ='לקוחות לפי סוכן - מקור'!G17 | F22: ='לקוחות לפי סוכן - מקור'!D17 | G22: ='לקוחות לפי סוכן - מקור'!H17 | H22: ='לקוחות לפי סוכן - מקור'!I17 | I22: ='לקוחות לפי סוכן - מקור'!K17
A23: ='לקוחות לפי סוכן - מקור'!A18 | B23: ='לקוחות לפי סוכן - מקור'!C18 | C23: ='לקוחות לפי סוכן - מקור'!E18 | D23: ='לקוחות לפי סוכן - מקור'!F18 | E23: ='לקוחות לפי סוכן - מקור'!G18 | F23: ='לקוחות לפי סוכן - מקור'!D18 | G23: ='לקוחות לפי סוכן - מקור'!H18 | H23: ='לקוחות לפי סוכן - מקור'!I18 | I23: ='לקוחות לפי סוכן - מקור'!K18
A24: ='לקוחות לפי סוכן - מקור'!A19 | B24: ='לקוחות לפי סוכן - מקור'!C19 | C24: ='לקוחות לפי סוכן - מקור'!E19 | D24: ='לקוחות לפי סוכן - מקור'!F19 | E24: ='לקוחות לפי סוכן - מקור'!G19 | F24: ='לקוחות לפי סוכן - מקור'!D19 | G24: ='לקוחות לפי סוכן - מקור'!H19 | H24: ='לקוחות לפי סוכן - מקור'!I19 | I24: ='לקוחות לפי סוכן - מקור'!K19
A25: ='לקוחות לפי סוכן - מקור'!A20 | B25: ='לקוחות לפי סוכן - מקור'!C20 | C25: ='לקוחות לפי סוכן - מקור'!E20 | D25: ='לקוחות לפי סוכן - מקור'!F20 | E25: ='לקוחות לפי סוכן - מקור'!G20 | F25: ='לקוחות לפי סוכן - מקור'!D20 | G25: ='לקוחות לפי סוכן - מקור'!H20 | H25: ='לקוחות לפי סוכן - מקור'!I20 | I25: ='לקוחות לפי סוכן - מקור'!K20
A26: ='לקוחות לפי סוכן - מקור'!A21 | B26: ='לקוחות לפי סוכן - מקור'!C21 | C26: ='לקוחות לפי סוכן - מקור'!E21 | D26: ='לקוחות לפי סוכן - מקור'!F21 | E26: ='לקוחות לפי סוכן - מקור'!G21 | F26: ='לקוחות לפי סוכן - מקור'!D21 | G26: ='לקוחות לפי סוכן - מקור'!H21 | H26: ='לקוחות לפי סוכן - מקור'!I21 | I26: ='לקוחות לפי סוכן - מקור'!K21
A27: ='לקוחות לפי סוכן - מקור'!A22 | B27: ='לקוחות לפי סוכן - מקור'!C22 | C27: ='לקוחות לפי סוכן - מקור'!E22 | D27: ='לקוחות לפי סוכן - מקור'!F22 | E27: ='לקוחות לפי סוכן - מקור'!G22 | F27: ='לקוחות לפי סוכן - מקור'!D22 | G27: ='לקוחות לפי סוכן - מקור'!H22 | H27: ='לקוחות לפי סוכן - מקור'!I22 | I27: ='לקוחות לפי סוכן - מקור'!K22
A28: ='לקוחות לפי סוכן - מקור'!A23 | B28: ='לקוחות לפי סוכן - מקור'!C23 | C28: ='לקוחות לפי סוכן - מקור'!E23 | D28: ='לקוחות לפי סוכן - מקור'!F23 | E28: ='לקוחות לפי סוכן - מקור'!G23 | F28: ='לקוחות לפי סוכן - מקור'!D23 | G28: ='לקוחות לפי סוכן - מקור'!H23 | H28: ='לקוחות לפי סוכן - מקור'!I23 | I28: ='לקוחות לפי סוכן - מקור'!K23
A29: ='לקוחות לפי סוכן - מקור'!A24 | B29: ='לקוחות לפי סוכן - מקור'!C24 | C29: ='לקוחות לפי סוכן - מקור'!E24 | D29: ='לקוחות לפי סוכן - מקור'!F24 | E29: ='לקוחות לפי סוכן - מקור'!G24 | F29: ='לקוחות לפי סוכן - מקור'!D24 | G29: ='לקוחות לפי סוכן - מקור'!H24 | H29: ='לקוחות לפי סוכן - מקור'!I24 | I29: ='לקוחות לפי סוכן - מקור'!K24
A30: ='לקוחות לפי סוכן - מקור'!A25 | B30: ='לקוחות לפי סוכן - מקור'!C25 | C30: ='לקוחות לפי סוכן - מקור'!E25 | D30: ='לקוחות לפי סוכן - מקור'!F25 | E30: ='לקוחות לפי סוכן - מקור'!G25 | F30: ='לקוחות לפי סוכן - מקור'!D25 | G30: ='לקוחות לפי סוכן - מקור'!H25 | H30: ='לקוחות לפי סוכן - מקור'!I25 | I30: ='לקוחות לפי סוכן - מקור'!K25
A31: ='לקוחות לפי סוכן - מקור'!A26 | B31: ='לקוחות לפי סוכן - מקור'!C26 | C31: ='לקוחות לפי סוכן - מקור'!E26 | D31: ='לקוחות לפי סוכן - מקור'!F26 | E31: ='לקוחות לפי סוכן - מקור'!G26 | F31: ='לקוחות לפי סוכן - מקור'!D26 | G31: ='לקוחות לפי סוכן - מקור'!H26 | H31: ='לקוחות לפי סוכן - מקור'!I26 | I31: ='לקוחות לפי סוכן - מקור'!K26
A32: ='לקוחות לפי סוכן - מקור'!A27 | B32: ='לקוחות לפי סוכן - מקור'!C27 | C32: ='לקוחות לפי סוכן - מקור'!E27 | D32: ='לקוחות לפי סוכן - מקור'!F27 | E32: ='לקוחות לפי סוכן - מקור'!G27 | F32: ='לקוחות לפי סוכן - מקור'!D27 | G32: ='לקוחות לפי סוכן - מקור'!H27 | H32: ='לקוחות לפי סוכן - מקור'!I27 | I32: ='לקוחות לפי סוכן - מקור'!K27
A33: ='לקוחות לפי סוכן - מקור'!A28 | B33: ='לקוחות לפי סוכן - מקור'!C28 | C33: ='לקוחות לפי סוכן - מקור'!E28 | D33: ='לקוחות לפי סוכן - מקור'!F28 | E33: ='לקוחות לפי סוכן - מקור'!G28 | F33: ='לקוחות לפי סוכן - מקור'!D28 | G33: ='לקוחות לפי סוכן - מקור'!H28 | H33: ='לקוחות לפי סוכן - מקור'!I28 | I33: ='לקוחות לפי סוכן - מקור'!K28
... A167: ='לקוחות לפי סוכן - מקור'!A162 | B167: ='לקוחות לפי סוכן - מקור'!C162 | C167: ='לקוחות לפי סוכן - מקור'!E162 | D167: ='לקוחות לפי סוכן - מקור'!F162 | E167: ='לקוחות לפי סוכן - מקור'!G162 | F167: ='לקוחות לפי סוכן - מקור'!D162 | G167: ='לקוחות לפי סוכן - מקור'!H162 | H167: ='לקוחות לפי סוכן - מקור'!I162 | I167: ='לקוחות לפי סוכן - מקור'!K162
A168: ='לקוחות לפי סוכן - מקור'!A164 | B168: ='לקוחות לפי סוכן - מקור'!C164 | C168: ='לקוחות לפי סוכן - מקור'!E164 | D168: ='לקוחות לפי סוכן - מקור'!F164 | E168: ='לקוחות לפי סוכן - מקור'!G164 | F168: ='לקוחות לפי סוכן - מקור'!D164 | G168: ='לקוחות לפי סוכן - מקור'!H164 | H168: ='לקוחות לפי סוכן - מקור'!I164 | I168: ='לקוחות לפי סוכן - מקור'!K164
A169: ='לקוחות לפי סוכן - מקור'!A165 | B169: ='לקוחות לפי סוכן - מקור'!C165 | C169: ='לקוחות לפי סוכן - מקור'!E165 | D169: ='לקוחות לפי סוכן - מקור'!F165 | E169: ='לקוחות לפי סוכן - מקור'!G165 | F169: ='לקוחות לפי סוכן - מקור'!D165 | G169: ='לקוחות לפי סוכן - מקור'!H165 | H169: ='לקוחות לפי סוכן - מקור'!I165 | I169: ='לקוחות לפי סוכן - מקור'!K165
A170: ='לקוחות לפי סוכן - מקור'!A166 | B170: ='לקוחות לפי סוכן - מקור'!C166 | C170: ='לקוחות לפי סוכן - מקור'!E166 | D170: ='לקוחות לפי סוכן - מקור'!F166 | E170: ='לקוחות לפי סוכן - מקור'!G166 | F170: ='לקוחות לפי סוכן - מקור'!D166 | G170: ='לקוחות לפי סוכן - מקור'!H166 | H170: ='לקוחות לפי סוכן - מקור'!I166 | I170: ='לקוחות לפי סוכן - מקור'!K166
A171: ='לקוחות לפי סוכן - מקור'!A167 | B171: ='לקוחות לפי סוכן - מקור'!C167 | C171: ='לקוחות לפי סוכן - מקור'!E167 | D171: ='לקוחות לפי סוכן - מקור'!F167 | E171: ='לקוחות לפי סוכן - מקור'!G167 | F171: ='לקוחות לפי סוכן - מקור'!D167 | G171: ='לקוחות לפי סוכן - מקור'!H167 | H171: ='לקוחות לפי סוכן - מקור'!I167 | I171: ='לקוחות לפי סוכן - מקור'!K167
A172: ='לקוחות לפי סוכן - מקור'!A168 | B172: ='לקוחות לפי סוכן - מקור'!C168 | C172: ='לקוחות לפי סוכן - מקור'!E168 | D172: ='לקוחות לפי סוכן - מקור'!F168 | E172: ='לקוחות לפי סוכן - מקור'!G168 | F172: ='לקוחות לפי סוכן - מקור'!D168 | G172: ='לקוחות לפי סוכן - מקור'!H168 | H172: ='לקוחות לפי סוכן - מקור'!I168 | I172: ='לקוחות לפי סוכן - מקור'!K168
A173: ='לקוחות לפי סוכן - מקור'!A169 | B173: ='לקוחות לפי סוכן - מקור'!C169 | C173: ='לקוחות לפי סוכן - מקור'!E169 | D173: ='לקוחות לפי סוכן - מקור'!F169 | E173: ='לקוחות לפי סוכן - מקור'!G169 | F173: ='לקוחות לפי סוכן - מקור'!D169 | G173: ='לקוחות לפי סוכן - מקור'!H169 | H173: ='לקוחות לפי סוכן - מקור'!I169 | I173: ='לקוחות לפי סוכן - מקור'!K169
A174: ='לקוחות לפי סוכן - מקור'!A170 | B174: ='לקוחות לפי סוכן - מקור'!C170 | C174: ='לקוחות לפי סוכן - מקור'!E170 | D174: ='לקוחות לפי סוכן - מקור'!F170 | E174: ='לקוחות לפי סוכן - מקור'!G170 | F174: ='לקוחות לפי סוכן - מקור'!D170 | G174: ='לקוחות לפי סוכן - מקור'!H170 | H174: ='לקוחות לפי סוכן - מקור'!I170 | I174: ='לקוחות לפי סוכן - מקור'!K170
A175: ='לקוחות לפי סוכן - מקור'!A171 | B175: ='לקוחות לפי סוכן - מקור'!C171 | C175: ='לקוחות לפי סוכן - מקור'!E171 | D175: ='לקוחות לפי סוכן - מקור'!F171 | E175: ='לקוחות לפי סוכן - מקור'!G171 | F175: ='לקוחות לפי סוכן - מקור'!D171 | G175: ='לקוחות לפי סוכן - מקור'!H171 | H175: ='לקוחות לפי סוכן - מקור'!I171 | I175: ='לקוחות לפי סוכן - מקור'!K171
A176: ='לקוחות לפי סוכן - מקור'!A172 | B176: ='לקוחות לפי סוכן - מקור'!C172 | C176: ='לקוחות לפי סוכן - מקור'!E172 | D176: ='לקוחות לפי סוכן - מקור'!F172 | E176: ='לקוחות לפי סוכן - מקור'!G172 | F176: ='לקוחות לפי סוכן - מקור'!D172 | G176: ='לקוחות לפי סוכן - מקור'!H172 | H176: ='לקוחות לפי סוכן - מקור'!I172 | I176: ='לקוחות לפי סוכן - מקור'!K172
A177: ='לקוחות לפי סוכן - מקור'!A173 | B177: ='לקוחות לפי סוכן - מקור'!C173 | C177: ='לקוחות לפי סוכן - מקור'!E173 | D177: ='לקוחות לפי סוכן - מקור'!F173 | E177: ='לקוחות לפי סוכן - מקור'!G173 | F177: ='לקוחות לפי סוכן - מקור'!D173 | G177: ='לקוחות לפי סוכן - מקור'!H173 | H177: ='לקוחות לפי סוכן - מקור'!I173 | I177: ='לקוחות לפי סוכן - מקור'!K173
A178: ='לקוחות לפי סוכן - מקור'!A174 | B178: ='לקוחות לפי סוכן - מקור'!C174 | C178: ='לקוחות לפי סוכן - מקור'!E174 | D178: ='לקוחות לפי סוכן - מקור'!F174 | E178: ='לקוחות לפי סוכן - מקור'!G174 | F178: ='לקוחות לפי סוכן - מקור'!D174 | G178: ='לקוחות לפי סוכן - מקור'!H174 | H178: ='לקוחות לפי סוכן - מקור'!I174 | I178: ='לקוחות לפי סוכן - מקור'!K174
A179: ='לקוחות לפי סוכן - מקור'!A175 | B179: ='לקוחות לפי סוכן - מקור'!C175 | C179: ='לקוחות לפי סוכן - מקור'!E175 | D179: ='לקוחות לפי סוכן - מקור'!F175 | E179: ='לקוחות לפי סוכן - מקור'!G175 | F179: ='לקוחות לפי סוכן - מקור'!D175 | G179: ='לקוחות לפי סוכן - מקור'!H175 | H179: ='לקוחות לפי סוכן - מקור'!I175 | I179: ='לקוחות לפי סוכן - מקור'!K175
... A217: ='לקוחות לפי סוכן - מקור'!A213 | B217: ='לקוחות לפי סוכן - מקור'!C213 | C217: ='לקוחות לפי סוכן - מקור'!E213 | D217: ='לקוחות לפי סוכן - מקור'!F213 | E217: ='לקוחות לפי סוכן - מקור'!G213 | F217: ='לקוחות לפי סוכן - מקור'!D213 | G217: ='לקוחות לפי סוכן - מקור'!H213 | H217: ='לקוחות לפי סוכן - מקור'!I213 | I217: ='לקוחות לפי סוכן - מקור'!K213
A219: סטניסלב נסאר | C219: סה"כ 177 חנויות | D219: =SUMIF('לקוחות לפי סוכן - מקור'!$A$2:$A$867,$A219,'לקוחות לפי סוכן - מקור'!$F$2:$F$867) | E219: =SUMIF('לקוחות לפי סוכן - מקור'!$A$2:$A$867,$A219,'לקוחות לפי סוכן - מקור'!$G$2:$G$867) | G219: =SUMIF('לקוחות לפי סוכן - מקור'!$A$2:$A$867,$A219,'לקוחות לפי סוכן - מקור'!$H$2:$H$867) | H219: =SUMIF('לקוחות לפי סוכן - מקור'!$A$2:$A$867,$A219,'לקוחות לפי סוכן - מקור'!$I$2:$I$867) | I219: NetSuite+CHMI (26+151)
A220: ='לקוחות לפי סוכן - מקור'!A214 | B220: ='לקוחות לפי סוכן - מקור'!C214 | C220: ='לקוחות לפי סוכן - מקור'!E214 | D220: ='לקוחות לפי סוכן - מקור'!F214 | E220: ='לקוחות לפי סוכן - מקור'!G214 | F220: ='לקוחות לפי סוכן - מקור'!D214 | G220: ='לקוחות לפי סוכן - מקור'!H214 | H220: ='לקוחות לפי סוכן - מקור'!I214 | I220: ='לקוחות לפי סוכן - מקור'!K214
A221: ='לקוחות לפי סוכן - מקור'!A215 | B221: ='לקוחות לפי סוכן - מקור'!C215 | C221: ='לקוחות לפי סוכן - מקור'!E215 | D221: ='לקוחות לפי סוכן - מקור'!F215 | E221: ='לקוחות לפי סוכן - מקור'!G215 | F221: ='לקוחות לפי סוכן - מקור'!D215 | G221: ='לקוחות לפי סוכן - מקור'!H215 | H221: ='לקוחות לפי סוכן - מקור'!I215 | I221: ='לקוחות לפי סוכן - מקור'!K215
A222: ='לקוחות לפי סוכן - מקור'!A216 | B222: ='לקוחות לפי סוכן - מקור'!C216 | C222: ='לקוחות לפי סוכן - מקור'!E216 | D222: ='לקוחות לפי סוכן - מקור'!F216 | E222: ='לקוחות לפי סוכן - מקור'!G216 | F222: ='לקוחות לפי סוכן - מקור'!D216 | G222: ='לקוחות לפי סוכן - מקור'!H216 | H222: ='לקוחות לפי סוכן - מקור'!I216 | I222: ='לקוחות לפי סוכן - מקור'!K216
A223: ='לקוחות לפי סוכן - מקור'!A217 | B223: ='לקוחות לפי סוכן - מקור'!C217 | C223: ='לקוחות לפי סוכן - מקור'!E217 | D223: ='לקוחות לפי סוכן - מקור'!F217 | E223: ='לקוחות לפי סוכן - מקור'!G217 | F223: ='לקוחות לפי סוכן - מקור'!D217 | G223: ='לקוחות לפי סוכן - מקור'!H217 | H223: ='לקוחות לפי סוכן - מקור'!I217 | I223: ='לקוחות לפי סוכן - מקור'!K217
A224: ='לקוחות לפי סוכן - מקור'!A218 | B224: ='לקוחות לפי סוכן - מקור'!C218 | C224: ='לקוחות לפי סוכן - מקור'!E218 | D224: ='לקוחות לפי סוכן - מקור'!F218 | E224: ='לקוחות לפי סוכן - מקור'!G218 | F224: ='לקוחות לפי סוכן - מקור'!D218 | G224: ='לקוחות לפי סוכן - מקור'!H218 | H224: ='לקוחות לפי סוכן - מקור'!I218 | I224: ='לקוחות לפי סוכן - מקור'!K218
A225: ='לקוחות לפי סוכן - מקור'!A219 | B225: ='לקוחות לפי סוכן - מקור'!C219 | C225: ='לקוחות לפי סוכן - מקור'!E219 | D225: ='לקוחות לפי סוכן - מקור'!F219 | E225: ='לקוחות לפי סוכן - מקור'!G219 | F225: ='לקוחות לפי סוכן - מקור'!D219 | G225: ='לקוחות לפי סוכן - מקור'!H219 | H225: ='לקוחות לפי סוכן - מקור'!I219 | I225: ='לקוחות לפי סוכן - מקור'!K219
A226: ='לקוחות לפי סוכן - מקור'!A220 | B226: ='לקוחות לפי סוכן - מקור'!C220 | C226: ='לקוחות לפי סוכן - מקור'!E220 | D226: ='לקוחות לפי סוכן - מקור'!F220 | E226: ='לקוחות לפי סוכן - מקור'!G220 | F226: ='לקוחות לפי סוכן - מקור'!D220 | G226: ='לקוחות לפי סוכן - מקור'!H220 | H226: ='לקוחות לפי סוכן - מקור'!I220 | I226: ='לקוחות לפי סוכן - מקור'!K220
A227: ='לקוחות לפי סוכן - מקור'!A221 | B227: ='לקוחות לפי סוכן - מקור'!C221 | C227: ='לקוחות לפי סוכן - מקור'!E221 | D227: ='לקוחות לפי סוכן - מקור'!F221 | E227: ='לקוחות לפי סוכן - מקור'!G221 | F227: ='לקוחות לפי סוכן - מקור'!D221 | G227: ='לקוחות לפי סוכן - מקור'!H221 | H227: ='לקוחות לפי סוכן - מקור'!I221 | I227: ='לקוחות לפי סוכן - מקור'!K221
A228: ='לקוחות לפי סוכן - מקור'!A222 | B228: ='לקוחות לפי סוכן - מקור'!C222 | C228: ='לקוחות לפי סוכן - מקור'!E222 | D228: ='לקוחות לפי סוכן - מקור'!F222 | E228: ='לקוחות לפי סוכן - מקור'!G222 | F228: ='לקוחות לפי סוכן - מקור'!D222 | G228: ='לקוחות לפי סוכן - מקור'!H222 | H228: ='לקוחות לפי סוכן - מקור'!I222 | I228: ='לקוחות לפי סוכן - מקור'!K222
A229: ='לקוחות לפי סוכן - מקור'!A223 | B229: ='לקוחות לפי סוכן - מקור'!C223 | C229: ='לקוחות לפי סוכן - מקור'!E223 | D229: ='לקוחות לפי סוכן - מקור'!F223 | E229: ='לקוחות לפי סוכן - מקור'!G223 | F229: ='לקוחות לפי סוכן - מקור'!D223 | G229: ='לקוחות לפי סוכן - מקור'!H223 | H229: ='לקוחות לפי סוכן - מקור'!I223 | I229: ='לקוחות לפי סוכן - מקור'!K223
A230: ='לקוחות לפי סוכן - מקור'!A224 | B230: ='לקוחות לפי סוכן - מקור'!C224 | C230: ='לקוחות לפי סוכן - מקור'!E224 | D230: ='לקוחות לפי סוכן - מקור'!F224 | E230: ='לקוחות לפי סוכן - מקור'!G224 | F230: ='לקוחות לפי סוכן - מקור'!D224 | G230: ='לקוחות לפי סוכן - מקור'!H224 | H230: ='לקוחות לפי סוכן - מקור'!I224 | I230: ='לקוחות לפי סוכן - מקור'!K224
A231: ='לקוחות לפי סוכן - מקור'!A225 | B231: ='לקוחות לפי סוכן - מקור'!C225 | C231: ='לקוחות לפי סוכן - מקור'!E225 | D231: ='לקוחות לפי סוכן - מקור'!F225 | E231: ='לקוחות לפי סוכן - מקור'!G225 | F231: ='לקוחות לפי סוכן - מקור'!D225 | G231: ='לקוחות לפי סוכן - מקור'!H225 | H231: ='לקוחות לפי סוכן - מקור'!I225 | I231: ='לקוחות לפי סוכן - מקור'!K225
... A371: ='לקוחות לפי סוכן - מקור'!A365 | B371: ='לקוחות לפי סוכן - מקור'!C365 | C371: ='לקוחות לפי סוכן - מקור'!E365 | D371: ='לקוחות לפי סוכן - מקור'!F365 | E371: ='לקוחות לפי סוכן - מקור'!G365 | F371: ='לקוחות לפי סוכן - מקור'!D365 | G371: ='לקוחות לפי סוכן - מקור'!H365 | H371: ='לקוחות לפי סוכן - מקור'!I365 | I371: ='לקוחות לפי סוכן - מקור'!K365
A372: ='לקוחות לפי סוכן - מקור'!A367 | B372: ='לקוחות לפי סוכן - מקור'!C367 | C372: ='לקוחות לפי סוכן - מקור'!E367 | D372: ='לקוחות לפי סוכן - מקור'!F367 | E372: ='לקוחות לפי סוכן - מקור'!G367 | F372: ='לקוחות לפי סוכן - מקור'!D367 | G372: ='לקוחות לפי סוכן - מקור'!H367 | H372: ='לקוחות לפי סוכן - מקור'!I367 | I372: ='לקוחות לפי סוכן - מקור'!K367
A373: ='לקוחות לפי סוכן - מקור'!A368 | B373: ='לקוחות לפי סוכן - מקור'!C368 | C373: ='לקוחות לפי סוכן - מקור'!E368 | D373: ='לקוחות לפי סוכן - מקור'!F368 | E373: ='לקוחות לפי סוכן - מקור'!G368 | F373: ='לקוחות לפי סוכן - מקור'!D368 | G373: ='לקוחות לפי סוכן - מקור'!H368 | H373: ='לקוחות לפי סוכן - מקור'!I368 | I373: ='לקוחות לפי סוכן - מקור'!K368
A374: ='לקוחות לפי סוכן - מקור'!A369 | B374: ='לקוחות לפי סוכן - מקור'!C369 | C374: ='לקוחות לפי סוכן - מקור'!E369 | D374: ='לקוחות לפי סוכן - מקור'!F369 | E374: ='לקוחות לפי סוכן - מקור'!G369 | F374: ='לקוחות לפי סוכן - מקור'!D369 | G374: ='לקוחות לפי סוכן - מקור'!H369 | H374: ='לקוחות לפי סוכן - מקור'!I369 | I374: ='לקוחות לפי סוכן - מקור'!K369
A375: ='לקוחות לפי סוכן - מקור'!A370 | B375: ='לקוחות לפי סוכן - מקור'!C370 | C375: ='לקוחות לפי סוכן - מקור'!E370 | D375: ='לקוחות לפי סוכן - מקור'!F370 | E375: ='לקוחות לפי סוכן - מקור'!G370 | F375: ='לקוחות לפי סוכן - מקור'!D370 | G375: ='לקוחות לפי סוכן - מקור'!H370 | H375: ='לקוחות לפי סוכן - מקור'!I370 | I375: ='לקוחות לפי סוכן - מקור'!K370
A376: ='לקוחות לפי סוכן - מקור'!A371 | B376: ='לקוחות לפי סוכן - מקור'!C371 | C376: ='לקוחות לפי סוכן - מקור'!E371 | D376: ='לקוחות לפי סוכן - מקור'!F371 | E376: ='לקוחות לפי סוכן - מקור'!G371 | F376: ='לקוחות לפי סוכן - מקור'!D371 | G376: ='לקוחות לפי סוכן - מקור'!H371 | H376: ='לקוחות לפי סוכן - מקור'!I371 | I376: ='לקוחות לפי סוכן - מקור'!K371
A377: ='לקוחות לפי סוכן - מקור'!A372 | B377: ='לקוחות לפי סוכן - מקור'!C372 | C377: ='לקוחות לפי סוכן - מקור'!E372 | D377: ='לקוחות לפי סוכן - מקור'!F372 | E377: ='לקוחות לפי סוכן - מקור'!G372 | F377: ='לקוחות לפי סוכן - מקור'!D372 | G377: ='לקוחות לפי סוכן - מקור'!H372 | H377: ='לקוחות לפי סוכן - מקור'!I372 | I377: ='לקוחות לפי סוכן - מקור'!K372
A378: ='לקוחות לפי סוכן - מקור'!A373 | B378: ='לקוחות לפי סוכן - מקור'!C373 | C378: ='לקוחות לפי סוכן - מקור'!E373 | D378: ='לקוחות לפי סוכן - מקור'!F373 | E378: ='לקוחות לפי סוכן - מקור'!G373 | F378: ='לקוחות לפי סוכן - מקור'!D373 | G378: ='לקוחות לפי סוכן - מקור'!H373 | H378: ='לקוחות לפי סוכן - מקור'!I373 | I378: ='לקוחות לפי סוכן - מקור'!K373
A379: ='לקוחות לפי סוכן - מקור'!A374 | B379: ='לקוחות לפי סוכן - מקור'!C374 | C379: ='לקוחות לפי סוכן - מקור'!E374 | D379: ='לקוחות לפי סוכן - מקור'!F374 | E379: ='לקוחות לפי סוכן - מקור'!G374 | F379: ='לקוחות לפי סוכן - מקור'!D374 | G379: ='לקוחות לפי סוכן - מקור'!H374 | H379: ='לקוחות לפי סוכן - מקור'!I374 | I379: ='לקוחות לפי סוכן - מקור'!K374
A380: ='לקוחות לפי סוכן - מקור'!A375 | B380: ='לקוחות לפי סוכן - מקור'!C375 | C380: ='לקוחות לפי סוכן - מקור'!E375 | D380: ='לקוחות לפי סוכן - מקור'!F375 | E380: ='לקוחות לפי סוכן - מקור'!G375 | F380: ='לקוחות לפי סוכן - מקור'!D375 | G380: ='לקוחות לפי סוכן - מקור'!H375 | H380: ='לקוחות לפי סוכן - מקור'!I375 | I380: ='לקוחות לפי סוכן - מקור'!K375
A381: ='לקוחות לפי סוכן - מקור'!A376 | B381: ='לקוחות לפי סוכן - מקור'!C376 | C381: ='לקוחות לפי סוכן - מקור'!E376 | D381: ='לקוחות לפי סוכן - מקור'!F376 | E381: ='לקוחות לפי סוכן - מקור'!G376 | F381: ='לקוחות לפי סוכן - מקור'!D376 | G381: ='לקוחות לפי סוכן - מקור'!H376 | H381: ='לקוחות לפי סוכן - מקור'!I376 | I381: ='לקוחות לפי סוכן - מקור'!K376
A382: ='לקוחות לפי סוכן - מקור'!A377 | B382: ='לקוחות לפי סוכן - מקור'!C377 | C382: ='לקוחות לפי סוכן - מקור'!E377 | D382: ='לקוחות לפי סוכן - מקור'!F377 | E382: ='לקוחות לפי סוכן - מקור'!G377 | F382: ='לקוחות לפי סוכן - מקור'!D377 | G382: ='לקוחות לפי סוכן - מקור'!H377 | H382: ='לקוחות לפי סוכן - מקור'!I377 | I382: ='לקוחות לפי סוכן - מקור'!K377
A383: ='לקוחות לפי סוכן - מקור'!A378 | B383: ='לקוחות לפי סוכן - מקור'!C378 | C383: ='לקוחות לפי סוכן - מקור'!E378 | D383: ='לקוחות לפי סוכן - מקור'!F378 | E383: ='לקוחות לפי סוכן - מקור'!G378 | F383: ='לקוחות לפי סוכן - מקור'!D378 | G383: ='לקוחות לפי סוכן - מקור'!H378 | H383: ='לקוחות לפי סוכן - מקור'!I378 | I383: ='לקוחות לפי סוכן - מקור'!K378
... A396: ='לקוחות לפי סוכן - מקור'!A391 | B396: ='לקוחות לפי סוכן - מקור'!C391 | C396: ='לקוחות לפי סוכן - מקור'!E391 | D396: ='לקוחות לפי סוכן - מקור'!F391 | E396: ='לקוחות לפי סוכן - מקור'!G391 | F396: ='לקוחות לפי סוכן - מקור'!D391 | G396: ='לקוחות לפי סוכן - מקור'!H391 | H396: ='לקוחות לפי סוכן - מקור'!I391 | I396: ='לקוחות לפי סוכן - מקור'!K391
A397: חיים ויצמן | C397: סה"כ 174 חנויות | D397: =SUMIF('לקוחות לפי סוכן - מקור'!$A$2:$A$867,$A397,'לקוחות לפי סוכן - מקור'!$F$2:$F$867) | E397: =SUMIF('לקוחות לפי סוכן - מקור'!$A$2:$A$867,$A397,'לקוחות לפי סוכן - מקור'!$G$2:$G$867) | G397: =SUMIF('לקוחות לפי סוכן - מקור'!$A$2:$A$867,$A397,'לקוחות לפי סוכן - מקור'!$H$2:$H$867) | H397: =SUMIF('לקוחות לפי סוכן - מקור'!$A$2:$A$867,$A397,'לקוחות לפי סוכן - מקור'!$I$2:$I$867) | I397: NetSuite+CHMI (31+143)
A398: ='לקוחות לפי סוכן - מקור'!A453 | B398: ='לקוחות לפי סוכן - מקור'!C453 | C398: ='לקוחות לפי סוכן - מקור'!E453 | D398: ='לקוחות לפי סוכן - מקור'!F453 | E398: ='לקוחות לפי סוכן - מקור'!G453 | F398: ='לקוחות לפי סוכן - מקור'!D453 | G398: ='לקוחות לפי סוכן - מקור'!H453 | H398: ='לקוחות לפי סוכן - מקור'!I453 | I398: ='לקוחות לפי סוכן - מקור'!K453
A399: ='לקוחות לפי סוכן - מקור'!A454 | B399: ='לקוחות לפי סוכן - מקור'!C454 | C399: ='לקוחות לפי סוכן - מקור'!E454 | D399: ='לקוחות לפי סוכן - מקור'!F454 | E399: ='לקוחות לפי סוכן - מקור'!G454 | F399: ='לקוחות לפי סוכן - מקור'!D454 | G399: ='לקוחות לפי סוכן - מקור'!H454 | H399: ='לקוחות לפי סוכן - מקור'!I454 | I399: ='לקוחות לפי סוכן - מקור'!K454
A400: ='לקוחות לפי סוכן - מקור'!A455 | B400: ='לקוחות לפי סוכן - מקור'!C455 | C400: ='לקוחות לפי סוכן - מקור'!E455 | D400: ='לקוחות לפי סוכן - מקור'!F455 | E400: ='לקוחות לפי סוכן - מקור'!G455 | F400: ='לקוחות לפי סוכן - מקור'!D455 | G400: ='לקוחות לפי סוכן - מקור'!H455 | H400: ='לקוחות לפי סוכן - מקור'!I455 | I400: ='לקוחות לפי סוכן - מקור'!K455
A401: ='לקוחות לפי סוכן - מקור'!A456 | B401: ='לקוחות לפי סוכן - מקור'!C456 | C401: ='לקוחות לפי סוכן - מקור'!E456 | D401: ='לקוחות לפי סוכן - מקור'!F456 | E401: ='לקוחות לפי סוכן - מקור'!G456 | F401: ='לקוחות לפי סוכן - מקור'!D456 | G401: ='לקוחות לפי סוכן - מקור'!H456 | H401: ='לקוחות לפי סוכן - מקור'!I456 | I401: ='לקוחות לפי סוכן - מקור'!K456
A402: ='לקוחות לפי סוכן - מקור'!A457 | B402: ='לקוחות לפי סוכן - מקור'!C457 | C402: ='לקוחות לפי סוכן - מקור'!E457 | D402: ='לקוחות לפי סוכן - מקור'!F457 | E402: ='לקוחות לפי סוכן - מקור'!G457 | F402: ='לקוחות לפי סוכן - מקור'!D457 | G402: ='לקוחות לפי סוכן - מקור'!H457 | H402: ='לקוחות לפי סוכן - מקור'!I457 | I402: ='לקוחות לפי סוכן - מקור'!K457
A403: ='לקוחות לפי סוכן - מקור'!A458 | B403: ='לקוחות לפי סוכן - מקור'!C458 | C403: ='לקוחות לפי סוכן - מקור'!E458 | D403: ='לקוחות לפי סוכן - מקור'!F458 | E403: ='לקוחות לפי סוכן - מקור'!G458 | F403: ='לקוחות לפי סוכן - מקור'!D458 | G403: ='לקוחות לפי סוכן - מקור'!H458 | H403: ='לקוחות לפי סוכן - מקור'!I458 | I403: ='לקוחות לפי סוכן - מקור'!K458
A404: ='לקוחות לפי סוכן - מקור'!A459 | B404: ='לקוחות לפי סוכן - מקור'!C459 | C404: ='לקוחות לפי סוכן - מקור'!E459 | D404: ='לקוחות לפי סוכן - מקור'!F459 | E404: ='לקוחות לפי סוכן - מקור'!G459 | F404: ='לקוחות לפי סוכן - מקור'!D459 | G404: ='לקוחות לפי סוכן - מקור'!H459 | H404: ='לקוחות לפי סוכן - מקור'!I459 | I404: ='לקוחות לפי סוכן - מקור'!K459
A405: ='לקוחות לפי סוכן - מקור'!A460 | B405: ='לקוחות לפי סוכן - מקור'!C460 | C405: ='לקוחות לפי סוכן - מקור'!E460 | D405: ='לקוחות לפי סוכן - מקור'!F460 | E405: ='לקוחות לפי סוכן - מקור'!G460 | F405: ='לקוחות לפי סוכן - מקור'!D460 | G405: ='לקוחות לפי סוכן - מקור'!H460 | H405: ='לקוחות לפי סוכן - מקור'!I460 | I405: ='לקוחות לפי סוכן - מקור'!K460
A406: ='לקוחות לפי סוכן - מקור'!A461 | B406: ='לקוחות לפי סוכן - מקור'!C461 | C406: ='לקוחות לפי סוכן - מקור'!E461 | D406: ='לקוחות לפי סוכן - מקור'!F461 | E406: ='לקוחות לפי סוכן - מקור'!G461 | F406: ='לקוחות לפי סוכן - מקור'!D461 | G406: ='לקוחות לפי סוכן - מקור'!H461 | H406: ='לקוחות לפי סוכן - מקור'!I461 | I406: ='לקוחות לפי סוכן - מקור'!K461
A407: ='לקוחות לפי סוכן - מקור'!A462 | B407: ='לקוחות לפי סוכן - מקור'!C462 | C407: ='לקוחות לפי סוכן - מקור'!E462 | D407: ='לקוחות לפי סוכן - מקור'!F462 | E407: ='לקוחות לפי סוכן - מקור'!G462 | F407: ='לקוחות לפי סוכן - מקור'!D462 | G407: ='לקוחות לפי סוכן - מקור'!H462 | H407: ='לקוחות לפי סוכן - מקור'!I462 | I407: ='לקוחות לפי סוכן - מקור'!K462
A408: ='לקוחות לפי סוכן - מקור'!A463 | B408: ='לקוחות לפי סוכן - מקור'!C463 | C408: ='לקוחות לפי סוכן - מקור'!E463 | D408: ='לקוחות לפי סוכן - מקור'!F463 | E408: ='לקוחות לפי סוכן - מקור'!G463 | F408: ='לקוחות לפי סוכן - מקור'!D463 | G408: ='לקוחות לפי סוכן - מקור'!H463 | H408: ='לקוחות לפי סוכן - מקור'!I463 | I408: ='לקוחות לפי סוכן - מקור'!K463
A409: ='לקוחות לפי סוכן - מקור'!A464 | B409: ='לקוחות לפי סוכן - מקור'!C464 | C409: ='לקוחות לפי סוכן - מקור'!E464 | D409: ='לקוחות לפי סוכן - מקור'!F464 | E409: ='לקוחות לפי סוכן - מקור'!G464 | F409: ='לקוחות לפי סוכן - מקור'!D464 | G409: ='לקוחות לפי סוכן - מקור'!H464 | H409: ='לקוחות לפי סוכן - מקור'!I464 | I409: ='לקוחות לפי סוכן - מקור'!K464
... A551: ='לקוחות לפי סוכן - מקור'!A606 | B551: ='לקוחות לפי סוכן - מקור'!C606 | C551: ='לקוחות לפי סוכן - מקור'!E606 | D551: ='לקוחות לפי סוכן - מקור'!F606 | E551: ='לקוחות לפי סוכן - מקור'!G606 | F551: ='לקוחות לפי סוכן - מקור'!D606 | G551: ='לקוחות לפי סוכן - מקור'!H606 | H551: ='לקוחות לפי סוכן - מקור'!I606 | I551: ='לקוחות לפי סוכן - מקור'!K606
A552: ='לקוחות לפי סוכן - מקור'!A608 | B552: ='לקוחות לפי סוכן - מקור'!C608 | C552: ='לקוחות לפי סוכן - מקור'!E608 | D552: ='לקוחות לפי סוכן - מקור'!F608 | E552: ='לקוחות לפי סוכן - מקור'!G608 | F552: ='לקוחות לפי סוכן - מקור'!D608 | G552: ='לקוחות לפי סוכן - מקור'!H608 | H552: ='לקוחות לפי סוכן - מקור'!I608 | I552: ='לקוחות לפי סוכן - מקור'!K608
A553: ='לקוחות לפי סוכן - מקור'!A609 | B553: ='לקוחות לפי סוכן - מקור'!C609 | C553: ='לקוחות לפי סוכן - מקור'!E609 | D553: ='לקוחות לפי סוכן - מקור'!F609 | E553: ='לקוחות לפי סוכן - מקור'!G609 | F553: ='לקוחות לפי סוכן - מקור'!D609 | G553: ='לקוחות לפי סוכן - מקור'!H609 | H553: ='לקוחות לפי סוכן - מקור'!I609 | I553: ='לקוחות לפי סוכן - מקור'!K609
A554: ='לקוחות לפי סוכן - מקור'!A610 | B554: ='לקוחות לפי סוכן - מקור'!C610 | C554: ='לקוחות לפי סוכן - מקור'!E610 | D554: ='לקוחות לפי סוכן - מקור'!F610 | E554: ='לקוחות לפי סוכן - מקור'!G610 | F554: ='לקוחות לפי סוכן - מקור'!D610 | G554: ='לקוחות לפי סוכן - מקור'!H610 | H554: ='לקוחות לפי סוכן - מקור'!I610 | I554: ='לקוחות לפי סוכן - מקור'!K610
A555: ='לקוחות לפי סוכן - מקור'!A611 | B555: ='לקוחות לפי סוכן - מקור'!C611 | C555: ='לקוחות לפי סוכן - מקור'!E611 | D555: ='לקוחות לפי סוכן - מקור'!F611 | E555: ='לקוחות לפי סוכן - מקור'!G611 | F555: ='לקוחות לפי סוכן - מקור'!D611 | G555: ='לקוחות לפי סוכן - מקור'!H611 | H555: ='לקוחות לפי סוכן - מקור'!I611 | I555: ='לקוחות לפי סוכן - מקור'!K611
A556: ='לקוחות לפי סוכן - מקור'!A612 | B556: ='לקוחות לפי סוכן - מקור'!C612 | C556: ='לקוחות לפי סוכן - מקור'!E612 | D556: ='לקוחות לפי סוכן - מקור'!F612 | E556: ='לקוחות לפי סוכן - מקור'!G612 | F556: ='לקוחות לפי סוכן - מקור'!D612 | G556: ='לקוחות לפי סוכן - מקור'!H612 | H556: ='לקוחות לפי סוכן - מקור'!I612 | I556: ='לקוחות לפי סוכן - מקור'!K612
A557: ='לקוחות לפי סוכן - מקור'!A613 | B557: ='לקוחות לפי סוכן - מקור'!C613 | C557: ='לקוחות לפי סוכן - מקור'!E613 | D557: ='לקוחות לפי סוכן - מקור'!F613 | E557: ='לקוחות לפי סוכן - מקור'!G613 | F557: ='לקוחות לפי סוכן - מקור'!D613 | G557: ='לקוחות לפי סוכן - מקור'!H613 | H557: ='לקוחות לפי סוכן - מקור'!I613 | I557: ='לקוחות לפי סוכן - מקור'!K613
A558: ='לקוחות לפי סוכן - מקור'!A614 | B558: ='לקוחות לפי סוכן - מקור'!C614 | C558: ='לקוחות לפי סוכן - מקור'!E614 | D558: ='לקוחות לפי סוכן - מקור'!F614 | E558: ='לקוחות לפי סוכן - מקור'!G614 | F558: ='לקוחות לפי סוכן - מקור'!D614 | G558: ='לקוחות לפי סוכן - מקור'!H614 | H558: ='לקוחות לפי סוכן - מקור'!I614 | I558: ='לקוחות לפי סוכן - מקור'!K614
A559: ='לקוחות לפי סוכן - מקור'!A615 | B559: ='לקוחות לפי סוכן - מקור'!C615 | C559: ='לקוחות לפי סוכן - מקור'!E615 | D559: ='לקוחות לפי סוכן - מקור'!F615 | E559: ='לקוחות לפי סוכן - מקור'!G615 | F559: ='לקוחות לפי סוכן - מקור'!D615 | G559: ='לקוחות לפי סוכן - מקור'!H615 | H559: ='לקוחות לפי סוכן - מקור'!I615 | I559: ='לקוחות לפי סוכן - מקור'!K615
A560: ='לקוחות לפי סוכן - מקור'!A616 | B560: ='לקוחות לפי סוכן - מקור'!C616 | C560: ='לקוחות לפי סוכן - מקור'!E616 | D560: ='לקוחות לפי סוכן - מקור'!F616 | E560: ='לקוחות לפי סוכן - מקור'!G616 | F560: ='לקוחות לפי סוכן - מקור'!D616 | G560: ='לקוחות לפי סוכן - מקור'!H616 | H560: ='לקוחות לפי סוכן - מקור'!I616 | I560: ='לקוחות לפי סוכן - מקור'!K616
A561: ='לקוחות לפי סוכן - מקור'!A617 | B561: ='לקוחות לפי סוכן - מקור'!C617 | C561: ='לקוחות לפי סוכן - מקור'!E617 | D561: ='לקוחות לפי סוכן - מקור'!F617 | E561: ='לקוחות לפי סוכן - מקור'!G617 | F561: ='לקוחות לפי סוכן - מקור'!D617 | G561: ='לקוחות לפי סוכן - מקור'!H617 | H561: ='לקוחות לפי סוכן - מקור'!I617 | I561: ='לקוחות לפי סוכן - מקור'!K617
A562: ='לקוחות לפי סוכן - מקור'!A618 | B562: ='לקוחות לפי סוכן - מקור'!C618 | C562: ='לקוחות לפי סוכן - מקור'!E618 | D562: ='לקוחות לפי סוכן - מקור'!F618 | E562: ='לקוחות לפי סוכן - מקור'!G618 | F562: ='לקוחות לפי סוכן - מקור'!D618 | G562: ='לקוחות לפי סוכן - מקור'!H618 | H562: ='לקוחות לפי סוכן - מקור'!I618 | I562: ='לקוחות לפי סוכן - מקור'!K618
A563: ='לקוחות לפי סוכן - מקור'!A619 | B563: ='לקוחות לפי סוכן - מקור'!C619 | C563: ='לקוחות לפי סוכן - מקור'!E619 | D563: ='לקוחות לפי סוכן - מקור'!F619 | E563: ='לקוחות לפי סוכן - מקור'!G619 | F563: ='לקוחות לפי סוכן - מקור'!D619 | G563: ='לקוחות לפי סוכן - מקור'!H619 | H563: ='לקוחות לפי סוכן - מקור'!I619 | I563: ='לקוחות לפי סוכן - מקור'!K619
... A571: ='לקוחות לפי סוכן - מקור'!A627 | B571: ='לקוחות לפי סוכן - מקור'!C627 | C571: ='לקוחות לפי סוכן - מקור'!E627 | D571: ='לקוחות לפי סוכן - מקור'!F627 | E571: ='לקוחות לפי סוכן - מקור'!G627 | F571: ='לקוחות לפי סוכן - מקור'!D627 | G571: ='לקוחות לפי סוכן - מקור'!H627 | H571: ='לקוחות לפי סוכן - מקור'!I627 | I571: ='לקוחות לפי סוכן - מקור'!K627
A573: חאזם תלחמי | C573: סה"כ 298 חנויות | D573: =SUMIF('לקוחות לפי סוכן - מקור'!$A$2:$A$867,$A573,'לקוחות לפי סוכן - מקור'!$F$2:$F$867) | E573: =SUMIF('לקוחות לפי סוכן - מקור'!$A$2:$A$867,$A573,'לקוחות לפי סוכן - מקור'!$G$2:$G$867) | G573: =SUMIF('לקוחות לפי סוכן - מקור'!$A$2:$A$867,$A573,'לקוחות לפי סוכן - מקור'!$H$2:$H$867) | H573: =SUMIF('לקוחות לפי סוכן - מקור'!$A$2:$A$867,$A573,'לקוחות לפי סוכן - מקור'!$I$2:$I$867) | I573: NetSuite+CHMI (61+237)
A574: ='לקוחות לפי סוכן - מקור'!A628 | B574: ='לקוחות לפי סוכן - מקור'!C628 | C574: ='לקוחות לפי סוכן - מקור'!E628 | D574: ='לקוחות לפי סוכן - מקור'!F628 | E574: ='לקוחות לפי סוכן - מקור'!G628 | F574: ='לקוחות לפי סוכן - מקור'!D628 | G574: ='לקוחות לפי סוכן - מקור'!H628 | H574: ='לקוחות לפי סוכן - מקור'!I628 | I574: ='לקוחות לפי סוכן - מקור'!K628
A575: ='לקוחות לפי סוכן - מקור'!A629 | B575: ='לקוחות לפי סוכן - מקור'!C629 | C575: ='לקוחות לפי סוכן - מקור'!E629 | D575: ='לקוחות לפי סוכן - מקור'!F629 | E575: ='לקוחות לפי סוכן - מקור'!G629 | F575: ='לקוחות לפי סוכן - מקור'!D629 | G575: ='לקוחות לפי סוכן - מקור'!H629 | H575: ='לקוחות לפי סוכן - מקור'!I629 | I575: ='לקוחות לפי סוכן - מקור'!K629
...

Sheet סיכום מפורט - סוכן-ערוץ-חנות
A1: לקוחות לפי סוכן, ערוץ וחנות — פירוט מלא לכל חנות (2025 לעומת 2026)
A2: מבוסס במלואו על הגיליון 'לקוחות לפי סוכן - מקור' (742 שורות, NetSuite+CHMI). כל המספרים בשורות כותרת-ערוץ וסה"כ-סוכן הם נוסחאות חיות (SUMIFS/COUNTIFS).
A3: סוכן | B3: ערוץ | C3: שם חנות / תיאור שורה | D3: מכר 2025 (₪) | E3: מכר 2026 (₪) | F3: קוד לקוח | G3: כמות 2025 | H3: כמות 2026 | I3: מקור הנתון | J3: מספר חנויות
A4: אמזלג × מירב שירה
A5: אמזלג × מירב שירה | B5: 102 - Orthopedic institutes | D5: =SUMIFS('לקוחות לפי סוכן - מקור'!$F$2:$F$867,'לקוחות לפי סוכן - מקור'!$A$2:$A$867,$A5,'לקוחות לפי סוכן - מקור'!$C$2:$C$867,$B5) | E5: =SUMIFS('לקוחות לפי סוכן - מקור'!$G$2:$G$867,'לקוחות לפי סוכן - מקור'!$A$2:$A$867,$A5,'לקוחות לפי סוכן - מקור'!$C$2:$C$867,$B5) | G5: =SUMIFS('לקוחות לפי סוכן - מקור'!$H$2:$H$867,'לקוחות לפי סוכן - מקור'!$A$2:$A$867,$A5,'לקוחות לפי סוכן - מקור'!$C$2:$C$867,$B5) | H5: =SUMIFS('לקוחות לפי סוכן - מקור'!$I$2:$I$867,'לקוחות לפי סוכן - מקור'!$A$2:$A$867,$A5,'לקוחות לפי סוכן - מקור'!$C$2:$C$867,$B5) | J5: =COUNTIFS('לקוחות לפי סוכן - מקור'!$A$2:$A$867,$A5,'לקוחות לפי סוכן - מקור'!$C$2:$C$867,$B5)
A6: ='לקוחות לפי סוכן - מקור'!A2 | B6: ='לקוחות לפי סוכן - מקור'!C2 | C6: ='לקוחות לפי סוכן - מקור'!E2 | D6: ='לקוחות לפי סוכן - מקור'!F2 | E6: ='לקוחות לפי סוכן - מקור'!G2 | F6: ='לקוחות לפי סוכן - מקור'!D2 | G6: ='לקוחות לפי סוכן - מקור'!H2 | H6: ='לקוחות לפי סוכן - מקור'!I2 | I6: ='לקוחות לפי סוכן - מקור'!K2
A7: ='לקוחות לפי סוכן - מקור'!A3 | B7: ='לקוחות לפי סוכן - מקור'!C3 | C7: ='לקוחות לפי סוכן - מקור'!E3 | D7: ='לקוחות לפי סוכן - מקור'!F3 | E7: ='לקוחות לפי סוכן - מקור'!G3 | F7: ='לקוחות לפי סוכן - מקור'!D3 | G7: ='לקוחות לפי סוכן - מקור'!H3 | H7: ='לקוחות לפי סוכן - מקור'!I3 | I7: ='לקוחות לפי סוכן - מקור'!K3
A8: ='לקוחות לפי סוכן - מקור'!A4 | B8: ='לקוחות לפי סוכן - מקור'!C4 | C8: ='לקוחות לפי סוכן - מקור'!E4 | D8: ='לקוחות לפי סוכן - מקור'!F4 | E8: ='לקוחות לפי סוכן - מקור'!G4 | F8: ='לקוחות לפי סוכן - מקור'!D4 | G8: ='לקוחות לפי סוכן - מקור'!H4 | H8: ='לקוחות לפי סוכן - מקור'!I4 | I8: ='לקוחות לפי סוכן - מקור'!K4
A9: ='לקוחות לפי סוכן - מקור'!A5 | B9: ='לקוחות לפי סוכן - מקור'!C5 | C9: ='לקוחות לפי סוכן - מקור'!E5 | D9: ='לקוחות לפי סוכן - מקור'!F5 | E9: ='לקוחות לפי סוכן - מקור'!G5 | F9: ='לקוחות לפי סוכן - מקור'!D5 | G9: ='לקוחות לפי סוכן - מקור'!H5 | H9: ='לקוחות לפי סוכן - מקור'!I5 | I9: ='לקוחות לפי סוכן - מקור'!K5
A10: אמזלג × מירב שירה | B10: 103 - Physiotherapy institutes | D10: =SUMIFS('לקוחות לפי סוכן - מקור'!$F$2:$F$867,'לקוחות לפי סוכן - מקור'!$A$2:$A$867,$A10,'לקוחות לפי סוכן - מקור'!$C$2:$C$867,$B10) | E10: =SUMIFS('לקוחות לפי סוכן - מקור'!$G$2:$G$867,'לקוחות לפי סוכן - מקור'!$A$2:$A$867,$A10,'לקוחות לפי סוכן - מקור'!$C$2:$C$867,$B10) | G10: =SUMIFS('לקוחות לפי סוכן - מקור'!$H$2:$H$867,'לקוחות לפי סוכן - מקור'!$A$2:$A$867,$A10,'לקוחות לפי סוכן - מקור'!$C$2:$C$867,$B10) | H10: =SUMIFS('לקוחות לפי סוכן - מקור'!$I$2:$I$867,'לקוחות לפי סוכן - מקור'!$A$2:$A$867,$A10,'לקוחות לפי סוכן - מקור'!$C$2:$C$867,$B10) | J10: =COUNTIFS('לקוחות לפי סוכן - מקור'!$A$2:$A$867,$A10,'לקוחות לפי סוכן - מקור'!$C$2:$C$867,$B10)
A11: ='לקוחות לפי סוכן - מקור'!A6 | B11: ='לקוחות לפי סוכן - מקור'!C6 | C11: ='לקוחות לפי סוכן - מקור'!E6 | D11: ='לקוחות לפי סוכן - מקור'!F6 | E11: ='לקוחות לפי סוכן - מקור'!G6 | F11: ='לקוחות לפי סוכן - מקור'!D6 | G11: ='לקוחות לפי סוכן - מקור'!H6 | H11: ='לקוחות לפי סוכן - מקור'!I6 | I11: ='לקוחות לפי סוכן - מקור'!K6
A12: ='לקוחות לפי סוכן - מקור'!A7 | B12: ='לקוחות לפי סוכן - מקור'!C7 | C12: ='לקוחות לפי סוכן - מקור'!E7 | D12: ='לקוחות לפי סוכן - מקור'!F7 | E12: ='לקוחות לפי סוכן - מקור'!G7 | F12: ='לקוחות לפי סוכן - מקור'!D7 | G12: ='לקוחות לפי סוכן - מקור'!H7 | H12: ='לקוחות לפי סוכן - מקור'!I7 | I12: ='לקוחות לפי סוכן - מקור'!K7
A13: ='לקוחות לפי סוכן - מקור'!A8 | B13: ='לקוחות לפי סוכן - מקור'!C8 | C13: ='לקוחות לפי סוכן - מקור'!E8 | D13: ='לקוחות לפי סוכן - מקור'!F8 | E13: ='לקוחות לפי סוכן - מקור'!G8 | F13: ='לקוחות לפי סוכן - מקור'!D8 | G13: ='לקוחות לפי סוכן - מקור'!H8 | H13: ='לקוחות לפי סוכן - מקור'!I8 | I13: ='לקוחות לפי סוכן - מקור'!K8
A14: ='לקוחות לפי סוכן - מקור'!A9 | B14: ='לקוחות לפי סוכן - מקור'!C9 | C14: ='לקוחות לפי סוכן - מקור'!E9 | D14: ='לקוחות לפי סוכן - מקור'!F9 | E14: ='לקוחות לפי סוכן - מקור'!G9 | F14: ='לקוחות לפי סוכן - מקור'!D9 | G14: ='לקוחות לפי סוכן - מקור'!H9 | H14: ='לקוחות לפי סוכן - מקור'!I9 | I14: ='לקוחות לפי סוכן - מקור'!K9
A15: ='לקוחות לפי סוכן - מקור'!A10 | B15: ='לקוחות לפי סוכן - מקור'!C10 | C15: ='לקוחות לפי סוכן - מקור'!E10 | D15: ='לקוחות לפי סוכן - מקור'!F10 | E15: ='לקוחות לפי סוכן - מקור'!G10 | F15: ='לקוחות לפי סוכן - מקור'!D10 | G15: ='לקוחות לפי סוכן - מקור'!H10 | H15: ='לקוחות לפי סוכן - מקור'!I10 | I15: ='לקוחות לפי סוכן - מקור'!K10
A16: ='לקוחות לפי סוכן - מקור'!A11 | B16: ='לקוחות לפי סוכן - מקור'!C11 | C16: ='לקוחות לפי סוכן - מקור'!E11 | D16: ='לקוחות לפי סוכן - מקור'!F11 | E16: ='לקוחות לפי סוכן - מקור'!G11 | F16: ='לקוחות לפי סוכן - מקור'!D11 | G16: ='לקוחות לפי סוכן - מקור'!H11 | H16: ='לקוחות לפי סוכן - מקור'!I11 | I16: ='לקוחות לפי סוכן - מקור'!K11
A17: אמזלג × מירב שירה | B17: 104 - Sports Shop | D17: =SUMIFS('לקוחות לפי סוכן - מקור'!$F$2:$F$867,'לקוחות לפי סוכן - מקור'!$A$2:$A$867,$A17,'לקוחות לפי סוכן - מקור'!$C$2:$C$867,$B17) | E17: =SUMIFS('לקוחות לפי סוכן - מקור'!$G$2:$G$867,'לקוחות לפי סוכן - מקור'!$A$2:$A$867,$A17,'לקוחות לפי סוכן - מקור'!$C$2:$C$867,$B17) | G17: =SUMIFS('לקוחות לפי סוכן - מקור'!$H$2:$H$867,'לקוחות לפי סוכן - מקור'!$A$2:$A$867,$A17,'לקוחות לפי סוכן - מקור'!$C$2:$C$867,$B17) | H17: =SUMIFS('לקוחות לפי סוכן - מקור'!$I$2:$I$867,'לקוחות לפי סוכן - מקור'!$A$2:$A$867,$A17,'לקוחות לפי סוכן - מקור'!$C$2:$C$867,$B17) | J17: =COUNTIFS('לקוחות לפי סוכן - מקור'!$A$2:$A$867,$A17,'לקוחות לפי סוכן - מקור'!$C$2:$C$867,$B17)
A18: ='לקוחות לפי סוכן - מקור'!A12 | B18: ='לקוחות לפי סוכן - מקור'!C12 | C18: ='לקוחות לפי סוכן - מקור'!E12 | D18: ='לקוחות לפי סוכן - מקור'!F12 | E18: ='לקוחות לפי סוכן - מקור'!G12 | F18: ='לקוחות לפי סוכן - מקור'!D12 | G18: ='לקוחות לפי סוכן - מקור'!H12 | H18: ='לקוחות לפי סוכן - מקור'!I12 | I18: ='לקוחות לפי סוכן - מקור'!K12
A19: אמזלג × מירב שירה | B19: 108 - Shoe Stores | D19: =SUMIFS('לקוחות לפי סוכן - מקור'!$F$2:$F$867,'לקוחות לפי סוכן - מקור'!$A$2:$A$867,$A19,'לקוחות לפי סוכן - מקור'!$C$2:$C$867,$B19) | E19: =SUMIFS('לקוחות לפי סוכן - מקור'!$G$2:$G$867,'לקוחות לפי סוכן - מקור'!$A$2:$A$867,$A19,'לקוחות לפי סוכן - מקור'!$C$2:$C$867,$B19) | G19: =SUMIFS('לקוחות לפי סוכן - מקור'!$H$2:$H$867,'לקוחות לפי סוכן - מקור'!$A$2:$A$867,$A19,'לקוחות לפי סוכן - מקור'!$C$2:$C$867,$B19) | H19: =SUMIFS('לקוחות לפי סוכן - מקור'!$I$2:$I$867,'לקוחות לפי סוכן - מקור'!$A$2:$A$867,$A19,'לקוחות לפי סוכן - מקור'!$C$2:$C$867,$B19) | J19: =COUNTIFS('לקוחות לפי סוכן - מקור'!$A$2:$A$867,$A19,'לקוחות לפי סוכן - מקור'!$C$2:$C$867,$B19)
A20: ='לקוחות לפי סוכן - מקור'!A13 | B20: ='לקוחות לפי סוכן - מקור'!C13 | C20: ='לקוחות לפי סוכן - מקור'!E13 | D20: ='לקוחות לפי סוכן - מקור'!F13 | E20: ='לקוחות לפי סוכן - מקור'!G13 | F20: ='לקוחות לפי סוכן - מקור'!D13 | G20: ='לקוחות לפי סוכן - מקור'!H13 | H20: ='לקוחות לפי סוכן - מקור'!I13 | I20: ='לקוחות לפי סוכן - מקור'!K13
A21: אמזלג × מירב שירה | B21: 109 - Private Shops | D21: =SUMIFS('לקוחות לפי סוכן - מקור'!$F$2:$F$867,'לקוחות לפי סוכן - מקור'!$A$2:$A$867,$A21,'לקוחות לפי סוכן - מקור'!$C$2:$C$867,$B21) | E21: =SUMIFS('לקוחות לפי סוכן - מקור'!$G$2:$G$867,'לקוחות לפי סוכן - מקור'!$A$2:$A$867,$A21,'לקוחות לפי סוכן - מקור'!$C$2:$C$867,$B21) | G21: =SUMIFS('לקוחות לפי סוכן - מקור'!$H$2:$H$867,'לקוחות לפי סוכן - מקור'!$A$2:$A$867,$A21,'לקוחות לפי סוכן - מקור'!$C$2:$C$867,$B21) | H21: =SUMIFS('לקוחות לפי סוכן - מקור'!$I$2:$I$867,'לקוחות לפי סוכן - מקור'!$A$2:$A$867,$A21,'לקוחות לפי סוכן - מקור'!$C$2:$C$867,$B21) | J21: =COUNTIFS('לקוחות לפי סוכן - מקור'!$A$2:$A$867,$A21,'לקוחות לפי סוכן - מקור'!$C$2:$C$867,$B21)
A22: ='לקוחות לפי סוכן - מקור'!A14 | B22: ='לקוחות לפי סוכן - מקור'!C14 | C22: ='לקוחות לפי סוכן - מקור'!E14 | D22: ='לקוחות לפי סוכן - מקור'!F14 | E22: ='לקוחות לפי סוכן - מקור'!G14 | F22: ='לקוחות לפי סוכן - מקור'!D14 | G22: ='לקוחות לפי סוכן - מקור'!H14 | H22: ='לקוחות לפי סוכן - מקור'!I14 | I22: ='לקוחות לפי סוכן - מקור'!K14
A23: ='לקוחות לפי סוכן - מקור'!A15 | B23: ='לקוחות לפי סוכן - מקור'!C15 | C23: ='לקוחות לפי סוכן - מקור'!E15 | D23: ='לקוחות לפי סוכן - מקור'!F15 | E23: ='לקוחות לפי סוכן - מקור'!G15 | F23: ='לקוחות לפי סוכן - מקור'!D15 | G23: ='לקוחות לפי סוכן - מקור'!H15 | H23: ='לקוחות לפי סוכן - מקור'!I15 | I23: ='לקוחות לפי סוכן - מקור'!K15
A24: ='לקוחות לפי סוכן - מקור'!A16 | B24: ='לקוחות לפי סוכן - מקור'!C16 | C24: ='לקוחות לפי סוכן - מקור'!E16 | D24: ='לקוחות לפי סוכן - מקור'!F16 | E24: ='לקוחות לפי סוכן - מקור'!G16 | F24: ='לקוחות לפי סוכן - מקור'!D16 | G24: ='לקוחות לפי סוכן - מקור'!H16 | H24: ='לקוחות לפי סוכן - מקור'!I16 | I24: ='לקוחות לפי סוכן - מקור'!K16
A25: אמזלג × מירב שירה | C25: סה"כ סוכן | D25: =SUMIF('לקוחות לפי סוכן - מקור'!$A$2:$A$867,$A25,'לקוחות לפי סוכן - מקור'!$F$2:$F$867) | E25: =SUMIF('לקוחות לפי סוכן - מקור'!$A$2:$A$867,$A25,'לקוחות לפי סוכן - מקור'!$G$2:$G$867) | G25: =SUMIF('לקוחות לפי סוכן - מקור'!$A$2:$A$867,$A25,'לקוחות לפי סוכן - מקור'!$H$2:$H$867) | H25: =SUMIF('לקוחות לפי סוכן - מקור'!$A$2:$A$867,$A25,'לקוחות לפי סוכן - מקור'!$I$2:$I$867) | I25: =IF(COUNTIFS('לקוחות לפי סוכן - מקור'!$A$2:$A$867,$A25,'לקוחות לפי סוכן - מקור'!$K$2:$K$867,"NetSuite")>0,IF(COUNTIFS('לקוחות לפי סוכן - מקור'!$A$2:$A$867,$A25,'לקוחות לפי סוכן - מקור'!$K$2:$K$867,"CHMI")>0,"NetSuite+CHMI ("&COUNTIFS('לקוחות לפי סוכן - מקור'!$A$2:$A$867,$A25,'לקוחות לפי סוכן - מקור'!$K$2:$K$867,"NetSuite")&"+"&COUNTIFS('לקוחות לפי סוכן - מקור'!$A$2:$A$867,$A25,'לקוחות לפי סוכן - מקור'!$K$2:$K$867,"CHMI")&")","NetSuite ("&COUNTIFS('לקוחות לפי סוכן - מקור'!$A$2:$A$867,$A25,'לקוחות לפי סוכן - מקור'!$K$2:$K$867,"NetSuite")&")"),"CHMI ("&COUNTIFS('לקוחות לפי סוכן - מקור'!$A$2:$A$867,$A25,'לקוחות לפי סוכן - מקור'!$K$2:$K$867,"CHMI")&")") | J25: =COUNTIF('לקוחות לפי סוכן - מקור'!$A$2:$A$867,$A25)
A27: אזולאי דוד
A28: אזולאי דוד | B28: 102 - Orthopedic institutes | D28: =SUMIFS('לקוחות לפי סוכן - מקור'!$F$2:$F$867,'לקוחות לפי סוכן - מקור'!$A$2:$A$867,$A28,'לקוחות לפי סוכן - מקור'!$C$2:$C$867,$B28) | E28: =SUMIFS('לקוחות לפי סוכן - מקור'!$G$2:$G$867,'לקוחות לפי סוכן - מקור'!$A$2:$A$867,$A28,'לקוחות לפי סוכן - מקור'!$C$2:$C$867,$B28) | G28: =SUMIFS('לקוחות לפי סוכן - מקור'!$H$2:$H$867,'לקוחות לפי סוכן - מקור'!$A$2:$A$867,$A28,'לקוחות לפי סוכן - מקור'!$C$2:$C$867,$B28) | H28: =SUMIFS('לקוחות לפי סוכן - מקור'!$I$2:$I$867,'לקוחות לפי סוכן - מקור'!$A$2:$A$867,$A28,'לקוחות לפי סוכן - מקור'!$C$2:$C$867,$B28) | J28: =COUNTIFS('לקוחות לפי סוכן - מקור'!$A$2:$A$867,$A28,'לקוחות לפי סוכן - מקור'!$C$2:$C$867,$B28)
A29: ='לקוחות לפי סוכן - מקור'!A17 | B29: ='לקוחות לפי סוכן - מקור'!C17 | C29: ='לקוחות לפי סוכן - מקור'!E17 | D29: ='לקוחות לפי סוכן - מקור'!F17 | E29: ='לקוחות לפי סוכן - מקור'!G17 | F29: ='לקוחות לפי סוכן - מקור'!D17 | G29: ='לקוחות לפי סוכן - מקור'!H17 | H29: ='לקוחות לפי סוכן - מקור'!I17 | I29: ='לקוחות לפי סוכן - מקור'!K17
A30: ='לקוחות לפי סוכן - מקור'!A18 | B30: ='לקוחות לפי סוכן - מקור'!C18 | C30: ='לקוחות לפי סוכן - מקור'!E18 | D30: ='לקוחות לפי סוכן - מקור'!F18 | E30: ='לקוחות לפי סוכן - מקור'!G18 | F30: ='לקוחות לפי סוכן - מקור'!D18 | G30: ='לקוחות לפי סוכן - מקור'!H18 | H30: ='לקוחות לפי סוכן - מקור'!I18 | I30: ='לקוחות לפי סוכן - מקור'!K18
A31: ='לקוחות לפי סוכן - מקור'!A19 | B31: ='לקוחות לפי סוכן - מקור'!C19 | C31: ='לקוחות לפי סוכן - מקור'!E19 | D31: ='לקוחות לפי סוכן - מקור'!F19 | E31: ='לקוחות לפי סוכן - מקור'!G19 | F31: ='לקוחות לפי סוכן - מקור'!D19 | G31: ='לקוחות לפי סוכן - מקור'!H19 | H31: ='לקוחות לפי סוכן - מקור'!I19 | I31: ='לקוחות לפי סוכן - מקור'!K19
A32: ='לקוחות לפי סוכן - מקור'!A20 | B32: ='לקוחות לפי סוכן - מקור'!C20 | C32: ='לקוחות לפי סוכן - מקור'!E20 | D32: ='לקוחות לפי סוכן - מקור'!F20 | E32: ='לקוחות לפי סוכן - מקור'!G20 | F32: ='לקוחות לפי סוכן - מקור'!D20 | G32: ='לקוחות לפי סוכן - מקור'!H20 | H32: ='לקוחות לפי סוכן - מקור'!I20 | I32: ='לקוחות לפי סוכן - מקור'!K20
A33: ='לקוחות לפי סוכן - מקור'!A21 | B33: ='לקוחות לפי סוכן - מקור'!C21 | C33: ='לקוחות לפי סוכן - מקור'!E21 | D33: ='לקוחות לפי סוכן - מקור'!F21 | E33: ='לקוחות לפי סוכן - מקור'!G21 | F33: ='לקוחות לפי סוכן - מקור'!D21 | G33: ='לקוחות לפי סוכן - מקור'!H21 | H33: ='לקוחות לפי סוכן - מקור'!I21 | I33: ='לקוחות לפי סוכן - מקור'!K21
A34: ='לקוחות לפי סוכן - מקור'!A22 | B34: ='לקוחות לפי סוכן - מקור'!C22 | C34: ='לקוחות לפי סוכן - מקור'!E22 | D34: ='לקוחות לפי סוכן - מקור'!F22 | E34: ='לקוחות לפי סוכן - מקור'!G22 | F34: ='לקוחות לפי סוכן - מקור'!D22 | G34: ='לקוחות לפי סוכן - מקור'!H22 | H34: ='לקוחות לפי סוכן - מקור'!I22 | I34: ='לקוחות לפי סוכן - מקור'!K22
A35: ='לקוחות לפי סוכן - מקור'!A23 | B35: ='לקוחות לפי סוכן - מקור'!C23 | C35: ='לקוחות לפי סוכן - מקור'!E23 | D35: ='לקוחות לפי סוכן - מקור'!F23 | E35: ='לקוחות לפי סוכן - מקור'!G23 | F35: ='לקוחות לפי סוכן - מקור'!D23 | G35: ='לקוחות לפי סוכן - מקור'!H23 | H35: ='לקוחות לפי סוכן - מקור'!I23 | I35: ='לקוחות לפי סוכן - מקור'!K23
A36: ='לקוחות לפי סוכן - מקור'!A24 | B36: ='לקוחות לפי סוכן - מקור'!C24 | C36: ='לקוחות לפי סוכן - מקור'!E24 | D36: ='לקוחות לפי סוכן - מקור'!F24 | E36: ='לקוחות לפי סוכן - מקור'!G24 | F36: ='לקוחות לפי סוכן - מקור'!D24 | G36: ='לקוחות לפי סוכן - מקור'!H24 | H36: ='לקוחות לפי סוכן - מקור'!I24 | I36: ='לקוחות לפי סוכן - מקור'!K24
A37: ='לקוחות לפי סוכן - מקור'!A25 | B37: ='לקוחות לפי סוכן - מקור'!C25 | C37: ='לקוחות לפי סוכן - מקור'!E25 | D37: ='לקוחות לפי סוכן - מקור'!F25 | E37: ='לקוחות לפי סוכן - מקור'!G25 | F37: ='לקוחות לפי סוכן - מקור'!D25 | G37: ='לקוחות לפי סוכן - מקור'!H25 | H37: ='לקוחות לפי סוכן - מקור'!I25 | I37: ='לקוחות לפי סוכן - מקור'!K25
A38: ='לקוחות לפי סוכן - מקור'!A26 | B38: ='לקוחות לפי סוכן - מקור'!C26 | C38: ='לקוחות לפי סוכן - מקור'!E26 | D38: ='לקוחות לפי סוכן - מקור'!F26 | E38: ='לקוחות לפי סוכן - מקור'!G26 | F38: ='לקוחות לפי סוכן - מקור'!D26 | G38: ='לקוחות לפי סוכן - מקור'!H26 | H38: ='לקוחות לפי סוכן - מקור'!I26 | I38: ='לקוחות לפי סוכן - מקור'!K26
A39: ='לקוחות לפי סוכן - מקור'!A27 | B39: ='לקוחות לפי סוכן - מקור'!C27 | C39: ='לקוחות לפי סוכן - מקור'!E27 | D39: ='לקוחות לפי סוכן - מקור'!F27 | E39: ='לקוחות לפי סוכן - מקור'!G27 | F39: ='לקוחות לפי סוכן - מקור'!D27 | G39: ='לקוחות לפי סוכן - מקור'!H27 | H39: ='לקוחות לפי סוכן - מקור'!I27 | I39: ='לקוחות לפי סוכן - מקור'!K27
A40: ='לקוחות לפי סוכן - מקור'!A28 | B40: ='לקוחות לפי סוכן - מקור'!C28 | C40: ='לקוחות לפי סוכן - מקור'!E28 | D40: ='לקוחות לפי סוכן - מקור'!F28 | E40: ='לקוחות לפי סוכן - מקור'!G28 | F40: ='לקוחות לפי סוכן - מקור'!D28 | G40: ='לקוחות לפי סוכן - מקור'!H28 | H40: ='לקוחות לפי סוכן - מקור'!I28 | I40: ='לקוחות לפי סוכן - מקור'!K28
... A61: ='לקוחות לפי סוכן - מקור'!A49 | B61: ='לקוחות לפי סוכן - מקור'!C49 | C61: ='לקוחות לפי סוכן - מקור'!E49 | D61: ='לקוחות לפי סוכן - מקור'!F49 | E61: ='לקוחות לפי סוכן - מקור'!G49 | F61: ='לקוחות לפי סוכן - מקור'!D49 | G61: ='לקוחות לפי סוכן - מקור'!H49 | H61: ='לקוחות לפי סוכן - מקור'!I49 | I61: ='לקוחות לפי סוכן - מקור'!K49
A62: אזולאי דוד | B62: 103 - Physiotherapy institutes | D62: =SUMIFS('לקוחות לפי סוכן - מקור'!$F$2:$F$867,'לקוחות לפי סוכן - מקור'!$A$2:$A$867,$A62,'לקוחות לפי סוכן - מקור'!$C$2:$C$867,$B62) | E62: =SUMIFS('לקוחות לפי סוכן - מקור'!$G$2:$G$867,'לקוחות לפי סוכן - מקור'!$A$2:$A$867,$A62,'לקוחות לפי סוכן - מקור'!$C$2:$C$867,$B62) | G62: =SUMIFS('לקוחות לפי סוכן - מקור'!$H$2:$H$867,'לקוחות לפי סוכן - מקור'!$A$2:$A$867,$A62,'לקוחות לפי סוכן - מקור'!$C$2:$C$867,$B62) | H62: =SUMIFS('לקוחות לפי סוכן - מקור'!$I$2:$I$867,'לקוחות לפי סוכן - מקור'!$A$2:$A$867,$A62,'לקוחות לפי סוכן - מקור'!$C$2:$C$867,$B62) | J62: =COUNTIFS('לקוחות לפי סוכן - מקור'!$A$2:$A$867,$A62,'לקוחות לפי סוכן - מקור'!$C$2:$C$867,$B62)
A63: ='לקוחות לפי סוכן - מקור'!A50 | B63: ='לקוחות לפי סוכן - מקור'!C50 | C63: ='לקוחות לפי סוכן - מקור'!E50 | D63: ='לקוחות לפי סוכן - מקור'!F50 | E63: ='לקוחות לפי סוכן - מקור'!G50 | F63: ='לקוחות לפי סוכן - מקור'!D50 | G63: ='לקוחות לפי סוכן - מקור'!H50 | H63: ='לקוחות לפי סוכן - מקור'!I50 | I63: ='לקוחות לפי סוכן - מקור'!K50
A64: ='לקוחות לפי סוכן - מקור'!A51 | B64: ='לקוחות לפי סוכן - מקור'!C51 | C64: ='לקוחות לפי סוכן - מקור'!E51 | D64: ='לקוחות לפי סוכן - מקור'!F51 | E64: ='לקוחות לפי סוכן - מקור'!G51 | F64: ='לקוחות לפי סוכן - מקור'!D51 | G64: ='לקוחות לפי סוכן - מקור'!H51 | H64: ='לקוחות לפי סוכן - מקור'!I51 | I64: ='לקוחות לפי סוכן - מקור'!K51
A65: אזולאי דוד | B65: 105 - Pedicure Salons | D65: =SUMIFS('לקוחות לפי סוכן - מקור'!$F$2:$F$867,'לקוחות לפי סוכן - מקור'!$A$2:$A$867,$A65,'לקוחות לפי סוכן - מקור'!$C$2:$C$867,$B65) | E65: =SUMIFS('לקוחות לפי סוכן - מקור'!$G$2:$G$867,'לקוחות לפי סוכן - מקור'!$A$2:$A$867,$A65,'לקוחות לפי סוכן - מקור'!$C$2:$C$867,$B65) | G65: =SUMIFS('לקוחות לפי סוכן - מקור'!$H$2:$H$867,'לקוחות לפי סוכן - מקור'!$A$2:$A$867,$A65,'לקוחות לפי סוכן - מקור'!$C$2:$C$867,$B65) | H65: =SUMIFS('לקוחות לפי סוכן - מקור'!$I$2:$I$867,'לקוחות לפי סוכן - מקור'!$A$2:$A$867,$A65,'לקוחות לפי סוכן - מקור'!$C$2:$C$867,$B65) | J65: =COUNTIFS('לקוחות לפי סוכן - מקור'!$A$2:$A$867,$A65,'לקוחות לפי סוכן - מקור'!$C$2:$C$867,$B65)
A66: ='לקוחות לפי סוכן - מקור'!A52 | B66: ='לקוחות לפי סוכן - מקור'!C52 | C66: ='לקוחות לפי סוכן - מקור'!E52 | D66: ='לקוחות לפי סוכן - מקור'!F52 | E66: ='לקוחות לפי סוכן - מקור'!G52 | F66: ='לקוחות לפי סוכן - מקור'!D52 | G66: ='לקוחות לפי סוכן - מקור'!H52 | H66: ='לקוחות לפי סוכן - מקור'!I52 | I66: ='לקוחות לפי סוכן - מקור'!K52
A67: אזולאי דוד | B67: 107 - Pharmacies | D67: =SUMIFS('לקוחות לפי סוכן - מקור'!$F$2:$F$867,'לקוחות לפי סוכן - מקור'!$A$2:$A$867,$A67,'לקוחות לפי סוכן - מקור'!$C$2:$C$867,$B67) | E67: =SUMIFS('לקוחות לפי סוכן - מקור'!$G$2:$G$867,'לקוחות לפי סוכן - מקור'!$A$2:$A$867,$A67,'לקוחות לפי סוכן - מקור'!$C$2:$C$867,$B67) | G67: =SUMIFS('לקוחות לפי סוכן - מקור'!$H$2:$H$867,'לקוחות לפי סוכן - מקור'!$A$2:$A$867,$A67,'לקוחות לפי סוכן - מקור'!$C$2:$C$867,$B67) | H67: =SUMIFS('לקוחות לפי סוכן - מקור'!$I$2:$I$867,'לקוחות לפי סוכן - מקור'!$A$2:$A$867,$A67,'לקוחות לפי סוכן - מקור'!$C$2:$C$867,$B67) | J67: =COUNTIFS('לקוחות לפי סוכן - מקור'!$A$2:$A$867,$A67,'לקוחות לפי סוכן - מקור'!$C$2:$C$867,$B67)
A68: ='לקוחות לפי סוכן - מקור'!A53 | B68: ='לקוחות לפי סוכן - מקור'!C53 | C68: ='לקוחות לפי סוכן - מקור'!E53 | D68: ='לקוחות לפי סוכן - מקור'!F53 | E68: ='לקוחות לפי סוכן - מקור'!G53 | F68: ='לקוחות לפי סוכן - מקור'!D53 | G68: ='לקוחות לפי סוכן - מקור'!H53 | H68: ='לקוחות לפי סוכן - מקור'!I53 | I68: ='לקוחות לפי סוכן - מקור'!K53
A69: אזולאי דוד | B69: 109 - Private Shops | D69: =SUMIFS('לקוחות לפי סוכן - מקור'!$F$2:$F$867,'לקוחות לפי סוכן - מקור'!$A$2:$A$867,$A69,'לקוחות לפי סוכן - מקור'!$C$2:$C$867,$B69) | E69: =SUMIFS('לקוחות לפי סוכן - מקור'!$G$2:$G$867,'לקוחות לפי סוכן - מקור'!$A$2:$A$867,$A69,'לקוחות לפי סוכן - מקור'!$C$2:$C$867,$B69) | G69: =SUMIFS('לקוחות לפי סוכן - מקור'!$H$2:$H$867,'לקוחות לפי סוכן - מקור'!$A$2:$A$867,$A69,'לקוחות לפי סוכן - מקור'!$C$2:$C$867,$B69) | H69: =SUMIFS('לקוחות לפי סוכן - מקור'!$I$2:$I$867,'לקוחות לפי סוכן - מקור'!$A$2:$A$867,$A69,'לקוחות לפי סוכן - מקור'!$C$2:$C$867,$B69) | J69: =COUNTIFS('לקוחות לפי סוכן - מקור'!$A$2:$A$867,$A69,'לקוחות לפי סוכן - מקור'!$C$2:$C$867,$B69)
A70: ='לקוחות לפי סוכן - מקור'!A54 | B70: ='לקוחות לפי סוכן - מקור'!C54 | C70: ='לקוחות לפי סוכן - מקור'!E54 | D70: ='לקוחות לפי סוכן - מקור'!F54 | E70: ='לקוחות לפי סוכן - מקור'!G54 | F70: ='לקוחות לפי סוכן - מקור'!D54 | G70: ='לקוחות לפי סוכן - מקור'!H54 | H70: ='לקוחות לפי סוכן - מקור'!I54 | I70: ='לקוחות לפי סוכן - מקור'!K54
A71: ='לקוחות לפי סוכן - מקור'!A55 | B71: ='לקוחות לפי סוכן - מקור'!C55 | C71: ='לקוחות לפי סוכן - מקור'!E55 | D71: ='לקוחות לפי סוכן - מקור'!F55 | E71: ='לקוחות לפי סוכן - מקור'!G55 | F71: ='לקוחות לפי סוכן - מקור'!D55 | G71: ='לקוחות לפי סוכן - מקור'!H55 | H71: ='לקוחות לפי סוכן - מקור'!I55 | I71: ='לקוחות לפי סוכן - מקור'!K55
A72: אזולאי דוד | B72: 0בתי מרקחת | D72: =SUMIFS('לקוחות לפי סוכן - מקור'!$F$2:$F$867,'לקוחות לפי סוכן - מקור'!$A$2:$A$867,$A72,'לקוחות לפי סוכן - מקור'!$C$2:$C$867,$B72) | E72: =SUMIFS('לקוחות לפי סוכן - מקור'!$G$2:$G$867,'לקוחות לפי סוכן - מקור'!$A$2:$A$867,$A72,'לקוחות לפי סוכן - מקור'!$C$2:$C$867,$B72) | G72: =SUMIFS('לקוחות לפי סוכן - מקור'!$H$2:$H$867,'לקוחות לפי סוכן - מקור'!$A$2:$A$867,$A72,'לקוחות לפי סוכן - מקור'!$C$2:$C$867,$B72) | H72: =SUMIFS('לקוחות לפי סוכן - מקור'!$I$2:$I$867,'לקוחות לפי סוכן - מקור'!$A$2:$A$867,$A72,'לקוחות לפי סוכן - מקור'!$C$2:$C$867,$B72) | J72: =COUNTIFS('לקוחות לפי סוכן - מקור'!$A$2:$A$867,$A72,'לקוחות לפי סוכן - מקור'!$C$2:$C$867,$B72)
A73: ='לקוחות לפי סוכן - מקור'!A56 | B73: ='לקוחות לפי סוכן - מקור'!C56 | C73: ='לקוחות לפי סוכן - מקור'!E56 | D73: ='לקוחות לפי סוכן - מקור'!F56 | E73: ='לקוחות לפי סוכן - מקור'!G56 | F73: ='לקוחות לפי סוכן - מקור'!D56 | G73: ='לקוחות לפי סוכן - מקור'!H56 | H73: ='לקוחות לפי סוכן - מקור'!I56 | I73: ='לקוחות לפי סוכן - מקור'!K56
A74: אזולאי דוד | B74: רשת י-ם | D74: =SUMIFS('לקוחות לפי סוכן - מקור'!$F$2:$F$867,'לקוחות לפי סוכן - מקור'!$A$2:$A$867,$A74,'לקוחות לפי סוכן - מקור'!$C$2:$C$867,$B74) | E74: =SUMIFS('לקוחות לפי סוכן - מקור'!$G$2:$G$867,'לקוחות לפי סוכן - מקור'!$A$2:$A$867,$A74,'לקוחות לפי סוכן - מקור'!$C$2:$C$867,$B74) | G74: =SUMIFS('לקוחות לפי סוכן - מקור'!$H$2:$H$867,'לקוחות לפי סוכן - מקור'!$A$2:$A$867,$A74,'לקוחות לפי סוכן - מקור'!$C$2:$C$867,$B74) | H74: =SUMIFS('לקוחות לפי סוכן - מקור'!$I$2:$I$867,'לקוחות לפי סוכן - מקור'!$A$2:$A$867,$A74,'לקוחות לפי סוכן - מקור'!$C$2:$C$867,$B74) | J74: =COUNTIFS('לקוחות לפי סוכן - מקור'!$A$2:$A$867,$A74,'לקוחות לפי סוכן - מקור'!$C$2:$C$867,$B74)
A75: ='לקוחות לפי סוכן - מקור'!A57 | B75: ='לקוחות לפי סוכן - מקור'!C57 | C75: ='לקוחות לפי סוכן - מקור'!E57 | D75: ='לקוחות לפי סוכן - מקור'!F57 | E75: ='לקוחות לפי סוכן - מקור'!G57 | F75: ='לקוחות לפי סוכן - מקור'!D57 | G75: ='לקוחות לפי סוכן - מקור'!H57 | H75: ='לקוחות לפי סוכן - מקור'!I57 | I75: ='לקוחות לפי סוכן - מקור'!K57
A76: ='לקוחות לפי סוכן - מקור'!A58 | B76: ='לקוחות לפי סוכן - מקור'!C58 | C76: ='לקוחות לפי סוכן - מקור'!E58 | D76: ='לקוחות לפי סוכן - מקור'!F58 | E76: ='לקוחות לפי סוכן - מקור'!G58 | F76: ='לקוחות לפי סוכן - מקור'!D58 | G76: ='לקוחות לפי סוכן - מקור'!H58 | H76: ='לקוחות לפי סוכן - מקור'!I58 | I76: ='לקוחות לפי סוכן - מקור'!K58
A77: ='לקוחות לפי סוכן - מקור'!A59 | B77: ='לקוחות לפי סוכן - מקור'!C59 | C77: ='לקוחות לפי סוכן - מקור'!E59 | D77: ='לקוחות לפי סוכן - מקור'!F59 | E77: ='לקוחות לפי סוכן - מקור'!G59 | F77: ='לקוחות לפי סוכן - מקור'!D59 | G77: ='לקוחות לפי סוכן - מקור'!H59 | H77: ='לקוחות לפי סוכן - מקור'!I59 | I77: ='לקוחות לפי סוכן - מקור'!K59
A78: ='לקוחות לפי סוכן - מקור'!A60 | B78: ='לקוחות לפי סוכן - מקור'!C60 | C78: ='לקוחות לפי סוכן - מקור'!E60 | D78: ='לקוחות לפי סוכן - מקור'!F60 | E78: ='לקוחות לפי סוכן - מקור'!G60 | F78: ='לקוחות לפי סוכן - מקור'!D60 | G78: ='לקוחות לפי סוכן - מקור'!H60 | H78: ='לקוחות לפי סוכן - מקור'!I60 | I78: ='לקוחות לפי סוכן - מקור'!K60
A79: ='לקוחות לפי סוכן - מקור'!A61 | B79: ='לקוחות לפי סוכן - מקור'!C61 | C79: ='לקוחות לפי סוכן - מקור'!E61 | D79: ='לקוחות לפי סוכן - מקור'!F61 | E79: ='לקוחות לפי סוכן - מקור'!G61 | F79: ='לקוחות לפי סוכן - מקור'!D61 | G79: ='לקוחות לפי סוכן - מקור'!H61 | H79: ='לקוחות לפי סוכן - מקור'!I61 | I79: ='לקוחות לפי סוכן - מקור'!K61
A80: ='לקוחות לפי סוכן - מקור'!A62 | B80: ='לקוחות לפי סוכן - מקור'!C62 | C80: ='לקוחות לפי סוכן - מקור'!E62 | D80: ='לקוחות לפי סוכן - מקור'!F62 | E80: ='לקוחות לפי סוכן - מקור'!G62 | F80: ='לקוחות לפי סוכן - מקור'!D62 | G80: ='לקוחות לפי סוכן - מקור'!H62 | H80: ='לקוחות לפי סוכן - מקור'!I62 | I80: ='לקוחות לפי סוכן - מקור'!K62
A81: ='לקוחות לפי סוכן - מקור'!A63 | B81: ='לקוחות לפי סוכן - מקור'!C63 | C81: ='לקוחות לפי סוכן - מקור'!E63 | D81: ='לקוחות לפי סוכן - מקור'!F63 | E81: ='לקוחות לפי סוכן - מקור'!G63 | F81: ='לקוחות לפי סוכן - מקור'!D63 | G81: ='לקוחות לפי סוכן - מקור'!H63 | H81: ='לקוחות לפי סוכן - מקור'!I63 | I81: ='לקוחות לפי סוכן - מקור'!K63
A82: ='לקוחות לפי סוכן - מקור'!A64 | B82: ='לקוחות לפי סוכן - מקור'!C64 | C82: ='לקוחות לפי סוכן - מקור'!E64 | D82: ='לקוחות לפי סוכן - מקור'!F64 | E82: ='לקוחות לפי סוכן - מקור'!G64 | F82: ='לקוחות לפי סוכן - מקור'!D64 | G82: ='לקוחות לפי סוכן - מקור'!H64 | H82: ='לקוחות לפי סוכן - מקור'!I64 | I82: ='לקוחות לפי סוכן - מקור'!K64
A83: ='לקוחות לפי סוכן - מקור'!A65 | B83: ='לקוחות לפי סוכן - מקור'!C65 | C83: ='לקוחות לפי סוכן - מקור'!E65 | D83: ='לקוחות לפי סוכן - מקור'!F65 | E83: ='לקוחות לפי סוכן - מקור'!G65 | F83: ='לקוחות לפי סוכן - מקור'!D65 | G83: ='לקוחות לפי סוכן - מקור'!H65 | H83: ='לקוחות לפי סוכן - מקור'!I65 | I83: ='לקוחות לפי סוכן - מקור'!K65
A84: ='לקוחות לפי סוכן - מקור'!A66 | B84: ='לקוחות לפי סוכן - מקור'!C66 | C84: ='לקוחות לפי סוכן - מקור'!E66 | D84: ='לקוחות לפי סוכן - מקור'!F66 | E84: ='לקוחות לפי סוכן - מקור'!G66 | F84: ='לקוחות לפי סוכן - מקור'!D66 | G84: ='לקוחות לפי סוכן - מקור'!H66 | H84: ='לקוחות לפי סוכן - מקור'!I66 | I84: ='לקוחות לפי סוכן - מקור'!K66
A85: ='לקוחות לפי סוכן - מקור'!A67 | B85: ='לקוחות לפי סוכן - מקור'!C67 | C85: ='לקוחות לפי סוכן - מקור'!E67 | D85: ='לקוחות לפי סוכן - מקור'!F67 | E85: ='לקוחות לפי סוכן - מקור'!G67 | F85: ='לקוחות לפי סוכן - מקור'!D67 | G85: ='לקוחות לפי סוכן - מקור'!H67 | H85: ='לקוחות לפי סוכן - מקור'!I67 | I85: ='לקוחות לפי סוכן - מקור'!K67
A86: ='לקוחות לפי סוכן - מקור'!A68 | B86: ='לקוחות לפי סוכן - מקור'!C68 | C86: ='לקוחות לפי סוכן - מקור'!E68 | D86: ='לקוחות לפי סוכן - מקור'!F68 | E86: ='לקוחות לפי סוכן - מקור'!G68 | F86: ='לקוחות לפי סוכן - מקור'!D68 | G86: ='לקוחות לפי סוכן - מקור'!H68 | H86: ='לקוחות לפי סוכן - מקור'!I68 | I86: ='לקוחות לפי סוכן - מקור'!K68
... A92: ='לקוחות לפי סוכן - מקור'!A74 | B92: ='לקוחות לפי סוכן - מקור'!C74 | C92: ='לקוחות לפי סוכן - מקור'!E74 | D92: ='לקוחות לפי סוכן - מקור'!F74 | E92: ='לקוחות לפי סוכן - מקור'!G74 | F92: ='לקוחות לפי סוכן - מקור'!D74 | G92: ='לקוחות לפי סוכן - מקור'!H74 | H92: ='לקוחות לפי סוכן - מקור'!I74 | I92: ='לקוחות לפי סוכן - מקור'!K74
A93: אזולאי דוד | B93: שרם | D93: =SUMIFS('לקוחות לפי סוכן - מקור'!$F$2:$F$867,'לקוחות לפי סוכן - מקור'!$A$2:$A$867,$A93,'לקוחות לפי סוכן - מקור'!$C$2:$C$867,$B93) | E93: =SUMIFS('לקוחות לפי סוכן - מקור'!$G$2:$G$867,'לקוחות לפי סוכן - מקור'!$A$2:$A$867,$A93,'לקוחות לפי סוכן - מקור'!$C$2:$C$867,$B93) | G93: =SUMIFS('לקוחות לפי סוכן - מקור'!$H$2:$H$867,'לקוחות לפי סוכן - מקור'!$A$2:$A$867,$A93,'לקוחות לפי סוכן - מקור'!$C$2:$C$867,$B93) | H93: =SUMIFS('לקוחות לפי סוכן - מקור'!$I$2:$I$867,'לקוחות לפי סוכן - מקור'!$A$2:$A$867,$A93,'לקוחות לפי סוכן - מקור'!$C$2:$C$867,$B93) | J93: =COUNTIFS('לקוחות לפי סוכן - מקור'!$A$2:$A$867,$A93,'לקוחות לפי סוכן - מקור'!$C$2:$C$867,$B93)
A94: ='לקוחות לפי סוכן - מקור'!A75 | B94: ='לקוחות לפי סוכן - מקור'!C75 | C94: ='לקוחות לפי סוכן - מקור'!E75 | D94: ='לקוחות לפי סוכן - מקור'!F75 | E94: ='לקוחות לפי סוכן - מקור'!G75 | F94: ='לקוחות לפי סוכן - מקור'!D75 | G94: ='לקוחות לפי סוכן - מקור'!H75 | H94: ='לקוחות לפי סוכן - מקור'!I75 | I94: ='לקוחות לפי סוכן - מקור'!K75
A95: ='לקוחות לפי סוכן - מקור'!A76 | B95: ='לקוחות לפי סוכן - מקור'!C76 | C95: ='לקוחות לפי סוכן - מקור'!E76 | D95: ='לקוחות לפי סוכן - מקור'!F76 | E95: ='לקוחות לפי סוכן - מקור'!G76 | F95: ='לקוחות לפי סוכן - מקור'!D76 | G95: ='לקוחות לפי סוכן - מקור'!H76 | H95: ='לקוחות לפי סוכן - מקור'!I76 | I95: ='לקוחות לפי סוכן - מקור'!K76
A96: ='לקוחות לפי סוכן - מקור'!A77 | B96: ='לקוחות לפי סוכן - מקור'!C77 | C96: ='לקוחות לפי סוכן - מקור'!E77 | D96: ='לקוחות לפי סוכן - מקור'!F77 | E96: ='לקוחות לפי סוכן - מקור'!G77 | F96: ='לקוחות לפי סוכן - מקור'!D77 | G96: ='לקוחות לפי סוכן - מקור'!H77 | H96: ='לקוחות לפי סוכן - מקור'!I77 | I96: ='לקוחות לפי סוכן - מקור'!K77
A97: ='לקוחות לפי סוכן - מקור'!A78 | B97: ='לקוחות לפי סוכן - מקור'!C78 | C97: ='לקוחות לפי סוכן - מקור'!E78 | D97: ='לקוחות לפי סוכן - מקור'!F78 | E97: ='לקוחות לפי סוכן - מקור'!G78 | F97: ='לקוחות לפי סוכן - מקור'!D78 | G97: ='לקוחות לפי סוכן - מקור'!H78 | H97: ='לקוחות לפי סוכן - מקור'!I78 | I97: ='לקוחות לפי סוכן - מקור'!K78
A98: ='לקוחות לפי סוכן - מקור'!A79 | B98: ='לקוחות לפי סוכן - מקור'!C79 | C98: ='לקוחות לפי סוכן - מקור'!E79 | D98: ='לקוחות לפי סוכן - מקור'!F79 | E98: ='לקוחות לפי סוכן - מקור'!G79 | F98: ='לקוחות לפי סוכן - מקור'!D79 | G98: ='לקוחות לפי סוכן - מקור'!H79 | H98: ='לקוחות לפי סוכן - מקור'!I79 | I98: ='לקוחות לפי סוכן - מקור'!K79
A99: אזולאי דוד | B99: ס. פארם | D99: =SUMIFS('לקוחות לפי סוכן - מקור'!$F$2:$F$867,'לקוחות לפי סוכן - מקור'!$A$2:$A$867,$A99,'לקוחות לפי סוכן - מקור'!$C$2:$C$867,$B99) | E99: =SUMIFS('לקוחות לפי סוכן - מקור'!$G$2:$G$867,'לקוחות לפי סוכן - מקור'!$A$2:$A$867,$A99,'לקוחות לפי סוכן - מקור'!$C$2:$C$867,$B99) | G99: =SUMIFS('לקוחות לפי סוכן - מקור'!$H$2:$H$867,'לקוחות לפי סוכן - מקור'!$A$2:$A$867,$A99,'לקוחות לפי סוכן - מקור'!$C$2:$C$867,$B99) | H99: =SUMIFS('לקוחות לפי סוכן - מקור'!$I$2:$I$867,'לקוחות לפי סוכן - מקור'!$A$2:$A$867,$A99,'לקוחות לפי סוכן - מקור'!$C$2:$C$867,$B99) | J99: =COUNTIFS('לקוחות לפי סוכן - מקור'!$A$2:$A$867,$A99,'לקוחות לפי סוכן - מקור'!$C$2:$C$867,$B99)
A100: ='לקוחות לפי סוכן - מקור'!A80 | B100: ='לקוחות לפי סוכן - מקור'!C80 | C100: ='לקוחות לפי סוכן - מקור'!E80 | D100: ='לקוחות לפי סוכן - מקור'!F80 | E100: ='לקוחות לפי סוכן - מקור'!G80 | F100: ='לקוחות לפי סוכן - מקור'!D80 | G100: ='לקוחות לפי סוכן - מקור'!H80 | H100: ='לקוחות לפי סוכן - מקור'!I80 | I100: ='לקוחות לפי סוכן - מקור'!K80
A101: ='לקוחות לפי סוכן - מקור'!A81 | B101: ='לקוחות לפי סוכן - מקור'!C81 | C101: ='לקוחות לפי סוכן - מקור'!E81 | D101: ='לקוחות לפי סוכן - מקור'!F81 | E101: ='לקוחות לפי סוכן - מקור'!G81 | F101: ='לקוחות לפי סוכן - מקור'!D81 | G101: ='לקוחות לפי סוכן - מקור'!H81 | H101: ='לקוחות לפי סוכן - מקור'!I81 | I101: ='לקוחות לפי סוכן - מקור'!K81
A102: ='לקוחות לפי סוכן - מקור'!A82 | B102: ='לקוחות לפי סוכן - מקור'!C82 | C102: ='לקוחות לפי סוכן - מקור'!E82 | D102: ='לקוחות לפי סוכן - מקור'!F82 | E102: ='לקוחות לפי סוכן - מקור'!G82 | F102: ='לקוחות לפי סוכן - מקור'!D82 | G102: ='לקוחות לפי סוכן - מקור'!H82 | H102: ='לקוחות לפי סוכן - מקור'!I82 | I102: ='לקוחות לפי סוכן - מקור'!K82
A103: ='לקוחות לפי סוכן - מקור'!A83 | B103: ='לקוחות לפי סוכן - מקור'!C83 | C103: ='לקוחות לפי סוכן - מקור'!E83 | D103: ='לקוחות לפי סוכן - מקור'!F83 | E103: ='לקוחות לפי סוכן - מקור'!G83 | F103: ='לקוחות לפי סוכן - מקור'!D83 | G103: ='לקוחות לפי סוכן - מקור'!H83 | H103: ='לקוחות לפי סוכן - מקור'!I83 | I103: ='לקוחות לפי סוכן - מקור'!K83
A104: ='לקוחות לפי סוכן - מקור'!A84 | B104: ='לקוחות לפי סוכן - מקור'!C84 | C104: ='לקוחות לפי סוכן - מקור'!E84 | D104: ='לקוחות לפי סוכן - מקור'!F84 | E104: ='לקוחות לפי סוכן - מקור'!G84 | F104: ='לקוחות לפי סוכן - מקור'!D84 | G104: ='לקוחות לפי סוכן - מקור'!H84 | H104: ='לקוחות לפי סוכן - מקור'!I84 | I104: ='לקוחות לפי סוכן - מקור'!K84
A105: ='לקוחות לפי סוכן - מקור'!A85 | B105: ='לקוחות לפי סוכן - מקור'!C85 | C105: ='לקוחות לפי סוכן - מקור'!E85 | D105: ='לקוחות לפי סוכן - מקור'!F85 | E105: ='לקוחות לפי סוכן - מקור'!G85 | F105: ='לקוחות לפי סוכן - מקור'!D85 | G105: ='לקוחות לפי סוכן - מקור'!H85 | H105: ='לקוחות לפי סוכן - מקור'!I85 | I105: ='לקוחות לפי סוכן - מקור'!K85
A106: ='לקוחות לפי סוכן - מקור'!A86 | B106: ='לקוחות לפי סוכן - מקור'!C86 | C106: ='לקוחות לפי סוכן - מקור'!E86 | D106: ='לקוחות לפי סוכן - מקור'!F86 | E106: ='לקוחות לפי סוכן - מקור'!G86 | F106: ='לקוחות לפי סוכן - מקור'!D86 | G106: ='לקוחות לפי סוכן - מקור'!H86 | H106: ='לקוחות לפי סוכן - מקור'!I86 | I106: ='לקוחות לפי סוכן - מקור'!K86
A107: ='לקוחות לפי סוכן - מקור'!A87 | B107: ='לקוחות לפי סוכן - מקור'!C87 | C107: ='לקוחות לפי סוכן - מקור'!E87 | D107: ='לקוחות לפי סוכן - מקור'!F87 | E107: ='לקוחות לפי סוכן - מקור'!G87 | F107: ='לקוחות לפי סוכן - מקור'!D87 | G107: ='לקוחות לפי סוכן - מקור'!H87 | H107: ='לקוחות לפי סוכן - מקור'!I87 | I107: ='לקוחות לפי סוכן - מקור'!K87
A108: ='לקוחות לפי סוכן - מקור'!A88 | B108: ='לקוחות לפי סוכן - מקור'!C88 | C108: ='לקוחות לפי סוכן - מקור'!E88 | D108: ='לקוחות לפי סוכן - מקור'!F88 | E108: ='לקוחות לפי סוכן - מקור'!G88 | F108: ='לקוחות לפי סוכן - מקור'!D88 | G108: ='לקוחות לפי סוכן - מקור'!H88 | H108: ='לקוחות לפי סוכן - מקור'!I88 | I108: ='לקוחות לפי סוכן - מקור'!K88
A109: ='לקוחות לפי סוכן - מקור'!A89 | B109: ='לקוחות לפי סוכן - מקור'!C89 | C109: ='לקוחות לפי סוכן - מקור'!E89 | D109: ='לקוחות לפי סוכן - מקור'!F89 | E109: ='לקוחות לפי סוכן - מקור'!G89 | F109: ='לקוחות לפי סוכן - מקור'!D89 | G109: ='לקוחות לפי סוכן - מקור'!H89 | H109: ='לקוחות לפי סוכן - מקור'!I89 | I109: ='לקוחות לפי סוכן - מקור'!K89
A110: ='לקוחות לפי סוכן - מקור'!A90 | B110: ='לקוחות לפי סוכן - מקור'!C90 | C110: ='לקוחות לפי סוכן - מקור'!E90 | D110: ='לקוחות לפי סוכן - מקור'!F90 | E110: ='לקוחות לפי סוכן - מקור'!G90 | F110: ='לקוחות לפי סוכן - מקור'!D90 | G110: ='לקוחות לפי סוכן - מקור'!H90 | H110: ='לקוחות לפי סוכן - מקור'!I90 | I110: ='לקוחות לפי סוכן - מקור'!K90
A111: ='לקוחות לפי סוכן - מקור'!A91 | B111: ='לקוחות לפי סוכן - מקור'!C91 | C111: ='לקוחות לפי סוכן - מקור'!E91 | D111: ='לקוחות לפי סוכן - מקור'!F91 | E111: ='לקוחות לפי סוכן - מקור'!G91 | F111: ='לקוחות לפי סוכן - מקור'!D91 | G111: ='לקוחות לפי סוכן - מקור'!H91 | H111: ='לקוחות לפי סוכן - מקור'!I91 | I111: ='לקוחות לפי סוכן - מקור'!K91
... A165: ='לקוחות לפי סוכן - מקור'!A145 | B165: ='לקוחות לפי סוכן - מקור'!C145 | C165: ='לקוחות לפי סוכן - מקור'!E145 | D165: ='לקוחות לפי סוכן - מקור'!F145 | E165: ='לקוחות לפי סוכן - מקור'!G145 | F165: ='לקוחות לפי סוכן - מקור'!D145 | G165: ='לקוחות לפי סוכן - מקור'!H145 | H165: ='לקוחות לפי סוכן - מקור'!I145 | I165: ='לקוחות לפי סוכן - מקור'!K145
A166: אזולאי דוד | B166: שופרסל BE | D166: =SUMIFS('לקוחות לפי סוכן - מקור'!$F$2:$F$867,'לקוחות לפי סוכן - מקור'!$A$2:$A$867,$A166,'לקוחות לפי סוכן - מקור'!$C$2:$C$867,$B166) | E166: =SUMIFS('לקוחות לפי סוכן - מקור'!$G$2:$G$867,'לקוחות לפי סוכן - מקור'!$A$2:$A$867,$A166,'לקוחות לפי סוכן - מקור'!$C$2:$C$867,$B166) | G166: =SUMIFS('לקוחות לפי סוכן - מקור'!$H$2:$H$867,'לקוחות לפי סוכן - מקור'!$A$2:$A$867,$A166,'לקוחות לפי סוכן - מקור'!$C$2:$C$867,$B166) | H166: =SUMIFS('לקוחות לפי סוכן - מקור'!$I$2:$I$867,'לקוחות לפי סוכן - מקור'!$A$2:$A$867,$A166,'לקוחות לפי סוכן - מקור'!$C$2:$C$867,$B166) | J166: =COUNTIFS('לקוחות לפי סוכן - מקור'!$A$2:$A$867,$A166,'לקוחות לפי סוכן - מקור'!$C$2:$C$867,$B166)
A167: ='לקוחות לפי סוכן - מקור'!A146 | B167: ='לקוחות לפי סוכן - מקור'!C146 | C167: ='לקוחות לפי סוכן - מקור'!E146 | D167: ='לקוחות לפי סוכן - מקור'!F146 | E167: ='לקוחות לפי סוכן - מקור'!G146 | F167: ='לקוחות לפי סוכן - מקור'!D146 | G167: ='לקוחות לפי סוכן - מקור'!H146 | H167: ='לקוחות לפי סוכן - מקור'!I146 | I167: ='לקוחות לפי סוכן - מקור'!K146
A168: ='לקוחות לפי סוכן - מקור'!A147 | B168: ='לקוחות לפי סוכן - מקור'!C147 | C168: ='לקוחות לפי סוכן - מקור'!E147 | D168: ='לקוחות לפי סוכן - מקור'!F147 | E168: ='לקוחות לפי סוכן - מקור'!G147 | F168: ='לקוחות לפי סוכן - מקור'!D147 | G168: ='לקוחות לפי סוכן - מקור'!H147 | H168: ='לקוחות לפי סוכן - מקור'!I147 | I168: ='לקוחות לפי סוכן - מקור'!K147
A169: ='לקוחות לפי סוכן - מקור'!A148 | B169: ='לקוחות לפי סוכן - מקור'!C148 | C169: ='לקוחות לפי סוכן - מקור'!E148 | D169: ='לקוחות לפי סוכן - מקור'!F148 | E169: ='לקוחות לפי סוכן - מקור'!G148 | F169: ='לקוחות לפי סוכן - מקור'!D148 | G169: ='לקוחות לפי סוכן - מקור'!H148 | H169: ='לקוחות לפי סוכן - מקור'!I148 | I169: ='לקוחות לפי סוכן - מקור'!K148
A170: ='לקוחות לפי סוכן - מקור'!A149 | B170: ='לקוחות לפי סוכן - מקור'!C149 | C170: ='לקוחות לפי סוכן - מקור'!E149 | D170: ='לקוחות לפי סוכן - מקור'!F149 | E170: ='לקוחות לפי סוכן - מקור'!G149 | F170: ='לקוחות לפי סוכן - מקור'!D149 | G170: ='לקוחות לפי סוכן - מקור'!H149 | H170: ='לקוחות לפי סוכן - מקור'!I149 | I170: ='לקוחות לפי סוכן - מקור'!K149
A171: ='לקוחות לפי סוכן - מקור'!A150 | B171: ='לקוחות לפי סוכן - מקור'!C150 | C171: ='לקוחות לפי סוכן - מקור'!E150 | D171: ='לקוחות לפי סוכן - מקור'!F150 | E171: ='לקוחות לפי סוכן - מקור'!G150 | F171: ='לקוחות לפי סוכן - מקור'!D150 | G171: ='לקוחות לפי סוכן - מקור'!H150 | H171: ='לקוחות לפי סוכן - מקור'!I150 | I171: ='לקוחות לפי סוכן - מקור'!K150
A172: ='לקוחות לפי סוכן - מקור'!A151 | B172: ='לקוחות לפי סוכן - מקור'!C151 | C172: ='לקוחות לפי סוכן - מקור'!E151 | D172: ='לקוחות לפי סוכן - מקור'!F151 | E172: ='לקוחות לפי סוכן - מקור'!G151 | F172: ='לקוחות לפי סוכן - מקור'!D151 | G172: ='לקוחות לפי סוכן - מקור'!H151 | H172: ='לקוחות לפי סוכן - מקור'!I151 | I172: ='לקוחות לפי סוכן - מקור'!K151
A173: ='לקוחות לפי סוכן - מקור'!A152 | B173: ='לקוחות לפי סוכן - מקור'!C152 | C173: ='לקוחות לפי סוכן - מקור'!E152 | D173: ='לקוחות לפי סוכן - מקור'!F152 | E173: ='לקוחות לפי סוכן - מקור'!G152 | F173: ='לקוחות לפי סוכן - מקור'!D152 | G173: ='לקוחות לפי סוכן - מקור'!H152 | H173: ='לקוחות לפי סוכן - מקור'!I152 | I173: ='לקוחות לפי סוכן - מקור'!K152
A174: ='לקוחות לפי סוכן - מקור'!A153 | B174: ='לקוחות לפי סוכן - מקור'!C153 | C174: ='לקוחות לפי סוכן - מקור'!E153 | D174: ='לקוחות לפי סוכן - מקור'!F153 | E174: ='לקוחות לפי סוכן - מקור'!G153 | F174: ='לקוחות לפי סוכן - מקור'!D153 | G174: ='לקוחות לפי סוכן - מקור'!H153 | H174: ='לקוחות לפי סוכן - מקור'!I153 | I174: ='לקוחות לפי סוכן - מקור'!K153
A175: ='לקוחות לפי סוכן - מקור'!A154 | B175: ='לקוחות לפי סוכן - מקור'!C154 | C175: ='לקוחות לפי סוכן - מקור'!E154 | D175: ='לקוחות לפי סוכן - מקור'!F154 | E175: ='לקוחות לפי סוכן - מקור'!G154 | F175: ='לקוחות לפי סוכן - מקור'!D154 | G175: ='לקוחות לפי סוכן - מקור'!H154 | H175: ='לקוחות לפי סוכן - מקור'!I154 | I175: ='לקוחות לפי סוכן - מקור'!K154
A176: ='לקוחות לפי סוכן - מקור'!A155 | B176: ='לקוחות לפי סוכן - מקור'!C155 | C176: ='לקוחות לפי סוכן - מקור'!E155 | D176: ='לקוחות לפי סוכן - מקור'!F155 | E176: ='לקוחות לפי סוכן - מקור'!G155 | F176: ='לקוחות לפי סוכן - מקור'!D155 | G176: ='לקוחות לפי סוכן - מקור'!H155 | H176: ='לקוחות לפי סוכן - מקור'!I155 | I176: ='לקוחות לפי סוכן - מקור'!K155
A177: ='לקוחות לפי סוכן - מקור'!A156 | B177: ='לקוחות לפי סוכן - מקור'!C156 | C177: ='לקוחות לפי סוכן - מקור'!E156 | D177: ='לקוחות לפי סוכן - מקור'!F156 | E177: ='לקוחות לפי סוכן - מקור'!G156 | F177: ='לקוחות לפי סוכן - מקור'!D156 | G177: ='לקוחות לפי סוכן - מקור'!H156 | H177: ='לקוחות לפי סוכן - מקור'!I156 | I177: ='לקוחות לפי סוכן - מקור'!K156
A178: ='לקוחות לפי סוכן - מקור'!A157 | B178: ='לקוחות לפי סוכן - מקור'!C157 | C178: ='לקוחות לפי סוכן - מקור'!E157 | D178: ='לקוחות לפי סוכן - מקור'!F157 | E178: ='לקוחות לפי סוכן - מקור'!G157 | F178: ='לקוחות לפי סוכן - מקור'!D157 | G178: ='לקוחות לפי סוכן - מקור'!H157 | H178: ='לקוחות לפי סוכן - מקור'!I157 | I178: ='לקוחות לפי סוכן - מקור'!K157
... A183: ='לקוחות לפי סוכן - מקור'!A162 | B183: ='לקוחות לפי סוכן - מקור'!C162 | C183: ='לקוחות לפי סוכן - מקור'!E162 | D183: ='לקוחות לפי סוכן - מקור'!F162 | E183: ='לקוחות לפי סוכן - מקור'!G162 | F183: ='לקוחות לפי סוכן - מקור'!D162 | G183: ='לקוחות לפי סוכן - מקור'!H162 | H183: ='לקוחות לפי סוכן - מקור'!I162 | I183: ='לקוחות לפי סוכן - מקור'!K162
...

Sheet לקוחות לפי סוכן - מקור חדש
A1: סוכן (קצר, כפי שמופיע בקובץ) | B1: סוכן (קנוני) | C1: רשת (ערוץ מקור) | D1: שם לקוח (כפי שמופיע במקור) | E1: כמות 2025 | F1: מכר 2025 (₪) | G1: כמות 2026 | H1: מכר 2026 (₪) | J1: מקרא: סוכן קצר | K1: סוכן קנוני
A2: חאזם | B2: =IFERROR(INDEX($K$2:$K$5,MATCH(A2,$J$2:$J$5,0)),A2) | C2: מחוז צפון | D2: המרכז אעבלין ב.מ | E2: 249 | F2: 10975.3 | G2: 79 | H2: 2875.2 | J2: חאזם | K2: חאזם תלחמי
A3: חאזם | B3: =IFERROR(INDEX($K$2:$K$5,MATCH(A3,$J$2:$J$5,0)),A3) | C3: מחוז צפון | D3: (מדיקל הצפון מעיליה )חורי בע""""מ | E3: 102 | F3: 5349.7 | G3: 83 | H3: 3742.5 | J3: סטאס | K3: סטניסלב נסאר
A4: חאזם | B4: =IFERROR(INDEX($K$2:$K$5,MATCH(A4,$J$2:$J$5,0)),A4) | C4: מחוז צפון | D4: נובו פארם דיר אל אסד ב.מ | E4: 524 | F4: 21464.5 | G4: 424 | H4: 15273.8 | J4: דוד | K4: אזולאי דוד
A5: חאזם | B5: =IFERROR(INDEX($K$2:$K$5,MATCH(A5,$J$2:$J$5,0)),A5) | C5: מחוז צפון | D5: שביט בע""""מ ק.אתא ב.מ | E5: 17 | F5: 612.5 | G5: 9 | H5: 429.8 | J5: חיים | K5: חיים ויצמן
A6: חאזם | B6: =IFERROR(INDEX($K$2:$K$5,MATCH(A6,$J$2:$J$5,0)),A6) | C6: מחוז צפון | D6: חידאר פארם ב.מ | E6: 94 | F6: 3557.4 | G6: 58 | H6: 2601
A7: חאזם | B7: =IFERROR(INDEX($K$2:$K$5,MATCH(A7,$J$2:$J$5,0)),A7) | C7: מחוז צפון | D7: -סמי בית שאן בע""""מ ב.מ | E7: 34 | F7: 647.8 | G7: 13 | H7: 560.9
A8: חאזם | B8: =IFERROR(INDEX($K$2:$K$5,MATCH(A8,$J$2:$J$5,0)),A8) | C8: מחוז צפון | D8: רסקו טבריה ב.מ | E8: 162 | F8: 5421 | G8: 92 | H8: 3924.7
A9: חאזם | B9: =IFERROR(INDEX($K$2:$K$5,MATCH(A9,$J$2:$J$5,0)),A9) | C9: מחוז צפון | D9: פרמה טבריה ב.מ | E9: 7 | F9: 211.6 | G9: 9 | H9: 278
A10: חאזם | B10: =IFERROR(INDEX($K$2:$K$5,MATCH(A10,$J$2:$J$5,0)),A10) | C10: מחוז צפון | D10: .נובו פארם בית שאן ב.מ | E10: 395 | F10: 15653.4 | G10: 143 | H10: 6926
A11: חאזם | B11: =IFERROR(INDEX($K$2:$K$5,MATCH(A11,$J$2:$J$5,0)),A11) | C11: מחוז צפון | D11: גרין ב.מ -גבעת עדה | E11: 69 | F11: 3161.8 | G11: 36 | H11: 2061.6
A12: חאזם | B12: =IFERROR(INDEX($K$2:$K$5,MATCH(A12,$J$2:$J$5,0)),A12) | C12: מחוז צפון | D12: מוראד פארם ב.מ אבו סנאן | E12: 177 | F12: 6271.6 | G12: 60 | H12: 2578
A13: חאזם | B13: =IFERROR(INDEX($K$2:$K$5,MATCH(A13,$J$2:$J$5,0)),A13) | C13: מחוז צפון | D13: נובו פארם דבאח ב.מ | E13: 323 | F13: 10583.1 | G13: 91 | H13: 4126.8
A14: חאזם | B14: =IFERROR(INDEX($K$2:$K$5,MATCH(A14,$J$2:$J$5,0)),A14) | C14: מחוז צפון | D14: .אלבלד אעבלין ב.מ | E14: 17 | F14: 465.7 | G14: 4 | H14: 422.1
A15: חאזם | B15: =IFERROR(INDEX($K$2:$K$5,MATCH(A15,$J$2:$J$5,0)),A15) | C15: מחוז צפון | D15: עמית נהריה ב.מ | E15: 91 | F15: 2860.6 | G15: 89 | H15: 3094.2
A16: דוד | B16: =IFERROR(INDEX($K$2:$K$5,MATCH(A16,$J$2:$J$5,0)),A16) | C16: בתי מרקחת פרטיים | D16: 510502925 מיכלין אילת ב.מ | E16: 107 | F16: 4499.5 | G16: 123 | H16: 4306.5
A17: סטאס | B17: =IFERROR(INDEX($K$2:$K$5,MATCH(A17,$J$2:$J$5,0)),A17) | C17: בתי מרקחת פרטיים | D17: אדם אדיב בת ים ב.מ | E17: 83 | F17: 2792.7 | G17: 86 | H17: 3302.7
... A395: חאזם | B395: =IFERROR(INDEX($K$2:$K$5,MATCH(A395,$J$2:$J$5,0)),A395) | C395: גוד פארם | D395: גוד פארם קרית מוצקין בימר""""ק | E395: 444 | F395: 13618.4 | G395: 310 | H395: 8560.4

Sheet 1510
A1: לקוחות לפי סוכן וערוץ — איחוד מקורות: "לקוחות לפי סוכן - מקור" + "מכירות 25-26 לפי לקוח-סוכן" (2025 לעומת 2026)
A2: תאריך חישוב: | B2: 15/10/26
A4: סוכן | B4: ערוץ / רשת | C4: קוד לקוח | D4: שם לקוח/חנות | E4: מכר 2025 (₪) | F4: מכר 2026 (₪) | G4: כמות 2025 | H4: כמות 2026 | I4: מקור הנתון | J4: סטטוס
A5: אמזלג × מירב שירה | D5: סה"כ 15 חנויות | E5: =SUM(E6:E20) | F5: =SUM(F6:F20) | G5: =SUM(G6:G20) | H5: =SUM(H6:H20) | I5: שני המקורות (מאוחד)
A6: ='לקוחות לפי סוכן - מקור'!A2 | B6: ='לקוחות לפי סוכן - מקור'!C2 | C6: ='לקוחות לפי סוכן - מקור'!D2 | D6: ='לקוחות לפי סוכן - מקור'!E2 | E6: ='לקוחות לפי סוכן - מקור'!F2 | F6: ='לקוחות לפי סוכן - מקור'!G2 | G6: ='לקוחות לפי סוכן - מקור'!H2 | H6: ='לקוחות לפי סוכן - מקור'!I2 | I6: ='לקוחות לפי סוכן - מקור'!K2 | J6: קיים במקור
A7: ='לקוחות לפי סוכן - מקור'!A3 | B7: ='לקוחות לפי סוכן - מקור'!C3 | C7: ='לקוחות לפי סוכן - מקור'!D3 | D7: ='לקוחות לפי סוכן - מקור'!E3 | E7: ='לקוחות לפי סוכן - מקור'!F3 | F7: ='לקוחות לפי סוכן - מקור'!G3 | G7: ='לקוחות לפי סוכן - מקור'!H3 | H7: ='לקוחות לפי סוכן - מקור'!I3 | I7: ='לקוחות לפי סוכן - מקור'!K3 | J7: קיים במקור
A8: ='לקוחות לפי סוכן - מקור'!A4 | B8: ='לקוחות לפי סוכן - מקור'!C4 | C8: ='לקוחות לפי סוכן - מקור'!D4 | D8: ='לקוחות לפי סוכן - מקור'!E4 | E8: ='לקוחות לפי סוכן - מקור'!F4 | F8: ='לקוחות לפי סוכן - מקור'!G4 | G8: ='לקוחות לפי סוכן - מקור'!H4 | H8: ='לקוחות לפי סוכן - מקור'!I4 | I8: ='לקוחות לפי סוכן - מקור'!K4 | J8: קיים במקור
A9: ='לקוחות לפי סוכן - מקור'!A5 | B9: ='לקוחות לפי סוכן - מקור'!C5 | C9: ='לקוחות לפי סוכן - מקור'!D5 | D9: ='לקוחות לפי סוכן - מקור'!E5 | E9: ='לקוחות לפי סוכן - מקור'!F5 | F9: ='לקוחות לפי סוכן - מקור'!G5 | G9: ='לקוחות לפי סוכן - מקור'!H5 | H9: ='לקוחות לפי סוכן - מקור'!I5 | I9: ='לקוחות לפי סוכן - מקור'!K5 | J9: קיים במקור
A10: ='לקוחות לפי סוכן - מקור'!A6 | B10: ='לקוחות לפי סוכן - מקור'!C6 | C10: ='לקוחות לפי סוכן - מקור'!D6 | D10: ='לקוחות לפי סוכן - מקור'!E6 | E10: ='לקוחות לפי סוכן - מקור'!F6 | F10: ='לקוחות לפי סוכן - מקור'!G6 | G10: ='לקוחות לפי סוכן - מקור'!H6 | H10: ='לקוחות לפי סוכן - מקור'!I6 | I10: ='לקוחות לפי סוכן - מקור'!K6 | J10: קיים במקור
A11: ='לקוחות לפי סוכן - מקור'!A7 | B11: ='לקוחות לפי סוכן - מקור'!C7 | C11: ='לקוחות לפי סוכן - מקור'!D7 | D11: ='לקוחות לפי סוכן - מקור'!E7 | E11: ='לקוחות לפי סוכן - מקור'!F7 | F11: ='לקוחות לפי סוכן - מקור'!G7 | G11: ='לקוחות לפי סוכן - מקור'!H7 | H11: ='לקוחות לפי סוכן - מקור'!I7 | I11: ='לקוחות לפי סוכן - מקור'!K7 | J11: קיים במקור
A12: ='לקוחות לפי סוכן - מקור'!A8 | B12: ='לקוחות לפי סוכן - מקור'!C8 | C12: ='לקוחות לפי סוכן - מקור'!D8 | D12: ='לקוחות לפי סוכן - מקור'!E8 | E12: ='לקוחות לפי סוכן - מקור'!F8 | F12: ='לקוחות לפי סוכן - מקור'!G8 | G12: ='לקוחות לפי סוכן - מקור'!H8 | H12: ='לקוחות לפי סוכן - מקור'!I8 | I12: ='לקוחות לפי סוכן - מקור'!K8 | J12: קיים במקור
A13: ='לקוחות לפי סוכן - מקור'!A9 | B13: ='לקוחות לפי סוכן - מקור'!C9 | C13: ='לקוחות לפי סוכן - מקור'!D9 | D13: ='לקוחות לפי סוכן - מקור'!E9 | E13: ='לקוחות לפי סוכן - מקור'!F9 | F13: ='לקוחות לפי סוכן - מקור'!G9 | G13: ='לקוחות לפי סוכן - מקור'!H9 | H13: ='לקוחות לפי סוכן - מקור'!I9 | I13: ='לקוחות לפי סוכן - מקור'!K9 | J13: קיים במקור
A14: ='לקוחות לפי סוכן - מקור'!A10 | B14: ='לקוחות לפי סוכן - מקור'!C10 | C14: ='לקוחות לפי סוכן - מקור'!D10 | D14: ='לקוחות לפי סוכן - מקור'!E10 | E14: ='לקוחות לפי סוכן - מקור'!F10 | F14: ='לקוחות לפי סוכן - מקור'!G10 | G14: ='לקוחות לפי סוכן - מקור'!H10 | H14: ='לקוחות לפי סוכן - מקור'!I10 | I14: ='לקוחות לפי סוכן - מקור'!K10 | J14: קיים במקור
A15: ='לקוחות לפי סוכן - מקור'!A11 | B15: ='לקוחות לפי סוכן - מקור'!C11 | C15: ='לקוחות לפי סוכן - מקור'!D11 | D15: ='לקוחות לפי סוכן - מקור'!E11 | E15: ='לקוחות לפי סוכן - מקור'!F11 | F15: ='לקוחות לפי סוכן - מקור'!G11 | G15: ='לקוחות לפי סוכן - מקור'!H11 | H15: ='לקוחות לפי סוכן - מקור'!I11 | I15: ='לקוחות לפי סוכן - מקור'!K11 | J15: קיים במקור
A16: ='לקוחות לפי סוכן - מקור'!A12 | B16: ='לקוחות לפי סוכן - מקור'!C12 | C16: ='לקוחות לפי סוכן - מקור'!D12 | D16: ='לקוחות לפי סוכן - מקור'!E12 | E16: ='לקוחות לפי סוכן - מקור'!F12 | F16: ='לקוחות לפי סוכן - מקור'!G12 | G16: ='לקוחות לפי סוכן - מקור'!H12 | H16: ='לקוחות לפי סוכן - מקור'!I12 | I16: ='לקוחות לפי סוכן - מקור'!K12 | J16: קיים במקור
A17: ='לקוחות לפי סוכן - מקור'!A13 | B17: ='לקוחות לפי סוכן - מקור'!C13 | C17: ='לקוחות לפי סוכן - מקור'!D13 | D17: ='לקוחות לפי סוכן - מקור'!E13 | E17: ='לקוחות לפי סוכן - מקור'!F13 | F17: ='לקוחות לפי סוכן - מקור'!G13 | G17: ='לקוחות לפי סוכן - מקור'!H13 | H17: ='לקוחות לפי סוכן - מקור'!I13 | I17: ='לקוחות לפי סוכן - מקור'!K13 | J17: קיים במקור
... A20: ='לקוחות לפי סוכן - מקור'!A16 | B20: ='לקוחות לפי סוכן - מקור'!C16 | C20: ='לקוחות לפי סוכן - מקור'!D16 | D20: ='לקוחות לפי סוכן - מקור'!E16 | E20: ='לקוחות לפי סוכן - מקור'!F16 | F20: ='לקוחות לפי סוכן - מקור'!G16 | G20: ='לקוחות לפי סוכן - מקור'!H16 | H20: ='לקוחות לפי סוכן - מקור'!I16 | I20: ='לקוחות לפי סוכן - מקור'!K16 | J20: קיים במקור
A22: אזולאי דוד | D22: סה"כ 240 חנויות | E22: =SUM(E23:E262) | F22: =SUM(F23:F262) | G22: =SUM(G23:G262) | H22: =SUM(H23:H262) | I22: שני המקורות (מאוחד)
A23: ='לקוחות לפי סוכן - מקור'!A17 | B23: ='לקוחות לפי סוכן - מקור'!C17 | C23: ='לקוחות לפי סוכן - מקור'!D17 | D23: ='לקוחות לפי סוכן - מקור'!E17 | E23: ='לקוחות לפי סוכן - מקור'!F17 | F23: ='לקוחות לפי סוכן - מקור'!G17 | G23: ='לקוחות לפי סוכן - מקור'!H17 | H23: ='לקוחות לפי סוכן - מקור'!I17 | I23: ='לקוחות לפי סוכן - מקור'!K17 | J23: קיים במקור
A24: ='לקוחות לפי סוכן - מקור'!A18 | B24: ='לקוחות לפי סוכן - מקור'!C18 | C24: ='לקוחות לפי סוכן - מקור'!D18 | D24: ='לקוחות לפי סוכן - מקור'!E18 | E24: ='לקוחות לפי סוכן - מקור'!F18 | F24: ='לקוחות לפי סוכן - מקור'!G18 | G24: ='לקוחות לפי סוכן - מקור'!H18 | H24: ='לקוחות לפי סוכן - מקור'!I18 | I24: ='לקוחות לפי סוכן - מקור'!K18 | J24: קיים במקור
A25: ='לקוחות לפי סוכן - מקור'!A19 | B25: ='לקוחות לפי סוכן - מקור'!C19 | C25: ='לקוחות לפי סוכן - מקור'!D19 | D25: ='לקוחות לפי סוכן - מקור'!E19 | E25: ='לקוחות לפי סוכן - מקור'!F19 | F25: ='לקוחות לפי סוכן - מקור'!G19 | G25: ='לקוחות לפי סוכן - מקור'!H19 | H25: ='לקוחות לפי סוכן - מקור'!I19 | I25: ='לקוחות לפי סוכן - מקור'!K19 | J25: קיים במקור
A26: ='לקוחות לפי סוכן - מקור'!A20 | B26: ='לקוחות לפי סוכן - מקור'!C20 | C26: ='לקוחות לפי סוכן - מקור'!D20 | D26: ='לקוחות לפי סוכן - מקור'!E20 | E26: ='לקוחות לפי סוכן - מקור'!F20 | F26: ='לקוחות לפי סוכן - מקור'!G20 | G26: ='לקוחות לפי סוכן - מקור'!H20 | H26: ='לקוחות לפי סוכן - מקור'!I20 | I26: ='לקוחות לפי סוכן - מקור'!K20 | J26: קיים במקור
A27: ='לקוחות לפי סוכן - מקור'!A21 | B27: ='לקוחות לפי סוכן - מקור'!C21 | C27: ='לקוחות לפי סוכן - מקור'!D21 | D27: ='לקוחות לפי סוכן - מקור'!E21 | E27: ='לקוחות לפי סוכן - מקור'!F21 | F27: ='לקוחות לפי סוכן - מקור'!G21 | G27: ='לקוחות לפי סוכן - מקור'!H21 | H27: ='לקוחות לפי סוכן - מקור'!I21 | I27: ='לקוחות לפי סוכן - מקור'!K21 | J27: קיים במקור
A28: ='לקוחות לפי סוכן - מקור'!A22 | B28: ='לקוחות לפי סוכן - מקור'!C22 | C28: ='לקוחות לפי סוכן - מקור'!D22 | D28: ='לקוחות לפי סוכן - מקור'!E22 | E28: ='לקוחות לפי סוכן - מקור'!F22 | F28: ='לקוחות לפי סוכן - מקור'!G22 | G28: ='לקוחות לפי סוכן - מקור'!H22 | H28: ='לקוחות לפי סוכן - מקור'!I22 | I28: ='לקוחות לפי סוכן - מקור'!K22 | J28: קיים במקור
A29: ='לקוחות לפי סוכן - מקור'!A23 | B29: ='לקוחות לפי סוכן - מקור'!C23 | C29: ='לקוחות לפי סוכן - מקור'!D23 | D29: ='לקוחות לפי סוכן - מקור'!E23 | E29: ='לקוחות לפי סוכן - מקור'!F23 | F29: ='לקוחות לפי סוכן - מקור'!G23 | G29: ='לקוחות לפי סוכן - מקור'!H23 | H29: ='לקוחות לפי סוכן - מקור'!I23 | I29: ='לקוחות לפי סוכן - מקור'!K23 | J29: קיים במקור
A30: ='לקוחות לפי סוכן - מקור'!A24 | B30: ='לקוחות לפי סוכן - מקור'!C24 | C30: ='לקוחות לפי סוכן - מקור'!D24 | D30: ='לקוחות לפי סוכן - מקור'!E24 | E30: ='לקוחות לפי סוכן - מקור'!F24 | F30: ='לקוחות לפי סוכן - מקור'!G24 | G30: ='לקוחות לפי סוכן - מקור'!H24 | H30: ='לקוחות לפי סוכן - מקור'!I24 | I30: ='לקוחות לפי סוכן - מקור'!K24 | J30: קיים במקור
A31: ='לקוחות לפי סוכן - מקור'!A25 | B31: ='לקוחות לפי סוכן - מקור'!C25 | C31: ='לקוחות לפי סוכן - מקור'!D25 | D31: ='לקוחות לפי סוכן - מקור'!E25 | E31: ='לקוחות לפי סוכן - מקור'!F25 | F31: ='לקוחות לפי סוכן - מקור'!G25 | G31: ='לקוחות לפי סוכן - מקור'!H25 | H31: ='לקוחות לפי סוכן - מקור'!I25 | I31: ='לקוחות לפי סוכן - מקור'!K25 | J31: קיים במקור
A32: ='לקוחות לפי סוכן - מקור'!A26 | B32: ='לקוחות לפי סוכן - מקור'!C26 | C32: ='לקוחות לפי סוכן - מקור'!D26 | D32: ='לקוחות לפי סוכן - מקור'!E26 | E32: ='לקוחות לפי סוכן - מקור'!F26 | F32: ='לקוחות לפי סוכן - מקור'!G26 | G32: ='לקוחות לפי סוכן - מקור'!H26 | H32: ='לקוחות לפי סוכן - מקור'!I26 | I32: ='לקוחות לפי סוכן - מקור'!K26 | J32: קיים במקור
A33: ='לקוחות לפי סוכן - מקור'!A27 | B33: ='לקוחות לפי סוכן - מקור'!C27 | C33: ='לקוחות לפי סוכן - מקור'!D27 | D33: ='לקוחות לפי סוכן - מקור'!E27 | E33: ='לקוחות לפי סוכן - מקור'!F27 | F33: ='לקוחות לפי סוכן - מקור'!G27 | G33: ='לקוחות לפי סוכן - מקור'!H27 | H33: ='לקוחות לפי סוכן - מקור'!I27 | I33: ='לקוחות לפי סוכן - מקור'!K27 | J33: קיים במקור
A34: ='לקוחות לפי סוכן - מקור'!A28 | B34: ='לקוחות לפי סוכן - מקור'!C28 | C34: ='לקוחות לפי סוכן - מקור'!D28 | D34: ='לקוחות לפי סוכן - מקור'!E28 | E34: ='לקוחות לפי סוכן - מקור'!F28 | F34: ='לקוחות לפי סוכן - מקור'!G28 | G34: ='לקוחות לפי סוכן - מקור'!H28 | H34: ='לקוחות לפי סוכן - מקור'!I28 | I34: ='לקוחות לפי סוכן - מקור'!K28 | J34: קיים במקור
... A62: ='לקוחות לפי סוכן - מקור'!A56 | B62: ='לקוחות לפי סוכן - מקור'!C56 | C62: ='לקוחות לפי סוכן - מקור'!D56 | D62: ='לקוחות לפי סוכן - מקור'!E56 | E62: ='לקוחות לפי סוכן - מקור'!F56 | F62: ='לקוחות לפי סוכן - מקור'!G56 | G62: ='לקוחות לפי סוכן - מקור'!H56 | H62: ='לקוחות לפי סוכן - מקור'!I56 | I62: ='לקוחות לפי סוכן - מקור'!K56 | J62: קיים במקור
A63: ='לקוחות לפי סוכן - מקור'!A57 | B63: ='לקוחות לפי סוכן - מקור'!C57 | C63: ='לקוחות לפי סוכן - מקור'!D57 | D63: ='לקוחות לפי סוכן - מקור'!E57 | E63: =IF('לקוחות לפי סוכן - מקור'!F57="",'לקוחות לפי סוכן - מקור חדש'!F299,'לקוחות לפי סוכן - מקור'!F57) | F63: =IF('לקוחות לפי סוכן - מקור'!G57="",'לקוחות לפי סוכן - מקור חדש'!H299,'לקוחות לפי סוכן - מקור'!G57) | G63: =IF('לקוחות לפי סוכן - מקור'!H57="",'לקוחות לפי סוכן - מקור חדש'!E299,'לקוחות לפי סוכן - מקור'!H57) | H63: =IF('לקוחות לפי סוכן - מקור'!I57="",'לקוחות לפי סוכן - מקור חדש'!G299,'לקוחות לפי סוכן - מקור'!I57) | I63: שני המקורות | J63: קיים במקור (CHMI) + מכר 2025/כמויות הושלמו מהקובץ החדש
A64: ='לקוחות לפי סוכן - מקור'!A58 | B64: ='לקוחות לפי סוכן - מקור'!C58 | C64: ='לקוחות לפי סוכן - מקור'!D58 | D64: ='לקוחות לפי סוכן - מקור'!E58 | E64: =IF('לקוחות לפי סוכן - מקור'!F58="",'לקוחות לפי סוכן - מקור חדש'!F300,'לקוחות לפי סוכן - מקור'!F58) | F64: =IF('לקוחות לפי סוכן - מקור'!G58="",'לקוחות לפי סוכן - מקור חדש'!H300,'לקוחות לפי סוכן - מקור'!G58) | G64: =IF('לקוחות לפי סוכן - מקור'!H58="",'לקוחות לפי סוכן - מקור חדש'!E300,'לקוחות לפי סוכן - מקור'!H58) | H64: =IF('לקוחות לפי סוכן - מקור'!I58="",'לקוחות לפי סוכן - מקור חדש'!G300,'לקוחות לפי סוכן - מקור'!I58) | I64: שני המקורות | J64: קיים במקור (CHMI) + מכר 2025/כמויות הושלמו מהקובץ החדש
A65: ='לקוחות לפי סוכן - מקור'!A59 | B65: ='לקוחות לפי סוכן - מקור'!C59 | C65: ='לקוחות לפי סוכן - מקור'!D59 | D65: ='לקוחות לפי סוכן - מקור'!E59 | E65: =IF('לקוחות לפי סוכן - מקור'!F59="",'לקוחות לפי סוכן - מקור חדש'!F301,'לקוחות לפי סוכן - מקור'!F59) | F65: =IF('לקוחות לפי סוכן - מקור'!G59="",'לקוחות לפי סוכן - מקור חדש'!H301,'לקוחות לפי סוכן - מקור'!G59) | G65: =IF('לקוחות לפי סוכן - מקור'!H59="",'לקוחות לפי סוכן - מקור חדש'!E301,'לקוחות לפי סוכן - מקור'!H59) | H65: =IF('לקוחות לפי סוכן - מקור'!I59="",'לקוחות לפי סוכן - מקור חדש'!G301,'לקוחות לפי סוכן - מקור'!I59) | I65: שני המקורות | J65: קיים במקור (CHMI) + מכר 2025/כמויות הושלמו מהקובץ החדש — פער ב-2026 מול הקובץ החדש, נבחר המקור
A66: ='לקוחות לפי סוכן - מקור'!A60 | B66: ='לקוחות לפי סוכן - מקור'!C60 | C66: ='לקוחות לפי סוכן - מקור'!D60 | D66: ='לקוחות לפי סוכן - מקור'!E60 | E66: =IF('לקוחות לפי סוכן - מקור'!F60="",'לקוחות לפי סוכן - מקור חדש'!F302,'לקוחות לפי סוכן - מקור'!F60) | F66: =IF('לקוחות לפי סוכן - מקור'!G60="",'לקוחות לפי סוכן - מקור חדש'!H302,'לקוחות לפי סוכן - מקור'!G60) | G66: =IF('לקוחות לפי סוכן - מקור'!H60="",'לקוחות לפי סוכן - מקור חדש'!E302,'לקוחות לפי סוכן - מקור'!H60) | H66: =IF('לקוחות לפי סוכן - מקור'!I60="",'לקוחות לפי סוכן - מקור חדש'!G302,'לקוחות לפי סוכן - מקור'!I60) | I66: שני המקורות | J66: קיים במקור (CHMI) + מכר 2025/כמויות הושלמו מהקובץ החדש
A67: ='לקוחות לפי סוכן - מקור'!A61 | B67: ='לקוחות לפי סוכן - מקור'!C61 | C67: ='לקוחות לפי סוכן - מקור'!D61 | D67: ='לקוחות לפי סוכן - מקור'!E61 | E67: =IF('לקוחות לפי סוכן - מקור'!F61="",'לקוחות לפי סוכן - מקור חדש'!F303,'לקוחות לפי סוכן - מקור'!F61) | F67: =IF('לקוחות לפי סוכן - מקור'!G61="",'לקוחות לפי סוכן - מקור חדש'!H303,'לקוחות לפי סוכן - מקור'!G61) | G67: =IF('לקוחות לפי סוכן - מקור'!H61="",'לקוחות לפי סוכן - מקור חדש'!E303,'לקוחות לפי סוכן - מקור'!H61) | H67: =IF('לקוחות לפי סוכן - מקור'!I61="",'לקוחות לפי סוכן - מקור חדש'!G303,'לקוחות לפי סוכן - מקור'!I61) | I67: שני המקורות | J67: קיים במקור (CHMI) + מכר 2025/כמויות הושלמו מהקובץ החדש
A68: ='לקוחות לפי סוכן - מקור'!A62 | B68: ='לקוחות לפי סוכן - מקור'!C62 | C68: ='לקוחות לפי סוכן - מקור'!D62 | D68: ='לקוחות לפי סוכן - מקור'!E62 | E68: =IF('לקוחות לפי סוכן - מקור'!F62="",'לקוחות לפי סוכן - מקור חדש'!F304,'לקוחות לפי סוכן - מקור'!F62) | F68: =IF('לקוחות לפי סוכן - מקור'!G62="",'לקוחות לפי סוכן - מקור חדש'!H304,'לקוחות לפי סוכן - מקור'!G62) | G68: =IF('לקוחות לפי סוכן - מקור'!H62="",'לקוחות לפי סוכן - מקור חדש'!E304,'לקוחות לפי סוכן - מקור'!H62) | H68: =IF('לקוחות לפי סוכן - מקור'!I62="",'לקוחות לפי סוכן - מקור חדש'!G304,'לקוחות לפי סוכן - מקור'!I62) | I68: שני המקורות | J68: קיים במקור (CHMI) + מכר 2025/כמויות הושלמו מהקובץ החדש
A69: ='לקוחות לפי סוכן - מקור'!A63 | B69: ='לקוחות לפי סוכן - מקור'!C63 | C69: ='לקוחות לפי סוכן - מקור'!D63 | D69: ='לקוחות לפי סוכן - מקור'!E63 | E69: =IF('לקוחות לפי סוכן - מקור'!F63="",'לקוחות לפי סוכן - מקור חדש'!F305,'לקוחות לפי סוכן - מקור'!F63) | F69: =IF('לקוחות לפי סוכן - מקור'!G63="",'לקוחות לפי סוכן - מקור חדש'!H305,'לקוחות לפי סוכן - מקור'!G63) | G69: =IF('לקוחות לפי סוכן - מקור'!H63="",'לקוחות לפי סוכן - מקור חדש'!E305,'לקוחות לפי סוכן - מקור'!H63) | H69: =IF('לקוחות לפי סוכן - מקור'!I63="",'לקוחות לפי סוכן - מקור חדש'!G305,'לקוחות לפי סוכן - מקור'!I63) | I69: שני המקורות | J69: קיים במקור (CHMI) + מכר 2025/כמויות הושלמו מהקובץ החדש
A70: ='לקוחות לפי סוכן - מקור'!A64 | B70: ='לקוחות לפי סוכן - מקור'!C64 | C70: ='לקוחות לפי סוכן - מקור'!D64 | D70: ='לקוחות לפי סוכן - מקור'!E64 | E70: =IF('לקוחות לפי סוכן - מקור'!F64="",'לקוחות לפי סוכן - מקור חדש'!F306,'לקוחות לפי סוכן - מקור'!F64) | F70: =IF('לקוחות לפי סוכן - מקור'!G64="",'לקוחות לפי סוכן - מקור חדש'!H306,'לקוחות לפי סוכן - מקור'!G64) | G70: =IF('לקוחות לפי סוכן - מקור'!H64="",'לקוחות לפי סוכן - מקור חדש'!E306,'לקוחות לפי סוכן - מקור'!H64) | H70: =IF('לקוחות לפי סוכן - מקור'!I64="",'לקוחות לפי סוכן - מקור חדש'!G306,'לקוחות לפי סוכן - מקור'!I64) | I70: שני המקורות | J70: קיים במקור (CHMI) + מכר 2025/כמויות הושלמו מהקובץ החדש
A71: ='לקוחות לפי סוכן - מקור'!A65 | B71: ='לקוחות לפי סוכן - מקור'!C65 | C71: ='לקוחות לפי סוכן - מקור'!D65 | D71: ='לקוחות לפי סוכן - מקור'!E65 | E71: =IF('לקוחות לפי סוכן - מקור'!F65="",'לקוחות לפי סוכן - מקור חדש'!F307,'לקוחות לפי סוכן - מקור'!F65) | F71: =IF('לקוחות לפי סוכן - מקור'!G65="",'לקוחות לפי סוכן - מקור חדש'!H307,'לקוחות לפי סוכן - מקור'!G65) | G71: =IF('לקוחות לפי סוכן - מקור'!H65="",'לקוחות לפי סוכן - מקור חדש'!E307,'לקוחות לפי סוכן - מקור'!H65) | H71: =IF('לקוחות לפי סוכן - מקור'!I65="",'לקוחות לפי סוכן - מקור חדש'!G307,'לקוחות לפי סוכן - מקור'!I65) | I71: שני המקורות | J71: קיים במקור (CHMI) + מכר 2025/כמויות הושלמו מהקובץ החדש — פער ב-2026 מול הקובץ החדש, נבחר המקור
A72: ='לקוחות לפי סוכן - מקור'!A66 | B72: ='לקוחות לפי סוכן - מקור'!C66 | C72: ='לקוחות לפי סוכן - מקור'!D66 | D72: ='לקוחות לפי סוכן - מקור'!E66 | E72: =IF('לקוחות לפי סוכן - מקור'!F66="",'לקוחות לפי סוכן - מקור חדש'!F308,'לקוחות לפי סוכן - מקור'!F66) | F72: =IF('לקוחות לפי סוכן - מקור'!G66="",'לקוחות לפי סוכן - מקור חדש'!H308,'לקוחות לפי סוכן - מקור'!G66) | G72: =IF('לקוחות לפי סוכן - מקור'!H66="",'לקוחות לפי סוכן - מקור חדש'!E308,'לקוחות לפי סוכן - מקור'!H66) | H72: =IF('לקוחות לפי סוכן - מקור'!I66="",'לקוחות לפי סוכן - מקור חדש'!G308,'לקוחות לפי סוכן - מקור'!I66) | I72: שני המקורות | J72: קיים במקור (CHMI) + מכר 2025/כמויות הושלמו מהקובץ החדש
A73: ='לקוחות לפי סוכן - מקור'!A67 | B73: ='לקוחות לפי סוכן - מקור'!C67 | C73: ='לקוחות לפי סוכן - מקור'!D67 | D73: ='לקוחות לפי סוכן - מקור'!E67 | E73: =IF('לקוחות לפי סוכן - מקור'!F67="",'לקוחות לפי סוכן - מקור חדש'!F309,'לקוחות לפי סוכן - מקור'!F67) | F73: =IF('לקוחות לפי סוכן - מקור'!G67="",'לקוחות לפי סוכן - מקור חדש'!H309,'לקוחות לפי סוכן - מקור'!G67) | G73: =IF('לקוחות לפי סוכן - מקור'!H67="",'לקוחות לפי סוכן - מקור חדש'!E309,'לקוחות לפי סוכן - מקור'!H67) | H73: =IF('לקוחות לפי סוכן - מקור'!I67="",'לקוחות לפי סוכן - מקור חדש'!G309,'לקוחות לפי סוכן - מקור'!I67) | I73: שני המקורות | J73: קיים במקור (CHMI) + מכר 2025/כמויות הושלמו מהקובץ החדש
A74: ='לקוחות לפי סוכן - מקור'!A68 | B74: ='לקוחות לפי סוכן - מקור'!C68 | C74: ='לקוחות לפי סוכן - מקור'!D68 | D74: ='לקוחות לפי סוכן - מקור'!E68 | E74: =IF('לקוחות לפי סוכן - מקור'!F68="",'לקוחות לפי סוכן - מקור חדש'!F311,'לקוחות לפי סוכן - מקור'!F68) | F74: =IF('לקוחות לפי סוכן - מקור'!G68="",'לקוחות לפי סוכן - מקור חדש'!H311,'לקוחות לפי סוכן - מקור'!G68) | G74: =IF('לקוחות לפי סוכן - מקור'!H68="",'לקוחות לפי סוכן - מקור חדש'!E311,'לקוחות לפי סוכן - מקור'!H68) | H74: =IF('לקוחות לפי סוכן - מקור'!I68="",'לקוחות לפי סוכן - מקור חדש'!G311,'לקוחות לפי סוכן - מקור'!I68) | I74: שני המקורות | J74: קיים במקור (CHMI) + מכר 2025/כמויות הושלמו מהקובץ החדש
A75: ='לקוחות לפי סוכן - מקור'!A69 | B75: ='לקוחות לפי סוכן - מקור'!C69 | C75: ='לקוחות לפי סוכן - מקור'!D69 | D75: ='לקוחות לפי סוכן - מקור'!E69 | E75: =IF('לקוחות לפי סוכן - מקור'!F69="",'לקוחות לפי סוכן - מקור חדש'!F312,'לקוחות לפי סוכן - מקור'!F69) | F75: =IF('לקוחות לפי סוכן - מקור'!G69="",'לקוחות לפי סוכן - מקור חדש'!H312,'לקוחות לפי סוכן - מקור'!G69) | G75: =IF('לקוחות לפי סוכן - מקור'!H69="",'לקוחות לפי סוכן - מקור חדש'!E312,'לקוחות לפי סוכן - מקור'!H69) | H75: =IF('לקוחות לפי סוכן - מקור'!I69="",'לקוחות לפי סוכן - מקור חדש'!G312,'לקוחות לפי סוכן - מקור'!I69) | I75: שני המקורות | J75: קיים במקור (CHMI) + מכר 2025/כמויות הושלמו מהקובץ החדש — פער ב-2026 מול הקובץ החדש, נבחר המקור
A76: ='לקוחות לפי סוכן - מקור'!A70 | B76: ='לקוחות לפי סוכן - מקור'!C70 | C76: ='לקוחות לפי סוכן - מקור'!D70 | D76: ='לקוחות לפי סוכן - מקור'!E70 | E76: =IF('לקוחות לפי סוכן - מקור'!F70="",'לקוחות לפי סוכן - מקור חדש'!F313,'לקוחות לפי סוכן - מקור'!F70) | F76: =IF('לקוחות לפי סוכן - מקור'!G70="",'לקוחות לפי סוכן - מקור חדש'!H313,'לקוחות לפי סוכן - מקור'!G70) | G76: =IF('לקוחות לפי סוכן - מקור'!H70="",'לקוחות לפי סוכן - מקור חדש'!E313,'לקוחות לפי סוכן - מקור'!H70) | H76: =IF('לקוחות לפי סוכן - מקור'!I70="",'לקוחות לפי סוכן - מקור חדש'!G313,'לקוחות לפי סוכן - מקור'!I70) | I76: שני המקורות | J76: קיים במקור (CHMI) + מכר 2025/כמויות הושלמו מהקובץ החדש
A77: ='לקוחות לפי סוכן - מקור'!A71 | B77: ='לקוחות לפי סוכן - מקור'!C71 | C77: ='לקוחות לפי סוכן - מקור'!D71 | D77: ='לקוחות לפי סוכן - מקור'!E71 | E77: =IF('לקוחות לפי סוכן - מקור'!F71="",'לקוחות לפי סוכן - מקור חדש'!F314,'לקוחות לפי סוכן - מקור'!F71) | F77: =IF('לקוחות לפי סוכן - מקור'!G71="",'לקוחות לפי סוכן - מקור חדש'!H314,'לקוחות לפי סוכן - מקור'!G71) | G77: =IF('לקוחות לפי סוכן - מקור'!H71="",'לקוחות לפי סוכן - מקור חדש'!E314,'לקוחות לפי סוכן - מקור'!H71) | H77: =IF('לקוחות לפי סוכן - מקור'!I71="",'לקוחות לפי סוכן - מקור חדש'!G314,'לקוחות לפי סוכן - מקור'!I71) | I77: שני המקורות | J77: קיים במקור (CHMI) + מכר 2025/כמויות הושלמו מהקובץ החדש
A78: ='לקוחות לפי סוכן - מקור'!A72 | B78: ='לקוחות לפי סוכן - מקור'!C72 | C78: ='לקוחות לפי סוכן - מקור'!D72 | D78: ='לקוחות לפי סוכן - מקור'!E72 | E78: =IF('לקוחות לפי סוכן - מקור'!F72="",'לקוחות לפי סוכן - מקור חדש'!F315,'לקוחות לפי סוכן - מקור'!F72) | F78: =IF('לקוחות לפי סוכן - מקור'!G72="",'לקוחות לפי סוכן - מקור חדש'!H315,'לקוחות לפי סוכן - מקור'!G72) | G78: =IF('לקוחות לפי סוכן - מקור'!H72="",'לקוחות לפי סוכן - מקור חדש'!E315,'לקוחות לפי סוכן - מקור'!H72) | H78: =IF('לקוחות לפי סוכן - מקור'!I72="",'לקוחות לפי סוכן - מקור חדש'!G315,'לקוחות לפי סוכן - מקור'!I72) | I78: שני המקורות | J78: קיים במקור (CHMI) + מכר 2025/כמויות הושלמו מהקובץ החדש
A79: ='לקוחות לפי סוכן - מקור'!A73 | B79: ='לקוחות לפי סוכן - מקור'!C73 | C79: ='לקוחות לפי סוכן - מקור'!D73 | D79: ='לקוחות לפי סוכן - מקור'!E73 | E79: =IF('לקוחות לפי סוכן - מקור'!F73="",'לקוחות לפי סוכן - מקור חדש'!F316,'לקוחות לפי סוכן - מקור'!F73) | F79: =IF('לקוחות לפי סוכן - מקור'!G73="",'לקוחות לפי סוכן - מקור חדש'!H316,'לקוחות לפי סוכן - מקור'!G73) | G79: =IF('לקוחות לפי סוכן - מקור'!H73="",'לקוחות לפי סוכן - מקור חדש'!E316,'לקוחות לפי סוכן - מקור'!H73) | H79: =IF('לקוחות לפי סוכן - מקור'!I73="",'לקוחות לפי סוכן - מקור חדש'!G316,'לקוחות לפי סוכן - מקור'!I73) | I79: שני המקורות | J79: קיים במקור (CHMI) + מכר 2025/כמויות הושלמו מהקובץ החדש
A80: ='לקוחות לפי סוכן - מקור'!A74 | B80: ='לקוחות לפי סוכן - מקור'!C74 | C80: ='לקוחות לפי סוכן - מקור'!D74 | D80: ='לקוחות לפי סוכן - מקור'!E74 | E80: =IF('לקוחות לפי סוכן - מקור'!F74="",'לקוחות לפי סוכן - מקור חדש'!F317,'לקוחות לפי סוכן - מקור'!F74) | F80: =IF('לקוחות לפי סוכן - מקור'!G74="",'לקוחות לפי סוכן - מקור חדש'!H317,'לקוחות לפי סוכן - מקור'!G74) | G80: =IF('לקוחות לפי סוכן - מקור'!H74="",'לקוחות לפי סוכן - מקור חדש'!E317,'לקוחות לפי סוכן - מקור'!H74) | H80: =IF('לקוחות לפי סוכן - מקור'!I74="",'לקוחות לפי סוכן - מקור חדש'!G317,'לקוחות לפי סוכן - מקור'!I74) | I80: שני המקורות | J80: קיים במקור (CHMI) + מכר 2025/כמויות הושלמו מהקובץ החדש — פער ב-2026 מול הקובץ החדש, נבחר המקור
A81: ='לקוחות לפי סוכן - מקור'!A75 | B81: ='לקוחות לפי סוכן - מקור'!C75 | C81: ='לקוחות לפי סוכן - מקור'!D75 | D81: ='לקוחות לפי סוכן - מקור'!E75 | E81: =IF('לקוחות לפי סוכן - מקור'!F75="",'לקוחות לפי סוכן - מקור חדש'!F355,'לקוחות לפי סוכן - מקור'!F75) | F81: =IF('לקוחות לפי סוכן - מקור'!G75="",'לקוחות לפי סוכן - מקור חדש'!H355,'לקוחות לפי סוכן - מקור'!G75) | G81: =IF('לקוחות לפי סוכן - מקור'!H75="",'לקוחות לפי סוכן - מקור חדש'!E355,'לקוחות לפי סוכן - מקור'!H75) | H81: =IF('לקוחות לפי סוכן - מקור'!I75="",'לקוחות לפי סוכן - מקור חדש'!G355,'לקוחות לפי סוכן - מקור'!I75) | I81: שני המקורות | J81: קיים במקור (CHMI) + מכר 2025/כמויות הושלמו מהקובץ החדש
A82: ='לקוחות לפי סוכן - מקור'!A76 | B82: ='לקוחות לפי סוכן - מקור'!C76 | C82: ='לקוחות לפי סוכן - מקור'!D76 | D82: ='לקוחות לפי סוכן - מקור'!E76 | E82: =IF('לקוחות לפי סוכן - מקור'!F76="",'לקוחות לפי סוכן - מקור חדש'!F362,'לקוחות לפי סוכן - מקור'!F76) | F82: =IF('לקוחות לפי סוכן - מקור'!G76="",'לקוחות לפי סוכן - מקור חדש'!H362,'לקוחות לפי סוכן - מקור'!G76) | G82: =IF('לקוחות לפי סוכן - מקור'!H76="",'לקוחות לפי סוכן - מקור חדש'!E362,'לקוחות לפי סוכן - מקור'!H76) | H82: =IF('לקוחות לפי סוכן - מקור'!I76="",'לקוחות לפי סוכן - מקור חדש'!G362,'לקוחות לפי סוכן - מקור'!I76) | I82: שני המקורות | J82: קיים במקור (CHMI) + מכר 2025/כמויות הושלמו מהקובץ החדש
A83: ='לקוחות לפי סוכן - מקור'!A77 | B83: ='לקוחות לפי סוכן - מקור'!C77 | C83: ='לקוחות לפי סוכן - מקור'!D77 | D83: ='לקוחות לפי סוכן - מקור'!E77 | E83: ='לקוחות לפי סוכן - מקור'!F77 | F83: ='לקוחות לפי סוכן - מקור'!G77 | G83: ='לקוחות לפי סוכן - מקור'!H77 | H83: ='לקוחות לפי סוכן - מקור'!I77 | I83: ='לקוחות לפי סוכן - מקור'!K77 | J83: קיים במקור
A84: ='לקוחות לפי סוכן - מקור'!A78 | B84: ='לקוחות לפי סוכן - מקור'!C78 | C84: ='לקוחות לפי סוכן - מקור'!D78 | D84: ='לקוחות לפי סוכן - מקור'!E78 | E84: =IF('לקוחות לפי סוכן - מקור'!F78="",'לקוחות לפי סוכן - מקור חדש'!F373,'לקוחות לפי סוכן - מקור'!F78) | F84: =IF('לקוחות לפי סוכן - מקור'!G78="",'לקוחות לפי סוכן - מקור חדש'!H373,'לקוחות לפי סוכן - מקור'!G78) | G84: =IF('לקוחות לפי סוכן - מקור'!H78="",'לקוחות לפי סוכן - מקור חדש'!E373,'לקוחות לפי סוכן - מקור'!H78) | H84: =IF('לקוחות לפי סוכן - מקור'!I78="",'לקוחות לפי סוכן - מקור חדש'!G373,'לקוחות לפי סוכן - מקור'!I78) | I84: שני המקורות | J84: קיים במקור (CHMI) + מכר 2025/כמויות הושלמו מהקובץ החדש
A85: ='לקוחות לפי סוכן - מקור'!A79 | B85: ='לקוחות לפי סוכן - מקור'!C79 | C85: ='לקוחות לפי סוכן - מקור'!D79 | D85: ='לקוחות לפי סוכן - מקור'!E79 | E85: ='לקוחות לפי סוכן - מקור'!F79 | F85: ='לקוחות לפי סוכן - מקור'!G79 | G85: ='לקוחות לפי סוכן - מקור'!H79 | H85: ='לקוחות לפי סוכן - מקור'!I79 | I85: ='לקוחות לפי סוכן - מקור'!K79 | J85: קיים במקור
A86: ='לקוחות לפי סוכן - מקור'!A80 | B86: ='לקוחות לפי סוכן - מקור'!C80 | C86: ='לקוחות לפי סוכן - מקור'!D80 | D86: ='לקוחות לפי סוכן - מקור'!E80 | E86: ='לקוחות לפי סוכן - מקור'!F80 | F86: ='לקוחות לפי סוכן - מקור'!G80 | G86: ='לקוחות לפי סוכן - מקור'!H80 | H86: ='לקוחות לפי סוכן - מקור'!I80 | I86: ='לקוחות לפי סוכן - מקור'!K80 | J86: קיים במקור
A87: ='לקוחות לפי סוכן - מקור'!A81 | B87: ='לקוחות לפי סוכן - מקור'!C81 | C87: ='לקוחות לפי סוכן - מקור'!D81 | D87: ='לקוחות לפי סוכן - מקור'!E81 | E87: ='לקוחות לפי סוכן - מקור'!F81 | F87: ='לקוחות לפי סוכן - מקור'!G81 | G87: ='לקוחות לפי סוכן - מקור'!H81 | H87: ='לקוחות לפי סוכן - מקור'!I81 | I87: ='לקוחות לפי סוכן - מקור'!K81 | J87: קיים במקור
A88: ='לקוחות לפי סוכן - מקור'!A82 | B88: ='לקוחות לפי סוכן - מקור'!C82 | C88: ='לקוחות לפי סוכן - מקור'!D82 | D88: ='לקוחות לפי סוכן - מקור'!E82 | E88: ='לקוחות לפי סוכן - מקור'!F82 | F88: ='לקוחות לפי סוכן - מקור'!G82 | G88: ='לקוחות לפי סוכן - מקור'!H82 | H88: ='לקוחות לפי סוכן - מקור'!I82 | I88: ='לקוחות לפי סוכן - מקור'!K82 | J88: קיים במקור
A89: ='לקוחות לפי סוכן - מקור'!A83 | B89: ='לקוחות לפי סוכן - מקור'!C83 | C89: ='לקוחות לפי סוכן - מקור'!D83 | D89: ='לקוחות לפי סוכן - מקור'!E83 | E89: ='לקוחות לפי סוכן - מקור'!F83 | F89: ='לקוחות לפי סוכן - מקור'!G83 | G89: ='לקוחות לפי סוכן - מקור'!H83 | H89: ='לקוחות לפי סוכן - מקור'!I83 | I89: ='לקוחות לפי סוכן - מקור'!K83 | J89: קיים במקור
A90: ='לקוחות לפי סוכן - מקור'!A84 | B90: ='לקוחות לפי סוכן - מקור'!C84 | C90: ='לקוחות לפי סוכן - מקור'!D84 | D90: ='לקוחות לפי סוכן - מקור'!E84 | E90: ='לקוחות לפי סוכן - מקור'!F84 | F90: ='לקוחות לפי סוכן - מקור'!G84 | G90: ='לקוחות לפי סוכן - מקור'!H84 | H90: ='לקוחות לפי סוכן - מקור'!I84 | I90: ='לקוחות לפי סוכן - מקור'!K84 | J90: קיים במקור
A91: ='לקוחות לפי סוכן - מקור'!A85 | B91: ='לקוחות לפי סוכן - מקור'!C85 | C91: ='לקוחות לפי סוכן - מקור'!D85 | D91: ='לקוחות לפי סוכן - מקור'!E85 | E91: ='לקוחות לפי סוכן - מקור'!F85 | F91: ='לקוחות לפי סוכן - מקור'!G85 | G91: ='לקוחות לפי סוכן - מקור'!H85 | H91: ='לקוחות לפי סוכן - מקור'!I85 | I91: ='לקוחות לפי סוכן - מקור'!K85 | J91: קיים במקור
A92: ='לקוחות לפי סוכן - מקור'!A86 | B92: ='לקוחות לפי סוכן - מקור'!C86 | C92: ='לקוחות לפי סוכן - מקור'!D86 | D92: ='לקוחות לפי סוכן - מקור'!E86 | E92: ='לקוחות לפי סוכן - מקור'!F86 | F92: ='לקוחות לפי סוכן - מקור'!G86 | G92: ='לקוחות לפי סוכן - מקור'!H86 | H92: ='לקוחות לפי סוכן - מקור'!I86 | I92: ='לקוחות לפי סוכן - מקור'!K86 | J92: קיים במקור
A93: ='לקוחות לפי סוכן - מקור'!A87 | B93: ='לקוחות לפי סוכן - מקור'!C87 | C93: ='לקוחות לפי סוכן - מקור'!D87 | D93: ='לקוחות לפי סוכן - מקור'!E87 | E93: ='לקוחות לפי סוכן - מקור'!F87 | F93: ='לקוחות לפי סוכן - מקור'!G87 | G93: ='לקוחות לפי סוכן - מקור'!H87 | H93: ='לקוחות לפי סוכן - מקור'!I87 | I93: ='לקוחות לפי סוכן - מקור'!K87 | J93: קיים במקור
A94: ='לקוחות לפי סוכן - מקור'!A88 | B94: ='לקוחות לפי סוכן - מקור'!C88 | C94: ='לקוחות לפי סוכן - מקור'!D88 | D94: ='לקוחות לפי סוכן - מקור'!E88 | E94: ='לקוחות לפי סוכן - מקור'!F88 | F94: ='לקוחות לפי סוכן - מקור'!G88 | G94: ='לקוחות לפי סוכן - מקור'!H88 | H94: ='לקוחות לפי סוכן - מקור'!I88 | I94: ='לקוחות לפי סוכן - מקור'!K88 | J94: קיים במקור
A95: ='לקוחות לפי סוכן - מקור'!A89 | B95: ='לקוחות לפי סוכן - מקור'!C89 | C95: ='לקוחות לפי סוכן - מקור'!D89 | D95: ='לקוחות לפי סוכן - מקור'!E89 | E95: ='לקוחות לפי סוכן - מקור'!F89 | F95: ='לקוחות לפי סוכן - מקור'!G89 | G95: ='לקוחות לפי סוכן - מקור'!H89 | H95: ='לקוחות לפי סוכן - מקור'!I89 | I95: ='לקוחות לפי סוכן - מקור'!K89 | J95: קיים במקור
A96: ='לקוחות לפי סוכן - מקור'!A90 | B96: ='לקוחות לפי סוכן - מקור'!C90 | C96: ='לקוחות לפי סוכן - מקור'!D90 | D96: ='לקוחות לפי סוכן - מקור'!E90 | E96: ='לקוחות לפי סוכן - מקור'!F90 | F96: ='לקוחות לפי סוכן - מקור'!G90 | G96: ='לקוחות לפי סוכן - מקור'!H90 | H96: ='לקוחות לפי סוכן - מקור'!I90 | I96: ='לקוחות לפי סוכן - מקור'!K90 | J96: קיים במקור
... A168: ='לקוחות לפי סוכן - מקור'!A162 | B168: ='לקוחות לפי סוכן - מקור'!C162 | C168: ='לקוחות לפי סוכן - מקור'!D162 | D168: ='לקוחות לפי סוכן - מקור'!E162 | E168: ='לקוחות לפי סוכן - מקור'!F162 | F168: ='לקוחות לפי סוכן - מקור'!G162 | G168: ='לקוחות לפי סוכן - מקור'!H162 | H168: ='לקוחות לפי סוכן - מקור'!I162 | I168: ='לקוחות לפי סוכן - מקור'!K162 | J168: קיים במקור
A169: ='לקוחות לפי סוכן - מקור'!A164 | B169: ='לקוחות לפי סוכן - מקור'!C164 | C169: ='לקוחות לפי סוכן - מקור'!D164 | D169: ='לקוחות לפי סוכן - מקור'!E164 | E169: ='לקוחות לפי סוכן - מקור'!F164 | F169: ='לקוחות לפי סוכן - מקור'!G164 | G169: ='לקוחות לפי סוכן - מקור'!H164 | H169: ='לקוחות לפי סוכן - מקור'!I164 | I169: ='לקוחות לפי סוכן - מקור'!K164 | J169: קיים במקור
A170: ='לקוחות לפי סוכן - מקור'!A165 | B170: ='לקוחות לפי סוכן - מקור'!C165 | C170: ='לקוחות לפי סוכן - מקור'!D165 | D170: ='לקוחות לפי סוכן - מקור'!E165 | E170: ='לקוחות לפי סוכן - מקור'!F165 | F170: ='לקוחות לפי סוכן - מקור'!G165 | G170: ='לקוחות לפי סוכן - מקור'!H165 | H170: ='לקוחות לפי סוכן - מקור'!I165 | I170: ='לקוחות לפי סוכן - מקור'!K165 | J170: קיים במקור
A171: ='לקוחות לפי סוכן - מקור'!A166 | B171: ='לקוחות לפי סוכן - מקור'!C166 | C171: ='לקוחות לפי סוכן - מקור'!D166 | D171: ='לקוחות לפי סוכן - מקור'!E166 | E171: ='לקוחות לפי סוכן - מקור'!F166 | F171: ='לקוחות לפי סוכן - מקור'!G166 | G171: ='לקוחות לפי סוכן - מקור'!H166 | H171: ='לקוחות לפי סוכן - מקור'!I166 | I171: ='לקוחות לפי סוכן - מקור'!K166 | J171: קיים במקור
A172: ='לקוחות לפי סוכן - מקור'!A167 | B172: ='לקוחות לפי סוכן - מקור'!C167 | C172: ='לקוחות לפי סוכן - מקור'!D167 | D172: ='לקוחות לפי סוכן - מקור'!E167 | E172: ='לקוחות לפי סוכן - מקור'!F167 | F172: ='לקוחות לפי סוכן - מקור'!G167 | G172: ='לקוחות לפי סוכן - מקור'!H167 | H172: ='לקוחות לפי סוכן - מקור'!I167 | I172: ='לקוחות לפי סוכן - מקור'!K167 | J172: קיים במקור
A173: ='לקוחות לפי סוכן - מקור'!A168 | B173: ='לקוחות לפי סוכן - מקור'!C168 | C173: ='לקוחות לפי סוכן - מקור'!D168 | D173: ='לקוחות לפי סוכן - מקור'!E168 | E173: ='לקוחות לפי סוכן - מקור'!F168 | F173: ='לקוחות לפי סוכן - מקור'!G168 | G173: ='לקוחות לפי סוכן - מקור'!H168 | H173: ='לקוחות לפי סוכן - מקור'!I168 | I173: ='לקוחות לפי סוכן - מקור'!K168 | J173: קיים במקור
A174: ='לקוחות לפי סוכן - מקור'!A169 | B174: ='לקוחות לפי סוכן - מקור'!C169 | C174: ='לקוחות לפי סוכן - מקור'!D169 | D174: ='לקוחות לפי סוכן - מקור'!E169 | E174: ='לקוחות לפי סוכן - מקור'!F169 | F174: ='לקוחות לפי סוכן - מקור'!G169 | G174: ='לקוחות לפי סוכן - מקור'!H169 | H174: ='לקוחות לפי סוכן - מקור'!I169 | I174: ='לקוחות לפי סוכן - מקור'!K169 | J174: קיים במקור
A175: ='לקוחות לפי סוכן - מקור'!A170 | B175: ='לקוחות לפי סוכן - מקור'!C170 | C175: ='לקוחות לפי סוכן - מקור'!D170 | D175: ='לקוחות לפי סוכן - מקור'!E170 | E175: ='לקוחות לפי סוכן - מקור'!F170 | F175: ='לקוחות לפי סוכן - מקור'!G170 | G175: ='לקוחות לפי סוכן - מקור'!H170 | H175: ='לקוחות לפי סוכן - מקור'!I170 | I175: ='לקוחות לפי סוכן - מקור'!K170 | J175: קיים במקור
A176: ='לקוחות לפי סוכן - מקור'!A171 | B176: ='לקוחות לפי סוכן - מקור'!C171 | C176: ='לקוחות לפי סוכן - מקור'!D171 | D176: ='לקוחות לפי סוכן - מקור'!E171 | E176: ='לקוחות לפי סוכן - מקור'!F171 | F176: ='לקוחות לפי סוכן - מקור'!G171 | G176: ='לקוחות לפי סוכן - מקור'!H171 | H176: ='לקוחות לפי סוכן - מקור'!I171 | I176: ='לקוחות לפי סוכן - מקור'!K171 | J176: קיים במקור
A177: ='לקוחות לפי סוכן - מקור'!A172 | B177: ='לקוחות לפי סוכן - מקור'!C172 | C177: ='לקוחות לפי סוכן - מקור'!D172 | D177: ='לקוחות לפי סוכן - מקור'!E172 | E177: ='לקוחות לפי סוכן - מקור'!F172 | F177: ='לקוחות לפי סוכן - מקור'!G172 | G177: ='לקוחות לפי סוכן - מקור'!H172 | H177: ='לקוחות לפי סוכן - מקור'!I172 | I177: ='לקוחות לפי סוכן - מקור'!K172 | J177: קיים במקור
A178: ='לקוחות לפי סוכן - מקור'!A173 | B178: ='לקוחות לפי סוכן - מקור'!C173 | C178: ='לקוחות לפי סוכן - מקור'!D173 | D178: ='לקוחות לפי סוכן - מקור'!E173 | E178: ='לקוחות לפי סוכן - מקור'!F173 | F178: ='לקוחות לפי סוכן - מקור'!G173 | G178: ='לקוחות לפי סוכן - מקור'!H173 | H178: ='לקוחות לפי סוכן - מקור'!I173 | I178: ='לקוחות לפי סוכן - מקור'!K173 | J178: קיים במקור
A179: ='לקוחות לפי סוכן - מקור'!A174 | B179: ='לקוחות לפי סוכן - מקור'!C174 | C179: ='לקוחות לפי סוכן - מקור'!D174 | D179: ='לקוחות לפי סוכן - מקור'!E174 | E179: ='לקוחות לפי סוכן - מקור'!F174 | F179: ='לקוחות לפי סוכן - מקור'!G174 | G179: ='לקוחות לפי סוכן - מקור'!H174 | H179: ='לקוחות לפי סוכן - מקור'!I174 | I179: ='לקוחות לפי סוכן - מקור'!K174 | J179: קיים במקור
A180: ='לקוחות לפי סוכן - מקור'!A175 | B180: ='לקוחות לפי סוכן - מקור'!C175 | C180: ='לקוחות לפי סוכן - מקור'!D175 | D180: ='לקוחות לפי סוכן - מקור'!E175 | E180: ='לקוחות לפי סוכן - מקור'!F175 | F180: ='לקוחות לפי סוכן - מקור'!G175 | G180: ='לקוחות לפי סוכן - מקור'!H175 | H180: ='לקוחות לפי סוכן - מקור'!I175 | I180: ='לקוחות לפי סוכן - מקור'!K175 | J180: קיים במקור
... A218: ='לקוחות לפי סוכן - מקור'!A213 | B218: ='לקוחות לפי סוכן - מקור'!C213 | C218: ='לקוחות לפי סוכן - מקור'!D213 | D218: ='לקוחות לפי סוכן - מקור'!E213 | E218: ='לקוחות לפי סוכן - מקור'!F213 | F218: ='לקוחות לפי סוכן - מקור'!G213 | G218: ='לקוחות לפי סוכן - מקור'!H213 | H218: ='לקוחות לפי סוכן - מקור'!I213 | I218: ='לקוחות לפי סוכן - מקור'!K213 | J218: קיים במקור
A219: ='לקוחות לפי סוכן - מקור חדש'!B16 | B219: ='לקוחות לפי סוכן - מקור חדש'!C16 | D219: =TRIM('לקוחות לפי סוכן - מקור חדש'!D16) | E219: ='לקוחות לפי סוכן - מקור חדש'!F16 | F219: ='לקוחות לפי סוכן - מקור חדש'!H16 | G219: ='לקוחות לפי סוכן - מקור חדש'!E16 | H219: ='לקוחות לפי סוכן - מקור חדש'!G16 | I219: מכירות 25-26 לפי לקוח-סוכן | J219: חדש — לא היה ב-מקור
A220: ='לקוחות לפי סוכן - מקור חדש'!B18 | B220: ='לקוחות לפי סוכן - מקור חדש'!C18 | D220: =TRIM('לקוחות לפי סוכן - מקור חדש'!D18) | E220: ='לקוחות לפי סוכן - מקור חדש'!F18 | F220: ='לקוחות לפי סוכן - מקור חדש'!H18 | G220: ='לקוחות לפי סוכן - מקור חדש'!E18 | H220: ='לקוחות לפי סוכן - מקור חדש'!G18 | I220: מכירות 25-26 לפי לקוח-סוכן | J220: חדש — לא היה ב-מקור
A221: ='לקוחות לפי סוכן - מקור חדש'!B21 | B221: ='לקוחות לפי סוכן - מקור חדש'!C21 | D221: =TRIM('לקוחות לפי סוכן - מקור חדש'!D21) | E221: ='לקוחות לפי סוכן - מקור חדש'!F21 | F221: ='לקוחות לפי סוכן - מקור חדש'!H21 | G221: ='לקוחות לפי סוכן - מקור חדש'!E21 | H221: ='לקוחות לפי סוכן - מקור חדש'!G21 | I221: מכירות 25-26 לפי לקוח-סוכן | J221: חדש — לא היה ב-מקור
A222: ='לקוחות לפי סוכן - מקור חדש'!B25 | B222: ='לקוחות לפי סוכן - מקור חדש'!C25 | D222: =TRIM('לקוחות לפי סוכן - מקור חדש'!D25) | E222: ='לקוחות לפי סוכן - מקור חדש'!F25 | F222: ='לקוחות לפי סוכן - מקור חדש'!H25 | G222: ='לקוחות לפי סוכן - מקור חדש'!E25 | H222: ='לקוחות לפי סוכן - מקור חדש'!G25 | I222: מכירות 25-26 לפי לקוח-סוכן | J222: חדש — לא היה ב-מקור
A223: ='לקוחות לפי סוכן - מקור חדש'!B26 | B223: ='לקוחות לפי סוכן - מקור חדש'!C26 | D223: =TRIM('לקוחות לפי סוכן - מקור חדש'!D26) | E223: ='לקוחות לפי סוכן - מקור חדש'!F26 | F223: ='לקוחות לפי סוכן - מקור חדש'!H26 | G223: ='לקוחות לפי סוכן - מקור חדש'!E26 | H223: ='לקוחות לפי סוכן - מקור חדש'!G26 | I223: מכירות 25-26 לפי לקוח-סוכן | J223: חדש — לא היה ב-מקור
A224: ='לקוחות לפי סוכן - מקור חדש'!B30 | B224: ='לקוחות לפי סוכן - מקור חדש'!C30 | D224: =TRIM('לקוחות לפי סוכן - מקור חדש'!D30) | E224: ='לקוחות לפי סוכן - מקור חדש'!F30 | F224: ='לקוחות לפי סוכן - מקור חדש'!H30 | G224: ='לקוחות לפי סוכן - מקור חדש'!E30 | H224: ='לקוחות לפי סוכן - מקור חדש'!G30 | I224: מכירות 25-26 לפי לקוח-סוכן | J224: חדש — לא היה ב-מקור
A225: ='לקוחות לפי סוכן - מקור חדש'!B31 | B225: ='לקוחות לפי סוכן - מקור חדש'!C31 | D225: =TRIM('לקוחות לפי סוכן - מקור חדש'!D31) | E225: ='לקוחות לפי סוכן - מקור חדש'!F31 | F225: ='לקוחות לפי סוכן - מקור חדש'!H31 | G225: ='לקוחות לפי סוכן - מקור חדש'!E31 | H225: ='לקוחות לפי סוכן - מקור חדש'!G31 | I225: מכירות 25-26 לפי לקוח-סוכן | J225: חדש — לא היה ב-מקור
A226: ='לקוחות לפי סוכן - מקור חדש'!B32 | B226: ='לקוחות לפי סוכן - מקור חדש'!C32 | D226: =TRIM('לקוחות לפי סוכן - מקור חדש'!D32) | E226: ='לקוחות לפי סוכן - מקור חדש'!F32 | F226: ='לקוחות לפי סוכן - מקור חדש'!H32 | G226: ='לקוחות לפי סוכן - מקור חדש'!E32 | H226: ='לקוחות לפי סוכן - מקור חדש'!G32 | I226: מכירות 25-26 לפי לקוח-סוכן | J226: חדש — לא היה ב-מקור
A227: ='לקוחות לפי סוכן - מקור חדש'!B33 | B227: ='לקוחות לפי סוכן - מקור חדש'!C33 | D227: =TRIM('לקוחות לפי סוכן - מקור חדש'!D33) | E227: ='לקוחות לפי סוכן - מקור חדש'!F33 | F227: ='לקוחות לפי סוכן - מקור חדש'!H33 | G227: ='לקוחות לפי סוכן - מקור חדש'!E33 | H227: ='לקוחות לפי סוכן - מקור חדש'!G33 | I227: מכירות 25-26 לפי לקוח-סוכן | J227: חדש — לא היה ב-מקור
A228: ='לקוחות לפי סוכן - מקור חדש'!B34 | B228: ='לקוחות לפי סוכן - מקור חדש'!C34 | D228: =TRIM('לקוחות לפי סוכן - מקור חדש'!D34) | E228: ='לקוחות לפי סוכן - מקור חדש'!F34 | F228: ='לקוחות לפי סוכן - מקור חדש'!H34 | G228: ='לקוחות לפי סוכן - מקור חדש'!E34 | H228: ='לקוחות לפי סוכן - מקור חדש'!G34 | I228: מכירות 25-26 לפי לקוח-סוכן | J228: חדש — לא היה ב-מקור
A229: ='לקוחות לפי סוכן - מקור חדש'!B84 | B229: ='לקוחות לפי סוכן - מקור חדש'!C84 | D229: =TRIM('לקוחות לפי סוכן - מקור חדש'!D84) | E229: ='לקוחות לפי סוכן - מקור חדש'!F84 | F229: ='לקוחות לפי סוכן - מקור חדש'!H84 | G229: ='לקוחות לפי סוכן - מקור חדש'!E84 | H229: ='לקוחות לפי סוכן - מקור חדש'!G84 | I229: מכירות 25-26 לפי לקוח-סוכן | J229: חדש — לא היה ב-מקור
A230: ='לקוחות לפי סוכן - מקור חדש'!B97 | B230: ='לקוחות לפי סוכן - מקור חדש'!C97 | D230: =TRIM('לקוחות לפי סוכן - מקור חדש'!D97) | E230: ='לקוחות לפי סוכן - מקור חדש'!F97 | F230: ='לקוחות לפי סוכן - מקור חדש'!H97 | G230: ='לקוחות לפי סוכן - מקור חדש'!E97 | H230: ='לקוחות לפי סוכן - מקור חדש'!G97 | I230: מכירות 25-26 לפי לקוח-סוכן | J230: חדש — לא היה ב-מקור
A231: ='לקוחות לפי סוכן - מקור חדש'!B101 | B231: ='לקוחות לפי סוכן - מקור חדש'!C101 | D231: =TRIM('לקוחות לפי סוכן - מקור חדש'!D101) | E231: ='לקוחות לפי סוכן - מקור חדש'!F101 | F231: ='לקוחות לפי סוכן - מקור חדש'!H101 | G231: ='לקוחות לפי סוכן - מקור חדש'!E101 | H231: ='לקוחות לפי סוכן - מקור חדש'!G101 | I231: מכירות 25-26 לפי לקוח-סוכן | J231: חדש — לא היה ב-מקור
A232: ='לקוחות לפי סוכן - מקור חדש'!B104 | B232: ='לקוחות לפי סוכן - מקור חדש'!C104 | D232: =TRIM('לקוחות לפי סוכן - מקור חדש'!D104) | E232: ='לקוחות לפי סוכן - מקור חדש'!F104 | F232: ='לקוחות לפי סוכן - מקור חדש'!H104 | G232: ='לקוחות לפי סוכן - מקור חדש'!E104 | H232: ='לקוחות לפי סוכן - מקור חדש'!G104 | I232: מכירות 25-26 לפי לקוח-סוכן | J232: חדש — לא היה ב-מקור
A233: ='לקוחות לפי סוכן - מקור חדש'!B105 | B233: ='לקוחות לפי סוכן - מקור חדש'!C105 | D233: =TRIM('לקוחות לפי סוכן - מקור חדש'!D105) | E233: ='לקוחות לפי סוכן - מקור חדש'!F105 | F233: ='לקוחות לפי סוכן - מקור חדש'!H105 | G233: ='לקוחות לפי סוכן - מקור חדש'!E105 | H233: ='לקוחות לפי סוכן - מקור חדש'!G105 | I233: מכירות 25-26 לפי לקוח-סוכן | J233: חדש — לא היה ב-מקור
A234: ='לקוחות לפי סוכן - מקור חדש'!B106 | B234: ='לקוחות לפי סוכן - מקור חדש'!C106 | D234: =TRIM('לקוחות לפי סוכן - מקור חדש'!D106) | E234: ='לקוחות לפי סוכן - מקור חדש'!F106 | F234: ='לקוחות לפי סוכן - מקור חדש'!H106 | G234: ='לקוחות לפי סוכן - מקור חדש'!E106 | H234: ='לקוחות לפי סוכן - מקור חדש'!G106 | I234: מכירות 25-26 לפי לקוח-סוכן | J234: חדש — לא היה ב-מקור
A235: ='לקוחות לפי סוכן - מקור חדש'!B107 | B235: ='לקוחות לפי סוכן - מקור חדש'!C107 | D235: =TRIM('לקוחות לפי סוכן - מקור חדש'!D107) | E235: ='לקוחות לפי סוכן - מקור חדש'!F107 | F235: ='לקוחות לפי סוכן - מקור חדש'!H107 | G235: ='לקוחות לפי סוכן - מקור חדש'!E107 | H235: ='לקוחות לפי סוכן - מקור חדש'!G107 | I235: מכירות 25-26 לפי לקוח-סוכן | J235: חדש — לא היה ב-מקור
A236: ='לקוחות לפי סוכן - מקור חדש'!B108 | B236: ='לקוחות לפי סוכן - מקור חדש'!C108 | D236: =TRIM('לקוחות לפי סוכן - מקור חדש'!D108) | E236: ='לקוחות לפי סוכן - מקור חדש'!F108 | F236: ='לקוחות לפי סוכן - מקור חדש'!H108 | G236: ='לקוחות לפי סוכן - מקור חדש'!E108 | H236: ='לקוחות לפי סוכן - מקור חדש'!G108 | I236: מכירות 25-26 לפי לקוח-סוכן | J236: חדש — לא היה ב-מקור
A237: ='לקוחות לפי סוכן - מקור חדש'!B109 | B237: ='לקוחות לפי סוכן - מקור חדש'!C109 | D237: =TRIM('לקוחות לפי סוכן - מקור חדש'!D109) | E237: ='לקוחות לפי סוכן - מקור חדש'!F109 | F237: ='לקוחות לפי סוכן - מקור חדש'!H109 | G237: ='לקוחות לפי סוכן - מקור חדש'!E109 | H237: ='לקוחות לפי סוכן - מקור חדש'!G109 | I237: מכירות 25-26 לפי לקוח-סוכן | J237: חדש — לא היה ב-מקור
A238: ='לקוחות לפי סוכן - מקור חדש'!B122 | B238: ='לקוחות לפי סוכן - מקור חדש'!C122 | D238: =TRIM('לקוחות לפי סוכן - מקור חדש'!D122) | E238: ='לקוחות לפי סוכן - מקור חדש'!F122 | F238: ='לקוחות לפי סוכן - מקור חדש'!H122 | G238: ='לקוחות לפי סוכן - מקור חדש'!E122 | H238: ='לקוחות לפי סוכן - מקור חדש'!G122 | I238: מכירות 25-26 לפי לקוח-סוכן | J238: חדש — לא היה ב-מקור
A239: ='לקוחות לפי סוכן - מקור חדש'!B124 | B239: ='לקוחות לפי סוכן - מקור חדש'!C124 | D239: =TRIM('לקוחות לפי סוכן - מקור חדש'!D124) | E239: ='לקוחות לפי סוכן - מקור חדש'!F124 | F239: ='לקוחות לפי סוכן - מקור חדש'!H124 | G239: ='לקוחות לפי סוכן - מקור חדש'!E124 | H239: ='לקוחות לפי סוכן - מקור חדש'!G124 | I239: מכירות 25-26 לפי לקוח-סוכן | J239: חדש — לא היה ב-מקור
...

Sheet לקוחות לפי סוכן 1015
A1: לקוחות לפי סוכן 2025 לעומת 2026 — רשימה מלאה לכל חנות, מבוסס על גיליון "1510" (1116 שורות חנות, 6 סוכנים)
A3: סוכן | B3: ערוץ (קוד+שם) | C3: שם הלקוח/חנות | D3: מכר 2025 (₪) | E3: מכר 2026 (₪) | F3: קוד לקוח | G3: כמות 2025 | H3: כמות 2026 | I3: מקור הנתון
