Workbook

Sheet Index
A1: מאוחדת — CEMI (PPLAY1) vs SALES (NetSuite) — True Product-Level Match via TRANS Crosswalk (v2)
A2: Calculation date: | B2: 46289
A3: Supersedes 2026-09-20-meuhedet-comparison.xlsx (which only did visual highlighting). This file performs a real product-level match between CEMI's "מאוחדת" data (customer "0קופות חולים", from the original raw PPLAY1 2025.xls/2026.xls, cross-checked against 2026-09-19-CEMI-grouped-2025-vs-2026.xlsx) and SALES's "113 - Kupat Holim Meuhedet" data (from 2026-09-20-salestype-2025-vs-2026.xlsx, "Source" sheet), bridged via the uploaded TRANS crosswalk table (da0cb0ca-TRANS.xlsx). None of the original source files were modified — this is a new, separate derived file.
A4: IMPORTANT: CEMI's "מאוחדת" (customer "0קופות חולים") had ZERO activity in 2025 in the CEMI/PPLAY1 system entirely — this is a pre-existing, already-confirmed fact from prior builds, not a matching artifact. All 2025 CEMI figures below are correctly 0.
A5: Update 24/09/2026: 4 additional SALES items (397-35-38, 397-43-46, 363 L/R, T90 0) were linked to their CHEMIPAL CODE via user-approved manual rules - see the "Manual Matches" sheet. One rule ("394" + "כסף") could NOT be applied to 3 remaining SALES items (394G-35-38/39-42/43-46) - TRANS has no gray ("G") variant for this product family, only black (394B) and white (394W), so the correct code is ambiguous; left in Unmatched rather than guessed - flagged for follow-up.
A7: Sheet map
A8: Sheet | B8: Contents
A9: Matched by CHEMIPAL CODE | B9: Match-rate summary + full row-by-row CEMI vs SALES comparison table at CHEMIPAL CODE level (matched codes, including manual overrides).
A10: Unmatched | B10: Every item name from CEMI and SALES that could NOT be bridged via TRANS (automatically or manually), with quantities/amounts — reported as-is, not guessed.
A11: Manual Matches | B11: User-approved overrides (24/09/2026): raw item names linked to a CHEMIPAL CODE by hand, with justification, because TRANS could not auto-match them.
A12: TRANS | B12: The crosswalk table as uploaded, plus normalized helper columns used by the matching formulas.
A13: CEMI Raw | B13: Pre-aggregation item-level data for מאוחדת from CEMI/PPLAY1 (nonzero rows only), with live CHEMIPAL CODE match (auto + manual fallback).
A14: SALES Raw | B14: Pre-aggregation item-level data for 113 - Kupat Holim Meuhedet from SALES/NetSuite (nonzero rows only), with live CHEMIPAL CODE match (auto + manual fallback).
A16: Match-rate summary
A17: Source | B17: Metric | C17: Matched | D17: Total | E17: Match %
A18: CEMI (PPLAY1) | B18: Quantity | C18: =SUMIFS('CEMI Raw'!$C$6:$C$197,'CEMI Raw'!$F$6:$F$197,"Matched*") -> 9850 | D18: =SUM('CEMI Raw'!$C$6:$C$197) -> 10037 | E18: =IFERROR(C18/D18,"") -> 0.98136893
A19: CEMI (PPLAY1) | B19: Amount (₪) | C19: =SUMIFS('CEMI Raw'!$D$6:$D$197,'CEMI Raw'!$F$6:$F$197,"Matched*") -> 295219.9 | D19: =SUM('CEMI Raw'!$D$6:$D$197) -> 307514.4 | E19: =IFERROR(C19/D19,"") -> 0.96001976
A20: SALES (NetSuite) | B20: Quantity | C20: =SUMIFS('SALES Raw'!$C$6:$C$435,'SALES Raw'!$F$6:$F$435,"Matched*") -> 36591 | D20: =SUM('SALES Raw'!$C$6:$C$435) -> 36986 | E20: =IFERROR(C20/D20,"") -> 0.98932028
A21: SALES (NetSuite) | B21: Amount (₪)* | C21: =SUMIFS('SALES Raw'!$D$6:$D$435,'SALES Raw'!$F$6:$F$435,"Matched*") -> 1100510.2 | D21: =SUM('SALES Raw'!$D$6:$D$435) -> 1047368.7 | E21: =IFERROR(C21/D21,"") -> 1.0507381
A22: * SALES Amount total nets out "בונוסים ללקוחות" (a negative customer-bonus/credit line, unmatched by nature — see Unmatched sheet); the raw amount match % can look off because of this sign flip even though quantity match is ~97-99%.
A24: Matched CHEMIPAL codes: | B24: =COUNTA('Matched by CHEMIPAL CODE'!$A$14:$A$230) -> 217
A25: Combined Amount 2025 (matched codes, ₪): | B25: ='Matched by CHEMIPAL CODE'!M231 -> 882043.8
A26: Combined Amount 2026 (matched codes, ₪): | B26: ='Matched by CHEMIPAL CODE'!O231 -> 513686.32
A27: CEMI unmatched distinct items: | B27: =COUNTA('Unmatched'!$A$7:$A$17) -> 11
A28: SALES unmatched distinct items: | B28: =COUNTA('Unmatched'!$A$23:$A$57) -> 35

Sheet Matched by CHEMIPAL CODE
A1: מאוחדת — True Product-Level Match: CEMI (PPLAY1) vs SALES (NetSuite), by CHEMIPAL CODE
A2: Calculation date: | B2: 46289
A3: This replaces the visual-highlighting-only approach used in 2026-09-20-meuhedet-comparison.xlsx. Every row here is a CHEMIPAL CODE that was matched (via the TRANS crosswalk) from at least one of the two sources (CEMI Raw / SALES Raw). A 0 in any CEMI/SALES column means that product was not sold to מאוחדת through that channel/system in that year — not a data gap. Neither original source file (2026-09-19-CEMI-grouped-2025-vs-2026.xlsx, 2026-09-20-salestype-2025-vs-2026.xlsx) was modified.
A5: Match-rate summary (by Quantity / Amount, matched vs total in each source)
A6: Source / Metric | B6: Matched | C6: Total | D6: Match %
A7: CEMI — Quantity | B7: =SUMIFS('CEMI Raw'!$C$6:$C$197,'CEMI Raw'!$F$6:$F$197,"Matched*") -> 9850 | C7: =SUM('CEMI Raw'!$C$6:$C$197) -> 10037 | D7: =IFERROR(B7/C7,"") -> 0.98136893
A8: CEMI — Amount (₪) | B8: =SUMIFS('CEMI Raw'!$D$6:$D$197,'CEMI Raw'!$F$6:$F$197,"Matched*") -> 295219.9 | C8: =SUM('CEMI Raw'!$D$6:$D$197) -> 307514.4 | D8: =IFERROR(B8/C8,"") -> 0.96001976
A9: SALES — Quantity | B9: =SUMIFS('SALES Raw'!$C$6:$C$435,'SALES Raw'!$F$6:$F$435,"Matched*") -> 36591 | C9: =SUM('SALES Raw'!$C$6:$C$435) -> 36986 | D9: =IFERROR(B9/C9,"") -> 0.98932028
A10: SALES — Amount (₪)* | B10: =SUMIFS('SALES Raw'!$D$6:$D$435,'SALES Raw'!$F$6:$F$435,"Matched*") -> 1100510.2 | C10: =SUM('SALES Raw'!$D$6:$D$435) -> 1047368.7 | D10: =IFERROR(B10/C10,"") -> 1.0507381
A11: * SALES Amount total is net of the "בונוסים ללקוחות" (customer bonus/credit) line, which is negative and unmatched — see the Unmatched sheet. This is why the raw match % for SALES Amount can look distorted; by Quantity, both sources match at ~97-99%.
A13: CHEMIPAL CODE | B13: Product Name (TRANS ITEM NAME) | C13: Product Name (TRANS CHEMIPAL NAME) | D13: CEMI Qty 2025 | E13: CEMI Amt 2025 (₪) | F13: CEMI Qty 2026 | G13: CEMI Amt 2026 (₪) | H13: SALES Qty 2025 | I13: SALES Amt 2025 (₪) | J13: SALES Qty 2026 | K13: SALES Amt 2026 (₪) | L13: Combined Qty 2025 | M13: Combined Amt 2025 (₪) | N13: Combined Qty 2026 | O13: Combined Amt 2026 (₪)
A14: 4401000 | B14: =IFERROR(INDEX('TRANS'!$A:$A,MATCH($A14,'TRANS'!$B:$B,0)),"") -> 369-S-L | C14: =IFERROR(INDEX('TRANS'!$C:$C,MATCH($A14,'TRANS'!$B:$B,0)),"") -> 369 S-L אצבעון מסיליקון יחידה | D14: =SUMIFS('CEMI Raw'!$C$6:$C$197,'CEMI Raw'!$E$6:$E$197,$A14,'CEMI Raw'!$B$6:$B$197,2025) -> 0 | E14: =SUMIFS('CEMI Raw'!$D$6:$D$197,'CEMI Raw'!$E$6:$E$197,$A14,'CEMI Raw'!$B$6:$B$197,2025) -> 0 | F14: =SUMIFS('CEMI Raw'!$C$6:$C$197,'CEMI Raw'!$E$6:$E$197,$A14,'CEMI Raw'!$B$6:$B$197,2026) -> 61 | G14: =SUMIFS('CEMI Raw'!$D$6:$D$197,'CEMI Raw'!$E$6:$E$197,$A14,'CEMI Raw'!$B$6:$B$197,2026) -> 870.8 | H14: =SUMIFS('SALES Raw'!$C$6:$C$435,'SALES Raw'!$E$6:$E$435,$A14,'SALES Raw'!$B$6:$B$435,2025) -> 234 | I14: =SUMIFS('SALES Raw'!$D$6:$D$435,'SALES Raw'!$E$6:$E$435,$A14,'SALES Raw'!$B$6:$B$435,2025) -> 3790.8 | J14: =SUMIFS('SALES Raw'!$C$6:$C$435,'SALES Raw'!$E$6:$E$435,$A14,'SALES Raw'!$B$6:$B$435,2026) -> 53 | K14: =SUMIFS('SALES Raw'!$D$6:$D$435,'SALES Raw'!$E$6:$E$435,$A14,'SALES Raw'!$B$6:$B$435,2026) -> 858.6 | L14: =D14+H14 -> 234 | M14: =E14+I14 -> 3790.8 | N14: =F14+J14 -> 114 | O14: =G14+K14 -> 1729.4
A15: 4401001 | B15: =IFERROR(INDEX('TRANS'!$A:$A,MATCH($A15,'TRANS'!$B:$B,0)),"") -> 369-XL | C15: =IFERROR(INDEX('TRANS'!$C:$C,MATCH($A15,'TRANS'!$B:$B,0)),"") -> 369 XL אצבעון מסיליקון יחידה | D15: =SUMIFS('CEMI Raw'!$C$6:$C$197,'CEMI Raw'!$E$6:$E$197,$A15,'CEMI Raw'!$B$6:$B$197,2025) -> 0 | E15: =SUMIFS('CEMI Raw'!$D$6:$D$197,'CEMI Raw'!$E$6:$E$197,$A15,'CEMI Raw'!$B$6:$B$197,2025) -> 0 | F15: =SUMIFS('CEMI Raw'!$C$6:$C$197,'CEMI Raw'!$E$6:$E$197,$A15,'CEMI Raw'!$B$6:$B$197,2026) -> 86 | G15: =SUMIFS('CEMI Raw'!$D$6:$D$197,'CEMI Raw'!$E$6:$E$197,$A15,'CEMI Raw'!$B$6:$B$197,2026) -> 1492.4 | H15: =SUMIFS('SALES Raw'!$C$6:$C$435,'SALES Raw'!$E$6:$E$435,$A15,'SALES Raw'!$B$6:$B$435,2025) -> 336 | I15: =SUMIFS('SALES Raw'!$D$6:$D$435,'SALES Raw'!$E$6:$E$435,$A15,'SALES Raw'!$B$6:$B$435,2025) -> 5987.52 | J15: =SUMIFS('SALES Raw'!$C$6:$C$435,'SALES Raw'!$E$6:$E$435,$A15,'SALES Raw'!$B$6:$B$435,2026) -> 140 | K15: =SUMIFS('SALES Raw'!$D$6:$D$435,'SALES Raw'!$E$6:$E$435,$A15,'SALES Raw'!$B$6:$B$435,2026) -> 2494.8 | L15: =D15+H15 -> 336 | M15: =E15+I15 -> 5987.52 | N15: =F15+J15 -> 226 | O15: =G15+K15 -> 3987.2
A16: 4401002 | B16: =IFERROR(INDEX('TRANS'!$A:$A,MATCH($A16,'TRANS'!$B:$B,0)),"") -> PD344 0 | C16: =IFERROR(INDEX('TRANS'!$C:$C,MATCH($A16,'TRANS'!$B:$B,0)),"") -> PD 344-אבן טבעית להסרת עור קשה | D16: =SUMIFS('CEMI Raw'!$C$6:$C$197,'CEMI Raw'!$E$6:$E$197,$A16,'CEMI Raw'!$B$6:$B$197,2025) -> 0 | E16: =SUMIFS('CEMI Raw'!$D$6:$D$197,'CEMI Raw'!$E$6:$E$197,$A16,'CEMI Raw'!$B$6:$B$197,2025) -> 0 | F16: =SUMIFS('CEMI Raw'!$C$6:$C$197,'CEMI Raw'!$E$6:$E$197,$A16,'CEMI Raw'!$B$6:$B$197,2026) -> 138 | G16: =SUMIFS('CEMI Raw'!$D$6:$D$197,'CEMI Raw'!$E$6:$E$197,$A16,'CEMI Raw'!$B$6:$B$197,2026) -> 771.2 | H16: =SUMIFS('SALES Raw'!$C$6:$C$435,'SALES Raw'!$E$6:$E$435,$A16,'SALES Raw'!$B$6:$B$435,2025) -> 335 | I16: =SUMIFS('SALES Raw'!$D$6:$D$435,'SALES Raw'!$E$6:$E$435,$A16,'SALES Raw'!$B$6:$B$435,2025) -> 1946.35 | J16: =SUMIFS('SALES Raw'!$C$6:$C$435,'SALES Raw'!$E$6:$E$435,$A16,'SALES Raw'!$B$6:$B$435,2026) -> 59 | K16: =SUMIFS('SALES Raw'!$D$6:$D$435,'SALES Raw'!$E$6:$E$435,$A16,'SALES Raw'!$B$6:$B$435,2026) -> 342.79 | L16: =D16+H16 -> 335 | M16: =E16+I16 -> 1946.35 | N16: =F16+J16 -> 197 | O16: =G16+K16 -> 1113.99
A17: 4402000 | B17: =IFERROR(INDEX('TRANS'!$A:$A,MATCH($A17,'TRANS'!$B:$B,0)),"") -> 363-L-R | C17: =IFERROR(INDEX('TRANS'!$C:$C,MATCH($A17,'TRANS'!$B:$B,0)),"") -> 363 בננה לתמיכת אצבעות ז.כרית | D17: =SUMIFS('CEMI Raw'!$C$6:$C$197,'CEMI Raw'!$E$6:$E$197,$A17,'CEMI Raw'!$B$6:$B$197,2025) -> 0 | E17: =SUMIFS('CEMI Raw'!$D$6:$D$197,'CEMI Raw'!$E$6:$E$197,$A17,'CEMI Raw'!$B$6:$B$197,2025) -> 0 | F17: =SUMIFS('CEMI Raw'!$C$6:$C$197,'CEMI Raw'!$E$6:$E$197,$A17,'CEMI Raw'!$B$6:$B$197,2026) -> 41 | G17: =SUMIFS('CEMI Raw'!$D$6:$D$197,'CEMI Raw'!$E$6:$E$197,$A17,'CEMI Raw'!$B$6:$B$197,2026) -> 668 | H17: =SUMIFS('SALES Raw'!$C$6:$C$435,'SALES Raw'!$E$6:$E$435,$A17,'SALES Raw'!$B$6:$B$435,2025) -> 154 | I17: =SUMIFS('SALES Raw'!$D$6:$D$435,'SALES Raw'!$E$6:$E$435,$A17,'SALES Raw'!$B$6:$B$435,2025) -> 2671.9 | J17: =SUMIFS('SALES Raw'!$C$6:$C$435,'SALES Raw'!$E$6:$E$435,$A17,'SALES Raw'!$B$6:$B$435,2026) -> 26 | K17: =SUMIFS('SALES Raw'!$D$6:$D$435,'SALES Raw'!$E$6:$E$435,$A17,'SALES Raw'!$B$6:$B$435,2026) -> 451.1 | L17: =D17+H17 -> 154 | M17: =E17+I17 -> 2671.9 | N17: =F17+J17 -> 67 | O17: =G17+K17 -> 1119.1
A18: 4402007 | B18: =IFERROR(INDEX('TRANS'!$A:$A,MATCH($A18,'TRANS'!$B:$B,0)),"") -> 320 0 | C18: =IFERROR(INDEX('TRANS'!$C:$C,MATCH($A18,'TRANS'!$B:$B,0)),"") -> 320 בליסטר פלסטר | D18: =SUMIFS('CEMI Raw'!$C$6:$C$197,'CEMI Raw'!$E$6:$E$197,$A18,'CEMI Raw'!$B$6:$B$197,2025) -> 0 | E18: =SUMIFS('CEMI Raw'!$D$6:$D$197,'CEMI Raw'!$E$6:$E$197,$A18,'CEMI Raw'!$B$6:$B$197,2025) -> 0 | F18: =SUMIFS('CEMI Raw'!$C$6:$C$197,'CEMI Raw'!$E$6:$E$197,$A18,'CEMI Raw'!$B$6:$B$197,2026) -> 78 | G18: =SUMIFS('CEMI Raw'!$D$6:$D$197,'CEMI Raw'!$E$6:$E$197,$A18,'CEMI Raw'!$B$6:$B$197,2026) -> 939.1 | H18: =SUMIFS('SALES Raw'!$C$6:$C$435,'SALES Raw'!$E$6:$E$435,$A18,'SALES Raw'!$B$6:$B$435,2025) -> 163 | I18: =SUMIFS('SALES Raw'!$D$6:$D$435,'SALES Raw'!$E$6:$E$435,$A18,'SALES Raw'!$B$6:$B$435,2025) -> 2089.66 | J18: =SUMIFS('SALES Raw'!$C$6:$C$435,'SALES Raw'!$E$6:$E$435,$A18,'SALES Raw'!$B$6:$B$435,2026) -> 34 | K18: =SUMIFS('SALES Raw'!$D$6:$D$435,'SALES Raw'!$E$6:$E$435,$A18,'SALES Raw'!$B$6:$B$435,2026) -> 435.88 | L18: =D18+H18 -> 163 | M18: =E18+I18 -> 2089.66 | N18: =F18+J18 -> 112 | O18: =G18+K18 -> 1374.98
A19: 4402011 | B19: =IFERROR(INDEX('TRANS'!$A:$A,MATCH($A19,'TRANS'!$B:$B,0)),"") -> ST422 0 | C19: =IFERROR(INDEX('TRANS'!$C:$C,MATCH($A19,'TRANS'!$B:$B,0)),"") -> S-XLST422 מגן ברך+כרית ג'ל | D19: =SUMIFS('CEMI Raw'!$C$6:$C$197,'CEMI Raw'!$E$6:$E$197,$A19,'CEMI Raw'!$B$6:$B$197,2025) -> 0 | E19: =SUMIFS('CEMI Raw'!$D$6:$D$197,'CEMI Raw'!$E$6:$E$197,$A19,'CEMI Raw'!$B$6:$B$197,2025) -> 0 | F19: =SUMIFS('CEMI Raw'!$C$6:$C$197,'CEMI Raw'!$E$6:$E$197,$A19,'CEMI Raw'!$B$6:$B$197,2026) -> 56 | G19: =SUMIFS('CEMI Raw'!$D$6:$D$197,'CEMI Raw'!$E$6:$E$197,$A19,'CEMI Raw'!$B$6:$B$197,2026) -> 2875.6 | H19: =SUMIFS('SALES Raw'!$C$6:$C$435,'SALES Raw'!$E$6:$E$435,$A19,'SALES Raw'!$B$6:$B$435,2025) -> 145 | I19: =SUMIFS('SALES Raw'!$D$6:$D$435,'SALES Raw'!$E$6:$E$435,$A19,'SALES Raw'!$B$6:$B$435,2025) -> 7757.5 | J19: =SUMIFS('SALES Raw'!$C$6:$C$435,'SALES Raw'!$E$6:$E$435,$A19,'SALES Raw'!$B$6:$B$435,2026) -> 49 | K19: =SUMIFS('SALES Raw'!$D$6:$D$435,'SALES Raw'!$E$6:$E$435,$A19,'SALES Raw'!$B$6:$B$435,2026) -> 2621.5 | L19: =D19+H19 -> 145 | M19: =E19+I19 -> 7757.5 | N19: =F19+J19 -> 105 | O19: =G19+K19 -> 5497.1
A20: 4403000 | B20: =IFERROR(INDEX('TRANS'!$A:$A,MATCH($A20,'TRANS'!$B:$B,0)),"") -> 390B-35-38 | C20: =IFERROR(INDEX('TRANS'!$C:$C,MATCH($A20,'TRANS'!$B:$B,0)),"") -> 390B גרב.כסף לסכרתים שחור35-38 | D20: =SUMIFS('CEMI Raw'!$C$6:$C$197,'CEMI Raw'!$E$6:$E$197,$A20,'CEMI Raw'!$B$6:$B$197,2025) -> 0 | E20: =SUMIFS('CEMI Raw'!$D$6:$D$197,'CEMI Raw'!$E$6:$E$197,$A20,'CEMI Raw'!$B$6:$B$197,2025) -> 0 | F20: =SUMIFS('CEMI Raw'!$C$6:$C$197,'CEMI Raw'!$E$6:$E$197,$A20,'CEMI Raw'!$B$6:$B$197,2026) -> 2 | G20: =SUMIFS('CEMI Raw'!$D$6:$D$197,'CEMI Raw'!$E$6:$E$197,$A20,'CEMI Raw'!$B$6:$B$197,2026) -> 41.3 | H20: =SUMIFS('SALES Raw'!$C$6:$C$435,'SALES Raw'!$E$6:$E$435,$A20,'SALES Raw'!$B$6:$B$435,2025) -> 2 | I20: =SUMIFS('SALES Raw'!$D$6:$D$435,'SALES Raw'!$E$6:$E$435,$A20,'SALES Raw'!$B$6:$B$435,2025) -> 47.2 | J20: =SUMIFS('SALES Raw'!$C$6:$C$435,'SALES Raw'!$E$6:$E$435,$A20,'SALES Raw'!$B$6:$B$435,2026) -> 11 | K20: =SUMIFS('SALES Raw'!$D$6:$D$435,'SALES Raw'!$E$6:$E$435,$A20,'SALES Raw'!$B$6:$B$435,2026) -> 259.6 | L20: =D20+H20 -> 2 | M20: =E20+I20 -> 47.2 | N20: =F20+J20 -> 13 | O20: =G20+K20 -> 300.9
A21: 4403001 | B21: =IFERROR(INDEX('TRANS'!$A:$A,MATCH($A21,'TRANS'!$B:$B,0)),"") -> 390B-39-42 | C21: =IFERROR(INDEX('TRANS'!$C:$C,MATCH($A21,'TRANS'!$B:$B,0)),"") -> 390B 39-42.גרב.כסף לסכרתיים שח | D21: =SUMIFS('CEMI Raw'!$C$6:$C$197,'CEMI Raw'!$E$6:$E$197,$A21,'CEMI Raw'!$B$6:$B$197,2025) -> 0 | E21: =SUMIFS('CEMI Raw'!$D$6:$D$197,'CEMI Raw'!$E$6:$E$197,$A21,'CEMI Raw'!$B$6:$B$197,2025) -> 0 | F21: =SUMIFS('CEMI Raw'!$C$6:$C$197,'CEMI Raw'!$E$6:$E$197,$A21,'CEMI Raw'!$B$6:$B$197,2026) -> 6 | G21: =SUMIFS('CEMI Raw'!$D$6:$D$197,'CEMI Raw'!$E$6:$E$197,$A21,'CEMI Raw'!$B$6:$B$197,2026) -> 112.1 | H21: =SUMIFS('SALES Raw'!$C$6:$C$435,'SALES Raw'!$E$6:$E$435,$A21,'SALES Raw'!$B$6:$B$435,2025) -> 40 | I21: =SUMIFS('SALES Raw'!$D$6:$D$435,'SALES Raw'!$E$6:$E$435,$A21,'SALES Raw'!$B$6:$B$435,2025) -> 944 | J21: =SUMIFS('SALES Raw'!$C$6:$C$435,'SALES Raw'!$E$6:$E$435,$A21,'SALES Raw'!$B$6:$B$435,2026) -> 17 | K21: =SUMIFS('SALES Raw'!$D$6:$D$435,'SALES Raw'!$E$6:$E$435,$A21,'SALES Raw'!$B$6:$B$435,2026) -> 401.2 | L21: =D21+H21 -> 40 | M21: =E21+I21 -> 944 | N21: =F21+J21 -> 23 | O21: =G21+K21 -> 513.3
A22: 4403002 | B22: =IFERROR(INDEX('TRANS'!$A:$A,MATCH($A22,'TRANS'!$B:$B,0)),"") -> 390B-43-46 | C22: =IFERROR(INDEX('TRANS'!$C:$C,MATCH($A22,'TRANS'!$B:$B,0)),"") -> 390B 43-46.גרב.כסף לסכרתיים שח | D22: =SUMIFS('CEMI Raw'!$C$6:$C$197,'CEMI Raw'!$E$6:$E$197,$A22,'CEMI Raw'!$B$6:$B$197,2025) -> 0 | E22: =SUMIFS('CEMI Raw'!$D$6:$D$197,'CEMI Raw'!$E$6:$E$197,$A22,'CEMI Raw'!$B$6:$B$197,2025) -> 0 | F22: =SUMIFS('CEMI Raw'!$C$6:$C$197,'CEMI Raw'!$E$6:$E$197,$A22,'CEMI Raw'!$B$6:$B$197,2026) -> 18 | G22: =SUMIFS('CEMI Raw'!$D$6:$D$197,'CEMI Raw'!$E$6:$E$197,$A22,'CEMI Raw'!$B$6:$B$197,2026) -> 424.8 | H22: =SUMIFS('SALES Raw'!$C$6:$C$435,'SALES Raw'!$E$6:$E$435,$A22,'SALES Raw'!$B$6:$B$435,2025) -> 43 | I22: =SUMIFS('SALES Raw'!$D$6:$D$435,'SALES Raw'!$E$6:$E$435,$A22,'SALES Raw'!$B$6:$B$435,2025) -> 1014.8 | J22: =SUMIFS('SALES Raw'!$C$6:$C$435,'SALES Raw'!$E$6:$E$435,$A22,'SALES Raw'!$B$6:$B$435,2026) -> 60 | K22: =SUMIFS('SALES Raw'!$D$6:$D$435,'SALES Raw'!$E$6:$E$435,$A22,'SALES Raw'!$B$6:$B$435,2026) -> 1416 | L22: =D22+H22 -> 43 | M22: =E22+I22 -> 1014.8 | N22: =F22+J22 -> 78 | O22: =G22+K22 -> 1840.8
A23: 4403003 | B23: =IFERROR(INDEX('TRANS'!$A:$A,MATCH($A23,'TRANS'!$B:$B,0)),"") -> 390G-35-38 | C23: =IFERROR(INDEX('TRANS'!$C:$C,MATCH($A23,'TRANS'!$B:$B,0)),"") -> 390G ג.כסף לסכרתיים אפור35-38 | D23: =SUMIFS('CEMI Raw'!$C$6:$C$197,'CEMI Raw'!$E$6:$E$197,$A23,'CEMI Raw'!$B$6:$B$197,2025) -> 0 | E23: =SUMIFS('CEMI Raw'!$D$6:$D$197,'CEMI Raw'!$E$6:$E$197,$A23,'CEMI Raw'!$B$6:$B$197,2025) -> 0 | F23: =SUMIFS('CEMI Raw'!$C$6:$C$197,'CEMI Raw'!$E$6:$E$197,$A23,'CEMI Raw'!$B$6:$B$197,2026) -> 5 | G23: =SUMIFS('CEMI Raw'!$D$6:$D$197,'CEMI Raw'!$E$6:$E$197,$A23,'CEMI Raw'!$B$6:$B$197,2026) -> 118 | H23: =SUMIFS('SALES Raw'!$C$6:$C$435,'SALES Raw'!$E$6:$E$435,$A23,'SALES Raw'!$B$6:$B$435,2025) -> 7 | I23: =SUMIFS('SALES Raw'!$D$6:$D$435,'SALES Raw'!$E$6:$E$435,$A23,'SALES Raw'!$B$6:$B$435,2025) -> 165.2 | J23: =SUMIFS('SALES Raw'!$C$6:$C$435,'SALES Raw'!$E$6:$E$435,$A23,'SALES Raw'!$B$6:$B$435,2026) -> 12 | K23: =SUMIFS('SALES Raw'!$D$6:$D$435,'SALES Raw'!$E$6:$E$435,$A23,'SALES Raw'!$B$6:$B$435,2026) -> 283.2 | L23: =D23+H23 -> 7 | M23: =E23+I23 -> 165.2 | N23: =F23+J23 -> 17 | O23: =G23+K23 -> 401.2
A24: 4403005 | B24: =IFERROR(INDEX('TRANS'!$A:$A,MATCH($A24,'TRANS'!$B:$B,0)),"") -> 390G-43-46 | C24: =IFERROR(INDEX('TRANS'!$C:$C,MATCH($A24,'TRANS'!$B:$B,0)),"") -> G390.43-46 גרבי כסף לסכרת מידה | D24: =SUMIFS('CEMI Raw'!$C$6:$C$197,'CEMI Raw'!$E$6:$E$197,$A24,'CEMI Raw'!$B$6:$B$197,2025) -> 0 | E24: =SUMIFS('CEMI Raw'!$D$6:$D$197,'CEMI Raw'!$E$6:$E$197,$A24,'CEMI Raw'!$B$6:$B$197,2025) -> 0 | F24: =SUMIFS('CEMI Raw'!$C$6:$C$197,'CEMI Raw'!$E$6:$E$197,$A24,'CEMI Raw'!$B$6:$B$197,2026) -> 3 | G24: =SUMIFS('CEMI Raw'!$D$6:$D$197,'CEMI Raw'!$E$6:$E$197,$A24,'CEMI Raw'!$B$6:$B$197,2026) -> 53.1 | H24: =SUMIFS('SALES Raw'!$C$6:$C$435,'SALES Raw'!$E$6:$E$435,$A24,'SALES Raw'!$B$6:$B$435,2025) -> 25 | I24: =SUMIFS('SALES Raw'!$D$6:$D$435,'SALES Raw'!$E$6:$E$435,$A24,'SALES Raw'!$B$6:$B$435,2025) -> 590 | J24: =SUMIFS('SALES Raw'!$C$6:$C$435,'SALES Raw'!$E$6:$E$435,$A24,'SALES Raw'!$B$6:$B$435,2026) -> 9 | K24: =SUMIFS('SALES Raw'!$D$6:$D$435,'SALES Raw'!$E$6:$E$435,$A24,'SALES Raw'!$B$6:$B$435,2026) -> 212.4 | L24: =D24+H24 -> 25 | M24: =E24+I24 -> 590 | N24: =F24+J24 -> 12 | O24: =G24+K24 -> 265.5
A25: 4403006 | B25: =IFERROR(INDEX('TRANS'!$A:$A,MATCH($A25,'TRANS'!$B:$B,0)),"") -> 390W-35-38 | C25: =IFERROR(INDEX('TRANS'!$C:$C,MATCH($A25,'TRANS'!$B:$B,0)),"") -> 390W גרב כסף לסכרתיים לבן35-38 | D25: =SUMIFS('CEMI Raw'!$C$6:$C$197,'CEMI Raw'!$E$6:$E$197,$A25,'CEMI Raw'!$B$6:$B$197,2025) -> 0 | E25: =SUMIFS('CEMI Raw'!$D$6:$D$197,'CEMI Raw'!$E$6:$E$197,$A25,'CEMI Raw'!$B$6:$B$197,2025) -> 0 | F25: =SUMIFS('CEMI Raw'!$C$6:$C$197,'CEMI Raw'!$E$6:$E$197,$A25,'CEMI Raw'!$B$6:$B$197,2026) -> 0 | G25: =SUMIFS('CEMI Raw'!$D$6:$D$197,'CEMI Raw'!$E$6:$E$197,$A25,'CEMI Raw'!$B$6:$B$197,2026) -> 0 | H25: =SUMIFS('SALES Raw'!$C$6:$C$435,'SALES Raw'!$E$6:$E$435,$A25,'SALES Raw'!$B$6:$B$435,2025) -> 3 | I25: =SUMIFS('SALES Raw'!$D$6:$D$435,'SALES Raw'!$E$6:$E$435,$A25,'SALES Raw'!$B$6:$B$435,2025) -> 70.8 | J25: =SUMIFS('SALES Raw'!$C$6:$C$435,'SALES Raw'!$E$6:$E$435,$A25,'SALES Raw'!$B$6:$B$435,2026) -> 4 | K25: =SUMIFS('SALES Raw'!$D$6:$D$435,'SALES Raw'!$E$6:$E$435,$A25,'SALES Raw'!$B$6:$B$435,2026) -> 94.4 | L25: =D25+H25 -> 3 | M25: =E25+I25 -> 70.8 | N25: =F25+J25 -> 4 | O25: =G25+K25 -> 94.4
... A230: 4422042 | B230: =IFERROR(INDEX('TRANS'!$A:$A,MATCH($A230,'TRANS'!$B:$B,0)),"") -> SH422 6 | C230: =IFERROR(INDEX('TRANS'!$C:$C,MATCH($A230,'TRANS'!$B:$B,0)),"") -> SH422 6 תומך ברך גנושילד | D230: =SUMIFS('CEMI Raw'!$C$6:$C$197,'CEMI Raw'!$E$6:$E$197,$A230,'CEMI Raw'!$B$6:$B$197,2025) -> 0 | E230: =SUMIFS('CEMI Raw'!$D$6:$D$197,'CEMI Raw'!$E$6:$E$197,$A230,'CEMI Raw'!$B$6:$B$197,2025) -> 0 | F230: =SUMIFS('CEMI Raw'!$C$6:$C$197,'CEMI Raw'!$E$6:$E$197,$A230,'CEMI Raw'!$B$6:$B$197,2026) -> 17 | G230: =SUMIFS('CEMI Raw'!$D$6:$D$197,'CEMI Raw'!$E$6:$E$197,$A230,'CEMI Raw'!$B$6:$B$197,2026) -> 2125 | H230: =SUMIFS('SALES Raw'!$C$6:$C$435,'SALES Raw'!$E$6:$E$435,$A230,'SALES Raw'!$B$6:$B$435,2025) -> 0 | I230: =SUMIFS('SALES Raw'!$D$6:$D$435,'SALES Raw'!$E$6:$E$435,$A230,'SALES Raw'!$B$6:$B$435,2025) -> 0 | J230: =SUMIFS('SALES Raw'!$C$6:$C$435,'SALES Raw'!$E$6:$E$435,$A230,'SALES Raw'!$B$6:$B$435,2026) -> 0 | K230: =SUMIFS('SALES Raw'!$D$6:$D$435,'SALES Raw'!$E$6:$E$435,$A230,'SALES Raw'!$B$6:$B$435,2026) -> 0 | L230: =D230+H230 -> 0 | M230: =E230+I230 -> 0 | N230: =F230+J230 -> 17 | O230: =G230+K230 -> 2125
A231: TOTAL (matched codes only) | D231: =SUM(D14:D230) -> 0 | E231: =SUM(E14:E230) -> 0 | F231: =SUM(F14:F230) -> 9850 | G231: =SUM(G14:G230) -> 295219.9 | H231: =SUM(H14:H230) -> 29272 | I231: =SUM(I14:I230) -> 882043.8 | J231: =SUM(J14:J230) -> 7319 | K231: =SUM(K14:K230) -> 218466.42 | ... O231: =SUM(O14:O230) -> 513686.32

Sheet Unmatched
A1: Unmatched — Items NOT Found in TRANS Crosswalk (reported only, not guessed)
A2: Calculation date: | B2: 46289
A3: Per explicit instruction: items that could not be bridged via TRANS (automatically or manually) are reported here as-is, with no guessed CHEMIPAL CODE. CEMI side: 11 distinct item names (all 2026, since CEMI 2025 = 0 entirely). SALES side: 35 distinct item names (after 4 were manually matched on 24/09/2026 - see notes below the table), including "בונוסים ללקוחות" (a customer bonus/credit adjustment line — not a physical product — with a large negative amount) and several small-quantity/edge-case codes not present in the TRANS table. Values below are pulled live from the Raw sheets by item name.
A5: CEMI — Unmatched items (מאוחדת, from PPLAY1, customer "0קופות חולים")
A6: Item Name (raw, PPLAY1 format) | B6: Year | C6: Quantity | D6: Amount (₪)
A7: 07AU L ח.גב ""איטלקית"" אורירית | B7: 2026 | C7: =SUMIFS('CEMI Raw'!$C$6:$C$197,'CEMI Raw'!$A$6:$A$197,$A7,'CEMI Raw'!$B$6:$B$197,$B7) -> 7 | D7: =SUMIFS('CEMI Raw'!$D$6:$D$197,'CEMI Raw'!$A$6:$A$197,$A7,'CEMI Raw'!$B$6:$B$197,$B7) -> 1096.9
A8: 07AU M ח.גב ""איטלקית"" אורירית | B8: 2026 | C8: =SUMIFS('CEMI Raw'!$C$6:$C$197,'CEMI Raw'!$A$6:$A$197,$A8,'CEMI Raw'!$B$6:$B$197,$B8) -> 2 | D8: =SUMIFS('CEMI Raw'!$D$6:$D$197,'CEMI Raw'!$A$6:$A$197,$A8,'CEMI Raw'!$B$6:$B$197,$B8) -> 351
A9: 07AU XL ח.גב ""איטלקית"" אורירית | B9: 2026 | C9: =SUMIFS('CEMI Raw'!$C$6:$C$197,'CEMI Raw'!$A$6:$A$197,$A9,'CEMI Raw'!$B$6:$B$197,$B9) -> 5 | D9: =SUMIFS('CEMI Raw'!$D$6:$D$197,'CEMI Raw'!$A$6:$A$197,$A9,'CEMI Raw'!$B$6:$B$197,$B9) -> 745.9
A10: 07AU XXL.ח.גב ""איטלקית"" אוריר | B10: 2026 | C10: =SUMIFS('CEMI Raw'!$C$6:$C$197,'CEMI Raw'!$A$6:$A$197,$A10,'CEMI Raw'!$B$6:$B$197,$B10) -> 7 | D10: =SUMIFS('CEMI Raw'!$D$6:$D$197,'CEMI Raw'!$A$6:$A$197,$A10,'CEMI Raw'!$B$6:$B$197,$B10) -> 1009.1
A11: 11 L""חגורת בטן""אורירית | B11: 2026 | C11: =SUMIFS('CEMI Raw'!$C$6:$C$197,'CEMI Raw'!$A$6:$A$197,$A11,'CEMI Raw'!$B$6:$B$197,$B11) -> 29 | D11: =SUMIFS('CEMI Raw'!$D$6:$D$197,'CEMI Raw'!$A$6:$A$197,$A11,'CEMI Raw'!$B$6:$B$197,$B11) -> 2043.6
A12: 11 M""חגורת בטן""אורירית | B12: 2026 | C12: =SUMIFS('CEMI Raw'!$C$6:$C$197,'CEMI Raw'!$A$6:$A$197,$A12,'CEMI Raw'!$B$6:$B$197,$B12) -> 20 | D12: =SUMIFS('CEMI Raw'!$D$6:$D$197,'CEMI Raw'!$A$6:$A$197,$A12,'CEMI Raw'!$B$6:$B$197,$B12) -> 1446.8
A13: 11 S""חגורת בטן""אורירית | B13: 2026 | C13: =SUMIFS('CEMI Raw'!$C$6:$C$197,'CEMI Raw'!$A$6:$A$197,$A13,'CEMI Raw'!$B$6:$B$197,$B13) -> 2 | D13: =SUMIFS('CEMI Raw'!$D$6:$D$197,'CEMI Raw'!$A$6:$A$197,$A13,'CEMI Raw'!$B$6:$B$197,$B13) -> 144.7
A14: 11 XL""חגורת בטן""אורירית | B14: 2026 | C14: =SUMIFS('CEMI Raw'!$C$6:$C$197,'CEMI Raw'!$A$6:$A$197,$A14,'CEMI Raw'!$B$6:$B$197,$B14) -> 36 | D14: =SUMIFS('CEMI Raw'!$D$6:$D$197,'CEMI Raw'!$A$6:$A$197,$A14,'CEMI Raw'!$B$6:$B$197,$B14) -> 2531.9
A15: 11 XXL""חגורת בטן""אורירית | B15: 2026 | C15: =SUMIFS('CEMI Raw'!$C$6:$C$197,'CEMI Raw'!$A$6:$A$197,$A15,'CEMI Raw'!$B$6:$B$197,$B15) -> 20 | D15: =SUMIFS('CEMI Raw'!$D$6:$D$197,'CEMI Raw'!$A$6:$A$197,$A15,'CEMI Raw'!$B$6:$B$197,$B15) -> 1410.6
A16: 312 9 מ""ס להתאמהX5 מדבקה גדולה | B16: 2026 | C16: =SUMIFS('CEMI Raw'!$C$6:$C$197,'CEMI Raw'!$A$6:$A$197,$A16,'CEMI Raw'!$B$6:$B$197,$B16) -> 43 | D16: =SUMIFS('CEMI Raw'!$D$6:$D$197,'CEMI Raw'!$A$6:$A$197,$A16,'CEMI Raw'!$B$6:$B$197,$B16) -> 556.9
A17: 4022 רצועת ""פיקה""+כרית | B17: 2026 | C17: =SUMIFS('CEMI Raw'!$C$6:$C$197,'CEMI Raw'!$A$6:$A$197,$A17,'CEMI Raw'!$B$6:$B$197,$B17) -> 16 | D17: =SUMIFS('CEMI Raw'!$D$6:$D$197,'CEMI Raw'!$A$6:$A$197,$A17,'CEMI Raw'!$B$6:$B$197,$B17) -> 957.1
A18: TOTAL | C18: =SUM(C7:C17) -> 187 | D18: =SUM(D7:D17) -> 12294.5
A21: SALES — Unmatched items (113 - Kupat Holim Meuhedet, from NetSuite)
A22: Item Name (raw, NetSuite format) | B22: Qty 2025 | C22: Amt 2025 (₪) | D22: Qty 2026 | E22: Amt 2026 (₪)
A23: (NO ITEM CODE) | B23: =SUMIFS('SALES Raw'!$C$6:$C$435,'SALES Raw'!$A$6:$A$435,$A23,'SALES Raw'!$B$6:$B$435,2025) -> 0 | C23: =SUMIFS('SALES Raw'!$D$6:$D$435,'SALES Raw'!$A$6:$A$435,$A23,'SALES Raw'!$B$6:$B$435,2025) -> -921.56 | D23: =SUMIFS('SALES Raw'!$C$6:$C$435,'SALES Raw'!$A$6:$A$435,$A23,'SALES Raw'!$B$6:$B$435,2026) -> 0 | E23: =SUMIFS('SALES Raw'!$D$6:$D$435,'SALES Raw'!$A$6:$A$435,$A23,'SALES Raw'!$B$6:$B$435,2026) -> 0
A24: 078C L | B24: =SUMIFS('SALES Raw'!$C$6:$C$435,'SALES Raw'!$A$6:$A$435,$A24,'SALES Raw'!$B$6:$B$435,2025) -> 2 | C24: =SUMIFS('SALES Raw'!$D$6:$D$435,'SALES Raw'!$A$6:$A$435,$A24,'SALES Raw'!$B$6:$B$435,2025) -> 130 | D24: =SUMIFS('SALES Raw'!$C$6:$C$435,'SALES Raw'!$A$6:$A$435,$A24,'SALES Raw'!$B$6:$B$435,2026) -> 0 | E24: =SUMIFS('SALES Raw'!$D$6:$D$435,'SALES Raw'!$A$6:$A$435,$A24,'SALES Raw'!$B$6:$B$435,2026) -> 0
A25: 078C M | B25: =SUMIFS('SALES Raw'!$C$6:$C$435,'SALES Raw'!$A$6:$A$435,$A25,'SALES Raw'!$B$6:$B$435,2025) -> 2 | C25: =SUMIFS('SALES Raw'!$D$6:$D$435,'SALES Raw'!$A$6:$A$435,$A25,'SALES Raw'!$B$6:$B$435,2025) -> 130 | D25: =SUMIFS('SALES Raw'!$C$6:$C$435,'SALES Raw'!$A$6:$A$435,$A25,'SALES Raw'!$B$6:$B$435,2026) -> 0 | E25: =SUMIFS('SALES Raw'!$D$6:$D$435,'SALES Raw'!$A$6:$A$435,$A25,'SALES Raw'!$B$6:$B$435,2026) -> 0
A26: 078C XL | B26: =SUMIFS('SALES Raw'!$C$6:$C$435,'SALES Raw'!$A$6:$A$435,$A26,'SALES Raw'!$B$6:$B$435,2025) -> 0 | C26: =SUMIFS('SALES Raw'!$D$6:$D$435,'SALES Raw'!$A$6:$A$435,$A26,'SALES Raw'!$B$6:$B$435,2025) -> 0 | D26: =SUMIFS('SALES Raw'!$C$6:$C$435,'SALES Raw'!$A$6:$A$435,$A26,'SALES Raw'!$B$6:$B$435,2026) -> 1 | E26: =SUMIFS('SALES Raw'!$D$6:$D$435,'SALES Raw'!$A$6:$A$435,$A26,'SALES Raw'!$B$6:$B$435,2026) -> 65
A27: 11U L | B27: =SUMIFS('SALES Raw'!$C$6:$C$435,'SALES Raw'!$A$6:$A$435,$A27,'SALES Raw'!$B$6:$B$435,2025) -> 16 | C27: =SUMIFS('SALES Raw'!$D$6:$D$435,'SALES Raw'!$A$6:$A$435,$A27,'SALES Raw'!$B$6:$B$435,2025) -> 1038.24 | D27: =SUMIFS('SALES Raw'!$C$6:$C$435,'SALES Raw'!$A$6:$A$435,$A27,'SALES Raw'!$B$6:$B$435,2026) -> 1 | E27: =SUMIFS('SALES Raw'!$D$6:$D$435,'SALES Raw'!$A$6:$A$435,$A27,'SALES Raw'!$B$6:$B$435,2026) -> 64.89
A28: 11U M | B28: =SUMIFS('SALES Raw'!$C$6:$C$435,'SALES Raw'!$A$6:$A$435,$A28,'SALES Raw'!$B$6:$B$435,2025) -> 6 | C28: =SUMIFS('SALES Raw'!$D$6:$D$435,'SALES Raw'!$A$6:$A$435,$A28,'SALES Raw'!$B$6:$B$435,2025) -> 389.34 | D28: =SUMIFS('SALES Raw'!$C$6:$C$435,'SALES Raw'!$A$6:$A$435,$A28,'SALES Raw'!$B$6:$B$435,2026) -> 0 | E28: =SUMIFS('SALES Raw'!$D$6:$D$435,'SALES Raw'!$A$6:$A$435,$A28,'SALES Raw'!$B$6:$B$435,2026) -> 0
A29: 11U XL | B29: =SUMIFS('SALES Raw'!$C$6:$C$435,'SALES Raw'!$A$6:$A$435,$A29,'SALES Raw'!$B$6:$B$435,2025) -> 5 | C29: =SUMIFS('SALES Raw'!$D$6:$D$435,'SALES Raw'!$A$6:$A$435,$A29,'SALES Raw'!$B$6:$B$435,2025) -> 324.45 | D29: =SUMIFS('SALES Raw'!$C$6:$C$435,'SALES Raw'!$A$6:$A$435,$A29,'SALES Raw'!$B$6:$B$435,2026) -> 4 | E29: =SUMIFS('SALES Raw'!$D$6:$D$435,'SALES Raw'!$A$6:$A$435,$A29,'SALES Raw'!$B$6:$B$435,2026) -> 259.56
A30: 13 L | B30: =SUMIFS('SALES Raw'!$C$6:$C$435,'SALES Raw'!$A$6:$A$435,$A30,'SALES Raw'!$B$6:$B$435,2025) -> 1 | C30: =SUMIFS('SALES Raw'!$D$6:$D$435,'SALES Raw'!$A$6:$A$435,$A30,'SALES Raw'!$B$6:$B$435,2025) -> 107.09 | D30: =SUMIFS('SALES Raw'!$C$6:$C$435,'SALES Raw'!$A$6:$A$435,$A30,'SALES Raw'!$B$6:$B$435,2026) -> 0 | E30: =SUMIFS('SALES Raw'!$D$6:$D$435,'SALES Raw'!$A$6:$A$435,$A30,'SALES Raw'!$B$6:$B$435,2026) -> 0
A31: 239P-S-M | B31: =SUMIFS('SALES Raw'!$C$6:$C$435,'SALES Raw'!$A$6:$A$435,$A31,'SALES Raw'!$B$6:$B$435,2025) -> 54 | C31: =SUMIFS('SALES Raw'!$D$6:$D$435,'SALES Raw'!$A$6:$A$435,$A31,'SALES Raw'!$B$6:$B$435,2025) -> 594 | D31: =SUMIFS('SALES Raw'!$C$6:$C$435,'SALES Raw'!$A$6:$A$435,$A31,'SALES Raw'!$B$6:$B$435,2026) -> -3 | E31: =SUMIFS('SALES Raw'!$D$6:$D$435,'SALES Raw'!$A$6:$A$435,$A31,'SALES Raw'!$B$6:$B$435,2026) -> -33
A32: 34 XS | B32: =SUMIFS('SALES Raw'!$C$6:$C$435,'SALES Raw'!$A$6:$A$435,$A32,'SALES Raw'!$B$6:$B$435,2025) -> 25 | C32: =SUMIFS('SALES Raw'!$D$6:$D$435,'SALES Raw'!$A$6:$A$435,$A32,'SALES Raw'!$B$6:$B$435,2025) -> 723.25 | D32: =SUMIFS('SALES Raw'!$C$6:$C$435,'SALES Raw'!$A$6:$A$435,$A32,'SALES Raw'!$B$6:$B$435,2026) -> 2 | E32: =SUMIFS('SALES Raw'!$D$6:$D$435,'SALES Raw'!$A$6:$A$435,$A32,'SALES Raw'!$B$6:$B$435,2026) -> 57.86
A33: 35 XS | B33: =SUMIFS('SALES Raw'!$C$6:$C$435,'SALES Raw'!$A$6:$A$435,$A33,'SALES Raw'!$B$6:$B$435,2025) -> 8 | C33: =SUMIFS('SALES Raw'!$D$6:$D$435,'SALES Raw'!$A$6:$A$435,$A33,'SALES Raw'!$B$6:$B$435,2025) -> 136 | D33: =SUMIFS('SALES Raw'!$C$6:$C$435,'SALES Raw'!$A$6:$A$435,$A33,'SALES Raw'!$B$6:$B$435,2026) -> 3 | E33: =SUMIFS('SALES Raw'!$D$6:$D$435,'SALES Raw'!$A$6:$A$435,$A33,'SALES Raw'!$B$6:$B$435,2026) -> 51
A34: 388L 0 | B34: =SUMIFS('SALES Raw'!$C$6:$C$435,'SALES Raw'!$A$6:$A$435,$A34,'SALES Raw'!$B$6:$B$435,2025) -> 14 | C34: =SUMIFS('SALES Raw'!$D$6:$D$435,'SALES Raw'!$A$6:$A$435,$A34,'SALES Raw'!$B$6:$B$435,2025) -> 690.2 | D34: =SUMIFS('SALES Raw'!$C$6:$C$435,'SALES Raw'!$A$6:$A$435,$A34,'SALES Raw'!$B$6:$B$435,2026) -> 0 | E34: =SUMIFS('SALES Raw'!$D$6:$D$435,'SALES Raw'!$A$6:$A$435,$A34,'SALES Raw'!$B$6:$B$435,2026) -> 0
... A57: בונוסים ללקוחות | B57: =SUMIFS('SALES Raw'!$C$6:$C$435,'SALES Raw'!$A$6:$A$435,$A57,'SALES Raw'!$B$6:$B$435,2025) -> -1 | C57: =SUMIFS('SALES Raw'!$D$6:$D$435,'SALES Raw'!$A$6:$A$435,$A57,'SALES Raw'!$B$6:$B$435,2025) -> -31945.47 | D57: =SUMIFS('SALES Raw'!$C$6:$C$435,'SALES Raw'!$A$6:$A$435,$A57,'SALES Raw'!$B$6:$B$435,2026) -> -1 | E57: =SUMIFS('SALES Raw'!$D$6:$D$435,'SALES Raw'!$A$6:$A$435,$A57,'SALES Raw'!$B$6:$B$435,2026) -> -35055
A58: TOTAL | B58: =SUM(B23:B57) -> 329 | C58: =SUM(C23:C57) -> -21363.08 | D58: =SUM(D23:D57) -> 66 | E58: =SUM(E23:E57) -> -31778.4
A60: Note: "בונוסים ללקוחות" (customer bonus/credit, not a product) is the single largest line above by amount — it alone accounts for most of the negative unmatched amount for SALES 2026. All other unmatched lines are small-quantity individual items not present in the TRANS table.
A61: Update 24/09/2026: 4 SALES items previously listed here (397-35-38, 397-43-46, 363 L/R, T90 0) were moved to "Matched by CHEMIPAL CODE" via user-approved manual overrides - see the "Manual Matches" sheet for the CHEMIPAL CODE each was linked to and the justification.
A62: NOT applied: the user's "394 + 'כסף'" rule was checked against the 3 remaining SALES items 394G-35-38 / 394G-39-42 / 394G-43-46 (still listed above) but could not be resolved - TRANS only has "394B" (שחור/black) and "394W" (לבן/white) variants containing "כסף", with no "394G" (gray) entry at all, so it is unclear which (if either) existing CHEMIPAL CODE these correspond to. Left unmatched rather than guessed; flagged to Reuven/user for clarification.

Sheet Manual Matches
A1: Manual Matches — user-approved overrides (not auto-matched via TRANS)
A2: Calculation date: | B2: 46289
A3: Every row here is a manual, user-confirmed link between a raw item name (that TRANS could not automatically match) and a CHEMIPAL CODE - approved explicitly by the user on 24/09/2026. CEMI Raw / SALES Raw look up this table as a final fallback (after exact and normalized TRANS matches fail), and their Match Status column labels these rows "Matched (manual)" to distinguish them from automatic TRANS matches. See the Justification column for the reasoning behind each link.
A5: Source | B5: Item Name (raw) | C5: CHEMIPAL CODE | D5: Justification
A6: SALES | B6: 397-35-38 | C6: 4403041 | D6: CEMI already auto-matches this CHEMIPAL CODE via CHEMIPAL NAME "397A-גרבי טיסה אנטי בקטרי35-38". SALES/NetSuite records the same product without the "A" suffix ("397-35-38"). Per user rule (24/09/2026): products whose TRANS description contains "אנטי" are the same product across the two source codings (397 vs 397A). Confirmed unambiguous: TRANS has no plain "397-35-38" entry at all, only "397A-35-38" for this size.
A7: SALES | B7: 397-43-46 | C7: 4403043 | D7: Same as 397-35-38 above, size 43-46. CEMI auto-matches CHEMIPAL NAME "397A-גרבי טיסה אנטי בקטרי43-46".
A8: SALES | B8: 363 L/R | C8: 4402000 | D8: CEMI already auto-matches this CHEMIPAL CODE via CHEMIPAL NAME "363 בננה לתמיכת אצבעות ז.כרית". SALES/NetSuite code differs only in punctuation ("363 L/R" vs TRANS ITEM NAME "363-L-R" - space+slash vs hyphen, not caught by the whitespace-only normalization). Per user rule (24/09/2026): products containing "בננה" are the same product.
A9: SALES | B9: T90 0 | C9: 4420018 | D9: TRANS's ITEM NAME cell for this CHEMIPAL CODE is broken/blank (error value) in the source file, so the automatic ITEM-NAME-based SALES match could never succeed. CEMI already auto-matches this code via CHEMIPAL NAME "T90 רצועת טניס אלבו עם פלסטיק". User confirmed (24/09/2026) this SALES item exists only in 2025 - verified against actual SALES Raw data (qty 2025=63, qty 2026=0), consistent.

Sheet TRANS
A1: TRANS Crosswalk — Bridges CEMI (PPLAY1) item-text format and SALES (NetSuite) item-code format via CHEMIPAL CODE
A2: Calculation date: | B2: 46289
A3: Source: da0cb0ca-TRANS.xlsx (uploaded by user). Column A "ITEM NAME" matches SALES/NetSuite raw Item Name format directly. Column C "CHEMIPAL NAME" matches CEMI/PPLAY1 raw (unsplit) item text format directly (verified by exact string match, e.g. code 4413074). Columns D/E are normalized helper columns (CHAR(160)->space, then TRIM to collapse extra whitespace) used by the matching formulas in the Raw sheets, to also catch trailing/irregular-whitespace variants.
A5: ITEM NAME | B5: CHEMIPAL CODE | C5: CHEMIPAL NAME | D5: ITEM NAME (normalized) | E5: CHEMIPAL NAME (normalized)
A6: 40 0 | B6: 4420016 | C6: 40-רצועת פיקה לברך | D6: =TRIM(SUBSTITUTE($A6,CHAR(160)," ")) -> 40 0 | E6: =TRIM(SUBSTITUTE($C6,CHAR(160)," ")) -> 40-רצועת פיקה לברך
A7: 4022 0 | B7: 4420017 | C7: 4022 רצועת """"פיקה""""+כרית | D7: =TRIM(SUBSTITUTE($A7,CHAR(160)," ")) -> 4022 0 | E7: =TRIM(SUBSTITUTE($C7,CHAR(160)," ")) -> 4022 רצועת """"פיקה""""+כרית
A8: 41 XL | B8: 4413074 | C8: 41 XL.מ.ברך מוצלב+ספירלות בצד | D8: =TRIM(SUBSTITUTE($A8,CHAR(160)," ")) -> 41 XL | E8: =TRIM(SUBSTITUTE($C8,CHAR(160)," ")) -> 41 XL.מ.ברך מוצלב+ספירלות בצד
A9: 41 L | B9: 4413072 | C9: 41 Lמ.ברך מוצלב+ספירלות בצדדים | D9: =TRIM(SUBSTITUTE($A9,CHAR(160)," ")) -> 41 L | E9: =TRIM(SUBSTITUTE($C9,CHAR(160)," ")) -> 41 Lמ.ברך מוצלב+ספירלות בצדדים
A10: 41 M | B10: 4413073 | C10: 41 Mמ.ברך מוצלב+ספירלות בצדדים | D10: =TRIM(SUBSTITUTE($A10,CHAR(160)," ")) -> 41 M | E10: =TRIM(SUBSTITUTE($C10,CHAR(160)," ")) -> 41 Mמ.ברך מוצלב+ספירלות בצדדים
A11: 41 S | B11: 4413071 | C11: 41 Sמ.ברך מוצלב+ספירלות בצדדים | D11: =TRIM(SUBSTITUTE($A11,CHAR(160)," ")) -> 41 S | E11: =TRIM(SUBSTITUTE($C11,CHAR(160)," ")) -> 41 Sמ.ברך מוצלב+ספירלות בצדדים
A12: 41X L | B12: 4413076 | C12: 41X L מגן ברך מוצלב+מוט | D12: =TRIM(SUBSTITUTE($A12,CHAR(160)," ")) -> 41X L | E12: =TRIM(SUBSTITUTE($C12,CHAR(160)," ")) -> 41X L מגן ברך מוצלב+מוט
A13: 41X XL | B13: 4413079 | C13: 41X XL מגן ברך מוצלב+מוט | D13: =TRIM(SUBSTITUTE($A13,CHAR(160)," ")) -> 41X XL | E13: =TRIM(SUBSTITUTE($C13,CHAR(160)," ")) -> 41X XL מגן ברך מוצלב+מוט
A14: 422 S | B14: 4413089 | C14: 422 Sמ.ברך+כרית סיל.סביב לפיקה | D14: =TRIM(SUBSTITUTE($A14,CHAR(160)," ")) -> 422 S | E14: =TRIM(SUBSTITUTE($C14,CHAR(160)," ")) -> 422 Sמ.ברך+כרית סיל.סביב לפיקה
A15: 422E XXXL | B15: 4413284 | C15: 422E XXXL מגן ברך ארוך עם כרית | D15: =TRIM(SUBSTITUTE($A15,CHAR(160)," ")) -> 422E XXXL | E15: =TRIM(SUBSTITUTE($C15,CHAR(160)," ")) -> 422E XXXL מגן ברך ארוך עם כרית
A16: 45 XS | B16: 4413332 | C16: 45 XS מגן ברך רגיל לבן | D16: =TRIM(SUBSTITUTE($A16,CHAR(160)," ")) -> 45 XS | E16: =TRIM(SUBSTITUTE($C16,CHAR(160)," ")) -> 45 XS מגן ברך רגיל לבן
A17: 45 L | B17: 4413092 | C17: 45 L מגן ברך לבן | D17: =TRIM(SUBSTITUTE($A17,CHAR(160)," ")) -> 45 L | E17: =TRIM(SUBSTITUTE($C17,CHAR(160)," ")) -> 45 L מגן ברך לבן
... A471: 807CB-P | B471: 4422034 | C471: 807CB-P תחבושת נצמדת ורוד 20ממ | D471: =TRIM(SUBSTITUTE($A471,CHAR(160)," ")) -> 807CB-P | E471: =TRIM(SUBSTITUTE($C471,CHAR(160)," ")) -> 807CB-P תחבושת נצמדת ורוד 20ממ

Sheet CEMI Raw
A1: CEMI Raw — מאוחדת (customer "0קופות חולים") — pre-aggregation item-level data from PPLAY1 2025.xls / 2026.xls
A2: Calculation date: | B2: 46289
A3: Source: original raw PPLAY1 pivot files (1__________2025.xls / 1__________2026.xls), customer column "0קופות חולים" (=מאוחדת, group #8), FULL UNSPLIT item text (not parsed into base CODE), so it can be matched against TRANS's CHEMIPAL NAME column. Only rows with non-zero Quantity or Amount are included (lean/relevant-only convention) — 2025 had ZERO activity for this customer entirely (consistent with the "מאוחדת" sheet in 2026-09-19-CEMI-grouped-2025-vs-2026.xlsx), so only 2026 rows appear below. CHEMIPAL CODE is matched live against the TRANS sheet: exact match first, then whitespace-normalized match as fallback.
A5: Item Name (raw, PPLAY1 format) | B5: Year | C5: Quantity | D5: Amount (₪) | E5: CHEMIPAL CODE (matched via TRANS) | F5: Match Status
A6: 369 S-L אצבעון מסיליקון יחידה | B6: 2026 | C6: 61 | D6: 870.8 | E6: =IFERROR(INDEX('TRANS'!$B:$B,MATCH($A6,'TRANS'!$C:$C,0)),IFERROR(INDEX('TRANS'!$B:$B,MATCH(TRIM(SUBSTITUTE($A6,CHAR(160)," ")),'TRANS'!$E:$E,0)),IFERROR(INDEX('Manual Matches'!$C:$C,MATCH($A6,'Manual Matches'!$B:$B,0)),""))) -> 4401000 | F6: =IF($E6="","Unmatched",IF(COUNTIF('Manual Matches'!$B:$B,$A6)>0,"Matched (manual)","Matched")) -> Matched
A7: 369 XL אצבעון מסיליקון יחידה | B7: 2026 | C7: 86 | D7: 1492.4 | E7: =IFERROR(INDEX('TRANS'!$B:$B,MATCH($A7,'TRANS'!$C:$C,0)),IFERROR(INDEX('TRANS'!$B:$B,MATCH(TRIM(SUBSTITUTE($A7,CHAR(160)," ")),'TRANS'!$E:$E,0)),IFERROR(INDEX('Manual Matches'!$C:$C,MATCH($A7,'Manual Matches'!$B:$B,0)),""))) -> 4401001 | F7: =IF($E7="","Unmatched",IF(COUNTIF('Manual Matches'!$B:$B,$A7)>0,"Matched (manual)","Matched")) -> Matched
A8: PD 344-אבן טבעית להסרת עור קשה | B8: 2026 | C8: 138 | D8: 771.2 | E8: =IFERROR(INDEX('TRANS'!$B:$B,MATCH($A8,'TRANS'!$C:$C,0)),IFERROR(INDEX('TRANS'!$B:$B,MATCH(TRIM(SUBSTITUTE($A8,CHAR(160)," ")),'TRANS'!$E:$E,0)),IFERROR(INDEX('Manual Matches'!$C:$C,MATCH($A8,'Manual Matches'!$B:$B,0)),""))) -> 4401002 | F8: =IF($E8="","Unmatched",IF(COUNTIF('Manual Matches'!$B:$B,$A8)>0,"Matched (manual)","Matched")) -> Matched
A9: 363 בננה לתמיכת אצבעות ז.כרית | B9: 2026 | C9: 41 | D9: 668 | E9: =IFERROR(INDEX('TRANS'!$B:$B,MATCH($A9,'TRANS'!$C:$C,0)),IFERROR(INDEX('TRANS'!$B:$B,MATCH(TRIM(SUBSTITUTE($A9,CHAR(160)," ")),'TRANS'!$E:$E,0)),IFERROR(INDEX('Manual Matches'!$C:$C,MATCH($A9,'Manual Matches'!$B:$B,0)),""))) -> 4402000 | F9: =IF($E9="","Unmatched",IF(COUNTIF('Manual Matches'!$B:$B,$A9)>0,"Matched (manual)","Matched")) -> Matched
A10: 320 בליסטר פלסטר | B10: 2026 | C10: 78 | D10: 939.1 | E10: =IFERROR(INDEX('TRANS'!$B:$B,MATCH($A10,'TRANS'!$C:$C,0)),IFERROR(INDEX('TRANS'!$B:$B,MATCH(TRIM(SUBSTITUTE($A10,CHAR(160)," ")),'TRANS'!$E:$E,0)),IFERROR(INDEX('Manual Matches'!$C:$C,MATCH($A10,'Manual Matches'!$B:$B,0)),""))) -> 4402007 | F10: =IF($E10="","Unmatched",IF(COUNTIF('Manual Matches'!$B:$B,$A10)>0,"Matched (manual)","Matched")) -> Matched
A11: S-XLST422 מגן ברך+כרית ג'ל | B11: 2026 | C11: 56 | D11: 2875.6 | E11: =IFERROR(INDEX('TRANS'!$B:$B,MATCH($A11,'TRANS'!$C:$C,0)),IFERROR(INDEX('TRANS'!$B:$B,MATCH(TRIM(SUBSTITUTE($A11,CHAR(160)," ")),'TRANS'!$E:$E,0)),IFERROR(INDEX('Manual Matches'!$C:$C,MATCH($A11,'Manual Matches'!$B:$B,0)),""))) -> 4402011 | F11: =IF($E11="","Unmatched",IF(COUNTIF('Manual Matches'!$B:$B,$A11)>0,"Matched (manual)","Matched")) -> Matched
A12: 390B גרב.כסף לסכרתים שחור35-38 | B12: 2026 | C12: 2 | D12: 41.3 | E12: =IFERROR(INDEX('TRANS'!$B:$B,MATCH($A12,'TRANS'!$C:$C,0)),IFERROR(INDEX('TRANS'!$B:$B,MATCH(TRIM(SUBSTITUTE($A12,CHAR(160)," ")),'TRANS'!$E:$E,0)),IFERROR(INDEX('Manual Matches'!$C:$C,MATCH($A12,'Manual Matches'!$B:$B,0)),""))) -> 4403000 | F12: =IF($E12="","Unmatched",IF(COUNTIF('Manual Matches'!$B:$B,$A12)>0,"Matched (manual)","Matched")) -> Matched
A13: 390B 39-42.גרב.כסף לסכרתיים שח | B13: 2026 | C13: 6 | D13: 112.1 | E13: =IFERROR(INDEX('TRANS'!$B:$B,MATCH($A13,'TRANS'!$C:$C,0)),IFERROR(INDEX('TRANS'!$B:$B,MATCH(TRIM(SUBSTITUTE($A13,CHAR(160)," ")),'TRANS'!$E:$E,0)),IFERROR(INDEX('Manual Matches'!$C:$C,MATCH($A13,'Manual Matches'!$B:$B,0)),""))) -> 4403001 | F13: =IF($E13="","Unmatched",IF(COUNTIF('Manual Matches'!$B:$B,$A13)>0,"Matched (manual)","Matched")) -> Matched
A14: 390B 43-46.גרב.כסף לסכרתיים שח | B14: 2026 | C14: 18 | D14: 424.8 | E14: =IFERROR(INDEX('TRANS'!$B:$B,MATCH($A14,'TRANS'!$C:$C,0)),IFERROR(INDEX('TRANS'!$B:$B,MATCH(TRIM(SUBSTITUTE($A14,CHAR(160)," ")),'TRANS'!$E:$E,0)),IFERROR(INDEX('Manual Matches'!$C:$C,MATCH($A14,'Manual Matches'!$B:$B,0)),""))) -> 4403002 | F14: =IF($E14="","Unmatched",IF(COUNTIF('Manual Matches'!$B:$B,$A14)>0,"Matched (manual)","Matched")) -> Matched
A15: 390G ג.כסף לסכרתיים אפור35-38 | B15: 2026 | C15: 5 | D15: 118 | E15: =IFERROR(INDEX('TRANS'!$B:$B,MATCH($A15,'TRANS'!$C:$C,0)),IFERROR(INDEX('TRANS'!$B:$B,MATCH(TRIM(SUBSTITUTE($A15,CHAR(160)," ")),'TRANS'!$E:$E,0)),IFERROR(INDEX('Manual Matches'!$C:$C,MATCH($A15,'Manual Matches'!$B:$B,0)),""))) -> 4403003 | F15: =IF($E15="","Unmatched",IF(COUNTIF('Manual Matches'!$B:$B,$A15)>0,"Matched (manual)","Matched")) -> Matched
A16: G390.43-46 גרבי כסף לסכרת מידה | B16: 2026 | C16: 3 | D16: 53.1 | E16: =IFERROR(INDEX('TRANS'!$B:$B,MATCH($A16,'TRANS'!$C:$C,0)),IFERROR(INDEX('TRANS'!$B:$B,MATCH(TRIM(SUBSTITUTE($A16,CHAR(160)," ")),'TRANS'!$E:$E,0)),IFERROR(INDEX('Manual Matches'!$C:$C,MATCH($A16,'Manual Matches'!$B:$B,0)),""))) -> 4403005 | F16: =IF($E16="","Unmatched",IF(COUNTIF('Manual Matches'!$B:$B,$A16)>0,"Matched (manual)","Matched")) -> Matched
A17: 394B גרב.כסף לסכרתים שחור35-38 | B17: 2026 | C17: 7 | D17: 128.8 | E17: =IFERROR(INDEX('TRANS'!$B:$B,MATCH($A17,'TRANS'!$C:$C,0)),IFERROR(INDEX('TRANS'!$B:$B,MATCH(TRIM(SUBSTITUTE($A17,CHAR(160)," ")),'TRANS'!$E:$E,0)),IFERROR(INDEX('Manual Matches'!$C:$C,MATCH($A17,'Manual Matches'!$B:$B,0)),""))) -> 4403017 | F17: =IF($E17="","Unmatched",IF(COUNTIF('Manual Matches'!$B:$B,$A17)>0,"Matched (manual)","Matched")) -> Matched
... A197: SH422 6 תומך ברך גנושילד | B197: 2026 | C197: 17 | D197: 2125 | E197: =IFERROR(INDEX('TRANS'!$B:$B,MATCH($A197,'TRANS'!$C:$C,0)),IFERROR(INDEX('TRANS'!$B:$B,MATCH(TRIM(SUBSTITUTE($A197,CHAR(160)," ")),'TRANS'!$E:$E,0)),IFERROR(INDEX('Manual Matches'!$C:$C,MATCH($A197,'Manual Matches'!$B:$B,0)),""))) -> 4422042 | F197: =IF($E197="","Unmatched",IF(COUNTIF('Manual Matches'!$B:$B,$A197)>0,"Matched (manual)","Matched")) -> Matched

Sheet SALES Raw
A1: SALES Raw — 113 Kupat Holim Meuhedet — pre-aggregation item-level data from NetSuite Source (salestype file)
A2: Calculation date: | B2: 46289
A3: Source: kirill/outputs/2026-09-20-salestype-2025-vs-2026.xlsx, "Source" sheet, filtered to Sale Type = "113 - Kupat Holim Meuhedet" (both files only read, never modified). Item Name is the raw NetSuite variant code, already in the same format as TRANS's ITEM NAME column. Only rows with non-zero Quantity or Amount (per year) are included (lean/relevant-only convention). CHEMIPAL CODE is matched live against TRANS: exact match first, then whitespace-normalized fallback.
A5: Item Name (raw, NetSuite format) | B5: Year | C5: Quantity | D5: Amount (₪) | E5: CHEMIPAL CODE (matched via TRANS) | F5: Match Status
A6: (NO ITEM CODE) | B6: 2025 | C6: 0 | D6: -921.56 | E6: =IFERROR(INDEX('TRANS'!$B:$B,MATCH($A6,'TRANS'!$A:$A,0)),IFERROR(INDEX('TRANS'!$B:$B,MATCH(TRIM(SUBSTITUTE($A6,CHAR(160)," ")),'TRANS'!$D:$D,0)),IFERROR(INDEX('Manual Matches'!$C:$C,MATCH($A6,'Manual Matches'!$B:$B,0)),""))) | F6: =IF($E6="","Unmatched",IF(COUNTIF('Manual Matches'!$B:$B,$A6)>0,"Matched (manual)","Matched")) -> Unmatched
A7: בונוסים ללקוחות | B7: 2025 | C7: -1 | D7: -31945.47 | E7: =IFERROR(INDEX('TRANS'!$B:$B,MATCH($A7,'TRANS'!$A:$A,0)),IFERROR(INDEX('TRANS'!$B:$B,MATCH(TRIM(SUBSTITUTE($A7,CHAR(160)," ")),'TRANS'!$D:$D,0)),IFERROR(INDEX('Manual Matches'!$C:$C,MATCH($A7,'Manual Matches'!$B:$B,0)),""))) | F7: =IF($E7="","Unmatched",IF(COUNTIF('Manual Matches'!$B:$B,$A7)>0,"Matched (manual)","Matched")) -> Unmatched
A8: בונוסים ללקוחות | B8: 2026 | C8: -1 | D8: -35055 | E8: =IFERROR(INDEX('TRANS'!$B:$B,MATCH($A8,'TRANS'!$A:$A,0)),IFERROR(INDEX('TRANS'!$B:$B,MATCH(TRIM(SUBSTITUTE($A8,CHAR(160)," ")),'TRANS'!$D:$D,0)),IFERROR(INDEX('Manual Matches'!$C:$C,MATCH($A8,'Manual Matches'!$B:$B,0)),""))) | F8: =IF($E8="","Unmatched",IF(COUNTIF('Manual Matches'!$B:$B,$A8)>0,"Matched (manual)","Matched")) -> Unmatched
A9: 266 0 | B9: 2025 | C9: 1741 | D9: 79215.5 | E9: =IFERROR(INDEX('TRANS'!$B:$B,MATCH($A9,'TRANS'!$A:$A,0)),IFERROR(INDEX('TRANS'!$B:$B,MATCH(TRIM(SUBSTITUTE($A9,CHAR(160)," ")),'TRANS'!$D:$D,0)),IFERROR(INDEX('Manual Matches'!$C:$C,MATCH($A9,'Manual Matches'!$B:$B,0)),""))) -> 4415158 | F9: =IF($E9="","Unmatched",IF(COUNTIF('Manual Matches'!$B:$B,$A9)>0,"Matched (manual)","Matched")) -> Matched
A10: 266 0 | B10: 2026 | C10: 471 | D10: 21430.5 | E10: =IFERROR(INDEX('TRANS'!$B:$B,MATCH($A10,'TRANS'!$A:$A,0)),IFERROR(INDEX('TRANS'!$B:$B,MATCH(TRIM(SUBSTITUTE($A10,CHAR(160)," ")),'TRANS'!$D:$D,0)),IFERROR(INDEX('Manual Matches'!$C:$C,MATCH($A10,'Manual Matches'!$B:$B,0)),""))) -> 4415158 | F10: =IF($E10="","Unmatched",IF(COUNTIF('Manual Matches'!$B:$B,$A10)>0,"Matched (manual)","Matched")) -> Matched
A11: 268 0 | B11: 2025 | C11: 671 | D11: 52203.8 | E11: =IFERROR(INDEX('TRANS'!$B:$B,MATCH($A11,'TRANS'!$A:$A,0)),IFERROR(INDEX('TRANS'!$B:$B,MATCH(TRIM(SUBSTITUTE($A11,CHAR(160)," ")),'TRANS'!$D:$D,0)),IFERROR(INDEX('Manual Matches'!$C:$C,MATCH($A11,'Manual Matches'!$B:$B,0)),""))) -> 4415159 | F11: =IF($E11="","Unmatched",IF(COUNTIF('Manual Matches'!$B:$B,$A11)>0,"Matched (manual)","Matched")) -> Matched
A12: 268 0 | B12: 2026 | C12: 218 | D12: 16960.4 | E12: =IFERROR(INDEX('TRANS'!$B:$B,MATCH($A12,'TRANS'!$A:$A,0)),IFERROR(INDEX('TRANS'!$B:$B,MATCH(TRIM(SUBSTITUTE($A12,CHAR(160)," ")),'TRANS'!$D:$D,0)),IFERROR(INDEX('Manual Matches'!$C:$C,MATCH($A12,'Manual Matches'!$B:$B,0)),""))) -> 4415159 | F12: =IF($E12="","Unmatched",IF(COUNTIF('Manual Matches'!$B:$B,$A12)>0,"Matched (manual)","Matched")) -> Matched
A13: 302M 0 | B13: 2025 | C13: 306 | D13: 14452.38 | E13: =IFERROR(INDEX('TRANS'!$B:$B,MATCH($A13,'TRANS'!$A:$A,0)),IFERROR(INDEX('TRANS'!$B:$B,MATCH(TRIM(SUBSTITUTE($A13,CHAR(160)," ")),'TRANS'!$D:$D,0)),IFERROR(INDEX('Manual Matches'!$C:$C,MATCH($A13,'Manual Matches'!$B:$B,0)),""))) -> 4413348 | F13: =IF($E13="","Unmatched",IF(COUNTIF('Manual Matches'!$B:$B,$A13)>0,"Matched (manual)","Matched")) -> Matched
A14: 302M 0 | B14: 2026 | C14: 76 | D14: 3589.48 | E14: =IFERROR(INDEX('TRANS'!$B:$B,MATCH($A14,'TRANS'!$A:$A,0)),IFERROR(INDEX('TRANS'!$B:$B,MATCH(TRIM(SUBSTITUTE($A14,CHAR(160)," ")),'TRANS'!$D:$D,0)),IFERROR(INDEX('Manual Matches'!$C:$C,MATCH($A14,'Manual Matches'!$B:$B,0)),""))) -> 4413348 | F14: =IF($E14="","Unmatched",IF(COUNTIF('Manual Matches'!$B:$B,$A14)>0,"Matched (manual)","Matched")) -> Matched
A15: 302W 0 | B15: 2025 | C15: 229 | D15: 10815.67 | E15: =IFERROR(INDEX('TRANS'!$B:$B,MATCH($A15,'TRANS'!$A:$A,0)),IFERROR(INDEX('TRANS'!$B:$B,MATCH(TRIM(SUBSTITUTE($A15,CHAR(160)," ")),'TRANS'!$D:$D,0)),IFERROR(INDEX('Manual Matches'!$C:$C,MATCH($A15,'Manual Matches'!$B:$B,0)),""))) -> 4413372 | F15: =IF($E15="","Unmatched",IF(COUNTIF('Manual Matches'!$B:$B,$A15)>0,"Matched (manual)","Matched")) -> Matched
A16: 302W 0 | B16: 2026 | C16: 33 | D16: 1558.59 | E16: =IFERROR(INDEX('TRANS'!$B:$B,MATCH($A16,'TRANS'!$A:$A,0)),IFERROR(INDEX('TRANS'!$B:$B,MATCH(TRIM(SUBSTITUTE($A16,CHAR(160)," ")),'TRANS'!$D:$D,0)),IFERROR(INDEX('Manual Matches'!$C:$C,MATCH($A16,'Manual Matches'!$B:$B,0)),""))) -> 4413372 | F16: =IF($E16="","Unmatched",IF(COUNTIF('Manual Matches'!$B:$B,$A16)>0,"Matched (manual)","Matched")) -> Matched
A17: 307 L | B17: 2025 | C17: 294 | D17: 18601.38 | E17: =IFERROR(INDEX('TRANS'!$B:$B,MATCH($A17,'TRANS'!$A:$A,0)),IFERROR(INDEX('TRANS'!$B:$B,MATCH(TRIM(SUBSTITUTE($A17,CHAR(160)," ")),'TRANS'!$D:$D,0)),IFERROR(INDEX('Manual Matches'!$C:$C,MATCH($A17,'Manual Matches'!$B:$B,0)),""))) -> 4416000 | F17: =IF($E17="","Unmatched",IF(COUNTIF('Manual Matches'!$B:$B,$A17)>0,"Matched (manual)","Matched")) -> Matched
... A435: T402 M | B435: 2025 | C435: -3 | D435: -247.44 | E435: =IFERROR(INDEX('TRANS'!$B:$B,MATCH($A435,'TRANS'!$A:$A,0)),IFERROR(INDEX('TRANS'!$B:$B,MATCH(TRIM(SUBSTITUTE($A435,CHAR(160)," ")),'TRANS'!$D:$D,0)),IFERROR(INDEX('Manual Matches'!$C:$C,MATCH($A435,'Manual Matches'!$B:$B,0)),""))) | F435: =IF($E435="","Unmatched",IF(COUNTIF('Manual Matches'!$B:$B,$A435)>0,"Matched (manual)","Matched")) -> Unmatched
