Workbook

Sheet Comparison
A1: Super Pharm - Sales Comparison 2025 vs 2026 (by Product CODE)
A2: Calculation date: | B2: 46284
A3: Source: "1 סופרפארם 2025.xls" and "1 סופרפארם 2026.xls" - PPlay1 of uriel (Reporter) product x customer pivot reports, customer column "סופרפארם" (Super Pharm) only. Each file has two data blocks: "נטו" (Net Amount, NIS) and "סהכ יחידות" (Total Units). Product CODE parsed as the first token of column B (before the first space); size/color variants that share the same base CODE are summed together via SUMIFS. Raw extracted rows are kept, unchanged, in the "Source 2025" / "Source 2026" sheets (Super Pharm column only - the other ~18 customer columns in the original report were not imported). Figures were cross-checked against the block totals printed in row "נטו"/"סהכ יחידות" of each source file and matched (to floating-point rounding). Rows below only include product codes with non-zero Super Pharm quantity or amount in at least one of the two years; codes that appear in the raw pivot with 0 in the Super Pharm column in both years (i.e. sold only to other customers) were excluded as not relevant to a Super Pharm comparison.
A5: Product Code | B5: Product Name | C5: Quantity 2025 (Super Pharm) | D5: Quantity 2026 (Super Pharm) | E5: Quantity Change | F5: Quantity Change % | G5: Amount 2025 (Super Pharm) (₪) | H5: Amount 2026 (Super Pharm) (₪) | I5: Amount Change (₪) | J5: Amount Change %
A6: מדרסי | B6: =IFERROR(INDEX('Source 2026'!$C:$C,MATCH($A6,'Source 2026'!$B:$B,0)),IFERROR(INDEX('Source 2025'!$C:$C,MATCH($A6,'Source 2025'!$B:$B,0)),"")) -> אפיק ג'ל מולט.ספורט35-38 | C6: =SUMIFS('Source 2025'!$D:$D,'Source 2025'!$B:$B,$A6,'Source 2025'!$A:$A,"Quantity (units)") -> 2855 | D6: =SUMIFS('Source 2026'!$D:$D,'Source 2026'!$B:$B,$A6,'Source 2026'!$A:$A,"Quantity (units)") -> 481 | E6: =D6-C6 -> -2374 | F6: =IF(AND(C6=0,D6=0),0,IF(C6=0,"New",(D6-C6)/C6)) -> -0.83152364 | G6: =SUMIFS('Source 2025'!$D:$D,'Source 2025'!$B:$B,$A6,'Source 2025'!$A:$A,"Amount (NIS)") -> 265726.2 | H6: =SUMIFS('Source 2026'!$D:$D,'Source 2026'!$B:$B,$A6,'Source 2026'!$A:$A,"Amount (NIS)") -> 47626.6 | I6: =H6-G6 -> -218099.6 | J6: =IF(AND(G6=0,H6=0),0,IF(G6=0,"New",(H6-G6)/G6)) -> -0.82076814
A7: 35-38 | B7: =IFERROR(INDEX('Source 2026'!$C:$C,MATCH($A7,'Source 2026'!$B:$B,0)),IFERROR(INDEX('Source 2025'!$C:$C,MATCH($A7,'Source 2025'!$B:$B,0)),"")) -> מדרסי אפיק ג'ל נוחות | C7: =SUMIFS('Source 2025'!$D:$D,'Source 2025'!$B:$B,$A7,'Source 2025'!$A:$A,"Quantity (units)") -> 1776 | D7: =SUMIFS('Source 2026'!$D:$D,'Source 2026'!$B:$B,$A7,'Source 2026'!$A:$A,"Quantity (units)") -> 112 | E7: =D7-C7 -> -1664 | F7: =IF(AND(C7=0,D7=0),0,IF(C7=0,"New",(D7-C7)/C7)) -> -0.93693694 | G7: =SUMIFS('Source 2025'!$D:$D,'Source 2025'!$B:$B,$A7,'Source 2025'!$A:$A,"Amount (NIS)") -> 164431.7 | H7: =SUMIFS('Source 2026'!$D:$D,'Source 2026'!$B:$B,$A7,'Source 2026'!$A:$A,"Amount (NIS)") -> 11519.9 | I7: =H7-G7 -> -152911.8 | J7: =IF(AND(G7=0,H7=0),0,IF(G7=0,"New",(H7-G7)/G7)) -> -0.92994112
A8: 39-42 | B8: =IFERROR(INDEX('Source 2026'!$C:$C,MATCH($A8,'Source 2026'!$B:$B,0)),IFERROR(INDEX('Source 2025'!$C:$C,MATCH($A8,'Source 2025'!$B:$B,0)),"")) -> מדרסי אפיק ג'ל נוחות | C8: =SUMIFS('Source 2025'!$D:$D,'Source 2025'!$B:$B,$A8,'Source 2025'!$A:$A,"Quantity (units)") -> 2025 | D8: =SUMIFS('Source 2026'!$D:$D,'Source 2026'!$B:$B,$A8,'Source 2026'!$A:$A,"Quantity (units)") -> 522 | E8: =D8-C8 -> -1503 | F8: =IF(AND(C8=0,D8=0),0,IF(C8=0,"New",(D8-C8)/C8)) -> -0.74222222 | G8: =SUMIFS('Source 2025'!$D:$D,'Source 2025'!$B:$B,$A8,'Source 2025'!$A:$A,"Amount (NIS)") -> 188767.1 | H8: =SUMIFS('Source 2026'!$D:$D,'Source 2026'!$B:$B,$A8,'Source 2026'!$A:$A,"Amount (NIS)") -> 52314 | I8: =H8-G8 -> -136453.1 | J8: =IF(AND(G8=0,H8=0),0,IF(G8=0,"New",(H8-G8)/G8)) -> -0.72286484
A9: 43-47 | B9: =IFERROR(INDEX('Source 2026'!$C:$C,MATCH($A9,'Source 2026'!$B:$B,0)),IFERROR(INDEX('Source 2025'!$C:$C,MATCH($A9,'Source 2025'!$B:$B,0)),"")) -> מדרסי אפיק ג'ל נוחות | C9: =SUMIFS('Source 2025'!$D:$D,'Source 2025'!$B:$B,$A9,'Source 2025'!$A:$A,"Quantity (units)") -> 2122 | D9: =SUMIFS('Source 2026'!$D:$D,'Source 2026'!$B:$B,$A9,'Source 2026'!$A:$A,"Quantity (units)") -> 789 | E9: =D9-C9 -> -1333 | F9: =IF(AND(C9=0,D9=0),0,IF(C9=0,"New",(D9-C9)/C9)) -> -0.62818096 | G9: =SUMIFS('Source 2025'!$D:$D,'Source 2025'!$B:$B,$A9,'Source 2025'!$A:$A,"Amount (NIS)") -> 197774.9 | H9: =SUMIFS('Source 2026'!$D:$D,'Source 2026'!$B:$B,$A9,'Source 2026'!$A:$A,"Amount (NIS)") -> 78734.4 | I9: =H9-G9 -> -119040.5 | J9: =IF(AND(G9=0,H9=0),0,IF(G9=0,"New",(H9-G9)/G9)) -> -0.60189893
A10: 26 | B10: =IFERROR(INDEX('Source 2026'!$C:$C,MATCH($A10,'Source 2026'!$B:$B,0)),IFERROR(INDEX('Source 2025'!$C:$C,MATCH($A10,'Source 2025'!$B:$B,0)),"")) -> L סד ליד דו צדדי לאחר שבר | C10: =SUMIFS('Source 2025'!$D:$D,'Source 2025'!$B:$B,$A10,'Source 2025'!$A:$A,"Quantity (units)") -> 2550 | D10: =SUMIFS('Source 2026'!$D:$D,'Source 2026'!$B:$B,$A10,'Source 2026'!$A:$A,"Quantity (units)") -> 1172 | E10: =D10-C10 -> -1378 | F10: =IF(AND(C10=0,D10=0),0,IF(C10=0,"New",(D10-C10)/C10)) -> -0.54039216 | G10: =SUMIFS('Source 2025'!$D:$D,'Source 2025'!$B:$B,$A10,'Source 2025'!$A:$A,"Amount (NIS)") -> 208574.2 | H10: =SUMIFS('Source 2026'!$D:$D,'Source 2026'!$B:$B,$A10,'Source 2026'!$A:$A,"Amount (NIS)") -> 97035.9 | I10: =H10-G10 -> -111538.3 | J10: =IF(AND(G10=0,H10=0),0,IF(G10=0,"New",(H10-G10)/G10)) -> -0.53476557
A11: 35C | B11: =IFERROR(INDEX('Source 2026'!$C:$C,MATCH($A11,'Source 2026'!$B:$B,0)),IFERROR(INDEX('Source 2025'!$C:$C,MATCH($A11,'Source 2025'!$B:$B,0)),"")) -> S מגן קרסול חום | C11: =SUMIFS('Source 2025'!$D:$D,'Source 2025'!$B:$B,$A11,'Source 2025'!$A:$A,"Quantity (units)") -> 10751 | D11: =SUMIFS('Source 2026'!$D:$D,'Source 2026'!$B:$B,$A11,'Source 2026'!$A:$A,"Quantity (units)") -> 7007 | E11: =D11-C11 -> -3744 | F11: =IF(AND(C11=0,D11=0),0,IF(C11=0,"New",(D11-C11)/C11)) -> -0.34824667 | G11: =SUMIFS('Source 2025'!$D:$D,'Source 2025'!$B:$B,$A11,'Source 2025'!$A:$A,"Amount (NIS)") -> 276617 | H11: =SUMIFS('Source 2026'!$D:$D,'Source 2026'!$B:$B,$A11,'Source 2026'!$A:$A,"Amount (NIS)") -> 183180 | I11: =H11-G11 -> -93437 | J11: =IF(AND(G11=0,H11=0),0,IF(G11=0,"New",(H11-G11)/G11)) -> -0.33778473
A12: 21 | B12: =IFERROR(INDEX('Source 2026'!$C:$C,MATCH($A12,'Source 2026'!$B:$B,0)),IFERROR(INDEX('Source 2025'!$C:$C,MATCH($A12,'Source 2025'!$B:$B,0)),"")) -> S חבק יד ארוך | C12: =SUMIFS('Source 2025'!$D:$D,'Source 2025'!$B:$B,$A12,'Source 2025'!$A:$A,"Quantity (units)") -> 8258 | D12: =SUMIFS('Source 2026'!$D:$D,'Source 2026'!$B:$B,$A12,'Source 2026'!$A:$A,"Quantity (units)") -> 5458 | E12: =D12-C12 -> -2800 | F12: =IF(AND(C12=0,D12=0),0,IF(C12=0,"New",(D12-C12)/C12)) -> -0.33906515 | G12: =SUMIFS('Source 2025'!$D:$D,'Source 2025'!$B:$B,$A12,'Source 2025'!$A:$A,"Amount (NIS)") -> 269862.5 | H12: =SUMIFS('Source 2026'!$D:$D,'Source 2026'!$B:$B,$A12,'Source 2026'!$A:$A,"Amount (NIS)") -> 179838.7 | I12: =H12-G12 -> -90023.8 | J12: =IF(AND(G12=0,H12=0),0,IF(G12=0,"New",(H12-G12)/G12)) -> -0.33359137
A13: 397A-גרבי | B13: =IFERROR(INDEX('Source 2026'!$C:$C,MATCH($A13,'Source 2026'!$B:$B,0)),IFERROR(INDEX('Source 2025'!$C:$C,MATCH($A13,'Source 2025'!$B:$B,0)),"")) -> טיסה אנטי בקטרי35-38 | C13: =SUMIFS('Source 2025'!$D:$D,'Source 2025'!$B:$B,$A13,'Source 2025'!$A:$A,"Quantity (units)") -> 0 | D13: =SUMIFS('Source 2026'!$D:$D,'Source 2026'!$B:$B,$A13,'Source 2026'!$A:$A,"Quantity (units)") -> 1552 | E13: =D13-C13 -> 1552 | F13: =IF(AND(C13=0,D13=0),0,IF(C13=0,"New",(D13-C13)/C13)) -> New | G13: =SUMIFS('Source 2025'!$D:$D,'Source 2025'!$B:$B,$A13,'Source 2025'!$A:$A,"Amount (NIS)") -> 0 | H13: =SUMIFS('Source 2026'!$D:$D,'Source 2026'!$B:$B,$A13,'Source 2026'!$A:$A,"Amount (NIS)") -> 84761 | I13: =H13-G13 -> 84761 | J13: =IF(AND(G13=0,H13=0),0,IF(G13=0,"New",(H13-G13)/G13)) -> New
A14: 397 | B14: =IFERROR(INDEX('Source 2026'!$C:$C,MATCH($A14,'Source 2026'!$B:$B,0)),IFERROR(INDEX('Source 2025'!$C:$C,MATCH($A14,'Source 2025'!$B:$B,0)),"")) -> 35-38 גרבי טיסה מידה | C14: =SUMIFS('Source 2025'!$D:$D,'Source 2025'!$B:$B,$A14,'Source 2025'!$A:$A,"Quantity (units)") -> 1506 | D14: =SUMIFS('Source 2026'!$D:$D,'Source 2026'!$B:$B,$A14,'Source 2026'!$A:$A,"Quantity (units)") -> -10 | E14: =D14-C14 -> -1516 | F14: =IF(AND(C14=0,D14=0),0,IF(C14=0,"New",(D14-C14)/C14)) -> -1.0066401 | G14: =SUMIFS('Source 2025'!$D:$D,'Source 2025'!$B:$B,$A14,'Source 2025'!$A:$A,"Amount (NIS)") -> 79204.9 | H14: =SUMIFS('Source 2026'!$D:$D,'Source 2026'!$B:$B,$A14,'Source 2026'!$A:$A,"Amount (NIS)") -> -514.5 | I14: =H14-G14 -> -79719.4 | J14: =IF(AND(G14=0,H14=0),0,IF(G14=0,"New",(H14-G14)/G14)) -> -1.0064958
A15: 34 | B15: =IFERROR(INDEX('Source 2026'!$C:$C,MATCH($A15,'Source 2026'!$B:$B,0)),IFERROR(INDEX('Source 2025'!$C:$C,MATCH($A15,'Source 2025'!$B:$B,0)),"")) -> M מגן קרסול עקב סגור | C15: =SUMIFS('Source 2025'!$D:$D,'Source 2025'!$B:$B,$A15,'Source 2025'!$A:$A,"Quantity (units)") -> 6177 | D15: =SUMIFS('Source 2026'!$D:$D,'Source 2026'!$B:$B,$A15,'Source 2026'!$A:$A,"Quantity (units)") -> 4200 | E15: =D15-C15 -> -1977 | F15: =IF(AND(C15=0,D15=0),0,IF(C15=0,"New",(D15-C15)/C15)) -> -0.32005828 | G15: =SUMIFS('Source 2025'!$D:$D,'Source 2025'!$B:$B,$A15,'Source 2025'!$A:$A,"Amount (NIS)") -> 231846.4 | H15: =SUMIFS('Source 2026'!$D:$D,'Source 2026'!$B:$B,$A15,'Source 2026'!$A:$A,"Amount (NIS)") -> 159810.8 | I15: =H15-G15 -> -72035.6 | J15: =IF(AND(G15=0,H15=0),0,IF(G15=0,"New",(H15-G15)/G15)) -> -0.31070398
A16: AC75 | B16: =IFERROR(INDEX('Source 2026'!$C:$C,MATCH($A16,'Source 2026'!$B:$B,0)),IFERROR(INDEX('Source 2025'!$C:$C,MATCH($A16,'Source 2025'!$B:$B,0)),"")) -> מישר כתפיים אקטיב | C16: =SUMIFS('Source 2025'!$D:$D,'Source 2025'!$B:$B,$A16,'Source 2025'!$A:$A,"Quantity (units)") -> 659 | D16: =SUMIFS('Source 2026'!$D:$D,'Source 2026'!$B:$B,$A16,'Source 2026'!$A:$A,"Quantity (units)") -> 1707 | E16: =D16-C16 -> 1048 | F16: =IF(AND(C16=0,D16=0),0,IF(C16=0,"New",(D16-C16)/C16)) -> 1.5902883 | G16: =SUMIFS('Source 2025'!$D:$D,'Source 2025'!$B:$B,$A16,'Source 2025'!$A:$A,"Amount (NIS)") -> 40255.2 | H16: =SUMIFS('Source 2026'!$D:$D,'Source 2026'!$B:$B,$A16,'Source 2026'!$A:$A,"Amount (NIS)") -> 109715.2 | I16: =H16-G16 -> 69460 | J16: =IF(AND(G16=0,H16=0),0,IF(G16=0,"New",(H16-G16)/G16)) -> 1.7254914
A17: 45C | B17: =IFERROR(INDEX('Source 2026'!$C:$C,MATCH($A17,'Source 2026'!$B:$B,0)),IFERROR(INDEX('Source 2025'!$C:$C,MATCH($A17,'Source 2025'!$B:$B,0)),"")) -> S מגן ברך חום | C17: =SUMIFS('Source 2025'!$D:$D,'Source 2025'!$B:$B,$A17,'Source 2025'!$A:$A,"Quantity (units)") -> 10069 | D17: =SUMIFS('Source 2026'!$D:$D,'Source 2026'!$B:$B,$A17,'Source 2026'!$A:$A,"Quantity (units)") -> 7331 | E17: =D17-C17 -> -2738 | F17: =IF(AND(C17=0,D17=0),0,IF(C17=0,"New",(D17-C17)/C17)) -> -0.27192373 | G17: =SUMIFS('Source 2025'!$D:$D,'Source 2025'!$B:$B,$A17,'Source 2025'!$A:$A,"Amount (NIS)") -> 259116.9 | H17: =SUMIFS('Source 2026'!$D:$D,'Source 2026'!$B:$B,$A17,'Source 2026'!$A:$A,"Amount (NIS)") -> 190767.7 | I17: =H17-G17 -> -68349.2 | J17: =IF(AND(G17=0,H17=0),0,IF(G17=0,"New",(H17-G17)/G17)) -> -0.26377747
... A224: 13 | B224: =IFERROR(INDEX('Source 2026'!$C:$C,MATCH($A224,'Source 2026'!$B:$B,0)),IFERROR(INDEX('Source 2025'!$C:$C,MATCH($A224,'Source 2025'!$B:$B,0)),"")) -> L חגורה לשבר טבור | C224: =SUMIFS('Source 2025'!$D:$D,'Source 2025'!$B:$B,$A224,'Source 2025'!$A:$A,"Quantity (units)") -> -1 | D224: =SUMIFS('Source 2026'!$D:$D,'Source 2026'!$B:$B,$A224,'Source 2026'!$A:$A,"Quantity (units)") -> -1 | E224: =D224-C224 -> 0 | F224: =IF(AND(C224=0,D224=0),0,IF(C224=0,"New",(D224-C224)/C224)) -> 0 | G224: =SUMIFS('Source 2025'!$D:$D,'Source 2025'!$B:$B,$A224,'Source 2025'!$A:$A,"Amount (NIS)") -> -135 | H224: =SUMIFS('Source 2026'!$D:$D,'Source 2026'!$B:$B,$A224,'Source 2026'!$A:$A,"Amount (NIS)") -> -135 | I224: =H224-G224 -> 0 | J224: =IF(AND(G224=0,H224=0),0,IF(G224=0,"New",(H224-G224)/G224)) -> 0
B226: TOTAL | C226: =SUM(C6:C224) -> 176505 | D226: =SUM(D6:D224) -> 118307 | E226: =SUM(E6:E224) -> -58198 | F226: =IF(C226=0,"N/A",E226/C226) -> -0.32972437 | G226: =SUM(G6:G224) -> 6689220.5 | H226: =SUM(H6:H224) -> 4476515.3 | I226: =SUM(I6:I224) -> -2212705.2 | J226: =IF(G226=0,"N/A",I226/G226) -> -0.3307867

Sheet Source 2025
A1: נתוני מקור גולמיים - 2025 - עמודת "סופרפארם" בלבד (מתוך דוח PPlay1 of uriel, ללא שינוי לשורות עצמן)
A2: Block | B2: CODE | C2: Item description (raw) | D2: Super Pharm value
A3: Amount (NIS) | B3: 369 | C3: S-L אצבעון מסיליקון יחידה | D3: 22376.6
A4: Amount (NIS) | B4: 369 | C4: XL אצבעון מסיליקון יחידה | D4: 25972.9
A5: Amount (NIS) | B5: PD | C5: 344-אבן טבעית להסרת עור קשה | D5: 0
A6: Amount (NIS) | B6: 805AT-Cאתלטיק | C6: טייפ בז' 20מ""מ20 | D6: 0
A7: Amount (NIS) | B7: 805AT-B | C7: אתלטיק טייפ שחור 20מ""מ | D7: 0
A8: Amount (NIS) | B8: 805AT-BLאתלטיק | C8: טייפ כחול 20מ""מ | D8: 0
A9: Amount (NIS) | B9: 805AT-W | C9: אתלטיק טייפ לבן 20מ""מ | D9: 0
A10: Amount (NIS) | B10: 363 | C10: בננה לתמיכת אצבעות ז.כרית | D10: 4320.4
A11: Amount (NIS) | B11: 320 | C11: בליסטר פלסטר | D11: 33927.9
A12: Amount (NIS) | B12: 390B | C12: גרב.כסף לסכרתים שחור35-38 | D12: 882.1
A13: Amount (NIS) | B13: 390B | C13: 39-42.גרב.כסף לסכרתיים שח | D13: 2179.1
A14: Amount (NIS) | B14: 390B | C14: 43-46.גרב.כסף לסכרתיים שח | D14: 2791.6
... A1181: Quantity (units) | B1181: SH422 | C1181: 5 תומך ברך גנושילד | D1181: 0

Sheet Source 2026
A1: נתוני מקור גולמיים - 2026 - עמודת "סופרפארם" בלבד (מתוך דוח PPlay1 of uriel, ללא שינוי לשורות עצמן)
A2: Block | B2: CODE | C2: Item description (raw) | D2: Super Pharm value
A3: Amount (NIS) | B3: 369 | C3: S-L אצבעון מסיליקון יחידה | D3: 16354.5
A4: Amount (NIS) | B4: 369 | C4: XL אצבעון מסיליקון יחידה | D4: 18338.8
A5: Amount (NIS) | B5: PD | C5: 344-אבן טבעית להסרת עור קשה | D5: 0
A6: Amount (NIS) | B6: 805AT-Cאתלטיק | C6: טייפ בז' 20מ""מ20 | D6: 0
A7: Amount (NIS) | B7: 805AT-B | C7: אתלטיק טייפ שחור 20מ""מ | D7: 0
A8: Amount (NIS) | B8: 805AT-BLאתלטיק | C8: טייפ כחול 20מ""מ | D8: 0
A9: Amount (NIS) | B9: 805AT-W | C9: אתלטיק טייפ לבן 20מ""מ | D9: 0
A10: Amount (NIS) | B10: 363 | C10: בננה לתמיכת אצבעות ז.כרית | D10: 2224.3
A11: Amount (NIS) | B11: 320 | C11: בליסטר פלסטר | D11: 23901.8
A12: Amount (NIS) | B12: S-XLST422 | C12: מגן ברך+כרית ג'ל | D12: 0
A13: Amount (NIS) | B13: 390B | C13: גרב.כסף לסכרתים שחור35-38 | D13: 211.3
A14: Amount (NIS) | B14: 390B | C14: 39-42.גרב.כסף לסכרתיים שח | D14: 828.6
... A1108: Quantity (units) | B1108: SH422 | C1108: 6 תומך ברך גנושילד | D1108: 14
