Workbook

Sheet מצטבר - בחירה
A1: ביצוע מצטבר לפי חודשים (ללא תקציב/מטרה - עדיין לא הוגדר תקציב 2027)
B2: בחר חודש (מצטבר מינואר עד החודש שנבחר, כולל): | D2: דצמבר | E2: (מספר חודש נבחר:) | F2: =MATCH($D$2,נתונים_שטוחים!$BB$2:$BB$13,0) -> 12 | G2: תאריך חישוב: | H2: 02/10/26
A4: # | B4: לקוח | C4: קבוצה | D4: 2024 מצטבר | E4: 2025 מצטבר | F4: 2026 מצטבר | G4: 2027 מצטבר | H4: % מול 2026 | I4: ₪ מול 2026
A5: =נתונים_שטוחים!A5 -> 111 | B5: =נתונים_שטוחים!B5 -> סופר פארם לייף | C5: =נתונים_שטוחים!C5 -> ISR | D5: =SUMIFS(נתונים_שטוחים!D5:O5,נתונים_שטוחים!$D$3:$O$3,"<="&$F$2) -> 2052731.8 | E5: =SUMIFS(נתונים_שטוחים!P5:AA5,נתונים_שטוחים!$P$3:$AA$3,"<="&$F$2) -> 1708656.9 | F5: =SUMIFS(נתונים_שטוחים!AB5:AM5,נתונים_שטוחים!$AB$3:$AM$3,"<="&$F$2) -> 1328770.6 | G5: =SUMIFS(נתונים_שטוחים!AN5:AY5,נתונים_שטוחים!$AN$3:$AY$3,"<="&$F$2) -> 0 | H5: =IFERROR(G5/F5-1,"-") -> -1 | I5: =G5-F5 -> -1328770.6
A6: =נתונים_שטוחים!A6 -> 1 | B6: =נתונים_שטוחים!B6 -> סופרפארם | C6: =נתונים_שטוחים!C6 -> ISR | D6: =SUMIFS(נתונים_שטוחים!D6:O6,נתונים_שטוחים!$D$3:$O$3,"<="&$F$2) -> 5482291.2 | E6: =SUMIFS(נתונים_שטוחים!P6:AA6,נתונים_שטוחים!$P$3:$AA$3,"<="&$F$2) -> 6071777.6 | F6: =SUMIFS(נתונים_שטוחים!AB6:AM6,נתונים_שטוחים!$AB$3:$AM$3,"<="&$F$2) -> 4231396.3 | G6: =SUMIFS(נתונים_שטוחים!AN6:AY6,נתונים_שטוחים!$AN$3:$AY$3,"<="&$F$2) -> 0 | H6: =IFERROR(G6/F6-1,"-") -> -1 | I6: =G6-F6 -> -4231396.3
A7: =נתונים_שטוחים!A7 -> 2 | B7: =נתונים_שטוחים!B7 -> BE | C7: =נתונים_שטוחים!C7 -> ISR | D7: =SUMIFS(נתונים_שטוחים!D7:O7,נתונים_שטוחים!$D$3:$O$3,"<="&$F$2) -> 1089803.8 | E7: =SUMIFS(נתונים_שטוחים!P7:AA7,נתונים_שטוחים!$P$3:$AA$3,"<="&$F$2) -> 828689.86 | F7: =SUMIFS(נתונים_שטוחים!AB7:AM7,נתונים_שטוחים!$AB$3:$AM$3,"<="&$F$2) -> 651059.05 | G7: =SUMIFS(נתונים_שטוחים!AN7:AY7,נתונים_שטוחים!$AN$3:$AY$3,"<="&$F$2) -> 0 | H7: =IFERROR(G7/F7-1,"-") -> -1 | I7: =G7-F7 -> -651059.05
A8: =נתונים_שטוחים!A8 -> 3 | B8: =נתונים_שטוחים!B8 -> בתי מרקחת | C8: =נתונים_שטוחים!C8 -> ISR | D8: =SUMIFS(נתונים_שטוחים!D8:O8,נתונים_שטוחים!$D$3:$O$3,"<="&$F$2) -> 1835959.5 | E8: =SUMIFS(נתונים_שטוחים!P8:AA8,נתונים_שטוחים!$P$3:$AA$3,"<="&$F$2) -> 1941001.6 | F8: =SUMIFS(נתונים_שטוחים!AB8:AM8,נתונים_שטוחים!$AB$3:$AM$3,"<="&$F$2) -> 1409547.8 | G8: =SUMIFS(נתונים_שטוחים!AN8:AY8,נתונים_שטוחים!$AN$3:$AY$3,"<="&$F$2) -> 0 | H8: =IFERROR(G8/F8-1,"-") -> -1 | I8: =G8-F8 -> -1409547.8
A9: =נתונים_שטוחים!A9 -> 112 | B9: =נתונים_שטוחים!B9 -> כללית | C9: =נתונים_שטוחים!C9 -> ISR | D9: =SUMIFS(נתונים_שטוחים!D9:O9,נתונים_שטוחים!$D$3:$O$3,"<="&$F$2) -> 4118466.1 | E9: =SUMIFS(נתונים_שטוחים!P9:AA9,נתונים_שטוחים!$P$3:$AA$3,"<="&$F$2) -> 3809616.4 | F9: =SUMIFS(נתונים_שטוחים!AB9:AM9,נתונים_שטוחים!$AB$3:$AM$3,"<="&$F$2) -> 2727663.2 | G9: =SUMIFS(נתונים_שטוחים!AN9:AY9,נתונים_שטוחים!$AN$3:$AY$3,"<="&$F$2) -> 0 | H9: =IFERROR(G9/F9-1,"-") -> -1 | I9: =G9-F9 -> -2727663.2
A10: =נתונים_שטוחים!A10 -> 113 | B10: =נתונים_שטוחים!B10 -> מאוחדת | C10: =נתונים_שטוחים!C10 -> ISR | D10: =SUMIFS(נתונים_שטוחים!D10:O10,נתונים_שטוחים!$D$3:$O$3,"<="&$F$2) -> 797978.25 | E10: =SUMIFS(נתונים_שטוחים!P10:AA10,נתונים_שטוחים!$P$3:$AA$3,"<="&$F$2) -> 892626.19 | F10: =SUMIFS(נתונים_שטוחים!AB10:AM10,נתונים_שטוחים!$AB$3:$AM$3,"<="&$F$2) -> 520254.74 | G10: =SUMIFS(נתונים_שטוחים!AN10:AY10,נתונים_שטוחים!$AN$3:$AY$3,"<="&$F$2) -> 0 | H10: =IFERROR(G10/F10-1,"-") -> -1 | I10: =G10-F10 -> -520254.74
A11: =נתונים_שטוחים!A11 -> 4 | B11: =נתונים_שטוחים!B11 -> מכבי | C11: =נתונים_שטוחים!C11 -> ISR | D11: =SUMIFS(נתונים_שטוחים!D11:O11,נתונים_שטוחים!$D$3:$O$3,"<="&$F$2) -> 0 | E11: =SUMIFS(נתונים_שטוחים!P11:AA11,נתונים_שטוחים!$P$3:$AA$3,"<="&$F$2) -> 0 | F11: =SUMIFS(נתונים_שטוחים!AB11:AM11,נתונים_שטוחים!$AB$3:$AM$3,"<="&$F$2) -> 0 | G11: =SUMIFS(נתונים_שטוחים!AN11:AY11,נתונים_שטוחים!$AN$3:$AY$3,"<="&$F$2) -> 0 | H11: =IFERROR(G11/F11-1,"-") -> - | I11: =G11-F11 -> 0
A12: =נתונים_שטוחים!A12 -> 102 | B12: =נתונים_שטוחים!B12 -> מכוני אורטופדיה | C12: =נתונים_שטוחים!C12 -> ISR | D12: =SUMIFS(נתונים_שטוחים!D12:O12,נתונים_שטוחים!$D$3:$O$3,"<="&$F$2) -> 901019.25 | E12: =SUMIFS(נתונים_שטוחים!P12:AA12,נתונים_שטוחים!$P$3:$AA$3,"<="&$F$2) -> 854818.94 | F12: =SUMIFS(נתונים_שטוחים!AB12:AM12,נתונים_שטוחים!$AB$3:$AM$3,"<="&$F$2) -> 678114.16 | G12: =SUMIFS(נתונים_שטוחים!AN12:AY12,נתונים_שטוחים!$AN$3:$AY$3,"<="&$F$2) -> 0 | H12: =IFERROR(G12/F12-1,"-") -> -1 | I12: =G12-F12 -> -678114.16
A13: =נתונים_שטוחים!A13 -> 101 | B13: =נתונים_שטוחים!B13 -> לקוחות מפעל | C13: =נתונים_שטוחים!C13 -> ISR | D13: =SUMIFS(נתונים_שטוחים!D13:O13,נתונים_שטוחים!$D$3:$O$3,"<="&$F$2) -> 187203.67 | E13: =SUMIFS(נתונים_שטוחים!P13:AA13,נתונים_שטוחים!$P$3:$AA$3,"<="&$F$2) -> 185250.51 | F13: =SUMIFS(נתונים_שטוחים!AB13:AM13,נתונים_שטוחים!$AB$3:$AM$3,"<="&$F$2) -> 79418.59 | G13: =SUMIFS(נתונים_שטוחים!AN13:AY13,נתונים_שטוחים!$AN$3:$AY$3,"<="&$F$2) -> 0 | H13: =IFERROR(G13/F13-1,"-") -> -1 | I13: =G13-F13 -> -79418.59
A14: =נתונים_שטוחים!A14 -> 109 | B14: =נתונים_שטוחים!B14 -> חנויות פרטיות | C14: =נתונים_שטוחים!C14 -> ISR | D14: =SUMIFS(נתונים_שטוחים!D14:O14,נתונים_שטוחים!$D$3:$O$3,"<="&$F$2) -> 92204.35 | E14: =SUMIFS(נתונים_שטוחים!P14:AA14,נתונים_שטוחים!$P$3:$AA$3,"<="&$F$2) -> 57359.72 | F14: =SUMIFS(נתונים_שטוחים!AB14:AM14,נתונים_שטוחים!$AB$3:$AM$3,"<="&$F$2) -> 45013.96 | G14: =SUMIFS(נתונים_שטוחים!AN14:AY14,נתונים_שטוחים!$AN$3:$AY$3,"<="&$F$2) -> 0 | H14: =IFERROR(G14/F14-1,"-") -> -1 | I14: =G14-F14 -> -45013.96
A15: =נתונים_שטוחים!A15 -> 105 | B15: =נתונים_שטוחים!B15 -> מכוני פדיקור | C15: =נתונים_שטוחים!C15 -> ISR | D15: =SUMIFS(נתונים_שטוחים!D15:O15,נתונים_שטוחים!$D$3:$O$3,"<="&$F$2) -> 3230.5 | E15: =SUMIFS(נתונים_שטוחים!P15:AA15,נתונים_שטוחים!$P$3:$AA$3,"<="&$F$2) -> 4145.68 | F15: =SUMIFS(נתונים_שטוחים!AB15:AM15,נתונים_שטוחים!$AB$3:$AM$3,"<="&$F$2) -> 4305.02 | G15: =SUMIFS(נתונים_שטוחים!AN15:AY15,נתונים_שטוחים!$AN$3:$AY$3,"<="&$F$2) -> 0 | H15: =IFERROR(G15/F15-1,"-") -> -1 | I15: =G15-F15 -> -4305.02
A16: =נתונים_שטוחים!A16 -> 104 | B16: =נתונים_שטוחים!B16 -> חנויות נעליים | C16: =נתונים_שטוחים!C16 -> ISR | D16: =SUMIFS(נתונים_שטוחים!D16:O16,נתונים_שטוחים!$D$3:$O$3,"<="&$F$2) -> 1583.18 | E16: =SUMIFS(נתונים_שטוחים!P16:AA16,נתונים_שטוחים!$P$3:$AA$3,"<="&$F$2) -> 514.2 | F16: =SUMIFS(נתונים_שטוחים!AB16:AM16,נתונים_שטוחים!$AB$3:$AM$3,"<="&$F$2) -> 1896.82 | G16: =SUMIFS(נתונים_שטוחים!AN16:AY16,נתונים_שטוחים!$AN$3:$AY$3,"<="&$F$2) -> 0 | H16: =IFERROR(G16/F16-1,"-") -> -1 | I16: =G16-F16 -> -1896.82
... A18: =נתונים_שטוחים!A18 -> 103 | B18: =נתונים_שטוחים!B18 -> מכוני פיזיותרפיה | C18: =נתונים_שטוחים!C18 -> ISR | D18: =SUMIFS(נתונים_שטוחים!D18:O18,נתונים_שטוחים!$D$3:$O$3,"<="&$F$2) -> 72915.81 | E18: =SUMIFS(נתונים_שטוחים!P18:AA18,נתונים_שטוחים!$P$3:$AA$3,"<="&$F$2) -> 94701.6 | F18: =SUMIFS(נתונים_שטוחים!AB18:AM18,נתונים_שטוחים!$AB$3:$AM$3,"<="&$F$2) -> 118677.26 | G18: =SUMIFS(נתונים_שטוחים!AN18:AY18,נתונים_שטוחים!$AN$3:$AY$3,"<="&$F$2) -> 0 | H18: =IFERROR(G18/F18-1,"-") -> -1 | I18: =G18-F18 -> -118677.26
B19: ='1'!B17 -> סה"כ ישראל ללא אונליין | D19: =SUM(D5:D18) -> 16644965 | E19: =SUM(E5:E18) -> 16462691 | F19: =SUM(F5:F18) -> 11811071 | G19: =SUM(G5:G18) -> 0 | H19: =IFERROR(G19/F19-1,"-") -> -1 | I19: =G19-F19 -> -11811071
A20: =נתונים_שטוחים!A19 -> 114 | B20: =נתונים_שטוחים!B19 -> לקוחות אינטרנט | C20: =נתונים_שטוחים!C19 -> ISR | D20: =SUMIFS(נתונים_שטוחים!D19:O19,נתונים_שטוחים!$D$3:$O$3,"<="&$F$2) -> 683558.5 | E20: =SUMIFS(נתונים_שטוחים!P19:AA19,נתונים_שטוחים!$P$3:$AA$3,"<="&$F$2) -> 1656258.3 | F20: =SUMIFS(נתונים_שטוחים!AB19:AM19,נתונים_שטוחים!$AB$3:$AM$3,"<="&$F$2) -> 3368003.3 | G20: =SUMIFS(נתונים_שטוחים!AN19:AY19,נתונים_שטוחים!$AN$3:$AY$3,"<="&$F$2) -> 0 | H20: =IFERROR(G20/F20-1,"-") -> -1 | I20: =G20-F20 -> -3368003.3
A21: =נתונים_שטוחים!A20 -> 115 | B21: =נתונים_שטוחים!B20 -> סופר פארם מרקט פלייס | C21: =נתונים_שטוחים!C20 -> ISR | D21: =SUMIFS(נתונים_שטוחים!D20:O20,נתונים_שטוחים!$D$3:$O$3,"<="&$F$2) -> 35758.89 | E21: =SUMIFS(נתונים_שטוחים!P20:AA20,נתונים_שטוחים!$P$3:$AA$3,"<="&$F$2) -> 27325.74 | F21: =SUMIFS(נתונים_שטוחים!AB20:AM20,נתונים_שטוחים!$AB$3:$AM$3,"<="&$F$2) -> 13580.48 | G21: =SUMIFS(נתונים_שטוחים!AN20:AY20,נתונים_שטוחים!$AN$3:$AY$3,"<="&$F$2) -> 0 | H21: =IFERROR(G21/F21-1,"-") -> -1 | I21: =G21-F21 -> -13580.48
B22: ='1'!B20 -> סה"כ ישראל | D22: =D19+D20+D21 -> 17364282 | E22: =E19+E20+E21 -> 18146275 | F22: =F19+F20+F21 -> 15192655 | G22: =G19+G20+G21 -> 0 | H22: =IFERROR(G22/F22-1,"-") -> -1 | I22: =G22-F22 -> -15192655
A23: =נתונים_שטוחים!A21 -> 301 | B23: =נתונים_שטוחים!B21 -> AMAZON | C23: =נתונים_שטוחים!C21 -> USA | D23: =SUMIFS(נתונים_שטוחים!D21:O21,נתונים_שטוחים!$D$3:$O$3,"<="&$F$2) -> 3501494.5 | E23: =SUMIFS(נתונים_שטוחים!P21:AA21,נתונים_שטוחים!$P$3:$AA$3,"<="&$F$2) -> 2705391.2 | F23: =SUMIFS(נתונים_שטוחים!AB21:AM21,נתונים_שטוחים!$AB$3:$AM$3,"<="&$F$2) -> 1879662.7 | G23: =SUMIFS(נתונים_שטוחים!AN21:AY21,נתונים_שטוחים!$AN$3:$AY$3,"<="&$F$2) -> 0 | H23: =IFERROR(G23/F23-1,"-") -> -1 | I23: =G23-F23 -> -1879662.7
A24: =נתונים_שטוחים!A22 -> 202 | B24: =נתונים_שטוחים!B22 -> SUPER PHARM POLAND | C24: =נתונים_שטוחים!C22 -> POLAND | D24: =SUMIFS(נתונים_שטוחים!D22:O22,נתונים_שטוחים!$D$3:$O$3,"<="&$F$2) -> 879383.45 | E24: =SUMIFS(נתונים_שטוחים!P22:AA22,נתונים_שטוחים!$P$3:$AA$3,"<="&$F$2) -> 902537.64 | F24: =SUMIFS(נתונים_שטוחים!AB22:AM22,נתונים_שטוחים!$AB$3:$AM$3,"<="&$F$2) -> 474182.59 | G24: =SUMIFS(נתונים_שטוחים!AN22:AY22,נתונים_שטוחים!$AN$3:$AY$3,"<="&$F$2) -> 0 | H24: =IFERROR(G24/F24-1,"-") -> -1 | I24: =G24-F24 -> -474182.59
A25: =נתונים_שטוחים!A23 -> 203 | B25: =נתונים_שטוחים!B23 -> ORTHO- PARTNER AG. | C25: =נתונים_שטוחים!C23 -> SWITZERLAND | D25: =SUMIFS(נתונים_שטוחים!D23:O23,נתונים_שטוחים!$D$3:$O$3,"<="&$F$2) -> 633752.75 | E25: =SUMIFS(נתונים_שטוחים!P23:AA23,נתונים_שטוחים!$P$3:$AA$3,"<="&$F$2) -> 405920.85 | F25: =SUMIFS(נתונים_שטוחים!AB23:AM23,נתונים_שטוחים!$AB$3:$AM$3,"<="&$F$2) -> 344263.09 | G25: =SUMIFS(נתונים_שטוחים!AN23:AY23,נתונים_שטוחים!$AN$3:$AY$3,"<="&$F$2) -> 0 | H25: =IFERROR(G25/F25-1,"-") -> -1 | I25: =G25-F25 -> -344263.09
A26: =נתונים_שטוחים!A24 -> 204 | B26: =נתונים_שטוחים!B24 -> SANAFLEX ANATOMIC | C26: =נתונים_שטוחים!C24 -> GREECE | D26: =SUMIFS(נתונים_שטוחים!D24:O24,נתונים_שטוחים!$D$3:$O$3,"<="&$F$2) -> 489809 | E26: =SUMIFS(נתונים_שטוחים!P24:AA24,נתונים_שטוחים!$P$3:$AA$3,"<="&$F$2) -> 414072.64 | F26: =SUMIFS(נתונים_שטוחים!AB24:AM24,נתונים_שטוחים!$AB$3:$AM$3,"<="&$F$2) -> 358276.36 | G26: =SUMIFS(נתונים_שטוחים!AN24:AY24,נתונים_שטוחים!$AN$3:$AY$3,"<="&$F$2) -> 0 | H26: =IFERROR(G26/F26-1,"-") -> -1 | I26: =G26-F26 -> -358276.36
A27: =נתונים_שטוחים!A25 -> 205 | B27: =נתונים_שטוחים!B25 -> HEALTH CARE PROD. GMBH | C27: =נתונים_שטוחים!C25 -> GERMANY | D27: =SUMIFS(נתונים_שטוחים!D25:O25,נתונים_שטוחים!$D$3:$O$3,"<="&$F$2) -> 128758.9 | E27: =SUMIFS(נתונים_שטוחים!P25:AA25,נתונים_שטוחים!$P$3:$AA$3,"<="&$F$2) -> 122339 | F27: =SUMIFS(נתונים_שטוחים!AB25:AM25,נתונים_שטוחים!$AB$3:$AM$3,"<="&$F$2) -> 111290.53 | G27: =SUMIFS(נתונים_שטוחים!AN25:AY25,נתונים_שטוחים!$AN$3:$AY$3,"<="&$F$2) -> 0 | H27: =IFERROR(G27/F27-1,"-") -> -1 | I27: =G27-F27 -> -111290.53
A28: =נתונים_שטוחים!A26 -> 206 | B28: =נתונים_שטוחים!B26 -> ORTHOMED LTD | C28: =נתונים_שטוחים!C26 -> BULGARIA | D28: =SUMIFS(נתונים_שטוחים!D26:O26,נתונים_שטוחים!$D$3:$O$3,"<="&$F$2) -> 160712.5 | E28: =SUMIFS(נתונים_שטוחים!P26:AA26,נתונים_שטוחים!$P$3:$AA$3,"<="&$F$2) -> 52899.82 | F28: =SUMIFS(נתונים_שטוחים!AB26:AM26,נתונים_שטוחים!$AB$3:$AM$3,"<="&$F$2) -> 0 | G28: =SUMIFS(נתונים_שטוחים!AN26:AY26,נתונים_שטוחים!$AN$3:$AY$3,"<="&$F$2) -> 0 | H28: =IFERROR(G28/F28-1,"-") -> - | I28: =G28-F28 -> 0
A29: =נתונים_שטוחים!A27 -> 207 | B29: =נתונים_שטוחים!B27 -> SALUS | C29: =נתונים_שטוחים!C27 -> HUNGARY | D29: =SUMIFS(נתונים_שטוחים!D27:O27,נתונים_שטוחים!$D$3:$O$3,"<="&$F$2) -> 471280.16 | E29: =SUMIFS(נתונים_שטוחים!P27:AA27,נתונים_שטוחים!$P$3:$AA$3,"<="&$F$2) -> 319558.55 | F29: =SUMIFS(נתונים_שטוחים!AB27:AM27,נתונים_שטוחים!$AB$3:$AM$3,"<="&$F$2) -> 365555.25 | G29: =SUMIFS(נתונים_שטוחים!AN27:AY27,נתונים_שטוחים!$AN$3:$AY$3,"<="&$F$2) -> 0 | H29: =IFERROR(G29/F29-1,"-") -> -1 | I29: =G29-F29 -> -365555.25
A30: =נתונים_שטוחים!A28 -> 216 | B30: =נתונים_שטוחים!B28 -> MAX KONNARIS LTD | C30: =נתונים_שטוחים!C28 -> CYPRUS | D30: =SUMIFS(נתונים_שטוחים!D28:O28,נתונים_שטוחים!$D$3:$O$3,"<="&$F$2) -> 162967.91 | E30: =SUMIFS(נתונים_שטוחים!P28:AA28,נתונים_שטוחים!$P$3:$AA$3,"<="&$F$2) -> 86855.65 | F30: =SUMIFS(נתונים_שטוחים!AB28:AM28,נתונים_שטוחים!$AB$3:$AM$3,"<="&$F$2) -> 60694.01 | G30: =SUMIFS(נתונים_שטוחים!AN28:AY28,נתונים_שטוחים!$AN$3:$AY$3,"<="&$F$2) -> 0 | H30: =IFERROR(G30/F30-1,"-") -> -1 | I30: =G30-F30 -> -60694.01
A31: =נתונים_שטוחים!A29 -> 208 | B31: =נתונים_שטוחים!B29 -> MEDIPAL COMPANY | C31: =נתונים_שטוחים!C29 -> NABLUS | D31: =SUMIFS(נתונים_שטוחים!D29:O29,נתונים_שטוחים!$D$3:$O$3,"<="&$F$2) -> 370614.64 | E31: =SUMIFS(נתונים_שטוחים!P29:AA29,נתונים_שטוחים!$P$3:$AA$3,"<="&$F$2) -> 256772.1 | F31: =SUMIFS(נתונים_שטוחים!AB29:AM29,נתונים_שטוחים!$AB$3:$AM$3,"<="&$F$2) -> 0 | G31: =SUMIFS(נתונים_שטוחים!AN29:AY29,נתונים_שטוחים!$AN$3:$AY$3,"<="&$F$2) -> 0 | H31: =IFERROR(G31/F31-1,"-") -> - | I31: =G31-F31 -> 0
A32: =נתונים_שטוחים!A30 -> 209 | B32: =נתונים_שטוחים!B30 -> ORTOPROFIL PROD | C32: =נתונים_שטוחים!C30 -> ROMANIA | D32: =SUMIFS(נתונים_שטוחים!D30:O30,נתונים_שטוחים!$D$3:$O$3,"<="&$F$2) -> 348874.04 | E32: =SUMIFS(נתונים_שטוחים!P30:AA30,נתונים_שטוחים!$P$3:$AA$3,"<="&$F$2) -> 405953.63 | F32: =SUMIFS(נתונים_שטוחים!AB30:AM30,נתונים_שטוחים!$AB$3:$AM$3,"<="&$F$2) -> 300835.11 | G32: =SUMIFS(נתונים_שטוחים!AN30:AY30,נתונים_שטוחים!$AN$3:$AY$3,"<="&$F$2) -> 0 | H32: =IFERROR(G32/F32-1,"-") -> -1 | I32: =G32-F32 -> -300835.11
A33: =נתונים_שטוחים!A31 -> 210 | B33: =נתונים_שטוחים!B31 -> OY. EA. AB. | C33: =נתונים_שטוחים!C31 -> FINLAND | D33: =SUMIFS(נתונים_שטוחים!D31:O31,נתונים_שטוחים!$D$3:$O$3,"<="&$F$2) -> 107690.85 | E33: =SUMIFS(נתונים_שטוחים!P31:AA31,נתונים_שטוחים!$P$3:$AA$3,"<="&$F$2) -> 64554.59 | F33: =SUMIFS(נתונים_שטוחים!AB31:AM31,נתונים_שטוחים!$AB$3:$AM$3,"<="&$F$2) -> 43116.44 | G33: =SUMIFS(נתונים_שטוחים!AN31:AY31,נתונים_שטוחים!$AN$3:$AY$3,"<="&$F$2) -> 0 | H33: =IFERROR(G33/F33-1,"-") -> -1 | I33: =G33-F33 -> -43116.44
A34: =נתונים_שטוחים!A32 -> 201 | B34: =נתונים_שטוחים!B32 -> SEVEN GEAR | C34: =נתונים_שטוחים!C32 -> FINLAND | D34: =SUMIFS(נתונים_שטוחים!D32:O32,נתונים_שטוחים!$D$3:$O$3,"<="&$F$2) -> 41028.36 | E34: =SUMIFS(נתונים_שטוחים!P32:AA32,נתונים_שטוחים!$P$3:$AA$3,"<="&$F$2) -> 60908.2 | F34: =SUMIFS(נתונים_שטוחים!AB32:AM32,נתונים_שטוחים!$AB$3:$AM$3,"<="&$F$2) -> 39400.13 | G34: =SUMIFS(נתונים_שטוחים!AN32:AY32,נתונים_שטוחים!$AN$3:$AY$3,"<="&$F$2) -> 0 | H34: =IFERROR(G34/F34-1,"-") -> -1 | I34: =G34-F34 -> -39400.13
... A44: =נתונים_שטוחים!A42 -> 302 | B44: =נתונים_שטוחים!B42 -> MEXICO | C44: =נתונים_שטוחים!C42 -> MEXICO | D44: =SUMIFS(נתונים_שטוחים!D42:O42,נתונים_שטוחים!$D$3:$O$3,"<="&$F$2) -> 0 | E44: =SUMIFS(נתונים_שטוחים!P42:AA42,נתונים_שטוחים!$P$3:$AA$3,"<="&$F$2) -> 0 | F44: =SUMIFS(נתונים_שטוחים!AB42:AM42,נתונים_שטוחים!$AB$3:$AM$3,"<="&$F$2) -> 0 | G44: =SUMIFS(נתונים_שטוחים!AN42:AY42,נתונים_שטוחים!$AN$3:$AY$3,"<="&$F$2) -> 0 | H44: =IFERROR(G44/F44-1,"-") -> - | I44: =G44-F44 -> 0
B45: ='1'!B43 -> סה"כ חו"ל | D45: =SUM(D23:D44) -> 7648509.6 | E45: =SUM(E23:E44) -> 5973375.8 | F45: =SUM(F23:F44) -> 4050561.8 | G45: =SUM(G23:G44) -> 0 | H45: =IFERROR(G45/F45-1,"-") -> -1 | I45: =G45-F45 -> -4050561.8
B46: ='1'!B44 -> סה"כ מכירות | D46: =D45+D22 -> 25012792 | E46: =E45+E22 -> 24119651 | F46: =F45+F22 -> 19243217 | G46: =G45+G22 -> 0 | H46: =IFERROR(G46/F46-1,"-") -> -1 | I46: =G46-F46 -> -19243217

Sheet רבעונים
A1: ביצוע לפי רבעונים (ללא תקציב/מטרה - עדיין לא הוגדר תקציב 2027)
B2: בחר רבעון: | D2: Q4 | E2: (מספר רבעון נבחר:) | F2: =VALUE(MID($D$2,2,1)) -> 4 | G2: תאריך חישוב: | H2: 02/10/26
A4: # | B4: לקוח | C4: קבוצה | D4: 2024 (רבעון) | E4: 2025 (רבעון) | F4: 2026 (רבעון) | G4: 2027 (רבעון) | H4: % מול 2026 | I4: ₪ מול 2026
A5: =נתונים_שטוחים!A5 -> 111 | B5: =נתונים_שטוחים!B5 -> סופר פארם לייף | C5: =נתונים_שטוחים!C5 -> ISR | D5: =SUMIFS(נתונים_שטוחים!D5:O5,נתונים_שטוחים!$D$4:$O$4,$F$2) -> 501891.94 | E5: =SUMIFS(נתונים_שטוחים!P5:AA5,נתונים_שטוחים!$P$4:$AA$4,$F$2) -> 397235.16 | F5: =SUMIFS(נתונים_שטוחים!AB5:AM5,נתונים_שטוחים!$AB$4:$AM$4,$F$2) -> 20995.2 | G5: =SUMIFS(נתונים_שטוחים!AN5:AY5,נתונים_שטוחים!$AN$4:$AY$4,$F$2) -> 0 | H5: =IFERROR(G5/F5-1,"-") -> -1 | I5: =G5-F5 -> -20995.2
A6: =נתונים_שטוחים!A6 -> 1 | B6: =נתונים_שטוחים!B6 -> סופרפארם | C6: =נתונים_שטוחים!C6 -> ISR | D6: =SUMIFS(נתונים_שטוחים!D6:O6,נתונים_שטוחים!$D$4:$O$4,$F$2) -> 1256467.8 | E6: =SUMIFS(נתונים_שטוחים!P6:AA6,נתונים_שטוחים!$P$4:$AA$4,$F$2) -> 1377947.5 | F6: =SUMIFS(נתונים_שטוחים!AB6:AM6,נתונים_שטוחים!$AB$4:$AM$4,$F$2) -> 0 | G6: =SUMIFS(נתונים_שטוחים!AN6:AY6,נתונים_שטוחים!$AN$4:$AY$4,$F$2) -> 0 | H6: =IFERROR(G6/F6-1,"-") -> - | I6: =G6-F6 -> 0
A7: =נתונים_שטוחים!A7 -> 2 | B7: =נתונים_שטוחים!B7 -> BE | C7: =נתונים_שטוחים!C7 -> ISR | D7: =SUMIFS(נתונים_שטוחים!D7:O7,נתונים_שטוחים!$D$4:$O$4,$F$2) -> 249549.94 | E7: =SUMIFS(נתונים_שטוחים!P7:AA7,נתונים_שטוחים!$P$4:$AA$4,$F$2) -> 208571.09 | F7: =SUMIFS(נתונים_שטוחים!AB7:AM7,נתונים_שטוחים!$AB$4:$AM$4,$F$2) -> 0 | G7: =SUMIFS(נתונים_שטוחים!AN7:AY7,נתונים_שטוחים!$AN$4:$AY$4,$F$2) -> 0 | H7: =IFERROR(G7/F7-1,"-") -> - | I7: =G7-F7 -> 0
A8: =נתונים_שטוחים!A8 -> 3 | B8: =נתונים_שטוחים!B8 -> בתי מרקחת | C8: =נתונים_שטוחים!C8 -> ISR | D8: =SUMIFS(נתונים_שטוחים!D8:O8,נתונים_שטוחים!$D$4:$O$4,$F$2) -> 423029.49 | E8: =SUMIFS(נתונים_שטוחים!P8:AA8,נתונים_שטוחים!$P$4:$AA$4,$F$2) -> 462437.99 | F8: =SUMIFS(נתונים_שטוחים!AB8:AM8,נתונים_שטוחים!$AB$4:$AM$4,$F$2) -> 0 | G8: =SUMIFS(נתונים_שטוחים!AN8:AY8,נתונים_שטוחים!$AN$4:$AY$4,$F$2) -> 0 | H8: =IFERROR(G8/F8-1,"-") -> - | I8: =G8-F8 -> 0
A9: =נתונים_שטוחים!A9 -> 112 | B9: =נתונים_שטוחים!B9 -> כללית | C9: =נתונים_שטוחים!C9 -> ISR | D9: =SUMIFS(נתונים_שטוחים!D9:O9,נתונים_שטוחים!$D$4:$O$4,$F$2) -> 988830.3 | E9: =SUMIFS(נתונים_שטוחים!P9:AA9,נתונים_שטוחים!$P$4:$AA$4,$F$2) -> 860724.67 | F9: =SUMIFS(נתונים_שטוחים!AB9:AM9,נתונים_שטוחים!$AB$4:$AM$4,$F$2) -> 0 | G9: =SUMIFS(נתונים_שטוחים!AN9:AY9,נתונים_שטוחים!$AN$4:$AY$4,$F$2) -> 0 | H9: =IFERROR(G9/F9-1,"-") -> - | I9: =G9-F9 -> 0
A10: =נתונים_שטוחים!A10 -> 113 | B10: =נתונים_שטוחים!B10 -> מאוחדת | C10: =נתונים_שטוחים!C10 -> ISR | D10: =SUMIFS(נתונים_שטוחים!D10:O10,נתונים_שטוחים!$D$4:$O$4,$F$2) -> 175743.18 | E10: =SUMIFS(נתונים_שטוחים!P10:AA10,נתונים_שטוחים!$P$4:$AA$4,$F$2) -> 198828.06 | F10: =SUMIFS(נתונים_שטוחים!AB10:AM10,נתונים_שטוחים!$AB$4:$AM$4,$F$2) -> 0 | G10: =SUMIFS(נתונים_שטוחים!AN10:AY10,נתונים_שטוחים!$AN$4:$AY$4,$F$2) -> 0 | H10: =IFERROR(G10/F10-1,"-") -> - | I10: =G10-F10 -> 0
A11: =נתונים_שטוחים!A11 -> 4 | B11: =נתונים_שטוחים!B11 -> מכבי | C11: =נתונים_שטוחים!C11 -> ISR | D11: =SUMIFS(נתונים_שטוחים!D11:O11,נתונים_שטוחים!$D$4:$O$4,$F$2) -> 0 | E11: =SUMIFS(נתונים_שטוחים!P11:AA11,נתונים_שטוחים!$P$4:$AA$4,$F$2) -> 0 | F11: =SUMIFS(נתונים_שטוחים!AB11:AM11,נתונים_שטוחים!$AB$4:$AM$4,$F$2) -> 0 | G11: =SUMIFS(נתונים_שטוחים!AN11:AY11,נתונים_שטוחים!$AN$4:$AY$4,$F$2) -> 0 | H11: =IFERROR(G11/F11-1,"-") -> - | I11: =G11-F11 -> 0
A12: =נתונים_שטוחים!A12 -> 102 | B12: =נתונים_שטוחים!B12 -> מכוני אורטופדיה | C12: =נתונים_שטוחים!C12 -> ISR | D12: =SUMIFS(נתונים_שטוחים!D12:O12,נתונים_שטוחים!$D$4:$O$4,$F$2) -> 184800.08 | E12: =SUMIFS(נתונים_שטוחים!P12:AA12,נתונים_שטוחים!$P$4:$AA$4,$F$2) -> 223581.68 | F12: =SUMIFS(נתונים_שטוחים!AB12:AM12,נתונים_שטוחים!$AB$4:$AM$4,$F$2) -> 0 | G12: =SUMIFS(נתונים_שטוחים!AN12:AY12,נתונים_שטוחים!$AN$4:$AY$4,$F$2) -> 0 | H12: =IFERROR(G12/F12-1,"-") -> - | I12: =G12-F12 -> 0
A13: =נתונים_שטוחים!A13 -> 101 | B13: =נתונים_שטוחים!B13 -> לקוחות מפעל | C13: =נתונים_שטוחים!C13 -> ISR | D13: =SUMIFS(נתונים_שטוחים!D13:O13,נתונים_שטוחים!$D$4:$O$4,$F$2) -> 38609.45 | E13: =SUMIFS(נתונים_שטוחים!P13:AA13,נתונים_שטוחים!$P$4:$AA$4,$F$2) -> 48810.03 | F13: =SUMIFS(נתונים_שטוחים!AB13:AM13,נתונים_שטוחים!$AB$4:$AM$4,$F$2) -> 0 | G13: =SUMIFS(נתונים_שטוחים!AN13:AY13,נתונים_שטוחים!$AN$4:$AY$4,$F$2) -> 0 | H13: =IFERROR(G13/F13-1,"-") -> - | I13: =G13-F13 -> 0
A14: =נתונים_שטוחים!A14 -> 109 | B14: =נתונים_שטוחים!B14 -> חנויות פרטיות | C14: =נתונים_שטוחים!C14 -> ISR | D14: =SUMIFS(נתונים_שטוחים!D14:O14,נתונים_שטוחים!$D$4:$O$4,$F$2) -> 39179.29 | E14: =SUMIFS(נתונים_שטוחים!P14:AA14,נתונים_שטוחים!$P$4:$AA$4,$F$2) -> 11043.34 | F14: =SUMIFS(נתונים_שטוחים!AB14:AM14,נתונים_שטוחים!$AB$4:$AM$4,$F$2) -> 0 | G14: =SUMIFS(נתונים_שטוחים!AN14:AY14,נתונים_שטוחים!$AN$4:$AY$4,$F$2) -> 0 | H14: =IFERROR(G14/F14-1,"-") -> - | I14: =G14-F14 -> 0
A15: =נתונים_שטוחים!A15 -> 105 | B15: =נתונים_שטוחים!B15 -> מכוני פדיקור | C15: =נתונים_שטוחים!C15 -> ISR | D15: =SUMIFS(נתונים_שטוחים!D15:O15,נתונים_שטוחים!$D$4:$O$4,$F$2) -> 850.4 | E15: =SUMIFS(נתונים_שטוחים!P15:AA15,נתונים_שטוחים!$P$4:$AA$4,$F$2) -> 1168.54 | F15: =SUMIFS(נתונים_שטוחים!AB15:AM15,נתונים_שטוחים!$AB$4:$AM$4,$F$2) -> 0 | G15: =SUMIFS(נתונים_שטוחים!AN15:AY15,נתונים_שטוחים!$AN$4:$AY$4,$F$2) -> 0 | H15: =IFERROR(G15/F15-1,"-") -> - | I15: =G15-F15 -> 0
A16: =נתונים_שטוחים!A16 -> 104 | B16: =נתונים_שטוחים!B16 -> חנויות נעליים | C16: =נתונים_שטוחים!C16 -> ISR | D16: =SUMIFS(נתונים_שטוחים!D16:O16,נתונים_שטוחים!$D$4:$O$4,$F$2) -> -14.28 | E16: =SUMIFS(נתונים_שטוחים!P16:AA16,נתונים_שטוחים!$P$4:$AA$4,$F$2) -> 514.2 | F16: =SUMIFS(נתונים_שטוחים!AB16:AM16,נתונים_שטוחים!$AB$4:$AM$4,$F$2) -> 0 | G16: =SUMIFS(נתונים_שטוחים!AN16:AY16,נתונים_שטוחים!$AN$4:$AY$4,$F$2) -> 0 | H16: =IFERROR(G16/F16-1,"-") -> - | I16: =G16-F16 -> 0
... A18: =נתונים_שטוחים!A18 -> 103 | B18: =נתונים_שטוחים!B18 -> מכוני פיזיותרפיה | C18: =נתונים_שטוחים!C18 -> ISR | D18: =SUMIFS(נתונים_שטוחים!D18:O18,נתונים_שטוחים!$D$4:$O$4,$F$2) -> 11626.65 | E18: =SUMIFS(נתונים_שטוחים!P18:AA18,נתונים_שטוחים!$P$4:$AA$4,$F$2) -> 17330.93 | F18: =SUMIFS(נתונים_שטוחים!AB18:AM18,נתונים_שטוחים!$AB$4:$AM$4,$F$2) -> 0 | G18: =SUMIFS(נתונים_שטוחים!AN18:AY18,נתונים_שטוחים!$AN$4:$AY$4,$F$2) -> 0 | H18: =IFERROR(G18/F18-1,"-") -> - | I18: =G18-F18 -> 0
B19: ='1'!B17 -> סה"כ ישראל ללא אונליין | D19: =SUM(D5:D18) -> 3874286.9 | E19: =SUM(E5:E18) -> 3810006.7 | F19: =SUM(F5:F18) -> 20995.2 | G19: =SUM(G5:G18) -> 0 | H19: =IFERROR(G19/F19-1,"-") -> -1 | I19: =G19-F19 -> -20995.2
A20: =נתונים_שטוחים!A19 -> 114 | B20: =נתונים_שטוחים!B19 -> לקוחות אינטרנט | C20: =נתונים_שטוחים!C19 -> ISR | D20: =SUMIFS(נתונים_שטוחים!D19:O19,נתונים_שטוחים!$D$4:$O$4,$F$2) -> 253937.59 | E20: =SUMIFS(נתונים_שטוחים!P19:AA19,נתונים_שטוחים!$P$4:$AA$4,$F$2) -> 599115.08 | F20: =SUMIFS(נתונים_שטוחים!AB19:AM19,נתונים_שטוחים!$AB$4:$AM$4,$F$2) -> 0 | G20: =SUMIFS(נתונים_שטוחים!AN19:AY19,נתונים_שטוחים!$AN$4:$AY$4,$F$2) -> 0 | H20: =IFERROR(G20/F20-1,"-") -> - | I20: =G20-F20 -> 0
A21: =נתונים_שטוחים!A20 -> 115 | B21: =נתונים_שטוחים!B20 -> סופר פארם מרקט פלייס | C21: =נתונים_שטוחים!C20 -> ISR | D21: =SUMIFS(נתונים_שטוחים!D20:O20,נתונים_שטוחים!$D$4:$O$4,$F$2) -> 10454.96 | E21: =SUMIFS(נתונים_שטוחים!P20:AA20,נתונים_שטוחים!$P$4:$AA$4,$F$2) -> 4382.6 | F21: =SUMIFS(נתונים_שטוחים!AB20:AM20,נתונים_שטוחים!$AB$4:$AM$4,$F$2) -> 0 | G21: =SUMIFS(נתונים_שטוחים!AN20:AY20,נתונים_שטוחים!$AN$4:$AY$4,$F$2) -> 0 | H21: =IFERROR(G21/F21-1,"-") -> - | I21: =G21-F21 -> 0
B22: ='1'!B20 -> סה"כ ישראל | D22: =D19+D20+D21 -> 4138679.5 | E22: =E19+E20+E21 -> 4413504.4 | F22: =F19+F20+F21 -> 20995.2 | G22: =G19+G20+G21 -> 0 | H22: =IFERROR(G22/F22-1,"-") -> -1 | I22: =G22-F22 -> -20995.2
A23: =נתונים_שטוחים!A21 -> 301 | B23: =נתונים_שטוחים!B21 -> AMAZON | C23: =נתונים_שטוחים!C21 -> USA | D23: =SUMIFS(נתונים_שטוחים!D21:O21,נתונים_שטוחים!$D$4:$O$4,$F$2) -> 594913.85 | E23: =SUMIFS(נתונים_שטוחים!P21:AA21,נתונים_שטוחים!$P$4:$AA$4,$F$2) -> 676973.71 | F23: =SUMIFS(נתונים_שטוחים!AB21:AM21,נתונים_שטוחים!$AB$4:$AM$4,$F$2) -> 0 | G23: =SUMIFS(נתונים_שטוחים!AN21:AY21,נתונים_שטוחים!$AN$4:$AY$4,$F$2) -> 0 | H23: =IFERROR(G23/F23-1,"-") -> - | I23: =G23-F23 -> 0
A24: =נתונים_שטוחים!A22 -> 202 | B24: =נתונים_שטוחים!B22 -> SUPER PHARM POLAND | C24: =נתונים_שטוחים!C22 -> POLAND | D24: =SUMIFS(נתונים_שטוחים!D22:O22,נתונים_שטוחים!$D$4:$O$4,$F$2) -> 137974.18 | E24: =SUMIFS(נתונים_שטוחים!P22:AA22,נתונים_שטוחים!$P$4:$AA$4,$F$2) -> 284867.18 | F24: =SUMIFS(נתונים_שטוחים!AB22:AM22,נתונים_שטוחים!$AB$4:$AM$4,$F$2) -> 0 | G24: =SUMIFS(נתונים_שטוחים!AN22:AY22,נתונים_שטוחים!$AN$4:$AY$4,$F$2) -> 0 | H24: =IFERROR(G24/F24-1,"-") -> - | I24: =G24-F24 -> 0
A25: =נתונים_שטוחים!A23 -> 203 | B25: =נתונים_שטוחים!B23 -> ORTHO- PARTNER AG. | C25: =נתונים_שטוחים!C23 -> SWITZERLAND | D25: =SUMIFS(נתונים_שטוחים!D23:O23,נתונים_שטוחים!$D$4:$O$4,$F$2) -> 220830.5 | E25: =SUMIFS(נתונים_שטוחים!P23:AA23,נתונים_שטוחים!$P$4:$AA$4,$F$2) -> 54650.07 | F25: =SUMIFS(נתונים_שטוחים!AB23:AM23,נתונים_שטוחים!$AB$4:$AM$4,$F$2) -> 0 | G25: =SUMIFS(נתונים_שטוחים!AN23:AY23,נתונים_שטוחים!$AN$4:$AY$4,$F$2) -> 0 | H25: =IFERROR(G25/F25-1,"-") -> - | I25: =G25-F25 -> 0
A26: =נתונים_שטוחים!A24 -> 204 | B26: =נתונים_שטוחים!B24 -> SANAFLEX ANATOMIC | C26: =נתונים_שטוחים!C24 -> GREECE | D26: =SUMIFS(נתונים_שטוחים!D24:O24,נתונים_שטוחים!$D$4:$O$4,$F$2) -> 167224.53 | E26: =SUMIFS(נתונים_שטוחים!P24:AA24,נתונים_שטוחים!$P$4:$AA$4,$F$2) -> 83397.79 | F26: =SUMIFS(נתונים_שטוחים!AB24:AM24,נתונים_שטוחים!$AB$4:$AM$4,$F$2) -> 0 | G26: =SUMIFS(נתונים_שטוחים!AN24:AY24,נתונים_שטוחים!$AN$4:$AY$4,$F$2) -> 0 | H26: =IFERROR(G26/F26-1,"-") -> - | I26: =G26-F26 -> 0
A27: =נתונים_שטוחים!A25 -> 205 | B27: =נתונים_שטוחים!B25 -> HEALTH CARE PROD. GMBH | C27: =נתונים_שטוחים!C25 -> GERMANY | D27: =SUMIFS(נתונים_שטוחים!D25:O25,נתונים_שטוחים!$D$4:$O$4,$F$2) -> 17813.97 | E27: =SUMIFS(נתונים_שטוחים!P25:AA25,נתונים_שטוחים!$P$4:$AA$4,$F$2) -> 31158.35 | F27: =SUMIFS(נתונים_שטוחים!AB25:AM25,נתונים_שטוחים!$AB$4:$AM$4,$F$2) -> 0 | G27: =SUMIFS(נתונים_שטוחים!AN25:AY25,נתונים_שטוחים!$AN$4:$AY$4,$F$2) -> 0 | H27: =IFERROR(G27/F27-1,"-") -> - | I27: =G27-F27 -> 0
A28: =נתונים_שטוחים!A26 -> 206 | B28: =נתונים_שטוחים!B26 -> ORTHOMED LTD | C28: =נתונים_שטוחים!C26 -> BULGARIA | D28: =SUMIFS(נתונים_שטוחים!D26:O26,נתונים_שטוחים!$D$4:$O$4,$F$2) -> 44572.45 | E28: =SUMIFS(נתונים_שטוחים!P26:AA26,נתונים_שטוחים!$P$4:$AA$4,$F$2) -> 0 | F28: =SUMIFS(נתונים_שטוחים!AB26:AM26,נתונים_שטוחים!$AB$4:$AM$4,$F$2) -> 0 | G28: =SUMIFS(נתונים_שטוחים!AN26:AY26,נתונים_שטוחים!$AN$4:$AY$4,$F$2) -> 0 | H28: =IFERROR(G28/F28-1,"-") -> - | I28: =G28-F28 -> 0
A29: =נתונים_שטוחים!A27 -> 207 | B29: =נתונים_שטוחים!B27 -> SALUS | C29: =נתונים_שטוחים!C27 -> HUNGARY | D29: =SUMIFS(נתונים_שטוחים!D27:O27,נתונים_שטוחים!$D$4:$O$4,$F$2) -> 222074.04 | E29: =SUMIFS(נתונים_שטוחים!P27:AA27,נתונים_שטוחים!$P$4:$AA$4,$F$2) -> 146752.62 | F29: =SUMIFS(נתונים_שטוחים!AB27:AM27,נתונים_שטוחים!$AB$4:$AM$4,$F$2) -> 0 | G29: =SUMIFS(נתונים_שטוחים!AN27:AY27,נתונים_שטוחים!$AN$4:$AY$4,$F$2) -> 0 | H29: =IFERROR(G29/F29-1,"-") -> - | I29: =G29-F29 -> 0
A30: =נתונים_שטוחים!A28 -> 216 | B30: =נתונים_שטוחים!B28 -> MAX KONNARIS LTD | C30: =נתונים_שטוחים!C28 -> CYPRUS | D30: =SUMIFS(נתונים_שטוחים!D28:O28,נתונים_שטוחים!$D$4:$O$4,$F$2) -> 20724.08 | E30: =SUMIFS(נתונים_שטוחים!P28:AA28,נתונים_שטוחים!$P$4:$AA$4,$F$2) -> 20604.23 | F30: =SUMIFS(נתונים_שטוחים!AB28:AM28,נתונים_שטוחים!$AB$4:$AM$4,$F$2) -> 0 | G30: =SUMIFS(נתונים_שטוחים!AN28:AY28,נתונים_שטוחים!$AN$4:$AY$4,$F$2) -> 0 | H30: =IFERROR(G30/F30-1,"-") -> - | I30: =G30-F30 -> 0
A31: =נתונים_שטוחים!A29 -> 208 | B31: =נתונים_שטוחים!B29 -> MEDIPAL COMPANY | C31: =נתונים_שטוחים!C29 -> NABLUS | D31: =SUMIFS(נתונים_שטוחים!D29:O29,נתונים_שטוחים!$D$4:$O$4,$F$2) -> 198800.83 | E31: =SUMIFS(נתונים_שטוחים!P29:AA29,נתונים_שטוחים!$P$4:$AA$4,$F$2) -> 256771.88 | F31: =SUMIFS(נתונים_שטוחים!AB29:AM29,נתונים_שטוחים!$AB$4:$AM$4,$F$2) -> 0 | G31: =SUMIFS(נתונים_שטוחים!AN29:AY29,נתונים_שטוחים!$AN$4:$AY$4,$F$2) -> 0 | H31: =IFERROR(G31/F31-1,"-") -> - | I31: =G31-F31 -> 0
A32: =נתונים_שטוחים!A30 -> 209 | B32: =נתונים_שטוחים!B30 -> ORTOPROFIL PROD | C32: =נתונים_שטוחים!C30 -> ROMANIA | D32: =SUMIFS(נתונים_שטוחים!D30:O30,נתונים_שטוחים!$D$4:$O$4,$F$2) -> 62633.86 | E32: =SUMIFS(נתונים_שטוחים!P30:AA30,נתונים_שטוחים!$P$4:$AA$4,$F$2) -> 106882.54 | F32: =SUMIFS(נתונים_שטוחים!AB30:AM30,נתונים_שטוחים!$AB$4:$AM$4,$F$2) -> 0 | G32: =SUMIFS(נתונים_שטוחים!AN30:AY30,נתונים_שטוחים!$AN$4:$AY$4,$F$2) -> 0 | H32: =IFERROR(G32/F32-1,"-") -> - | I32: =G32-F32 -> 0
A33: =נתונים_שטוחים!A31 -> 210 | B33: =נתונים_שטוחים!B31 -> OY. EA. AB. | C33: =נתונים_שטוחים!C31 -> FINLAND | D33: =SUMIFS(נתונים_שטוחים!D31:O31,נתונים_שטוחים!$D$4:$O$4,$F$2) -> 3920.16 | E33: =SUMIFS(נתונים_שטוחים!P31:AA31,נתונים_שטוחים!$P$4:$AA$4,$F$2) -> 32544.41 | F33: =SUMIFS(נתונים_שטוחים!AB31:AM31,נתונים_שטוחים!$AB$4:$AM$4,$F$2) -> 0 | G33: =SUMIFS(נתונים_שטוחים!AN31:AY31,נתונים_שטוחים!$AN$4:$AY$4,$F$2) -> 0 | H33: =IFERROR(G33/F33-1,"-") -> - | I33: =G33-F33 -> 0
A34: =נתונים_שטוחים!A32 -> 201 | B34: =נתונים_שטוחים!B32 -> SEVEN GEAR | C34: =נתונים_שטוחים!C32 -> FINLAND | D34: =SUMIFS(נתונים_שטוחים!D32:O32,נתונים_שטוחים!$D$4:$O$4,$F$2) -> 0 | E34: =SUMIFS(נתונים_שטוחים!P32:AA32,נתונים_שטוחים!$P$4:$AA$4,$F$2) -> 22174.9 | F34: =SUMIFS(נתונים_שטוחים!AB32:AM32,נתונים_שטוחים!$AB$4:$AM$4,$F$2) -> 0 | G34: =SUMIFS(נתונים_שטוחים!AN32:AY32,נתונים_שטוחים!$AN$4:$AY$4,$F$2) -> 0 | H34: =IFERROR(G34/F34-1,"-") -> - | I34: =G34-F34 -> 0
... A44: =נתונים_שטוחים!A42 -> 302 | B44: =נתונים_שטוחים!B42 -> MEXICO | C44: =נתונים_שטוחים!C42 -> MEXICO | D44: =SUMIFS(נתונים_שטוחים!D42:O42,נתונים_שטוחים!$D$4:$O$4,$F$2) -> 0 | E44: =SUMIFS(נתונים_שטוחים!P42:AA42,נתונים_שטוחים!$P$4:$AA$4,$F$2) -> 0 | F44: =SUMIFS(נתונים_שטוחים!AB42:AM42,נתונים_שטוחים!$AB$4:$AM$4,$F$2) -> 0 | G44: =SUMIFS(נתונים_שטוחים!AN42:AY42,נתונים_שטוחים!$AN$4:$AY$4,$F$2) -> 0 | H44: =IFERROR(G44/F44-1,"-") -> - | I44: =G44-F44 -> 0
B45: ='1'!B43 -> סה"כ חו"ל | D45: =SUM(D23:D44) -> 1853058.6 | E45: =SUM(E23:E44) -> 1740109.3 | F45: =SUM(F23:F44) -> 0 | G45: =SUM(G23:G44) -> 0 | H45: =IFERROR(G45/F45-1,"-") -> - | I45: =G45-F45 -> 0
B46: ='1'!B44 -> סה"כ מכירות | D46: =D45+D22 -> 5991738.1 | E46: =E45+E22 -> 6153613.8 | F46: =F45+F22 -> 20995.2 | G46: =G45+G22 -> 0 | H46: =IFERROR(G46/F46-1,"-") -> -1 | I46: =G46-F46 -> -20995.2

Sheet 1
B1: דוח מכירות ינואר 2027 | K1: תאריך הכנת התשתית: 02/10/26
A2: # | B2: לקוח | C2: קבוצה | D2: 2024 | E2: 2025 | F2: 2026 | G2: 2027 | H2: אחוז מול 2026 | I2: כספי מול 2026
A3: 111 | B3: סופר פארם לייף | C3: ISR | D3: -594.08 | E3: 58427.8 | F3: 63104 | H3: =IF(G3="","-",IFERROR(G3/F3-1,"-")) -> - | I3: =IF(G3="","-",G3-F3) -> -
A4: 1 | B4: סופרפארם | C4: ISR | D4: 452441.08 | E4: 670882.2 | F4: 423956.26 | H4: =IF(G4="","-",IFERROR(G4/F4-1,"-")) -> - | I4: =IF(G4="","-",G4-F4) -> -
A5: 2 | B5: BE | C5: ISR | D5: 63301.42 | E5: 54489.89 | F5: 67635.75 | H5: =IF(G5="","-",IFERROR(G5/F5-1,"-")) -> - | I5: =IF(G5="","-",G5-F5) -> -
A6: 3 | B6: בתי מרקחת | C6: ISR | D6: 164714.58 | E6: 136160.38 | F6: 192169.79 | H6: =IF(G6="","-",IFERROR(G6/F6-1,"-")) -> - | I6: =IF(G6="","-",G6-F6) -> -
A7: 112 | B7: כללית | C7: ISR | D7: 414961 | E7: 326467.5 | F7: 320186.2 | H7: =IF(G7="","-",IFERROR(G7/F7-1,"-")) -> - | I7: =IF(G7="","-",G7-F7) -> -
A8: 113 | B8: מאוחדת | C8: ISR | D8: 74817.97 | E8: 57834.64 | F8: 60425.14 | H8: =IF(G8="","-",IFERROR(G8/F8-1,"-")) -> - | I8: =IF(G8="","-",G8-F8) -> -
A9: 4 | B9: מכבי | C9: ISR | F9: 0 | H9: =IF(G9="","-",IFERROR(G9/F9-1,"-")) -> - | I9: =IF(G9="","-",G9-F9) -> -
A10: 102 | B10: מכוני אורטופדיה | C10: ISR | D10: 91890.1 | E10: 72633.3 | F10: 86618.03 | H10: =IF(G10="","-",IFERROR(G10/F10-1,"-")) -> - | I10: =IF(G10="","-",G10-F10) -> -
A11: 101 | B11: לקוחות מפעל | C11: ISR | D11: 15878.93 | E11: 16402.68 | F11: 18073.66 | H11: =IF(G11="","-",IFERROR(G11/F11-1,"-")) -> - | I11: =IF(G11="","-",G11-F11) -> -
A12: 109 | B12: חנויות פרטיות | C12: ISR | D12: 5667.68 | E12: 6025.5 | F12: 5894.68 | H12: =IF(G12="","-",IFERROR(G12/F12-1,"-")) -> - | I12: =IF(G12="","-",G12-F12) -> -
A13: 105 | B13: מכוני פדיקור | C13: ISR | D13: 0 | E13: 1162.85 | F13: 810.6 | H13: =IF(G13="","-",IFERROR(G13/F13-1,"-")) -> - | I13: =IF(G13="","-",G13-F13) -> -
A14: 104 | B14: חנויות נעליים | C14: ISR | D14: 0 | E14: 0 | H14: =IF(G14="","-",IFERROR(G14/F14-1,"-")) -> - | I14: =IF(G14="","-",G14-F14) -> -
A15: 106 | B15: בתי חולים ושרות | C15: ISR | D15: 0 | E15: 0 | F15: 2523.6 | H15: =IF(G15="","-",IFERROR(G15/F15-1,"-")) -> - | I15: =IF(G15="","-",G15-F15) -> -
A16: 103 | B16: מכוני פיזיותרפיה | C16: ISR | D16: 4135.49 | E16: 15213.91 | F16: 11467.92 | H16: =IF(G16="","-",IFERROR(G16/F16-1,"-")) -> - | I16: =IF(G16="","-",G16-F16) -> -
B17: סה"כ ישראל ללא אונליין | D17: =SUM(D3:D16) -> 1287214.2 | E17: =SUM(E3:E16) -> 1415700.6 | F17: =SUM(F3:F16) -> 1252865.6 | G17: =SUM(G3:G16) -> 0 | H17: =IF(G17="","-",IFERROR(G17/F17-1,"-")) -> -1 | I17: =IF(G17="","-",G17-F17) -> -1252865.6
A18: 114 | B18: לקוחות אינטרנט | C18: ISR | D18: 42663.04 | E18: 92988.17 | F18: 212354.12 | H18: =IF(G18="","-",IFERROR(G18/F18-1,"-")) -> - | I18: =IF(G18="","-",G18-F18) -> -
A19: 115 | B19: סופר פארם מרקט פלייס | C19: ISR | D19: 1654.88 | E19: 2032.3 | F19: 1274.4 | H19: =IF(G19="","-",IFERROR(G19/F19-1,"-")) -> - | I19: =IF(G19="","-",G19-F19) -> -
B20: סה"כ ישראל | D20: =D17+D18+D19 -> 1331532.1 | E20: =E17+E18+E19 -> 1510721.1 | F20: =F17+F18+F19 -> 1466494.1 | G20: =G17+G18+G19 -> 0 | H20: =IF(G20="","-",IFERROR(G20/F20-1,"-")) -> -1 | I20: =IF(G20="","-",G20-F20) -> -1466494.1
A21: 301 | B21: AMAZON | C21: USA | D21: 391520.95 | E21: 187395.64 | F21: 178026.69 | H21: =IF(G21="","-",IFERROR(G21/F21-1,"-")) -> - | I21: =IF(G21="","-",G21-F21) -> -
A22: 202 | B22: SUPER PHARM POLAND | C22: POLAND | D22: 203.73 | E22: 0 | H22: =IF(G22="","-",IFERROR(G22/F22-1,"-")) -> - | I22: =IF(G22="","-",G22-F22) -> -
A23: 203 | B23: ORTHO- PARTNER AG. | C23: SWITZERLAND | D23: 49158.59 | E23: 18517.61 | F23: 124895.37 | H23: =IF(G23="","-",IFERROR(G23/F23-1,"-")) -> - | I23: =IF(G23="","-",G23-F23) -> -
A24: 204 | B24: SANAFLEX ANATOMIC | C24: GREECE | D24: 68604.55 | E24: 0 | F24: 67158.97 | H24: =IF(G24="","-",IFERROR(G24/F24-1,"-")) -> - | I24: =IF(G24="","-",G24-F24) -> -
A25: 205 | B25: HEALTH CARE PROD. GMBH | C25: GERMANY | D25: 15923.68 | E25: 0 | F25: 15774.92 | H25: =IF(G25="","-",IFERROR(G25/F25-1,"-")) -> - | I25: =IF(G25="","-",G25-F25) -> -
A26: 206 | B26: ORTHOMED LTD | C26: BULGARIA | D26: 50777.76 | E26: 0 | H26: =IF(G26="","-",IFERROR(G26/F26-1,"-")) -> - | I26: =IF(G26="","-",G26-F26) -> -
A27: 207 | B27: SALUS | C27: HUNGARY | D27: 249206.12 | E27: 0 | F27: -1269.06 | H27: =IF(G27="","-",IFERROR(G27/F27-1,"-")) -> - | I27: =IF(G27="","-",G27-F27) -> -
A28: 216 | B28: MAX KONNARIS LTD | C28: CYPRUS | D28: 0 | E28: 0 | H28: =IF(G28="","-",IFERROR(G28/F28-1,"-")) -> - | I28: =IF(G28="","-",G28-F28) -> -
A29: 208 | B29: MEDIPAL COMPANY | C29: NABLUS | D29: 0 | E29: 0 | H29: =IF(G29="","-",IFERROR(G29/F29-1,"-")) -> - | I29: =IF(G29="","-",G29-F29) -> -
A30: 209 | B30: ORTOPROFIL PROD | C30: ROMANIA | D30: 0 | E30: 0 | F30: 27429.74 | H30: =IF(G30="","-",IFERROR(G30/F30-1,"-")) -> - | I30: =IF(G30="","-",G30-F30) -> -
A31: 210 | B31: OY. EA. AB. | C31: FINLAND | D31: 0 | E31: 0 | H31: =IF(G31="","-",IFERROR(G31/F31-1,"-")) -> - | I31: =IF(G31="","-",G31-F31) -> -
A32: 201 | B32: SEVEN GEAR | C32: FINLAND | D32: 0 | E32: 19897.57 | H32: =IF(G32="","-",IFERROR(G32/F32-1,"-")) -> - | I32: =IF(G32="","-",G32-F32) -> -
A33: 211 | B33: PHARMAG LACHMAIR GES. MBH | C33: AUSTRIA | D33: 0 | E33: 0 | H33: =IF(G33="","-",IFERROR(G33/F33-1,"-")) -> - | I33: =IF(G33="","-",G33-F33) -> -
A34: 304 | B34: REMEDICARE B.V. | C34: HOLLAND | H34: =IF(G34="","-",IFERROR(G34/F34-1,"-")) -> - | I34: =IF(G34="","-",G34-F34) -> -
A35: 213 | B35: E.F.M.O. | C35: SPAIN | D35: 20732.48 | E35: 19111.37 | F35: 18792.66 | H35: =IF(G35="","-",IFERROR(G35/F35-1,"-")) -> - | I35: =IF(G35="","-",G35-F35) -> -
A36: 214 | B36: ALFRED GERA | C36: MALTA | D36: 0 | E36: 0 | H36: =IF(G36="","-",IFERROR(G36/F36-1,"-")) -> - | I36: =IF(G36="","-",G36-F36) -> -
A37: 212 | B37: QUADRIFOGLIO MEDICAL | C37: ROMANIA | D37: 0 | E37: 0 | H37: =IF(G37="","-",IFERROR(G37/F37-1,"-")) -> - | I37: =IF(G37="","-",G37-F37) -> -
A38: 215 | B38: YOUNG IN HEALTHCARE CO., | C38: KOREA | D38: 0 | E38: 0 | H38: =IF(G38="","-",IFERROR(G38/F38-1,"-")) -> - | I38: =IF(G38="","-",G38-F38) -> -
A39: 217 | B39: HANS | C39: USA | D39: 0 | E39: 0 | H39: =IF(G39="","-",IFERROR(G39/F39-1,"-")) -> - | I39: =IF(G39="","-",G39-F39) -> -
A40: 303 | B40: NEW DISTRIBUTORS | C40: Other | H40: =IF(G40="","-",IFERROR(G40/F40-1,"-")) -> - | I40: =IF(G40="","-",G40-F40) -> -
A41: 305 | B41: BAKU | C41: AZERBAIJAN | F41: 0 | H41: =IF(G41="","-",IFERROR(G41/F41-1,"-")) -> - | I41: =IF(G41="","-",G41-F41) -> -
A42: 302 | B42: MEXICO | C42: MEXICO | F42: 0 | H42: =IF(G42="","-",IFERROR(G42/F42-1,"-")) -> - | I42: =IF(G42="","-",G42-F42) -> -
B43: סה"כ חו"ל | D43: =SUM(D21:D42) -> 846127.86 | E43: =SUM(E21:E42) -> 244922.19 | F43: =SUM(F21:F42) -> 430809.29 | G43: =SUM(G21:G42) -> 0 | H43: =IF(G43="","-",IFERROR(G43/F43-1,"-")) -> -1 | I43: =IF(G43="","-",G43-F43) -> -430809.29
B44: סה"כ מכירות | D44: =D43+D20 -> 2177660 | E44: =E43+E20 -> 1755643.3 | F44: =F43+F20 -> 1897303.4 | G44: =G43+G20 -> 0 | H44: =IF(G44="","-",IFERROR(G44/F44-1,"-")) -> -1 | I44: =IF(G44="","-",G44-F44) -> -1897303.4

Sheet 2
B1: דוח מכירות פברואר 2027 | K1: תאריך הכנת התשתית: 02/10/26
A2: # | B2: לקוח | C2: קבוצה | D2: 2024 | E2: 2025 | F2: 2026 | G2: 2027 | H2: אחוז מול 2026 | I2: כספי מול 2026
A3: 111 | B3: סופר פארם לייף | C3: ISR | D3: 347582.74 | E3: 233209.9 | F3: 364352.2 | H3: =IF(G3="","-",IFERROR(G3/F3-1,"-")) -> - | I3: =IF(G3="","-",G3-F3) -> -
A4: 1 | B4: סופרפארם | C4: ISR | D4: 422279.31 | E4: 406825.35 | F4: 469684.03 | H4: =IF(G4="","-",IFERROR(G4/F4-1,"-")) -> - | I4: =IF(G4="","-",G4-F4) -> -
A5: 2 | B5: BE | C5: ISR | D5: 82457.193 | E5: 65962.26 | F5: 68397.329 | H5: =IF(G5="","-",IFERROR(G5/F5-1,"-")) -> - | I5: =IF(G5="","-",G5-F5) -> -
A6: 3 | B6: בתי מרקחת | C6: ISR | D6: 163451.95 | E6: 133409.82 | F6: 140722.24 | H6: =IF(G6="","-",IFERROR(G6/F6-1,"-")) -> - | I6: =IF(G6="","-",G6-F6) -> -
A7: 112 | B7: כללית | C7: ISR | D7: 385135 | E7: 371734.5 | F7: 299047.35 | H7: =IF(G7="","-",IFERROR(G7/F7-1,"-")) -> - | I7: =IF(G7="","-",G7-F7) -> -
A8: 113 | B8: מאוחדת | C8: ISR | D8: 91523.03 | E8: 82146.14 | F8: 59215.28 | H8: =IF(G8="","-",IFERROR(G8/F8-1,"-")) -> - | I8: =IF(G8="","-",G8-F8) -> -
A9: 4 | B9: מכבי | C9: ISR | F9: 0 | H9: =IF(G9="","-",IFERROR(G9/F9-1,"-")) -> - | I9: =IF(G9="","-",G9-F9) -> -
A10: 102 | B10: מכוני אורטופדיה | C10: ISR | D10: 85829.2 | E10: 46378.11 | F10: 81282.23 | H10: =IF(G10="","-",IFERROR(G10/F10-1,"-")) -> - | I10: =IF(G10="","-",G10-F10) -> -
A11: 101 | B11: לקוחות מפעל | C11: ISR | D11: 11131.68 | E11: 17589.94 | F11: 11368.09 | H11: =IF(G11="","-",IFERROR(G11/F11-1,"-")) -> - | I11: =IF(G11="","-",G11-F11) -> -
A12: 109 | B12: חנויות פרטיות | C12: ISR | D12: 0 | E12: 4045.81 | F12: 3319.04 | H12: =IF(G12="","-",IFERROR(G12/F12-1,"-")) -> - | I12: =IF(G12="","-",G12-F12) -> -
A13: 105 | B13: מכוני פדיקור | C13: ISR | D13: 0 | E13: 569.45 | H13: =IF(G13="","-",IFERROR(G13/F13-1,"-")) -> - | I13: =IF(G13="","-",G13-F13) -> -
A14: 104 | B14: חנויות נעליים | C14: ISR | D14: 0 | E14: 0 | H14: =IF(G14="","-",IFERROR(G14/F14-1,"-")) -> - | I14: =IF(G14="","-",G14-F14) -> -
A15: 106 | B15: בתי חולים ושרות | C15: ISR | D15: 0 | E15: 11067.51 | F15: 947.38 | H15: =IF(G15="","-",IFERROR(G15/F15-1,"-")) -> - | I15: =IF(G15="","-",G15-F15) -> -
A16: 103 | B16: מכוני פיזיותרפיה | C16: ISR | D16: 8592.99 | E16: 12501.56 | F16: 15269.72 | H16: =IF(G16="","-",IFERROR(G16/F16-1,"-")) -> - | I16: =IF(G16="","-",G16-F16) -> -
B17: סה"כ ישראל ללא אונליין | D17: =SUM(D3:D16) -> 1597983.1 | E17: =SUM(E3:E16) -> 1385440.4 | F17: =SUM(F3:F16) -> 1513604.9 | G17: =SUM(G3:G16) -> 0 | H17: =IF(G17="","-",IFERROR(G17/F17-1,"-")) -> -1 | I17: =IF(G17="","-",G17-F17) -> -1513604.9
A18: 114 | B18: לקוחות אינטרנט | C18: ISR | D18: 40630.42 | E18: 97231.18 | F18: 236431.2 | H18: =IF(G18="","-",IFERROR(G18/F18-1,"-")) -> - | I18: =IF(G18="","-",G18-F18) -> -
A19: 115 | B19: סופר פארם מרקט פלייס | C19: ISR | D19: 2455.66 | E19: 3188.82 | F19: 1747 | H19: =IF(G19="","-",IFERROR(G19/F19-1,"-")) -> - | I19: =IF(G19="","-",G19-F19) -> -
B20: סה"כ ישראל | D20: =D17+D18+D19 -> 1641069.2 | E20: =E17+E18+E19 -> 1485860.4 | F20: =F17+F18+F19 -> 1751783.1 | G20: =G17+G18+G19 -> 0 | H20: =IF(G20="","-",IFERROR(G20/F20-1,"-")) -> -1 | I20: =IF(G20="","-",G20-F20) -> -1751783.1
A21: 301 | B21: AMAZON | C21: USA | D21: 377981.61 | E21: 188313.47 | F21: 194189.2 | H21: =IF(G21="","-",IFERROR(G21/F21-1,"-")) -> - | I21: =IF(G21="","-",G21-F21) -> -
A22: 202 | B22: SUPER PHARM POLAND | C22: POLAND | D22: 255841.44 | E22: 213082.56 | F22: 137198.2 | H22: =IF(G22="","-",IFERROR(G22/F22-1,"-")) -> - | I22: =IF(G22="","-",G22-F22) -> -
A23: 203 | B23: ORTHO- PARTNER AG. | C23: SWITZERLAND | D23: 73976.74 | E23: 35605.91 | F23: 17835.42 | H23: =IF(G23="","-",IFERROR(G23/F23-1,"-")) -> - | I23: =IF(G23="","-",G23-F23) -> -
A24: 204 | B24: SANAFLEX ANATOMIC | C24: GREECE | D24: 0 | E24: 85563.25 | H24: =IF(G24="","-",IFERROR(G24/F24-1,"-")) -> - | I24: =IF(G24="","-",G24-F24) -> -
A25: 205 | B25: HEALTH CARE PROD. GMBH | C25: GERMANY | D25: 0 | E25: 16335.18 | H25: =IF(G25="","-",IFERROR(G25/F25-1,"-")) -> - | I25: =IF(G25="","-",G25-F25) -> -
A26: 206 | B26: ORTHOMED LTD | C26: BULGARIA | D26: 0 | E26: 0 | H26: =IF(G26="","-",IFERROR(G26/F26-1,"-")) -> - | I26: =IF(G26="","-",G26-F26) -> -
A27: 207 | B27: SALUS | C27: HUNGARY | D27: 0 | E27: 0 | H27: =IF(G27="","-",IFERROR(G27/F27-1,"-")) -> - | I27: =IF(G27="","-",G27-F27) -> -
A28: 216 | B28: MAX KONNARIS LTD | C28: CYPRUS | D28: 23907.35 | E28: 0 | F28: 42152.31 | H28: =IF(G28="","-",IFERROR(G28/F28-1,"-")) -> - | I28: =IF(G28="","-",G28-F28) -> -
A29: 208 | B29: MEDIPAL COMPANY | C29: NABLUS | D29: 0 | E29: 0 | H29: =IF(G29="","-",IFERROR(G29/F29-1,"-")) -> - | I29: =IF(G29="","-",G29-F29) -> -
A30: 209 | B30: ORTOPROFIL PROD | C30: ROMANIA | D30: 49906.61 | E30: 49474.45 | F30: 24695.01 | H30: =IF(G30="","-",IFERROR(G30/F30-1,"-")) -> - | I30: =IF(G30="","-",G30-F30) -> -
A31: 210 | B31: OY. EA. AB. | C31: FINLAND | D31: 0 | E31: 0 | H31: =IF(G31="","-",IFERROR(G31/F31-1,"-")) -> - | I31: =IF(G31="","-",G31-F31) -> -
A32: 201 | B32: SEVEN GEAR | C32: FINLAND | D32: 0 | E32: 0 | H32: =IF(G32="","-",IFERROR(G32/F32-1,"-")) -> - | I32: =IF(G32="","-",G32-F32) -> -
A33: 211 | B33: PHARMAG LACHMAIR GES. MBH | C33: AUSTRIA | D33: 0 | E33: 0 | H33: =IF(G33="","-",IFERROR(G33/F33-1,"-")) -> - | I33: =IF(G33="","-",G33-F33) -> -
A34: 304 | B34: REMEDICARE B.V. | C34: HOLLAND | H34: =IF(G34="","-",IFERROR(G34/F34-1,"-")) -> - | I34: =IF(G34="","-",G34-F34) -> -
A35: 213 | B35: E.F.M.O. | C35: SPAIN | D35: 19941.82 | E35: 1584.32 | H35: =IF(G35="","-",IFERROR(G35/F35-1,"-")) -> - | I35: =IF(G35="","-",G35-F35) -> -
A36: 214 | B36: ALFRED GERA | C36: MALTA | D36: 34034.18 | E36: 0 | H36: =IF(G36="","-",IFERROR(G36/F36-1,"-")) -> - | I36: =IF(G36="","-",G36-F36) -> -
A37: 212 | B37: QUADRIFOGLIO MEDICAL | C37: ROMANIA | D37: 0 | E37: 0 | H37: =IF(G37="","-",IFERROR(G37/F37-1,"-")) -> - | I37: =IF(G37="","-",G37-F37) -> -
A38: 215 | B38: YOUNG IN HEALTHCARE CO., | C38: KOREA | D38: 0 | E38: 0 | H38: =IF(G38="","-",IFERROR(G38/F38-1,"-")) -> - | I38: =IF(G38="","-",G38-F38) -> -
A39: 217 | B39: HANS | C39: USA | D39: 0 | E39: 0 | H39: =IF(G39="","-",IFERROR(G39/F39-1,"-")) -> - | I39: =IF(G39="","-",G39-F39) -> -
A40: 303 | B40: NEW DISTRIBUTORS | C40: Other | H40: =IF(G40="","-",IFERROR(G40/F40-1,"-")) -> - | I40: =IF(G40="","-",G40-F40) -> -
A41: 305 | B41: BAKU | C41: AZERBAIJAN | F41: 0 | H41: =IF(G41="","-",IFERROR(G41/F41-1,"-")) -> - | I41: =IF(G41="","-",G41-F41) -> -
A42: 302 | B42: MEXICO | C42: MEXICO | F42: 0 | H42: =IF(G42="","-",IFERROR(G42/F42-1,"-")) -> - | I42: =IF(G42="","-",G42-F42) -> -
B43: סה"כ חו"ל | D43: =SUM(D21:D42) -> 835589.75 | E43: =SUM(E21:E42) -> 589959.14 | F43: =SUM(F21:F42) -> 416070.14 | G43: =SUM(G21:G42) -> 0 | H43: =IF(G43="","-",IFERROR(G43/F43-1,"-")) -> -1 | I43: =IF(G43="","-",G43-F43) -> -416070.14
B44: סה"כ מכירות | D44: =D43+D20 -> 2476658.9 | E44: =E43+E20 -> 2075819.5 | F44: =F43+F20 -> 2167853.2 | G44: =G43+G20 -> 0 | H44: =IF(G44="","-",IFERROR(G44/F44-1,"-")) -> -1 | I44: =IF(G44="","-",G44-F44) -> -2167853.2

Sheet 3
B1: דוח מכירות מרץ 2027 | K1: תאריך הכנת התשתית: 02/10/26
A2: # | B2: לקוח | C2: קבוצה | D2: 2024 | E2: 2025 | F2: 2026 | G2: 2027 | H2: אחוז מול 2026 | I2: כספי מול 2026
A3: 111 | B3: סופר פארם לייף | C3: ISR | D3: 0 | E3: 66608.1 | F3: 123280.14 | H3: =IF(G3="","-",IFERROR(G3/F3-1,"-")) -> - | I3: =IF(G3="","-",G3-F3) -> -
A4: 1 | B4: סופרפארם | C4: ISR | D4: 442108.94 | E4: 437918.57 | F4: 418342.47 | H4: =IF(G4="","-",IFERROR(G4/F4-1,"-")) -> - | I4: =IF(G4="","-",G4-F4) -> -
A5: 2 | B5: BE | C5: ISR | D5: 98496.489 | E5: 58257.29 | F5: 59847.151 | H5: =IF(G5="","-",IFERROR(G5/F5-1,"-")) -> - | I5: =IF(G5="","-",G5-F5) -> -
A6: 3 | B6: בתי מרקחת | C6: ISR | D6: 155174.62 | E6: 153012.03 | F6: 122676.56 | H6: =IF(G6="","-",IFERROR(G6/F6-1,"-")) -> - | I6: =IF(G6="","-",G6-F6) -> -
A7: 112 | B7: כללית | C7: ISR | D7: 389673.5 | E7: 376182 | F7: 244180.55 | H7: =IF(G7="","-",IFERROR(G7/F7-1,"-")) -> - | I7: =IF(G7="","-",G7-F7) -> -
A8: 113 | B8: מאוחדת | C8: ISR | D8: 77394.37 | E8: 74502.3 | F8: 55389.04 | H8: =IF(G8="","-",IFERROR(G8/F8-1,"-")) -> - | I8: =IF(G8="","-",G8-F8) -> -
A9: 4 | B9: מכבי | C9: ISR | F9: 0 | H9: =IF(G9="","-",IFERROR(G9/F9-1,"-")) -> - | I9: =IF(G9="","-",G9-F9) -> -
A10: 102 | B10: מכוני אורטופדיה | C10: ISR | D10: 87247.96 | E10: 65531.82 | F10: 48951.14 | H10: =IF(G10="","-",IFERROR(G10/F10-1,"-")) -> - | I10: =IF(G10="","-",G10-F10) -> -
A11: 101 | B11: לקוחות מפעל | C11: ISR | D11: 21528.06 | E11: 21300.79 | F11: 6765.24 | H11: =IF(G11="","-",IFERROR(G11/F11-1,"-")) -> - | I11: =IF(G11="","-",G11-F11) -> -
A12: 109 | B12: חנויות פרטיות | C12: ISR | D12: 3573.08 | E12: 11352.51 | F12: 3196.2 | H12: =IF(G12="","-",IFERROR(G12/F12-1,"-")) -> - | I12: =IF(G12="","-",G12-F12) -> -
A13: 105 | B13: מכוני פדיקור | C13: ISR | D13: 0 | E13: 0 | F13: 1106.56 | H13: =IF(G13="","-",IFERROR(G13/F13-1,"-")) -> - | I13: =IF(G13="","-",G13-F13) -> -
A14: 104 | B14: חנויות נעליים | C14: ISR | D14: 0 | E14: 0 | H14: =IF(G14="","-",IFERROR(G14/F14-1,"-")) -> - | I14: =IF(G14="","-",G14-F14) -> -
A15: 106 | B15: בתי חולים ושרות | C15: ISR | D15: 1275.21 | E15: 0 | H15: =IF(G15="","-",IFERROR(G15/F15-1,"-")) -> - | I15: =IF(G15="","-",G15-F15) -> -
A16: 103 | B16: מכוני פיזיותרפיה | C16: ISR | D16: 7451.5 | E16: 2138.43 | F16: 6672.87 | H16: =IF(G16="","-",IFERROR(G16/F16-1,"-")) -> - | I16: =IF(G16="","-",G16-F16) -> -
B17: סה"כ ישראל ללא אונליין | D17: =SUM(D3:D16) -> 1283923.7 | E17: =SUM(E3:E16) -> 1266803.8 | F17: =SUM(F3:F16) -> 1090407.9 | G17: =SUM(G3:G16) -> 0 | H17: =IF(G17="","-",IFERROR(G17/F17-1,"-")) -> -1 | I17: =IF(G17="","-",G17-F17) -> -1090407.9
A18: 114 | B18: לקוחות אינטרנט | C18: ISR | D18: 45122.89 | E18: 98819.24 | F18: 409497.07 | H18: =IF(G18="","-",IFERROR(G18/F18-1,"-")) -> - | I18: =IF(G18="","-",G18-F18) -> -
A19: 115 | B19: סופר פארם מרקט פלייס | C19: ISR | D19: 2233.52 | E19: 3577.56 | F19: 2065.63 | H19: =IF(G19="","-",IFERROR(G19/F19-1,"-")) -> - | I19: =IF(G19="","-",G19-F19) -> -
B20: סה"כ ישראל | D20: =D17+D18+D19 -> 1331280.1 | E20: =E17+E18+E19 -> 1369200.6 | F20: =F17+F18+F19 -> 1501970.6 | G20: =G17+G18+G19 -> 0 | H20: =IF(G20="","-",IFERROR(G20/F20-1,"-")) -> -1 | I20: =IF(G20="","-",G20-F20) -> -1501970.6
A21: 301 | B21: AMAZON | C21: USA | D21: 334336.04 | E21: 239973.2 | F21: 213959.66 | H21: =IF(G21="","-",IFERROR(G21/F21-1,"-")) -> - | I21: =IF(G21="","-",G21-F21) -> -
A22: 202 | B22: SUPER PHARM POLAND | C22: POLAND | D22: 0 | E22: 0 | H22: =IF(G22="","-",IFERROR(G22/F22-1,"-")) -> - | I22: =IF(G22="","-",G22-F22) -> -
A23: 203 | B23: ORTHO- PARTNER AG. | C23: SWITZERLAND | D23: 11470.17 | E23: 26449.51 | F23: 6418.64 | H23: =IF(G23="","-",IFERROR(G23/F23-1,"-")) -> - | I23: =IF(G23="","-",G23-F23) -> -
A24: 204 | B24: SANAFLEX ANATOMIC | C24: GREECE | D24: 84607.51 | E24: 0 | H24: =IF(G24="","-",IFERROR(G24/F24-1,"-")) -> - | I24: =IF(G24="","-",G24-F24) -> -
A25: 205 | B25: HEALTH CARE PROD. GMBH | C25: GERMANY | D25: 16377.13 | E25: 13664.6 | F25: 29021.19 | H25: =IF(G25="","-",IFERROR(G25/F25-1,"-")) -> - | I25: =IF(G25="","-",G25-F25) -> -
A26: 206 | B26: ORTHOMED LTD | C26: BULGARIA | D26: 0 | E26: 42132.93 | H26: =IF(G26="","-",IFERROR(G26/F26-1,"-")) -> - | I26: =IF(G26="","-",G26-F26) -> -
A27: 207 | B27: SALUS | C27: HUNGARY | D27: 0 | E27: 0 | H27: =IF(G27="","-",IFERROR(G27/F27-1,"-")) -> - | I27: =IF(G27="","-",G27-F27) -> -
A28: 216 | B28: MAX KONNARIS LTD | C28: CYPRUS | D28: 38588.13 | E28: 0 | H28: =IF(G28="","-",IFERROR(G28/F28-1,"-")) -> - | I28: =IF(G28="","-",G28-F28) -> -
A29: 208 | B29: MEDIPAL COMPANY | C29: NABLUS | D29: 171813.81 | E29: 0.22 | H29: =IF(G29="","-",IFERROR(G29/F29-1,"-")) -> - | I29: =IF(G29="","-",G29-F29) -> -
A30: 209 | B30: ORTOPROFIL PROD | C30: ROMANIA | D30: 25514.68 | E30: 43871.72 | H30: =IF(G30="","-",IFERROR(G30/F30-1,"-")) -> - | I30: =IF(G30="","-",G30-F30) -> -
A31: 210 | B31: OY. EA. AB. | C31: FINLAND | D31: 0 | E31: 32010.18 | H31: =IF(G31="","-",IFERROR(G31/F31-1,"-")) -> - | I31: =IF(G31="","-",G31-F31) -> -
A32: 201 | B32: SEVEN GEAR | C32: FINLAND | D32: 0 | E32: 0 | H32: =IF(G32="","-",IFERROR(G32/F32-1,"-")) -> - | I32: =IF(G32="","-",G32-F32) -> -
A33: 211 | B33: PHARMAG LACHMAIR GES. MBH | C33: AUSTRIA | D33: 0 | E33: 16024.5 | H33: =IF(G33="","-",IFERROR(G33/F33-1,"-")) -> - | I33: =IF(G33="","-",G33-F33) -> -
A34: 304 | B34: REMEDICARE B.V. | C34: HOLLAND | H34: =IF(G34="","-",IFERROR(G34/F34-1,"-")) -> - | I34: =IF(G34="","-",G34-F34) -> -
A35: 213 | B35: E.F.M.O. | C35: SPAIN | D35: -20732.48 | E35: 0 | H35: =IF(G35="","-",IFERROR(G35/F35-1,"-")) -> - | I35: =IF(G35="","-",G35-F35) -> -
A36: 214 | B36: ALFRED GERA | C36: MALTA | D36: 0 | E36: 0 | H36: =IF(G36="","-",IFERROR(G36/F36-1,"-")) -> - | I36: =IF(G36="","-",G36-F36) -> -
A37: 212 | B37: QUADRIFOGLIO MEDICAL | C37: ROMANIA | D37: 0 | E37: 0 | H37: =IF(G37="","-",IFERROR(G37/F37-1,"-")) -> - | I37: =IF(G37="","-",G37-F37) -> -
A38: 215 | B38: YOUNG IN HEALTHCARE CO., | C38: KOREA | D38: 0 | E38: 0 | H38: =IF(G38="","-",IFERROR(G38/F38-1,"-")) -> - | I38: =IF(G38="","-",G38-F38) -> -
A39: 217 | B39: HANS | C39: USA | D39: 0 | E39: 0 | H39: =IF(G39="","-",IFERROR(G39/F39-1,"-")) -> - | I39: =IF(G39="","-",G39-F39) -> -
A40: 303 | B40: NEW DISTRIBUTORS | C40: Other | H40: =IF(G40="","-",IFERROR(G40/F40-1,"-")) -> - | I40: =IF(G40="","-",G40-F40) -> -
A41: 305 | B41: BAKU | C41: AZERBAIJAN | F41: 0 | H41: =IF(G41="","-",IFERROR(G41/F41-1,"-")) -> - | I41: =IF(G41="","-",G41-F41) -> -
A42: 302 | B42: MEXICO | C42: MEXICO | F42: 0 | H42: =IF(G42="","-",IFERROR(G42/F42-1,"-")) -> - | I42: =IF(G42="","-",G42-F42) -> -
B43: סה"כ חו"ל | D43: =SUM(D21:D42) -> 661974.99 | E43: =SUM(E21:E42) -> 414126.86 | F43: =SUM(F21:F42) -> 249399.49 | G43: =SUM(G21:G42) -> 0 | H43: =IF(G43="","-",IFERROR(G43/F43-1,"-")) -> -1 | I43: =IF(G43="","-",G43-F43) -> -249399.49
B44: סה"כ מכירות | D44: =D43+D20 -> 1993255.1 | E44: =E43+E20 -> 1783327.5 | F44: =F43+F20 -> 1751370.1 | G44: =G43+G20 -> 0 | H44: =IF(G44="","-",IFERROR(G44/F44-1,"-")) -> -1 | I44: =IF(G44="","-",G44-F44) -> -1751370.1

Sheet 4
B1: דוח מכירות אפריל 2027 | K1: תאריך הכנת התשתית: 02/10/26
A2: # | B2: לקוח | C2: קבוצה | D2: 2024 | E2: 2025 | F2: 2026 | G2: 2027 | H2: אחוז מול 2026 | I2: כספי מול 2026
A3: 111 | B3: סופר פארם לייף | C3: ISR | D3: 263037.5 | E3: 336937.6 | F3: 124575.26 | H3: =IF(G3="","-",IFERROR(G3/F3-1,"-")) -> - | I3: =IF(G3="","-",G3-F3) -> -
A4: 1 | B4: סופרפארם | C4: ISR | D4: 473814.8 | E4: 549545.83 | F4: 429718.2 | H4: =IF(G4="","-",IFERROR(G4/F4-1,"-")) -> - | I4: =IF(G4="","-",G4-F4) -> -
A5: 2 | B5: BE | C5: ISR | D5: 100846.29 | E5: 75168 | F5: 83501.964 | H5: =IF(G5="","-",IFERROR(G5/F5-1,"-")) -> - | I5: =IF(G5="","-",G5-F5) -> -
A6: 3 | B6: בתי מרקחת | C6: ISR | D6: 132554.79 | E6: 173213.55 | F6: 125615.73 | H6: =IF(G6="","-",IFERROR(G6/F6-1,"-")) -> - | I6: =IF(G6="","-",G6-F6) -> -
A7: 112 | B7: כללית | C7: ISR | D7: 244648 | E7: 263457 | F7: 220778.2 | H7: =IF(G7="","-",IFERROR(G7/F7-1,"-")) -> - | I7: =IF(G7="","-",G7-F7) -> -
A8: 113 | B8: מאוחדת | C8: ISR | D8: 59971.53 | E8: 62433.13 | F8: 50971.08 | H8: =IF(G8="","-",IFERROR(G8/F8-1,"-")) -> - | I8: =IF(G8="","-",G8-F8) -> -
A9: 4 | B9: מכבי | C9: ISR | F9: 0 | H9: =IF(G9="","-",IFERROR(G9/F9-1,"-")) -> - | I9: =IF(G9="","-",G9-F9) -> -
A10: 102 | B10: מכוני אורטופדיה | C10: ISR | D10: 69580.43 | E10: 74555.12 | F10: 88526.04 | H10: =IF(G10="","-",IFERROR(G10/F10-1,"-")) -> - | I10: =IF(G10="","-",G10-F10) -> -
A11: 101 | B11: לקוחות מפעל | C11: ISR | D11: 14571.76 | E11: 15201.7 | F11: 11923.54 | H11: =IF(G11="","-",IFERROR(G11/F11-1,"-")) -> - | I11: =IF(G11="","-",G11-F11) -> -
A12: 109 | B12: חנויות פרטיות | C12: ISR | D12: 11309.68 | E12: 4054.42 | F12: 4956.22 | H12: =IF(G12="","-",IFERROR(G12/F12-1,"-")) -> - | I12: =IF(G12="","-",G12-F12) -> -
A13: 105 | B13: מכוני פדיקור | C13: ISR | D13: 850.4 | E13: 0 | H13: =IF(G13="","-",IFERROR(G13/F13-1,"-")) -> - | I13: =IF(G13="","-",G13-F13) -> -
A14: 104 | B14: חנויות נעליים | C14: ISR | D14: 0 | E14: 0 | H14: =IF(G14="","-",IFERROR(G14/F14-1,"-")) -> - | I14: =IF(G14="","-",G14-F14) -> -
A15: 106 | B15: בתי חולים ושרות | C15: ISR | D15: 0 | E15: 0 | F15: 847.74 | H15: =IF(G15="","-",IFERROR(G15/F15-1,"-")) -> - | I15: =IF(G15="","-",G15-F15) -> -
A16: 103 | B16: מכוני פיזיותרפיה | C16: ISR | D16: 3314.43 | E16: 5898.37 | F16: 33906.96 | H16: =IF(G16="","-",IFERROR(G16/F16-1,"-")) -> - | I16: =IF(G16="","-",G16-F16) -> -
B17: סה"כ ישראל ללא אונליין | D17: =SUM(D3:D16) -> 1374499.6 | E17: =SUM(E3:E16) -> 1560464.7 | F17: =SUM(F3:F16) -> 1175320.9 | G17: =SUM(G3:G16) -> 0 | H17: =IF(G17="","-",IFERROR(G17/F17-1,"-")) -> -1 | I17: =IF(G17="","-",G17-F17) -> -1175320.9
A18: 114 | B18: לקוחות אינטרנט | C18: ISR | D18: 43476.43 | E18: 96447.31 | F18: 544858.41 | H18: =IF(G18="","-",IFERROR(G18/F18-1,"-")) -> - | I18: =IF(G18="","-",G18-F18) -> -
A19: 115 | B19: סופר פארם מרקט פלייס | C19: ISR | D19: 2046.43 | E19: 2606.4 | F19: 1302.94 | H19: =IF(G19="","-",IFERROR(G19/F19-1,"-")) -> - | I19: =IF(G19="","-",G19-F19) -> -
B20: סה"כ ישראל | D20: =D17+D18+D19 -> 1420022.5 | E20: =E17+E18+E19 -> 1659518.4 | F20: =F17+F18+F19 -> 1721482.3 | G20: =G17+G18+G19 -> 0 | H20: =IF(G20="","-",IFERROR(G20/F20-1,"-")) -> -1 | I20: =IF(G20="","-",G20-F20) -> -1721482.3
A21: 301 | B21: AMAZON | C21: USA | D21: 264520.55 | E21: 238431.78 | F21: 214988.69 | H21: =IF(G21="","-",IFERROR(G21/F21-1,"-")) -> - | I21: =IF(G21="","-",G21-F21) -> -
A22: 202 | B22: SUPER PHARM POLAND | C22: POLAND | D22: 184350.47 | E22: 217182.24 | H22: =IF(G22="","-",IFERROR(G22/F22-1,"-")) -> - | I22: =IF(G22="","-",G22-F22) -> -
A23: 203 | B23: ORTHO- PARTNER AG. | C23: SWITZERLAND | D23: 0 | E23: 0 | F23: 123835.02 | H23: =IF(G23="","-",IFERROR(G23/F23-1,"-")) -> - | I23: =IF(G23="","-",G23-F23) -> -
A24: 204 | B24: SANAFLEX ANATOMIC | C24: GREECE | D24: 0 | E24: 88706.82 | F24: 92404.96 | H24: =IF(G24="","-",IFERROR(G24/F24-1,"-")) -> - | I24: =IF(G24="","-",G24-F24) -> -
A25: 205 | B25: HEALTH CARE PROD. GMBH | C25: GERMANY | D25: 17556.44 | E25: 11888.32 | H25: =IF(G25="","-",IFERROR(G25/F25-1,"-")) -> - | I25: =IF(G25="","-",G25-F25) -> -
A26: 206 | B26: ORTHOMED LTD | C26: BULGARIA | D26: 0 | E26: 0 | H26: =IF(G26="","-",IFERROR(G26/F26-1,"-")) -> - | I26: =IF(G26="","-",G26-F26) -> -
A27: 207 | B27: SALUS | C27: HUNGARY | D27: 0 | E27: 0 | F27: 165356.86 | H27: =IF(G27="","-",IFERROR(G27/F27-1,"-")) -> - | I27: =IF(G27="","-",G27-F27) -> -
A28: 216 | B28: MAX KONNARIS LTD | C28: CYPRUS | D28: 0 | E28: 35240.62 | H28: =IF(G28="","-",IFERROR(G28/F28-1,"-")) -> - | I28: =IF(G28="","-",G28-F28) -> -
A29: 208 | B29: MEDIPAL COMPANY | C29: NABLUS | D29: 0 | E29: 0 | H29: =IF(G29="","-",IFERROR(G29/F29-1,"-")) -> - | I29: =IF(G29="","-",G29-F29) -> -
A30: 209 | B30: ORTOPROFIL PROD | C30: ROMANIA | D30: 27828.48 | E30: 38170.88 | F30: 60931.15 | H30: =IF(G30="","-",IFERROR(G30/F30-1,"-")) -> - | I30: =IF(G30="","-",G30-F30) -> -
A31: 210 | B31: OY. EA. AB. | C31: FINLAND | D31: 49617.59 | E31: 0 | H31: =IF(G31="","-",IFERROR(G31/F31-1,"-")) -> - | I31: =IF(G31="","-",G31-F31) -> -
A32: 201 | B32: SEVEN GEAR | C32: FINLAND | D32: 20354.79 | E32: 0 | F32: 17809.5 | H32: =IF(G32="","-",IFERROR(G32/F32-1,"-")) -> - | I32: =IF(G32="","-",G32-F32) -> -
A33: 211 | B33: PHARMAG LACHMAIR GES. MBH | C33: AUSTRIA | D33: 0 | E33: 0 | H33: =IF(G33="","-",IFERROR(G33/F33-1,"-")) -> - | I33: =IF(G33="","-",G33-F33) -> -
A34: 304 | B34: REMEDICARE B.V. | C34: HOLLAND | H34: =IF(G34="","-",IFERROR(G34/F34-1,"-")) -> - | I34: =IF(G34="","-",G34-F34) -> -
A35: 213 | B35: E.F.M.O. | C35: SPAIN | D35: 0 | E35: 0 | H35: =IF(G35="","-",IFERROR(G35/F35-1,"-")) -> - | I35: =IF(G35="","-",G35-F35) -> -
A36: 214 | B36: ALFRED GERA | C36: MALTA | D36: 0 | E36: 0 | H36: =IF(G36="","-",IFERROR(G36/F36-1,"-")) -> - | I36: =IF(G36="","-",G36-F36) -> -
A37: 212 | B37: QUADRIFOGLIO MEDICAL | C37: ROMANIA | D37: 41531.96 | E37: 0 | H37: =IF(G37="","-",IFERROR(G37/F37-1,"-")) -> - | I37: =IF(G37="","-",G37-F37) -> -
A38: 215 | B38: YOUNG IN HEALTHCARE CO., | C38: KOREA | D38: 0 | E38: 0 | H38: =IF(G38="","-",IFERROR(G38/F38-1,"-")) -> - | I38: =IF(G38="","-",G38-F38) -> -
A39: 217 | B39: HANS | C39: USA | D39: 0 | E39: 0 | H39: =IF(G39="","-",IFERROR(G39/F39-1,"-")) -> - | I39: =IF(G39="","-",G39-F39) -> -
A40: 303 | B40: NEW DISTRIBUTORS | C40: Other | H40: =IF(G40="","-",IFERROR(G40/F40-1,"-")) -> - | I40: =IF(G40="","-",G40-F40) -> -
A41: 305 | B41: BAKU | C41: AZERBAIJAN | F41: 0 | H41: =IF(G41="","-",IFERROR(G41/F41-1,"-")) -> - | I41: =IF(G41="","-",G41-F41) -> -
A42: 302 | B42: MEXICO | C42: MEXICO | F42: 0 | H42: =IF(G42="","-",IFERROR(G42/F42-1,"-")) -> - | I42: =IF(G42="","-",G42-F42) -> -
B43: סה"כ חו"ל | D43: =SUM(D21:D42) -> 605760.28 | E43: =SUM(E21:E42) -> 629620.66 | F43: =SUM(F21:F42) -> 675326.18 | G43: =SUM(G21:G42) -> 0 | H43: =IF(G43="","-",IFERROR(G43/F43-1,"-")) -> -1 | I43: =IF(G43="","-",G43-F43) -> -675326.18
B44: סה"כ מכירות | D44: =D43+D20 -> 2025782.7 | E44: =E43+E20 -> 2289139.1 | F44: =F43+F20 -> 2396808.5 | G44: =G43+G20 -> 0 | H44: =IF(G44="","-",IFERROR(G44/F44-1,"-")) -> -1 | I44: =IF(G44="","-",G44-F44) -> -2396808.5

Sheet 5
B1: דוח מכירות מאי 2027 | K1: תאריך הכנת התשתית: 02/10/26
A2: # | B2: לקוח | C2: קבוצה | D2: 2024 | E2: 2025 | F2: 2026 | G2: 2027 | H2: אחוז מול 2026 | I2: כספי מול 2026
A3: 111 | B3: סופר פארם לייף | C3: ISR | D3: 155618.13 | E3: 131634 | H3: =IF(G3="","-",IFERROR(G3/F3-1,"-")) -> - | I3: =IF(G3="","-",G3-F3) -> -
A4: 1 | B4: סופרפארם | C4: ISR | D4: 560199.91 | E4: 729180.69 | F4: 498482.53 | H4: =IF(G4="","-",IFERROR(G4/F4-1,"-")) -> - | I4: =IF(G4="","-",G4-F4) -> -
A5: 2 | B5: BE | C5: ISR | D5: 104005.54 | E5: 80577.77 | F5: 81328.338 | H5: =IF(G5="","-",IFERROR(G5/F5-1,"-")) -> - | I5: =IF(G5="","-",G5-F5) -> -
A6: 3 | B6: בתי מרקחת | C6: ISR | D6: 211638.8 | E6: 186515.16 | F6: 148972.08 | H6: =IF(G6="","-",IFERROR(G6/F6-1,"-")) -> - | I6: =IF(G6="","-",G6-F6) -> -
A7: 112 | B7: כללית | C7: ISR | D7: 327442 | E7: 307503 | F7: 318846.8 | H7: =IF(G7="","-",IFERROR(G7/F7-1,"-")) -> - | I7: =IF(G7="","-",G7-F7) -> -
A8: 113 | B8: מאוחדת | C8: ISR | D8: 65998.04 | E8: 88130.8 | F8: 47091.772 | H8: =IF(G8="","-",IFERROR(G8/F8-1,"-")) -> - | I8: =IF(G8="","-",G8-F8) -> -
A9: 4 | B9: מכבי | C9: ISR | F9: 0 | H9: =IF(G9="","-",IFERROR(G9/F9-1,"-")) -> - | I9: =IF(G9="","-",G9-F9) -> -
A10: 102 | B10: מכוני אורטופדיה | C10: ISR | D10: 99310.41 | E10: 94846.85 | F10: 102176.91 | H10: =IF(G10="","-",IFERROR(G10/F10-1,"-")) -> - | I10: =IF(G10="","-",G10-F10) -> -
A11: 101 | B11: לקוחות מפעל | C11: ISR | D11: 16034.44 | E11: 15870.65 | F11: 6343.11 | H11: =IF(G11="","-",IFERROR(G11/F11-1,"-")) -> - | I11: =IF(G11="","-",G11-F11) -> -
A12: 109 | B12: חנויות פרטיות | C12: ISR | D12: 1188.66 | E12: 5871.12 | F12: 7664.69 | H12: =IF(G12="","-",IFERROR(G12/F12-1,"-")) -> - | I12: =IF(G12="","-",G12-F12) -> -
A13: 105 | B13: מכוני פדיקור | C13: ISR | D13: 0 | E13: 0 | H13: =IF(G13="","-",IFERROR(G13/F13-1,"-")) -> - | I13: =IF(G13="","-",G13-F13) -> -
A14: 104 | B14: חנויות נעליים | C14: ISR | D14: 1597.46 | E14: 0 | F14: 1896.82 | H14: =IF(G14="","-",IFERROR(G14/F14-1,"-")) -> - | I14: =IF(G14="","-",G14-F14) -> -
A15: 106 | B15: בתי חולים ושרות | C15: ISR | D15: 0 | E15: 0 | F15: 3430 | H15: =IF(G15="","-",IFERROR(G15/F15-1,"-")) -> - | I15: =IF(G15="","-",G15-F15) -> -
A16: 103 | B16: מכוני פיזיותרפיה | C16: ISR | D16: 3187.34 | E16: 707.66 | F16: 6150.22 | H16: =IF(G16="","-",IFERROR(G16/F16-1,"-")) -> - | I16: =IF(G16="","-",G16-F16) -> -
B17: סה"כ ישראל ללא אונליין | D17: =SUM(D3:D16) -> 1546220.7 | E17: =SUM(E3:E16) -> 1640837.7 | F17: =SUM(F3:F16) -> 1222383.3 | G17: =SUM(G3:G16) -> 0 | H17: =IF(G17="","-",IFERROR(G17/F17-1,"-")) -> -1 | I17: =IF(G17="","-",G17-F17) -> -1222383.3
A18: 114 | B18: לקוחות אינטרנט | C18: ISR | D18: 49304.7 | E18: 99302.95 | F18: 404699.34 | H18: =IF(G18="","-",IFERROR(G18/F18-1,"-")) -> - | I18: =IF(G18="","-",G18-F18) -> -
A19: 115 | B19: סופר פארם מרקט פלייס | C19: ISR | D19: 2364.29 | E19: 1491.14 | F19: 2347.76 | H19: =IF(G19="","-",IFERROR(G19/F19-1,"-")) -> - | I19: =IF(G19="","-",G19-F19) -> -
B20: סה"כ ישראל | D20: =D17+D18+D19 -> 1597889.7 | E20: =E17+E18+E19 -> 1741631.8 | F20: =F17+F18+F19 -> 1629430.4 | G20: =G17+G18+G19 -> 0 | H20: =IF(G20="","-",IFERROR(G20/F20-1,"-")) -> -1 | I20: =IF(G20="","-",G20-F20) -> -1629430.4
A21: 301 | B21: AMAZON | C21: USA | D21: 318316.8 | E21: 252540.02 | F21: 224163.96 | H21: =IF(G21="","-",IFERROR(G21/F21-1,"-")) -> - | I21: =IF(G21="","-",G21-F21) -> -
A22: 202 | B22: SUPER PHARM POLAND | C22: POLAND | D22: 0 | E22: 0 | F22: 204882.82 | H22: =IF(G22="","-",IFERROR(G22/F22-1,"-")) -> - | I22: =IF(G22="","-",G22-F22) -> -
A23: 203 | B23: ORTHO- PARTNER AG. | C23: SWITZERLAND | D23: 169505.88 | E23: 1513.3 | F23: 5036.8 | H23: =IF(G23="","-",IFERROR(G23/F23-1,"-")) -> - | I23: =IF(G23="","-",G23-F23) -> -
A24: 204 | B24: SANAFLEX ANATOMIC | C24: GREECE | D24: 0 | E24: 0 | H24: =IF(G24="","-",IFERROR(G24/F24-1,"-")) -> - | I24: =IF(G24="","-",G24-F24) -> -
A25: 205 | B25: HEALTH CARE PROD. GMBH | C25: GERMANY | D25: 0 | E25: 0 | F25: 16087.48 | H25: =IF(G25="","-",IFERROR(G25/F25-1,"-")) -> - | I25: =IF(G25="","-",G25-F25) -> -
A26: 206 | B26: ORTHOMED LTD | C26: BULGARIA | D26: 0 | E26: 10766.89 | H26: =IF(G26="","-",IFERROR(G26/F26-1,"-")) -> - | I26: =IF(G26="","-",G26-F26) -> -
A27: 207 | B27: SALUS | C27: HUNGARY | D27: 0 | E27: 172805.6 | F27: -19940.33 | H27: =IF(G27="","-",IFERROR(G27/F27-1,"-")) -> - | I27: =IF(G27="","-",G27-F27) -> -
A28: 216 | B28: MAX KONNARIS LTD | C28: CYPRUS | D28: -0.48 | E28: 0 | F28: 18541.7 | H28: =IF(G28="","-",IFERROR(G28/F28-1,"-")) -> - | I28: =IF(G28="","-",G28-F28) -> -
A29: 208 | B29: MEDIPAL COMPANY | C29: NABLUS | D29: 0 | E29: 0 | H29: =IF(G29="","-",IFERROR(G29/F29-1,"-")) -> - | I29: =IF(G29="","-",G29-F29) -> -
A30: 209 | B30: ORTOPROFIL PROD | C30: ROMANIA | D30: 31259.76 | E30: 56732.32 | F30: 33066.23 | H30: =IF(G30="","-",IFERROR(G30/F30-1,"-")) -> - | I30: =IF(G30="","-",G30-F30) -> -
A31: 210 | B31: OY. EA. AB. | C31: FINLAND | D31: 0 | E31: 0 | F31: 43116.44 | H31: =IF(G31="","-",IFERROR(G31/F31-1,"-")) -> - | I31: =IF(G31="","-",G31-F31) -> -
A32: 201 | B32: SEVEN GEAR | C32: FINLAND | D32: 0 | E32: 18835.73 | H32: =IF(G32="","-",IFERROR(G32/F32-1,"-")) -> - | I32: =IF(G32="","-",G32-F32) -> -
A33: 211 | B33: PHARMAG LACHMAIR GES. MBH | C33: AUSTRIA | D33: 0 | E33: 0 | H33: =IF(G33="","-",IFERROR(G33/F33-1,"-")) -> - | I33: =IF(G33="","-",G33-F33) -> -
A34: 304 | B34: REMEDICARE B.V. | C34: HOLLAND | H34: =IF(G34="","-",IFERROR(G34/F34-1,"-")) -> - | I34: =IF(G34="","-",G34-F34) -> -
A35: 213 | B35: E.F.M.O. | C35: SPAIN | D35: 0 | E35: 19017.88 | H35: =IF(G35="","-",IFERROR(G35/F35-1,"-")) -> - | I35: =IF(G35="","-",G35-F35) -> -
A36: 214 | B36: ALFRED GERA | C36: MALTA | D36: 0 | E36: 30531.53 | H36: =IF(G36="","-",IFERROR(G36/F36-1,"-")) -> - | I36: =IF(G36="","-",G36-F36) -> -
A37: 212 | B37: QUADRIFOGLIO MEDICAL | C37: ROMANIA | D37: 0 | E37: 0 | H37: =IF(G37="","-",IFERROR(G37/F37-1,"-")) -> - | I37: =IF(G37="","-",G37-F37) -> -
A38: 215 | B38: YOUNG IN HEALTHCARE CO., | C38: KOREA | D38: 0 | E38: 0 | H38: =IF(G38="","-",IFERROR(G38/F38-1,"-")) -> - | I38: =IF(G38="","-",G38-F38) -> -
A39: 217 | B39: HANS | C39: USA | D39: 0 | E39: 248.59 | H39: =IF(G39="","-",IFERROR(G39/F39-1,"-")) -> - | I39: =IF(G39="","-",G39-F39) -> -
A40: 303 | B40: NEW DISTRIBUTORS | C40: Other | H40: =IF(G40="","-",IFERROR(G40/F40-1,"-")) -> - | I40: =IF(G40="","-",G40-F40) -> -
A41: 305 | B41: BAKU | C41: AZERBAIJAN | F41: 0 | H41: =IF(G41="","-",IFERROR(G41/F41-1,"-")) -> - | I41: =IF(G41="","-",G41-F41) -> -
A42: 302 | B42: MEXICO | C42: MEXICO | F42: 0 | H42: =IF(G42="","-",IFERROR(G42/F42-1,"-")) -> - | I42: =IF(G42="","-",G42-F42) -> -
B43: סה"כ חו"ל | D43: =SUM(D21:D42) -> 519081.96 | E43: =SUM(E21:E42) -> 562991.86 | F43: =SUM(F21:F42) -> 524955.1 | G43: =SUM(G21:G42) -> 0 | H43: =IF(G43="","-",IFERROR(G43/F43-1,"-")) -> -1 | I43: =IF(G43="","-",G43-F43) -> -524955.1
B44: סה"כ מכירות | D44: =D43+D20 -> 2116971.7 | E44: =E43+E20 -> 2304623.7 | F44: =F43+F20 -> 2154385.5 | G44: =G43+G20 -> 0 | H44: =IF(G44="","-",IFERROR(G44/F44-1,"-")) -> -1 | I44: =IF(G44="","-",G44-F44) -> -2154385.5

Sheet 6
B1: דוח מכירות יוני 2027 | K1: תאריך הכנת התשתית: 02/10/26
A2: # | B2: לקוח | C2: קבוצה | D2: 2024 | E2: 2025 | F2: 2026 | G2: 2027 | H2: אחוז מול 2026 | I2: כספי מול 2026
A3: 111 | B3: סופר פארם לייף | C3: ISR | D3: 144633.67 | E3: 0 | F3: 65131.7 | H3: =IF(G3="","-",IFERROR(G3/F3-1,"-")) -> - | I3: =IF(G3="","-",G3-F3) -> -
A4: 1 | B4: סופרפארם | C4: ISR | D4: 429114.05 | E4: 452295.98 | F4: 534754.4 | H4: =IF(G4="","-",IFERROR(G4/F4-1,"-")) -> - | I4: =IF(G4="","-",G4-F4) -> -
A5: 2 | B5: BE | C5: ISR | D5: 94683.953 | E5: 87191.65 | F5: 76564.033 | H5: =IF(G5="","-",IFERROR(G5/F5-1,"-")) -> - | I5: =IF(G5="","-",G5-F5) -> -
A6: 3 | B6: בתי מרקחת | C6: ISR | D6: 174598.68 | E6: 160476.44 | F6: 188367.58 | H6: =IF(G6="","-",IFERROR(G6/F6-1,"-")) -> - | I6: =IF(G6="","-",G6-F6) -> -
A7: 112 | B7: כללית | C7: ISR | D7: 315729.5 | E7: 363201.5 | F7: 339371.75 | H7: =IF(G7="","-",IFERROR(G7/F7-1,"-")) -> - | I7: =IF(G7="","-",G7-F7) -> -
A8: 113 | B8: מאוחדת | C8: ISR | D8: 43688.56 | E8: 62616.16 | F8: 70005.299 | H8: =IF(G8="","-",IFERROR(G8/F8-1,"-")) -> - | I8: =IF(G8="","-",G8-F8) -> -
A9: 4 | B9: מכבי | C9: ISR | F9: 0 | H9: =IF(G9="","-",IFERROR(G9/F9-1,"-")) -> - | I9: =IF(G9="","-",G9-F9) -> -
A10: 102 | B10: מכוני אורטופדיה | C10: ISR | D10: 77555.62 | E10: 63999.64 | F10: 67723.22 | H10: =IF(G10="","-",IFERROR(G10/F10-1,"-")) -> - | I10: =IF(G10="","-",G10-F10) -> -
A11: 101 | B11: לקוחות מפעל | C11: ISR | D11: 13321.91 | E11: 9192.17 | F11: 6761.44 | H11: =IF(G11="","-",IFERROR(G11/F11-1,"-")) -> - | I11: =IF(G11="","-",G11-F11) -> -
A12: 109 | B12: חנויות פרטיות | C12: ISR | D12: 11738.24 | E12: 4288.26 | F12: 8984.58 | H12: =IF(G12="","-",IFERROR(G12/F12-1,"-")) -> - | I12: =IF(G12="","-",G12-F12) -> -
A13: 105 | B13: מכוני פדיקור | C13: ISR | D13: 0 | E13: 1244.84 | F13: 1658.99 | H13: =IF(G13="","-",IFERROR(G13/F13-1,"-")) -> - | I13: =IF(G13="","-",G13-F13) -> -
A14: 104 | B14: חנויות נעליים | C14: ISR | D14: 0 | E14: 0 | H14: =IF(G14="","-",IFERROR(G14/F14-1,"-")) -> - | I14: =IF(G14="","-",G14-F14) -> -
A15: 106 | B15: בתי חולים ושרות | C15: ISR | D15: 4579.64 | E15: 0 | H15: =IF(G15="","-",IFERROR(G15/F15-1,"-")) -> - | I15: =IF(G15="","-",G15-F15) -> -
A16: 103 | B16: מכוני פיזיותרפיה | C16: ISR | D16: 5235.63 | E16: 17697.58 | F16: 15643.41 | H16: =IF(G16="","-",IFERROR(G16/F16-1,"-")) -> - | I16: =IF(G16="","-",G16-F16) -> -
B17: סה"כ ישראל ללא אונליין | D17: =SUM(D3:D16) -> 1314879.4 | E17: =SUM(E3:E16) -> 1222204.2 | F17: =SUM(F3:F16) -> 1374966.4 | G17: =SUM(G3:G16) -> 0 | H17: =IF(G17="","-",IFERROR(G17/F17-1,"-")) -> -1 | I17: =IF(G17="","-",G17-F17) -> -1374966.4
A18: 114 | B18: לקוחות אינטרנט | C18: ISR | D18: 52569.54 | E18: 128892.76 | F18: 423398.06 | H18: =IF(G18="","-",IFERROR(G18/F18-1,"-")) -> - | I18: =IF(G18="","-",G18-F18) -> -
A19: 115 | B19: סופר פארם מרקט פלייס | C19: ISR | D19: 5374.81 | E19: 4432.93 | F19: 1069.29 | H19: =IF(G19="","-",IFERROR(G19/F19-1,"-")) -> - | I19: =IF(G19="","-",G19-F19) -> -
B20: סה"כ ישראל | D20: =D17+D18+D19 -> 1372823.8 | E20: =E17+E18+E19 -> 1355529.9 | F20: =F17+F18+F19 -> 1799433.8 | G20: =G17+G18+G19 -> 0 | H20: =IF(G20="","-",IFERROR(G20/F20-1,"-")) -> -1 | I20: =IF(G20="","-",G20-F20) -> -1799433.8
A21: 301 | B21: AMAZON | C21: USA | D21: 371311.12 | E21: 68328.76 | F21: 229029.21 | H21: =IF(G21="","-",IFERROR(G21/F21-1,"-")) -> - | I21: =IF(G21="","-",G21-F21) -> -
A22: 202 | B22: SUPER PHARM POLAND | C22: POLAND | D22: 0 | E22: 0 | H22: =IF(G22="","-",IFERROR(G22/F22-1,"-")) -> - | I22: =IF(G22="","-",G22-F22) -> -
A23: 203 | B23: ORTHO- PARTNER AG. | C23: SWITZERLAND | D23: 14810.7 | E23: 0 | F23: 55255.27 | H23: =IF(G23="","-",IFERROR(G23/F23-1,"-")) -> - | I23: =IF(G23="","-",G23-F23) -> -
A24: 204 | B24: SANAFLEX ANATOMIC | C24: GREECE | D24: 83128.56 | E24: 0 | F24: 147489.2 | H24: =IF(G24="","-",IFERROR(G24/F24-1,"-")) -> - | I24: =IF(G24="","-",G24-F24) -> -
A25: 205 | B25: HEALTH CARE PROD. GMBH | C25: GERMANY | D25: 14559.92 | E25: 0 | F25: 15795 | H25: =IF(G25="","-",IFERROR(G25/F25-1,"-")) -> - | I25: =IF(G25="","-",G25-F25) -> -
A26: 206 | B26: ORTHOMED LTD | C26: BULGARIA | D26: 65362.29 | E26: 0 | H26: =IF(G26="","-",IFERROR(G26/F26-1,"-")) -> - | I26: =IF(G26="","-",G26-F26) -> -
A27: 207 | B27: SALUS | C27: HUNGARY | D27: 0 | E27: 0.33 | H27: =IF(G27="","-",IFERROR(G27/F27-1,"-")) -> - | I27: =IF(G27="","-",G27-F27) -> -
A28: 216 | B28: MAX KONNARIS LTD | C28: CYPRUS | D28: 37671.79 | E28: 0 | H28: =IF(G28="","-",IFERROR(G28/F28-1,"-")) -> - | I28: =IF(G28="","-",G28-F28) -> -
A29: 208 | B29: MEDIPAL COMPANY | C29: NABLUS | D29: 0 | E29: 0 | H29: =IF(G29="","-",IFERROR(G29/F29-1,"-")) -> - | I29: =IF(G29="","-",G29-F29) -> -
A30: 209 | B30: ORTOPROFIL PROD | C30: ROMANIA | D30: 37331.12 | E30: 53.7 | F30: 57084.96 | H30: =IF(G30="","-",IFERROR(G30/F30-1,"-")) -> - | I30: =IF(G30="","-",G30-F30) -> -
A31: 210 | B31: OY. EA. AB. | C31: FINLAND | D31: 0 | E31: 0 | H31: =IF(G31="","-",IFERROR(G31/F31-1,"-")) -> - | I31: =IF(G31="","-",G31-F31) -> -
A32: 201 | B32: SEVEN GEAR | C32: FINLAND | D32: 0 | E32: 0 | H32: =IF(G32="","-",IFERROR(G32/F32-1,"-")) -> - | I32: =IF(G32="","-",G32-F32) -> -
A33: 211 | B33: PHARMAG LACHMAIR GES. MBH | C33: AUSTRIA | D33: 0 | E33: 0 | H33: =IF(G33="","-",IFERROR(G33/F33-1,"-")) -> - | I33: =IF(G33="","-",G33-F33) -> -
A34: 304 | B34: REMEDICARE B.V. | C34: HOLLAND | H34: =IF(G34="","-",IFERROR(G34/F34-1,"-")) -> - | I34: =IF(G34="","-",G34-F34) -> -
A35: 213 | B35: E.F.M.O. | C35: SPAIN | D35: 0 | E35: 0 | H35: =IF(G35="","-",IFERROR(G35/F35-1,"-")) -> - | I35: =IF(G35="","-",G35-F35) -> -
A36: 214 | B36: ALFRED GERA | C36: MALTA | D36: 0 | E36: 0 | H36: =IF(G36="","-",IFERROR(G36/F36-1,"-")) -> - | I36: =IF(G36="","-",G36-F36) -> -
A37: 212 | B37: QUADRIFOGLIO MEDICAL | C37: ROMANIA | D37: 0 | E37: 0 | H37: =IF(G37="","-",IFERROR(G37/F37-1,"-")) -> - | I37: =IF(G37="","-",G37-F37) -> -
A38: 215 | B38: YOUNG IN HEALTHCARE CO., | C38: KOREA | D38: 22310.96 | E38: 0 | H38: =IF(G38="","-",IFERROR(G38/F38-1,"-")) -> - | I38: =IF(G38="","-",G38-F38) -> -
A39: 217 | B39: HANS | C39: USA | D39: 0 | E39: 0 | H39: =IF(G39="","-",IFERROR(G39/F39-1,"-")) -> - | I39: =IF(G39="","-",G39-F39) -> -
A40: 303 | B40: NEW DISTRIBUTORS | C40: Other | H40: =IF(G40="","-",IFERROR(G40/F40-1,"-")) -> - | I40: =IF(G40="","-",G40-F40) -> -
A41: 305 | B41: BAKU | C41: AZERBAIJAN | F41: 0 | H41: =IF(G41="","-",IFERROR(G41/F41-1,"-")) -> - | I41: =IF(G41="","-",G41-F41) -> -
A42: 302 | B42: MEXICO | C42: MEXICO | F42: 0 | H42: =IF(G42="","-",IFERROR(G42/F42-1,"-")) -> - | I42: =IF(G42="","-",G42-F42) -> -
B43: סה"כ חו"ל | D43: =SUM(D21:D42) -> 646486.46 | E43: =SUM(E21:E42) -> 68382.79 | F43: =SUM(F21:F42) -> 504653.64 | G43: =SUM(G21:G42) -> 0 | H43: =IF(G43="","-",IFERROR(G43/F43-1,"-")) -> -1 | I43: =IF(G43="","-",G43-F43) -> -504653.64
B44: סה"כ מכירות | D44: =D43+D20 -> 2019310.3 | E44: =E43+E20 -> 1423912.7 | F44: =F43+F20 -> 2304087.4 | G44: =G43+G20 -> 0 | H44: =IF(G44="","-",IFERROR(G44/F44-1,"-")) -> -1 | I44: =IF(G44="","-",G44-F44) -> -2304087.4

Sheet 7
B1: דוח מכירות יולי 2027 | K1: תאריך הכנת התשתית: 02/10/26
A2: # | B2: לקוח | C2: קבוצה | D2: 2024 | E2: 2025 | F2: 2026 | G2: 2027 | H2: אחוז מול 2026 | I2: כספי מול 2026
A3: 111 | B3: סופר פארם לייף | C3: ISR | D3: 214594.9 | E3: 83088 | F3: 73969 | H3: =IF(G3="","-",IFERROR(G3/F3-1,"-")) -> - | I3: =IF(G3="","-",G3-F3) -> -
A4: 1 | B4: סופרפארם | C4: ISR | D4: 502006.14 | E4: 486312.52 | F4: 453851.22 | H4: =IF(G4="","-",IFERROR(G4/F4-1,"-")) -> - | I4: =IF(G4="","-",G4-F4) -> -
A5: 2 | B5: BE | C5: ISR | D5: 95719.442 | E5: 59921.68 | F5: 72470.216 | H5: =IF(G5="","-",IFERROR(G5/F5-1,"-")) -> - | I5: =IF(G5="","-",G5-F5) -> -
A6: 3 | B6: בתי מרקחת | C6: ISR | D6: 157377.7 | E6: 221525.16 | F6: 152144.32 | H6: =IF(G6="","-",IFERROR(G6/F6-1,"-")) -> - | I6: =IF(G6="","-",G6-F6) -> -
A7: 112 | B7: כללית | C7: ISR | D7: 326042 | E7: 329541.7 | F7: 392888.3 | H7: =IF(G7="","-",IFERROR(G7/F7-1,"-")) -> - | I7: =IF(G7="","-",G7-F7) -> -
A8: 113 | B8: מאוחדת | C8: ISR | D8: 79041.44 | E8: 95914.88 | F8: 49165.266 | H8: =IF(G8="","-",IFERROR(G8/F8-1,"-")) -> - | I8: =IF(G8="","-",G8-F8) -> -
A9: 4 | B9: מכבי | C9: ISR | F9: 0 | H9: =IF(G9="","-",IFERROR(G9/F9-1,"-")) -> - | I9: =IF(G9="","-",G9-F9) -> -
A10: 102 | B10: מכוני אורטופדיה | C10: ISR | D10: 76209.32 | E10: 81305.01 | F10: 65635.87 | H10: =IF(G10="","-",IFERROR(G10/F10-1,"-")) -> - | I10: =IF(G10="","-",G10-F10) -> -
A11: 101 | B11: לקוחות מפעל | C11: ISR | D11: 27532.1 | E11: 10971.32 | F11: 5105.8 | H11: =IF(G11="","-",IFERROR(G11/F11-1,"-")) -> - | I11: =IF(G11="","-",G11-F11) -> -
A12: 109 | B12: חנויות פרטיות | C12: ISR | D12: 8417.71 | E12: 4990.47 | F12: 3863.17 | H12: =IF(G12="","-",IFERROR(G12/F12-1,"-")) -> - | I12: =IF(G12="","-",G12-F12) -> -
A13: 105 | B13: מכוני פדיקור | C13: ISR | D13: 679.3 | E13: 0 | F13: 0 | H13: =IF(G13="","-",IFERROR(G13/F13-1,"-")) -> - | I13: =IF(G13="","-",G13-F13) -> -
A14: 104 | B14: חנויות נעליים | C14: ISR | D14: 0 | E14: 0 | F14: 0 | H14: =IF(G14="","-",IFERROR(G14/F14-1,"-")) -> - | I14: =IF(G14="","-",G14-F14) -> -
A15: 106 | B15: בתי חולים ושרות | C15: ISR | D15: 0 | E15: 651.15 | F15: 478.2 | H15: =IF(G15="","-",IFERROR(G15/F15-1,"-")) -> - | I15: =IF(G15="","-",G15-F15) -> -
A16: 103 | B16: מכוני פיזיותרפיה | C16: ISR | D16: 16671.18 | E16: 7828.72 | F16: 10025.73 | H16: =IF(G16="","-",IFERROR(G16/F16-1,"-")) -> - | I16: =IF(G16="","-",G16-F16) -> -
B17: סה"כ ישראל ללא אונליין | D17: =SUM(D3:D16) -> 1504291.2 | E17: =SUM(E3:E16) -> 1382050.6 | F17: =SUM(F3:F16) -> 1279597.1 | G17: =SUM(G3:G16) -> 0 | H17: =IF(G17="","-",IFERROR(G17/F17-1,"-")) -> -1 | I17: =IF(G17="","-",G17-F17) -> -1279597.1
A18: 114 | B18: לקוחות אינטרנט | C18: ISR | D18: 56033.81 | E18: 163496.62 | F18: 398018.33 | H18: =IF(G18="","-",IFERROR(G18/F18-1,"-")) -> - | I18: =IF(G18="","-",G18-F18) -> -
A19: 115 | B19: סופר פארם מרקט פלייס | C19: ISR | D19: 1788.03 | E19: 1318.12 | F19: 1741.74 | H19: =IF(G19="","-",IFERROR(G19/F19-1,"-")) -> - | I19: =IF(G19="","-",G19-F19) -> -
B20: סה"כ ישראל | D20: =D17+D18+D19 -> 1562113.1 | E20: =E17+E18+E19 -> 1546865.4 | F20: =F17+F18+F19 -> 1679357.2 | G20: =G17+G18+G19 -> 0 | H20: =IF(G20="","-",IFERROR(G20/F20-1,"-")) -> -1 | I20: =IF(G20="","-",G20-F20) -> -1679357.2
A21: 301 | B21: AMAZON | C21: USA | D21: 316462.25 | E21: 353503.85 | F21: 223994.55 | H21: =IF(G21="","-",IFERROR(G21/F21-1,"-")) -> - | I21: =IF(G21="","-",G21-F21) -> -
A22: 202 | B22: SUPER PHARM POLAND | C22: POLAND | D22: 143527.77 | E22: 187405.66 | F22: 0 | H22: =IF(G22="","-",IFERROR(G22/F22-1,"-")) -> - | I22: =IF(G22="","-",G22-F22) -> -
A23: 203 | B23: ORTHO- PARTNER AG. | C23: SWITZERLAND | D23: 61466.82 | E23: 194396.85 | F23: 0 | H23: =IF(G23="","-",IFERROR(G23/F23-1,"-")) -> - | I23: =IF(G23="","-",G23-F23) -> -
A24: 204 | B24: SANAFLEX ANATOMIC | C24: GREECE | D24: 90587.54 | E24: 87907.48 | F24: 0 | H24: =IF(G24="","-",IFERROR(G24/F24-1,"-")) -> - | I24: =IF(G24="","-",G24-F24) -> -
A25: 205 | B25: HEALTH CARE PROD. GMBH | C25: GERMANY | D25: 16222.13 | E25: 30796.16 | F25: 19451.36 | H25: =IF(G25="","-",IFERROR(G25/F25-1,"-")) -> - | I25: =IF(G25="","-",G25-F25) -> -
A26: 206 | B26: ORTHOMED LTD | C26: BULGARIA | D26: 0 | E26: 0 | F26: 0 | H26: =IF(G26="","-",IFERROR(G26/F26-1,"-")) -> - | I26: =IF(G26="","-",G26-F26) -> -
A27: 207 | B27: SALUS | C27: HUNGARY | D27: 0 | E27: 0 | F27: 221407.78 | H27: =IF(G27="","-",IFERROR(G27/F27-1,"-")) -> - | I27: =IF(G27="","-",G27-F27) -> -
A28: 216 | B28: MAX KONNARIS LTD | C28: CYPRUS | D28: 609.99 | E28: 31010.8 | F28: 0 | H28: =IF(G28="","-",IFERROR(G28/F28-1,"-")) -> - | I28: =IF(G28="","-",G28-F28) -> -
A29: 208 | B29: MEDIPAL COMPANY | C29: NABLUS | D29: 0 | E29: 0 | F29: 0 | H29: =IF(G29="","-",IFERROR(G29/F29-1,"-")) -> - | I29: =IF(G29="","-",G29-F29) -> -
A30: 209 | B30: ORTOPROFIL PROD | C30: ROMANIA | D30: 27604.14 | E30: 56344.52 | F30: 41960.14 | H30: =IF(G30="","-",IFERROR(G30/F30-1,"-")) -> - | I30: =IF(G30="","-",G30-F30) -> -
A31: 210 | B31: OY. EA. AB. | C31: FINLAND | D31: 0 | E31: 0 | F31: 0 | H31: =IF(G31="","-",IFERROR(G31/F31-1,"-")) -> - | I31: =IF(G31="","-",G31-F31) -> -
A32: 201 | B32: SEVEN GEAR | C32: FINLAND | D32: 0 | E32: 0 | F32: 0 | H32: =IF(G32="","-",IFERROR(G32/F32-1,"-")) -> - | I32: =IF(G32="","-",G32-F32) -> -
A33: 211 | B33: PHARMAG LACHMAIR GES. MBH | C33: AUSTRIA | D33: 0 | E33: 15559.58 | F33: 0 | H33: =IF(G33="","-",IFERROR(G33/F33-1,"-")) -> - | I33: =IF(G33="","-",G33-F33) -> -
A34: 304 | B34: REMEDICARE B.V. | C34: HOLLAND | F34: 0 | H34: =IF(G34="","-",IFERROR(G34/F34-1,"-")) -> - | I34: =IF(G34="","-",G34-F34) -> -
A35: 213 | B35: E.F.M.O. | C35: SPAIN | D35: 13897.42 | E35: 0 | F35: 0 | H35: =IF(G35="","-",IFERROR(G35/F35-1,"-")) -> - | I35: =IF(G35="","-",G35-F35) -> -
A36: 214 | B36: ALFRED GERA | C36: MALTA | D36: 0 | E36: 0 | F36: 0 | H36: =IF(G36="","-",IFERROR(G36/F36-1,"-")) -> - | I36: =IF(G36="","-",G36-F36) -> -
A37: 212 | B37: QUADRIFOGLIO MEDICAL | C37: ROMANIA | D37: 0 | E37: 0 | F37: 0 | H37: =IF(G37="","-",IFERROR(G37/F37-1,"-")) -> - | I37: =IF(G37="","-",G37-F37) -> -
A38: 215 | B38: YOUNG IN HEALTHCARE CO., | C38: KOREA | D38: 0 | E38: 0 | F38: 0 | H38: =IF(G38="","-",IFERROR(G38/F38-1,"-")) -> - | I38: =IF(G38="","-",G38-F38) -> -
A39: 217 | B39: HANS | C39: USA | D39: 0 | E39: 0 | F39: 0 | H39: =IF(G39="","-",IFERROR(G39/F39-1,"-")) -> - | I39: =IF(G39="","-",G39-F39) -> -
A40: 303 | B40: NEW DISTRIBUTORS | C40: Other | F40: 0 | H40: =IF(G40="","-",IFERROR(G40/F40-1,"-")) -> - | I40: =IF(G40="","-",G40-F40) -> -
A41: 305 | B41: BAKU | C41: AZERBAIJAN | F41: 0 | H41: =IF(G41="","-",IFERROR(G41/F41-1,"-")) -> - | I41: =IF(G41="","-",G41-F41) -> -
A42: 302 | B42: MEXICO | C42: MEXICO | F42: 0 | H42: =IF(G42="","-",IFERROR(G42/F42-1,"-")) -> - | I42: =IF(G42="","-",G42-F42) -> -
B43: סה"כ חו"ל | D43: =SUM(D21:D42) -> 670378.06 | E43: =SUM(E21:E42) -> 956924.9 | F43: =SUM(F21:F42) -> 506813.83 | G43: =SUM(G21:G42) -> 0 | H43: =IF(G43="","-",IFERROR(G43/F43-1,"-")) -> -1 | I43: =IF(G43="","-",G43-F43) -> -506813.83
B44: סה"כ מכירות | D44: =D43+D20 -> 2232491.1 | E44: =E43+E20 -> 2503790.2 | F44: =F43+F20 -> 2186171 | G44: =G43+G20 -> 0 | H44: =IF(G44="","-",IFERROR(G44/F44-1,"-")) -> -1 | I44: =IF(G44="","-",G44-F44) -> -2186171

Sheet 8
B1: דוח מכירות אוגוסט 2027 | K1: תאריך הכנת התשתית: 02/10/26
A2: # | B2: לקוח | C2: קבוצה | D2: 2024 | E2: 2025 | F2: 2026 | G2: 2027 | H2: אחוז מול 2026 | I2: כספי מול 2026
A3: 111 | B3: סופר פארם לייף | C3: ISR | D3: 301190.6 | E3: 243929.1 | F3: 299421.55 | H3: =IF(G3="","-",IFERROR(G3/F3-1,"-")) -> - | I3: =IF(G3="","-",G3-F3) -> -
A4: 1 | B4: סופרפארם | C4: ISR | D4: 429300.05 | E4: 495074.58 | F4: 588822.69 | H4: =IF(G4="","-",IFERROR(G4/F4-1,"-")) -> - | I4: =IF(G4="","-",G4-F4) -> -
A5: 2 | B5: BE | C5: ISR | D5: 96254.067 | E5: 73631.74 | F5: 70518.812 | H5: =IF(G5="","-",IFERROR(G5/F5-1,"-")) -> - | I5: =IF(G5="","-",G5-F5) -> -
A6: 3 | B6: בתי מרקחת | C6: ISR | D6: 112372.34 | E6: 179847.32 | F6: 160218.08 | H6: =IF(G6="","-",IFERROR(G6/F6-1,"-")) -> - | I6: =IF(G6="","-",G6-F6) -> -
A7: 112 | B7: כללית | C7: ISR | D7: 416484 | E7: 273604.4 | F7: 295436 | H7: =IF(G7="","-",IFERROR(G7/F7-1,"-")) -> - | I7: =IF(G7="","-",G7-F7) -> -
A8: 113 | B8: מאוחדת | C8: ISR | D8: 64245.4 | E8: 81013.09 | F8: 73310.601 | H8: =IF(G8="","-",IFERROR(G8/F8-1,"-")) -> - | I8: =IF(G8="","-",G8-F8) -> -
A9: 4 | B9: מכבי | C9: ISR | F9: 0 | H9: =IF(G9="","-",IFERROR(G9/F9-1,"-")) -> - | I9: =IF(G9="","-",G9-F9) -> -
A10: 102 | B10: מכוני אורטופדיה | C10: ISR | D10: 62739.61 | E10: 61998.83 | F10: 76847.55 | H10: =IF(G10="","-",IFERROR(G10/F10-1,"-")) -> - | I10: =IF(G10="","-",G10-F10) -> -
A11: 101 | B11: לקוחות מפעל | C11: ISR | D11: 18126.58 | E11: 12420.51 | F11: 4321.85 | H11: =IF(G11="","-",IFERROR(G11/F11-1,"-")) -> - | I11: =IF(G11="","-",G11-F11) -> -
A12: 109 | B12: חנויות פרטיות | C12: ISR | D12: 8063.63 | E12: 1459.42 | F12: 2043.68 | H12: =IF(G12="","-",IFERROR(G12/F12-1,"-")) -> - | I12: =IF(G12="","-",G12-F12) -> -
A13: 105 | B13: מכוני פדיקור | C13: ISR | D13: 0 | E13: 0 | F13: 728.87 | H13: =IF(G13="","-",IFERROR(G13/F13-1,"-")) -> - | I13: =IF(G13="","-",G13-F13) -> -
A14: 104 | B14: חנויות נעליים | C14: ISR | D14: 0 | E14: 0 | F14: 0 | H14: =IF(G14="","-",IFERROR(G14/F14-1,"-")) -> - | I14: =IF(G14="","-",G14-F14) -> -
A15: 106 | B15: בתי חולים ושרות | C15: ISR | D15: 0 | E15: 0 | F15: 0 | H15: =IF(G15="","-",IFERROR(G15/F15-1,"-")) -> - | I15: =IF(G15="","-",G15-F15) -> -
A16: 103 | B16: מכוני פיזיותרפיה | C16: ISR | D16: 6797.75 | E16: 5704.97 | F16: 10118.69 | H16: =IF(G16="","-",IFERROR(G16/F16-1,"-")) -> - | I16: =IF(G16="","-",G16-F16) -> -
B17: סה"כ ישראל ללא אונליין | D17: =SUM(D3:D16) -> 1515574 | E17: =SUM(E3:E16) -> 1428684 | F17: =SUM(F3:F16) -> 1581788.4 | G17: =SUM(G3:G16) -> 0 | H17: =IF(G17="","-",IFERROR(G17/F17-1,"-")) -> -1 | I17: =IF(G17="","-",G17-F17) -> -1581788.4
A18: 114 | B18: לקוחות אינטרנט | C18: ISR | D18: 43626.89 | E18: 136844.33 | F18: 391167.74 | H18: =IF(G18="","-",IFERROR(G18/F18-1,"-")) -> - | I18: =IF(G18="","-",G18-F18) -> -
A19: 115 | B19: סופר פארם מרקט פלייס | C19: ISR | D19: 4027.72 | E19: 2497.52 | F19: 1484.7 | H19: =IF(G19="","-",IFERROR(G19/F19-1,"-")) -> - | I19: =IF(G19="","-",G19-F19) -> -
B20: סה"כ ישראל | D20: =D17+D18+D19 -> 1563228.6 | E20: =E17+E18+E19 -> 1568025.8 | F20: =F17+F18+F19 -> 1974440.8 | G20: =G17+G18+G19 -> 0 | H20: =IF(G20="","-",IFERROR(G20/F20-1,"-")) -> -1 | I20: =IF(G20="","-",G20-F20) -> -1974440.8
A21: 301 | B21: AMAZON | C21: USA | D21: 273201.5 | E21: 252496.44 | F21: 202592.25 | H21: =IF(G21="","-",IFERROR(G21/F21-1,"-")) -> - | I21: =IF(G21="","-",G21-F21) -> -
A22: 202 | B22: SUPER PHARM POLAND | C22: POLAND | D22: -2422.68 | E22: 0 | F22: 132101.57 | H22: =IF(G22="","-",IFERROR(G22/F22-1,"-")) -> - | I22: =IF(G22="","-",G22-F22) -> -
A23: 203 | B23: ORTHO- PARTNER AG. | C23: SWITZERLAND | D23: 16110.54 | E23: 64506.58 | F23: 10986.57 | H23: =IF(G23="","-",IFERROR(G23/F23-1,"-")) -> - | I23: =IF(G23="","-",G23-F23) -> -
A24: 204 | B24: SANAFLEX ANATOMIC | C24: GREECE | D24: 0 | E24: 68497.3 | F24: 0 | H24: =IF(G24="","-",IFERROR(G24/F24-1,"-")) -> - | I24: =IF(G24="","-",G24-F24) -> -
A25: 205 | B25: HEALTH CARE PROD. GMBH | C25: GERMANY | D25: 19066.6 | E25: 18496.39 | F25: 0 | H25: =IF(G25="","-",IFERROR(G25/F25-1,"-")) -> - | I25: =IF(G25="","-",G25-F25) -> -
A26: 206 | B26: ORTHOMED LTD | C26: BULGARIA | D26: 0 | E26: 0 | F26: 0 | H26: =IF(G26="","-",IFERROR(G26/F26-1,"-")) -> - | I26: =IF(G26="","-",G26-F26) -> -
A27: 207 | B27: SALUS | C27: HUNGARY | D27: 0 | E27: 0 | F27: 0 | H27: =IF(G27="","-",IFERROR(G27/F27-1,"-")) -> - | I27: =IF(G27="","-",G27-F27) -> -
A28: 216 | B28: MAX KONNARIS LTD | C28: CYPRUS | D28: 41467.05 | E28: 0 | F28: 0 | H28: =IF(G28="","-",IFERROR(G28/F28-1,"-")) -> - | I28: =IF(G28="","-",G28-F28) -> -
A29: 208 | B29: MEDIPAL COMPANY | C29: NABLUS | D29: 0 | E29: 0 | F29: 0 | H29: =IF(G29="","-",IFERROR(G29/F29-1,"-")) -> - | I29: =IF(G29="","-",G29-F29) -> -
A30: 209 | B30: ORTOPROFIL PROD | C30: ROMANIA | D30: 21966.81 | E30: 26937.54 | F30: 30237.69 | H30: =IF(G30="","-",IFERROR(G30/F30-1,"-")) -> - | I30: =IF(G30="","-",G30-F30) -> -
A31: 210 | B31: OY. EA. AB. | C31: FINLAND | D31: 0 | E31: 0 | F31: 0 | H31: =IF(G31="","-",IFERROR(G31/F31-1,"-")) -> - | I31: =IF(G31="","-",G31-F31) -> -
A32: 201 | B32: SEVEN GEAR | C32: FINLAND | D32: 0 | E32: 0 | F32: 0 | H32: =IF(G32="","-",IFERROR(G32/F32-1,"-")) -> - | I32: =IF(G32="","-",G32-F32) -> -
A33: 211 | B33: PHARMAG LACHMAIR GES. MBH | C33: AUSTRIA | D33: 0 | E33: 0 | F33: 10037.15 | H33: =IF(G33="","-",IFERROR(G33/F33-1,"-")) -> - | I33: =IF(G33="","-",G33-F33) -> -
A34: 304 | B34: REMEDICARE B.V. | C34: HOLLAND | F34: 0 | H34: =IF(G34="","-",IFERROR(G34/F34-1,"-")) -> - | I34: =IF(G34="","-",G34-F34) -> -
A35: 213 | B35: E.F.M.O. | C35: SPAIN | D35: 0 | E35: 0 | F35: 18350.05 | H35: =IF(G35="","-",IFERROR(G35/F35-1,"-")) -> - | I35: =IF(G35="","-",G35-F35) -> -
A36: 214 | B36: ALFRED GERA | C36: MALTA | D36: 25140.85 | E36: 0 | F36: 26105.72 | H36: =IF(G36="","-",IFERROR(G36/F36-1,"-")) -> - | I36: =IF(G36="","-",G36-F36) -> -
A37: 212 | B37: QUADRIFOGLIO MEDICAL | C37: ROMANIA | D37: 0 | E37: 0 | F37: 0 | H37: =IF(G37="","-",IFERROR(G37/F37-1,"-")) -> - | I37: =IF(G37="","-",G37-F37) -> -
A38: 215 | B38: YOUNG IN HEALTHCARE CO., | C38: KOREA | D38: 0 | E38: 0 | F38: 0 | H38: =IF(G38="","-",IFERROR(G38/F38-1,"-")) -> - | I38: =IF(G38="","-",G38-F38) -> -
A39: 217 | B39: HANS | C39: USA | D39: 0 | E39: 0 | F39: 0 | H39: =IF(G39="","-",IFERROR(G39/F39-1,"-")) -> - | I39: =IF(G39="","-",G39-F39) -> -
A40: 303 | B40: NEW DISTRIBUTORS | C40: Other | F40: 0 | H40: =IF(G40="","-",IFERROR(G40/F40-1,"-")) -> - | I40: =IF(G40="","-",G40-F40) -> -
A41: 305 | B41: BAKU | C41: AZERBAIJAN | F41: 0 | H41: =IF(G41="","-",IFERROR(G41/F41-1,"-")) -> - | I41: =IF(G41="","-",G41-F41) -> -
A42: 302 | B42: MEXICO | C42: MEXICO | F42: 0 | H42: =IF(G42="","-",IFERROR(G42/F42-1,"-")) -> - | I42: =IF(G42="","-",G42-F42) -> -
B43: סה"כ חו"ל | D43: =SUM(D21:D42) -> 394530.67 | E43: =SUM(E21:E42) -> 430934.25 | F43: =SUM(F21:F42) -> 430411 | G43: =SUM(G21:G42) -> 0 | H43: =IF(G43="","-",IFERROR(G43/F43-1,"-")) -> -1 | I43: =IF(G43="","-",G43-F43) -> -430411
B44: סה"כ מכירות | D44: =D43+D20 -> 1957759.3 | E44: =E43+E20 -> 1998960.1 | F44: =F43+F20 -> 2404851.8 | G44: =G43+G20 -> 0 | H44: =IF(G44="","-",IFERROR(G44/F44-1,"-")) -> -1 | I44: =IF(G44="","-",G44-F44) -> -2404851.8

Sheet 9
B1: דוח מכירות ספטמבר 2027 | K1: תאריך הכנת התשתית: 02/10/26
A2: # | B2: לקוח | C2: קבוצה | D2: 2024 | E2: 2025 | F2: 2026 | G2: 2027 | H2: אחוז מול 2026 | I2: כספי מול 2026
A3: 111 | B3: סופר פארם לייף | C3: ISR | D3: 124776.4 | E3: 157587.19 | F3: 193941.5 | H3: =IF(G3="","-",IFERROR(G3/F3-1,"-")) -> - | I3: =IF(G3="","-",G3-F3) -> -
A4: 1 | B4: סופרפארם | C4: ISR | D4: 514559.04 | E4: 465794.42 | F4: 413784.46 | H4: =IF(G4="","-",IFERROR(G4/F4-1,"-")) -> - | I4: =IF(G4="","-",G4-F4) -> -
A5: 2 | B5: BE | C5: ISR | D5: 104489.48 | E5: 64918.49 | F5: 70795.452 | H5: =IF(G5="","-",IFERROR(G5/F5-1,"-")) -> - | I5: =IF(G5="","-",G5-F5) -> -
A6: 3 | B6: בתי מרקחת | C6: ISR | D6: 141046.59 | E6: 134403.73 | F6: 178661.46 | H6: =IF(G6="","-",IFERROR(G6/F6-1,"-")) -> - | I6: =IF(G6="","-",G6-F6) -> -
A7: 112 | B7: כללית | C7: ISR | D7: 309520.8 | E7: 337200.15 | F7: 296928.1 | H7: =IF(G7="","-",IFERROR(G7/F7-1,"-")) -> - | I7: =IF(G7="","-",G7-F7) -> -
A8: 113 | B8: מאוחדת | C8: ISR | D8: 65554.73 | E8: 89206.99 | F8: 54681.263 | H8: =IF(G8="","-",IFERROR(G8/F8-1,"-")) -> - | I8: =IF(G8="","-",G8-F8) -> -
A9: 4 | B9: מכבי | C9: ISR | F9: 0 | H9: =IF(G9="","-",IFERROR(G9/F9-1,"-")) -> - | I9: =IF(G9="","-",G9-F9) -> -
A10: 102 | B10: מכוני אורטופדיה | C10: ISR | D10: 65856.52 | E10: 69988.58 | F10: 60353.17 | H10: =IF(G10="","-",IFERROR(G10/F10-1,"-")) -> - | I10: =IF(G10="","-",G10-F10) -> -
A11: 101 | B11: לקוחות מפעל | C11: ISR | D11: 10468.76 | E11: 17490.72 | F11: 8755.86 | H11: =IF(G11="","-",IFERROR(G11/F11-1,"-")) -> - | I11: =IF(G11="","-",G11-F11) -> -
A12: 109 | B12: חנויות פרטיות | C12: ISR | D12: 3066.38 | E12: 4228.87 | F12: 5091.7 | H12: =IF(G12="","-",IFERROR(G12/F12-1,"-")) -> - | I12: =IF(G12="","-",G12-F12) -> -
A13: 105 | B13: מכוני פדיקור | C13: ISR | D13: 850.4 | E13: 0 | F13: 0 | H13: =IF(G13="","-",IFERROR(G13/F13-1,"-")) -> - | I13: =IF(G13="","-",G13-F13) -> -
A14: 104 | B14: חנויות נעליים | C14: ISR | D14: 0 | E14: 0 | F14: 0 | H14: =IF(G14="","-",IFERROR(G14/F14-1,"-")) -> - | I14: =IF(G14="","-",G14-F14) -> -
A15: 106 | B15: בתי חולים ושרות | C15: ISR | D15: 0 | E15: 0 | F15: 6726.56 | H15: =IF(G15="","-",IFERROR(G15/F15-1,"-")) -> - | I15: =IF(G15="","-",G15-F15) -> -
A16: 103 | B16: מכוני פיזיותרפיה | C16: ISR | D16: 5902.85 | E16: 9679.47 | F16: 9421.74 | H16: =IF(G16="","-",IFERROR(G16/F16-1,"-")) -> - | I16: =IF(G16="","-",G16-F16) -> -
B17: סה"כ ישראל ללא אונליין | D17: =SUM(D3:D16) -> 1346092 | E17: =SUM(E3:E16) -> 1350498.6 | F17: =SUM(F3:F16) -> 1299141.3 | G17: =SUM(G3:G16) -> 0 | H17: =IF(G17="","-",IFERROR(G17/F17-1,"-")) -> -1 | I17: =IF(G17="","-",G17-F17) -> -1299141.3
A18: 114 | B18: לקוחות אינטרנט | C18: ISR | D18: 56193.19 | E18: 143120.65 | F18: 347579.04 | H18: =IF(G18="","-",IFERROR(G18/F18-1,"-")) -> - | I18: =IF(G18="","-",G18-F18) -> -
A19: 115 | B19: סופר פארם מרקט פלייס | C19: ISR | D19: 3358.59 | E19: 1798.35 | F19: 547.02 | H19: =IF(G19="","-",IFERROR(G19/F19-1,"-")) -> - | I19: =IF(G19="","-",G19-F19) -> -
B20: סה"כ ישראל | D20: =D17+D18+D19 -> 1405643.7 | E20: =E17+E18+E19 -> 1495417.6 | F20: =F17+F18+F19 -> 1647267.3 | G20: =G17+G18+G19 -> 0 | H20: =IF(G20="","-",IFERROR(G20/F20-1,"-")) -> -1 | I20: =IF(G20="","-",G20-F20) -> -1647267.3
A21: 301 | B21: AMAZON | C21: USA | D21: 258929.86 | E21: 247434.35 | F21: 198718.53 | H21: =IF(G21="","-",IFERROR(G21/F21-1,"-")) -> - | I21: =IF(G21="","-",G21-F21) -> -
A22: 202 | B22: SUPER PHARM POLAND | C22: POLAND | D22: 159908.54 | E22: 0 | F22: 0 | H22: =IF(G22="","-",IFERROR(G22/F22-1,"-")) -> - | I22: =IF(G22="","-",G22-F22) -> -
A23: 203 | B23: ORTHO- PARTNER AG. | C23: SWITZERLAND | D23: 16422.81 | E23: 10281.02 | F23: 0 | H23: =IF(G23="","-",IFERROR(G23/F23-1,"-")) -> - | I23: =IF(G23="","-",G23-F23) -> -
A24: 204 | B24: SANAFLEX ANATOMIC | C24: GREECE | D24: -4343.69 | E24: 0 | F24: 51223.23 | H24: =IF(G24="","-",IFERROR(G24/F24-1,"-")) -> - | I24: =IF(G24="","-",G24-F24) -> -
A25: 205 | B25: HEALTH CARE PROD. GMBH | C25: GERMANY | D25: 11239.03 | E25: 0 | F25: 15160.58 | H25: =IF(G25="","-",IFERROR(G25/F25-1,"-")) -> - | I25: =IF(G25="","-",G25-F25) -> -
A26: 206 | B26: ORTHOMED LTD | C26: BULGARIA | D26: 0 | E26: 0 | F26: 0 | H26: =IF(G26="","-",IFERROR(G26/F26-1,"-")) -> - | I26: =IF(G26="","-",G26-F26) -> -
A27: 207 | B27: SALUS | C27: HUNGARY | D27: 0 | E27: 0 | F27: 0 | H27: =IF(G27="","-",IFERROR(G27/F27-1,"-")) -> - | I27: =IF(G27="","-",G27-F27) -> -
A28: 216 | B28: MAX KONNARIS LTD | C28: CYPRUS | D28: 0 | E28: 0 | F28: 0 | H28: =IF(G28="","-",IFERROR(G28/F28-1,"-")) -> - | I28: =IF(G28="","-",G28-F28) -> -
A29: 208 | B29: MEDIPAL COMPANY | C29: NABLUS | D29: 0 | E29: 0 | F29: 0 | H29: =IF(G29="","-",IFERROR(G29/F29-1,"-")) -> - | I29: =IF(G29="","-",G29-F29) -> -
A30: 209 | B30: ORTOPROFIL PROD | C30: ROMANIA | D30: 64828.58 | E30: 27485.96 | F30: 25430.19 | H30: =IF(G30="","-",IFERROR(G30/F30-1,"-")) -> - | I30: =IF(G30="","-",G30-F30) -> -
A31: 210 | B31: OY. EA. AB. | C31: FINLAND | D31: 54153.1 | E31: 0 | F31: 0 | H31: =IF(G31="","-",IFERROR(G31/F31-1,"-")) -> - | I31: =IF(G31="","-",G31-F31) -> -
A32: 201 | B32: SEVEN GEAR | C32: FINLAND | D32: 20673.57 | E32: 0 | F32: 21590.63 | H32: =IF(G32="","-",IFERROR(G32/F32-1,"-")) -> - | I32: =IF(G32="","-",G32-F32) -> -
A33: 211 | B33: PHARMAG LACHMAIR GES. MBH | C33: AUSTRIA | D33: 31722.98 | E33: 50202.49 | F33: 0 | H33: =IF(G33="","-",IFERROR(G33/F33-1,"-")) -> - | I33: =IF(G33="","-",G33-F33) -> -
A34: 304 | B34: REMEDICARE B.V. | C34: HOLLAND | F34: 0 | H34: =IF(G34="","-",IFERROR(G34/F34-1,"-")) -> - | I34: =IF(G34="","-",G34-F34) -> -
A35: 213 | B35: E.F.M.O. | C35: SPAIN | D35: 1987.54 | E35: 0 | F35: 0 | H35: =IF(G35="","-",IFERROR(G35/F35-1,"-")) -> - | I35: =IF(G35="","-",G35-F35) -> -
A36: 214 | B36: ALFRED GERA | C36: MALTA | D36: 0 | E36: 0 | F36: 0 | H36: =IF(G36="","-",IFERROR(G36/F36-1,"-")) -> - | I36: =IF(G36="","-",G36-F36) -> -
A37: 212 | B37: QUADRIFOGLIO MEDICAL | C37: ROMANIA | D37: 0 | E37: 0 | F37: 0 | H37: =IF(G37="","-",IFERROR(G37/F37-1,"-")) -> - | I37: =IF(G37="","-",G37-F37) -> -
A38: 215 | B38: YOUNG IN HEALTHCARE CO., | C38: KOREA | D38: 0 | E38: 0 | F38: 0 | H38: =IF(G38="","-",IFERROR(G38/F38-1,"-")) -> - | I38: =IF(G38="","-",G38-F38) -> -
A39: 217 | B39: HANS | C39: USA | D39: -1.37 | E39: 0 | F39: 0 | H39: =IF(G39="","-",IFERROR(G39/F39-1,"-")) -> - | I39: =IF(G39="","-",G39-F39) -> -
A40: 303 | B40: NEW DISTRIBUTORS | C40: Other | F40: 0 | H40: =IF(G40="","-",IFERROR(G40/F40-1,"-")) -> - | I40: =IF(G40="","-",G40-F40) -> -
A41: 305 | B41: BAKU | C41: AZERBAIJAN | F41: 0 | H41: =IF(G41="","-",IFERROR(G41/F41-1,"-")) -> - | I41: =IF(G41="","-",G41-F41) -> -
A42: 302 | B42: MEXICO | C42: MEXICO | F42: 0 | H42: =IF(G42="","-",IFERROR(G42/F42-1,"-")) -> - | I42: =IF(G42="","-",G42-F42) -> -
B43: סה"כ חו"ל | D43: =SUM(D21:D42) -> 615520.95 | E43: =SUM(E21:E42) -> 335403.82 | F43: =SUM(F21:F42) -> 312123.16 | G43: =SUM(G21:G42) -> 0 | H43: =IF(G43="","-",IFERROR(G43/F43-1,"-")) -> -1 | I43: =IF(G43="","-",G43-F43) -> -312123.16
B44: סה"כ מכירות | D44: =D43+D20 -> 2021164.7 | E44: =E43+E20 -> 1830821.4 | F44: =F43+F20 -> 1959390.5 | G44: =G43+G20 -> 0 | H44: =IF(G44="","-",IFERROR(G44/F44-1,"-")) -> -1 | I44: =IF(G44="","-",G44-F44) -> -1959390.5

Sheet 10
B1: דוח מכירות אוקטובר 2027 | K1: תאריך הכנת התשתית: 02/10/26
A2: # | B2: לקוח | C2: קבוצה | D2: 2024 | E2: 2025 | F2: 2026 | G2: 2027 | H2: אחוז מול 2026 | I2: כספי מול 2026
A3: 111 | B3: סופר פארם לייף | C3: ISR | D3: 0 | E3: 33955.2 | F3: 20995.2 | H3: =IF(G3="","-",IFERROR(G3/F3-1,"-")) -> - | I3: =IF(G3="","-",G3-F3) -> -
A4: 1 | B4: סופרפארם | C4: ISR | D4: 403387.08 | E4: 417469.78 | H4: =IF(G4="","-",IFERROR(G4/F4-1,"-")) -> - | I4: =IF(G4="","-",G4-F4) -> -
A5: 2 | B5: BE | C5: ISR | D5: 80742.389 | E5: 61390.42 | H5: =IF(G5="","-",IFERROR(G5/F5-1,"-")) -> - | I5: =IF(G5="","-",G5-F5) -> -
A6: 3 | B6: בתי מרקחת | C6: ISR | D6: 128887.33 | E6: 150616.42 | H6: =IF(G6="","-",IFERROR(G6/F6-1,"-")) -> - | I6: =IF(G6="","-",G6-F6) -> -
A7: 112 | B7: כללית | C7: ISR | D7: 291076 | E7: 184903.8 | H7: =IF(G7="","-",IFERROR(G7/F7-1,"-")) -> - | I7: =IF(G7="","-",G7-F7) -> -
A8: 113 | B8: מאוחדת | C8: ISR | D8: 50225.36 | E8: 70789.24 | H8: =IF(G8="","-",IFERROR(G8/F8-1,"-")) -> - | I8: =IF(G8="","-",G8-F8) -> -
A9: 4 | B9: מכבי | C9: ISR | F9: 0 | H9: =IF(G9="","-",IFERROR(G9/F9-1,"-")) -> - | I9: =IF(G9="","-",G9-F9) -> -
A10: 102 | B10: מכוני אורטופדיה | C10: ISR | D10: 56916.24 | E10: 57765.28 | H10: =IF(G10="","-",IFERROR(G10/F10-1,"-")) -> - | I10: =IF(G10="","-",G10-F10) -> -
A11: 101 | B11: לקוחות מפעל | C11: ISR | D11: 11253.22 | E11: 9579 | H11: =IF(G11="","-",IFERROR(G11/F11-1,"-")) -> - | I11: =IF(G11="","-",G11-F11) -> -
A12: 109 | B12: חנויות פרטיות | C12: ISR | D12: -1766.36 | E12: 3274.69 | H12: =IF(G12="","-",IFERROR(G12/F12-1,"-")) -> - | I12: =IF(G12="","-",G12-F12) -> -
A13: 105 | B13: מכוני פדיקור | C13: ISR | D13: 0 | E13: 669.74 | H13: =IF(G13="","-",IFERROR(G13/F13-1,"-")) -> - | I13: =IF(G13="","-",G13-F13) -> -
A14: 104 | B14: חנויות נעליים | C14: ISR | D14: 0 | E14: 514.2 | H14: =IF(G14="","-",IFERROR(G14/F14-1,"-")) -> - | I14: =IF(G14="","-",G14-F14) -> -
A15: 106 | B15: בתי חולים ושרות | C15: ISR | D15: 507.08 | E15: 0 | H15: =IF(G15="","-",IFERROR(G15/F15-1,"-")) -> - | I15: =IF(G15="","-",G15-F15) -> -
A16: 103 | B16: מכוני פיזיותרפיה | C16: ISR | D16: 2059.32 | E16: 4038.81 | H16: =IF(G16="","-",IFERROR(G16/F16-1,"-")) -> - | I16: =IF(G16="","-",G16-F16) -> -
B17: סה"כ ישראל ללא אונליין | D17: =SUM(D3:D16) -> 1023287.7 | E17: =SUM(E3:E16) -> 994966.58 | F17: =SUM(F3:F16) -> 20995.2 | G17: =SUM(G3:G16) -> 0 | H17: =IF(G17="","-",IFERROR(G17/F17-1,"-")) -> -1 | I17: =IF(G17="","-",G17-F17) -> -20995.2
A18: 114 | B18: לקוחות אינטרנט | C18: ISR | D18: 71675.57 | E18: 136200.54 | H18: =IF(G18="","-",IFERROR(G18/F18-1,"-")) -> - | I18: =IF(G18="","-",G18-F18) -> -
A19: 115 | B19: סופר פארם מרקט פלייס | C19: ISR | D19: 3795.33 | E19: 1762.26 | H19: =IF(G19="","-",IFERROR(G19/F19-1,"-")) -> - | I19: =IF(G19="","-",G19-F19) -> -
B20: סה"כ ישראל | D20: =D17+D18+D19 -> 1098758.6 | E20: =E17+E18+E19 -> 1132929.4 | F20: =F17+F18+F19 -> 20995.2 | G20: =G17+G18+G19 -> 0 | H20: =IF(G20="","-",IFERROR(G20/F20-1,"-")) -> -1 | I20: =IF(G20="","-",G20-F20) -> -20995.2
A21: 301 | B21: AMAZON | C21: USA | D21: 234970.3 | E21: 223589.21 | H21: =IF(G21="","-",IFERROR(G21/F21-1,"-")) -> - | I21: =IF(G21="","-",G21-F21) -> -
A22: 202 | B22: SUPER PHARM POLAND | C22: POLAND | D22: 0 | E22: 140125.45 | H22: =IF(G22="","-",IFERROR(G22/F22-1,"-")) -> - | I22: =IF(G22="","-",G22-F22) -> -
A23: 203 | B23: ORTHO- PARTNER AG. | C23: SWITZERLAND | D23: 92018.45 | E23: 596.73 | H23: =IF(G23="","-",IFERROR(G23/F23-1,"-")) -> - | I23: =IF(G23="","-",G23-F23) -> -
A24: 204 | B24: SANAFLEX ANATOMIC | C24: GREECE | D24: 86858.25 | E24: 0 | H24: =IF(G24="","-",IFERROR(G24/F24-1,"-")) -> - | I24: =IF(G24="","-",G24-F24) -> -
A25: 205 | B25: HEALTH CARE PROD. GMBH | C25: GERMANY | D25: 0 | E25: 15474.02 | H25: =IF(G25="","-",IFERROR(G25/F25-1,"-")) -> - | I25: =IF(G25="","-",G25-F25) -> -
A26: 206 | B26: ORTHOMED LTD | C26: BULGARIA | D26: 0 | E26: 0 | H26: =IF(G26="","-",IFERROR(G26/F26-1,"-")) -> - | I26: =IF(G26="","-",G26-F26) -> -
A27: 207 | B27: SALUS | C27: HUNGARY | D27: 0 | E27: 0 | H27: =IF(G27="","-",IFERROR(G27/F27-1,"-")) -> - | I27: =IF(G27="","-",G27-F27) -> -
A28: 216 | B28: MAX KONNARIS LTD | C28: CYPRUS | D28: 20724.08 | E28: 20604.23 | H28: =IF(G28="","-",IFERROR(G28/F28-1,"-")) -> - | I28: =IF(G28="","-",G28-F28) -> -
A29: 208 | B29: MEDIPAL COMPANY | C29: NABLUS | D29: 0 | E29: 0 | H29: =IF(G29="","-",IFERROR(G29/F29-1,"-")) -> - | I29: =IF(G29="","-",G29-F29) -> -
A30: 209 | B30: ORTOPROFIL PROD | C30: ROMANIA | D30: 0 | E30: 36333.04 | H30: =IF(G30="","-",IFERROR(G30/F30-1,"-")) -> - | I30: =IF(G30="","-",G30-F30) -> -
A31: 210 | B31: OY. EA. AB. | C31: FINLAND | D31: 3920.16 | E31: 0 | H31: =IF(G31="","-",IFERROR(G31/F31-1,"-")) -> - | I31: =IF(G31="","-",G31-F31) -> -
A32: 201 | B32: SEVEN GEAR | C32: FINLAND | D32: 0 | E32: 22174.82 | H32: =IF(G32="","-",IFERROR(G32/F32-1,"-")) -> - | I32: =IF(G32="","-",G32-F32) -> -
A33: 211 | B33: PHARMAG LACHMAIR GES. MBH | C33: AUSTRIA | D33: 0 | E33: 0 | H33: =IF(G33="","-",IFERROR(G33/F33-1,"-")) -> - | I33: =IF(G33="","-",G33-F33) -> -
A34: 304 | B34: REMEDICARE B.V. | C34: HOLLAND | H34: =IF(G34="","-",IFERROR(G34/F34-1,"-")) -> - | I34: =IF(G34="","-",G34-F34) -> -
A35: 213 | B35: E.F.M.O. | C35: SPAIN | D35: 0 | E35: 0 | H35: =IF(G35="","-",IFERROR(G35/F35-1,"-")) -> - | I35: =IF(G35="","-",G35-F35) -> -
A36: 214 | B36: ALFRED GERA | C36: MALTA | D36: 0 | E36: 0 | H36: =IF(G36="","-",IFERROR(G36/F36-1,"-")) -> - | I36: =IF(G36="","-",G36-F36) -> -
A37: 212 | B37: QUADRIFOGLIO MEDICAL | C37: ROMANIA | D37: 0 | E37: 0 | H37: =IF(G37="","-",IFERROR(G37/F37-1,"-")) -> - | I37: =IF(G37="","-",G37-F37) -> -
A38: 215 | B38: YOUNG IN HEALTHCARE CO., | C38: KOREA | D38: 0 | E38: 0 | H38: =IF(G38="","-",IFERROR(G38/F38-1,"-")) -> - | I38: =IF(G38="","-",G38-F38) -> -
A39: 217 | B39: HANS | C39: USA | D39: 0 | E39: 0 | H39: =IF(G39="","-",IFERROR(G39/F39-1,"-")) -> - | I39: =IF(G39="","-",G39-F39) -> -
A40: 303 | B40: NEW DISTRIBUTORS | C40: Other | H40: =IF(G40="","-",IFERROR(G40/F40-1,"-")) -> - | I40: =IF(G40="","-",G40-F40) -> -
A41: 305 | B41: BAKU | C41: AZERBAIJAN | F41: 0 | H41: =IF(G41="","-",IFERROR(G41/F41-1,"-")) -> - | I41: =IF(G41="","-",G41-F41) -> -
A42: 302 | B42: MEXICO | C42: MEXICO | F42: 0 | H42: =IF(G42="","-",IFERROR(G42/F42-1,"-")) -> - | I42: =IF(G42="","-",G42-F42) -> -
B43: סה"כ חו"ל | D43: =SUM(D21:D42) -> 438491.24 | E43: =SUM(E21:E42) -> 458897.5 | F43: =SUM(F21:F42) -> 0 | G43: =SUM(G21:G42) -> 0 | H43: =IF(G43="","-",IFERROR(G43/F43-1,"-")) -> - | I43: =IF(G43="","-",G43-F43) -> 0
B44: סה"כ מכירות | D44: =D43+D20 -> 1537249.8 | E44: =E43+E20 -> 1591826.9 | F44: =F43+F20 -> 20995.2 | G44: =G43+G20 -> 0 | H44: =IF(G44="","-",IFERROR(G44/F44-1,"-")) -> -1 | I44: =IF(G44="","-",G44-F44) -> -20995.2

Sheet 11
B1: דוח מכירות נובמבר 2027 | K1: תאריך הכנת התשתית: 02/10/26
A2: # | B2: לקוח | C2: קבוצה | D2: 2024 | E2: 2025 | F2: 2026 | G2: 2027 | H2: אחוז מול 2026 | I2: כספי מול 2026
A3: 111 | B3: סופר פארם לייף | C3: ISR | D3: 183470.34 | E3: 265660.9 | H3: =IF(G3="","-",IFERROR(G3/F3-1,"-")) -> - | I3: =IF(G3="","-",G3-F3) -> -
A4: 1 | B4: סופרפארם | C4: ISR | D4: 399305.09 | E4: 507426.01 | H4: =IF(G4="","-",IFERROR(G4/F4-1,"-")) -> - | I4: =IF(G4="","-",G4-F4) -> -
A5: 2 | B5: BE | C5: ISR | D5: 78931.671 | E5: 85930.39 | H5: =IF(G5="","-",IFERROR(G5/F5-1,"-")) -> - | I5: =IF(G5="","-",G5-F5) -> -
A6: 3 | B6: בתי מרקחת | C6: ISR | D6: 144720.94 | E6: 167763.05 | H6: =IF(G6="","-",IFERROR(G6/F6-1,"-")) -> - | I6: =IF(G6="","-",G6-F6) -> -
A7: 112 | B7: כללית | C7: ISR | D7: 319604.5 | E7: 308121.37 | H7: =IF(G7="","-",IFERROR(G7/F7-1,"-")) -> - | I7: =IF(G7="","-",G7-F7) -> -
A8: 113 | B8: מאוחדת | C8: ISR | D8: 57000.57 | E8: 68004.57 | H8: =IF(G8="","-",IFERROR(G8/F8-1,"-")) -> - | I8: =IF(G8="","-",G8-F8) -> -
A9: 4 | B9: מכבי | C9: ISR | F9: 0 | H9: =IF(G9="","-",IFERROR(G9/F9-1,"-")) -> - | I9: =IF(G9="","-",G9-F9) -> -
A10: 102 | B10: מכוני אורטופדיה | C10: ISR | D10: 62213.38 | E10: 96453.83 | H10: =IF(G10="","-",IFERROR(G10/F10-1,"-")) -> - | I10: =IF(G10="","-",G10-F10) -> -
A11: 101 | B11: לקוחות מפעל | C11: ISR | D11: 10956.17 | E11: 28016.53 | H11: =IF(G11="","-",IFERROR(G11/F11-1,"-")) -> - | I11: =IF(G11="","-",G11-F11) -> -
A12: 109 | B12: חנויות פרטיות | C12: ISR | D12: 30231.73 | E12: 1902.07 | H12: =IF(G12="","-",IFERROR(G12/F12-1,"-")) -> - | I12: =IF(G12="","-",G12-F12) -> -
A13: 105 | B13: מכוני פדיקור | C13: ISR | D13: 0 | E13: 498.8 | H13: =IF(G13="","-",IFERROR(G13/F13-1,"-")) -> - | I13: =IF(G13="","-",G13-F13) -> -
A14: 104 | B14: חנויות נעליים | C14: ISR | D14: 0 | E14: 0 | H14: =IF(G14="","-",IFERROR(G14/F14-1,"-")) -> - | I14: =IF(G14="","-",G14-F14) -> -
A15: 106 | B15: בתי חולים ושרות | C15: ISR | D15: 695.57 | E15: 0 | H15: =IF(G15="","-",IFERROR(G15/F15-1,"-")) -> - | I15: =IF(G15="","-",G15-F15) -> -
A16: 103 | B16: מכוני פיזיותרפיה | C16: ISR | D16: 5017.43 | E16: 12930.62 | H16: =IF(G16="","-",IFERROR(G16/F16-1,"-")) -> - | I16: =IF(G16="","-",G16-F16) -> -
B17: סה"כ ישראל ללא אונליין | D17: =SUM(D3:D16) -> 1292147.4 | E17: =SUM(E3:E16) -> 1542708.1 | F17: =SUM(F3:F16) -> 0 | G17: =SUM(G3:G16) -> 0 | H17: =IF(G17="","-",IFERROR(G17/F17-1,"-")) -> - | I17: =IF(G17="","-",G17-F17) -> 0
A18: 114 | B18: לקוחות אינטרנט | C18: ISR | D18: 87038.75 | E18: 249690.08 | H18: =IF(G18="","-",IFERROR(G18/F18-1,"-")) -> - | I18: =IF(G18="","-",G18-F18) -> -
A19: 115 | B19: סופר פארם מרקט פלייס | C19: ISR | D19: 3533.44 | E19: 1058.88 | H19: =IF(G19="","-",IFERROR(G19/F19-1,"-")) -> - | I19: =IF(G19="","-",G19-F19) -> -
B20: סה"כ ישראל | D20: =D17+D18+D19 -> 1382719.6 | E20: =E17+E18+E19 -> 1793457.1 | F20: =F17+F18+F19 -> 0 | G20: =G17+G18+G19 -> 0 | H20: =IF(G20="","-",IFERROR(G20/F20-1,"-")) -> - | I20: =IF(G20="","-",G20-F20) -> 0
A21: 301 | B21: AMAZON | C21: USA | D21: 169336.07 | E21: 271266.06 | H21: =IF(G21="","-",IFERROR(G21/F21-1,"-")) -> - | I21: =IF(G21="","-",G21-F21) -> -
A22: 202 | B22: SUPER PHARM POLAND | C22: POLAND | D22: 0 | E22: 0 | H22: =IF(G22="","-",IFERROR(G22/F22-1,"-")) -> - | I22: =IF(G22="","-",G22-F22) -> -
A23: 203 | B23: ORTHO- PARTNER AG. | C23: SWITZERLAND | D23: 127411.06 | E23: 53932.22 | H23: =IF(G23="","-",IFERROR(G23/F23-1,"-")) -> - | I23: =IF(G23="","-",G23-F23) -> -
A24: 204 | B24: SANAFLEX ANATOMIC | C24: GREECE | D24: 0 | E24: 83397.79 | H24: =IF(G24="","-",IFERROR(G24/F24-1,"-")) -> - | I24: =IF(G24="","-",G24-F24) -> -
A25: 205 | B25: HEALTH CARE PROD. GMBH | C25: GERMANY | D25: 17813.97 | E25: 15684.33 | H25: =IF(G25="","-",IFERROR(G25/F25-1,"-")) -> - | I25: =IF(G25="","-",G25-F25) -> -
A26: 206 | B26: ORTHOMED LTD | C26: BULGARIA | D26: 44572.45 | E26: 0 | H26: =IF(G26="","-",IFERROR(G26/F26-1,"-")) -> - | I26: =IF(G26="","-",G26-F26) -> -
A27: 207 | B27: SALUS | C27: HUNGARY | D27: 0 | E27: 0 | H27: =IF(G27="","-",IFERROR(G27/F27-1,"-")) -> - | I27: =IF(G27="","-",G27-F27) -> -
A28: 216 | B28: MAX KONNARIS LTD | C28: CYPRUS | D28: 0 | E28: 0 | H28: =IF(G28="","-",IFERROR(G28/F28-1,"-")) -> - | I28: =IF(G28="","-",G28-F28) -> -
A29: 208 | B29: MEDIPAL COMPANY | C29: NABLUS | D29: 115405.87 | E29: 256771.88 | H29: =IF(G29="","-",IFERROR(G29/F29-1,"-")) -> - | I29: =IF(G29="","-",G29-F29) -> -
A30: 209 | B30: ORTOPROFIL PROD | C30: ROMANIA | D30: 62633.86 | E30: 29107.59 | H30: =IF(G30="","-",IFERROR(G30/F30-1,"-")) -> - | I30: =IF(G30="","-",G30-F30) -> -
A31: 210 | B31: OY. EA. AB. | C31: FINLAND | D31: 0 | E31: 32544.41 | H31: =IF(G31="","-",IFERROR(G31/F31-1,"-")) -> - | I31: =IF(G31="","-",G31-F31) -> -
A32: 201 | B32: SEVEN GEAR | C32: FINLAND | D32: 0 | E32: 0.08 | H32: =IF(G32="","-",IFERROR(G32/F32-1,"-")) -> - | I32: =IF(G32="","-",G32-F32) -> -
A33: 211 | B33: PHARMAG LACHMAIR GES. MBH | C33: AUSTRIA | D33: 0 | E33: 0 | H33: =IF(G33="","-",IFERROR(G33/F33-1,"-")) -> - | I33: =IF(G33="","-",G33-F33) -> -
A34: 304 | B34: REMEDICARE B.V. | C34: HOLLAND | H34: =IF(G34="","-",IFERROR(G34/F34-1,"-")) -> - | I34: =IF(G34="","-",G34-F34) -> -
A35: 213 | B35: E.F.M.O. | C35: SPAIN | D35: 0 | E35: 0 | H35: =IF(G35="","-",IFERROR(G35/F35-1,"-")) -> - | I35: =IF(G35="","-",G35-F35) -> -
A36: 214 | B36: ALFRED GERA | C36: MALTA | D36: 0 | E36: 23331.65 | H36: =IF(G36="","-",IFERROR(G36/F36-1,"-")) -> - | I36: =IF(G36="","-",G36-F36) -> -
A37: 212 | B37: QUADRIFOGLIO MEDICAL | C37: ROMANIA | D37: 0 | E37: 0 | H37: =IF(G37="","-",IFERROR(G37/F37-1,"-")) -> - | I37: =IF(G37="","-",G37-F37) -> -
A38: 215 | B38: YOUNG IN HEALTHCARE CO., | C38: KOREA | D38: 0 | E38: 0 | H38: =IF(G38="","-",IFERROR(G38/F38-1,"-")) -> - | I38: =IF(G38="","-",G38-F38) -> -
A39: 217 | B39: HANS | C39: USA | D39: 0 | E39: 0 | H39: =IF(G39="","-",IFERROR(G39/F39-1,"-")) -> - | I39: =IF(G39="","-",G39-F39) -> -
A40: 303 | B40: NEW DISTRIBUTORS | C40: Other | H40: =IF(G40="","-",IFERROR(G40/F40-1,"-")) -> - | I40: =IF(G40="","-",G40-F40) -> -
A41: 305 | B41: BAKU | C41: AZERBAIJAN | F41: 0 | H41: =IF(G41="","-",IFERROR(G41/F41-1,"-")) -> - | I41: =IF(G41="","-",G41-F41) -> -
A42: 302 | B42: MEXICO | C42: MEXICO | F42: 0 | H42: =IF(G42="","-",IFERROR(G42/F42-1,"-")) -> - | I42: =IF(G42="","-",G42-F42) -> -
B43: סה"כ חו"ל | D43: =SUM(D21:D42) -> 537173.28 | E43: =SUM(E21:E42) -> 766036.01 | F43: =SUM(F21:F42) -> 0 | G43: =SUM(G21:G42) -> 0 | H43: =IF(G43="","-",IFERROR(G43/F43-1,"-")) -> - | I43: =IF(G43="","-",G43-F43) -> 0
B44: סה"כ מכירות | D44: =D43+D20 -> 1919892.9 | E44: =E43+E20 -> 2559493.1 | F44: =F43+F20 -> 0 | G44: =G43+G20 -> 0 | H44: =IF(G44="","-",IFERROR(G44/F44-1,"-")) -> - | I44: =IF(G44="","-",G44-F44) -> 0

Sheet 12
B1: דוח מכירות דצמבר 2027 | K1: תאריך הכנת התשתית: 02/10/26
A2: # | B2: לקוח | C2: קבוצה | D2: 2024 | E2: 2025 | F2: 2026 | G2: 2027 | H2: אחוז מול 2026 | I2: כספי מול 2026
A3: 111 | B3: סופר פארם לייף | C3: ISR | D3: 318421.6 | E3: 97619.06 | H3: =IF(G3="","-",IFERROR(G3/F3-1,"-")) -> - | I3: =IF(G3="","-",G3-F3) -> -
A4: 1 | B4: סופרפארם | C4: ISR | D4: 453775.69 | E4: 453051.69 | H4: =IF(G4="","-",IFERROR(G4/F4-1,"-")) -> - | I4: =IF(G4="","-",G4-F4) -> -
A5: 2 | B5: BE | C5: ISR | D5: 89875.877 | E5: 61250.28 | H5: =IF(G5="","-",IFERROR(G5/F5-1,"-")) -> - | I5: =IF(G5="","-",G5-F5) -> -
A6: 3 | B6: בתי מרקחת | C6: ISR | D6: 149421.21 | E6: 144058.52 | H6: =IF(G6="","-",IFERROR(G6/F6-1,"-")) -> - | I6: =IF(G6="","-",G6-F6) -> -
A7: 112 | B7: כללית | C7: ISR | D7: 378149.8 | E7: 367699.5 | H7: =IF(G7="","-",IFERROR(G7/F7-1,"-")) -> - | I7: =IF(G7="","-",G7-F7) -> -
A8: 113 | B8: מאוחדת | C8: ISR | D8: 68517.25 | E8: 60034.25 | H8: =IF(G8="","-",IFERROR(G8/F8-1,"-")) -> - | I8: =IF(G8="","-",G8-F8) -> -
A9: 4 | B9: מכבי | C9: ISR | F9: 0 | H9: =IF(G9="","-",IFERROR(G9/F9-1,"-")) -> - | I9: =IF(G9="","-",G9-F9) -> -
A10: 102 | B10: מכוני אורטופדיה | C10: ISR | D10: 65670.46 | E10: 69362.57 | H10: =IF(G10="","-",IFERROR(G10/F10-1,"-")) -> - | I10: =IF(G10="","-",G10-F10) -> -
A11: 101 | B11: לקוחות מפעל | C11: ISR | D11: 16400.06 | E11: 11214.5 | H11: =IF(G11="","-",IFERROR(G11/F11-1,"-")) -> - | I11: =IF(G11="","-",G11-F11) -> -
A12: 109 | B12: חנויות פרטיות | C12: ISR | D12: 10713.92 | E12: 5866.58 | H12: =IF(G12="","-",IFERROR(G12/F12-1,"-")) -> - | I12: =IF(G12="","-",G12-F12) -> -
A13: 105 | B13: מכוני פדיקור | C13: ISR | D13: 850.4 | E13: 0 | H13: =IF(G13="","-",IFERROR(G13/F13-1,"-")) -> - | I13: =IF(G13="","-",G13-F13) -> -
A14: 104 | B14: חנויות נעליים | C14: ISR | D14: -14.28 | E14: 0 | H14: =IF(G14="","-",IFERROR(G14/F14-1,"-")) -> - | I14: =IF(G14="","-",G14-F14) -> -
A15: 106 | B15: בתי חולים ושרות | C15: ISR | D15: 2520 | E15: 1813.57 | H15: =IF(G15="","-",IFERROR(G15/F15-1,"-")) -> - | I15: =IF(G15="","-",G15-F15) -> -
A16: 103 | B16: מכוני פיזיותרפיה | C16: ISR | D16: 4549.9 | E16: 361.5 | H16: =IF(G16="","-",IFERROR(G16/F16-1,"-")) -> - | I16: =IF(G16="","-",G16-F16) -> -
B17: סה"כ ישראל ללא אונליין | D17: =SUM(D3:D16) -> 1558851.9 | E17: =SUM(E3:E16) -> 1272332 | F17: =SUM(F3:F16) -> 0 | G17: =SUM(G3:G16) -> 0 | H17: =IF(G17="","-",IFERROR(G17/F17-1,"-")) -> - | I17: =IF(G17="","-",G17-F17) -> 0
A18: 114 | B18: לקוחות אינטרנט | C18: ISR | D18: 95223.27 | E18: 213224.46 | H18: =IF(G18="","-",IFERROR(G18/F18-1,"-")) -> - | I18: =IF(G18="","-",G18-F18) -> -
A19: 115 | B19: סופר פארם מרקט פלייס | C19: ISR | D19: 3126.19 | E19: 1561.46 | H19: =IF(G19="","-",IFERROR(G19/F19-1,"-")) -> - | I19: =IF(G19="","-",G19-F19) -> -
B20: סה"כ ישראל | D20: =D17+D18+D19 -> 1657201.3 | E20: =E17+E18+E19 -> 1487117.9 | F20: =F17+F18+F19 -> 0 | G20: =G17+G18+G19 -> 0 | H20: =IF(G20="","-",IFERROR(G20/F20-1,"-")) -> - | I20: =IF(G20="","-",G20-F20) -> 0
A21: 301 | B21: AMAZON | C21: USA | D21: 190607.48 | E21: 182118.44 | H21: =IF(G21="","-",IFERROR(G21/F21-1,"-")) -> - | I21: =IF(G21="","-",G21-F21) -> -
A22: 202 | B22: SUPER PHARM POLAND | C22: POLAND | D22: 137974.18 | E22: 144741.73 | H22: =IF(G22="","-",IFERROR(G22/F22-1,"-")) -> - | I22: =IF(G22="","-",G22-F22) -> -
A23: 203 | B23: ORTHO- PARTNER AG. | C23: SWITZERLAND | D23: 1400.99 | E23: 121.12 | H23: =IF(G23="","-",IFERROR(G23/F23-1,"-")) -> - | I23: =IF(G23="","-",G23-F23) -> -
A24: 204 | B24: SANAFLEX ANATOMIC | C24: GREECE | D24: 80366.28 | E24: 0 | H24: =IF(G24="","-",IFERROR(G24/F24-1,"-")) -> - | I24: =IF(G24="","-",G24-F24) -> -
A25: 205 | B25: HEALTH CARE PROD. GMBH | C25: GERMANY | D25: 0 | E25: 0 | H25: =IF(G25="","-",IFERROR(G25/F25-1,"-")) -> - | I25: =IF(G25="","-",G25-F25) -> -
A26: 206 | B26: ORTHOMED LTD | C26: BULGARIA | D26: 0 | E26: 0 | H26: =IF(G26="","-",IFERROR(G26/F26-1,"-")) -> - | I26: =IF(G26="","-",G26-F26) -> -
A27: 207 | B27: SALUS | C27: HUNGARY | D27: 222074.04 | E27: 146752.62 | H27: =IF(G27="","-",IFERROR(G27/F27-1,"-")) -> - | I27: =IF(G27="","-",G27-F27) -> -
A28: 216 | B28: MAX KONNARIS LTD | C28: CYPRUS | D28: 0 | E28: 0 | H28: =IF(G28="","-",IFERROR(G28/F28-1,"-")) -> - | I28: =IF(G28="","-",G28-F28) -> -
A29: 208 | B29: MEDIPAL COMPANY | C29: NABLUS | D29: 83394.96 | E29: 0 | H29: =IF(G29="","-",IFERROR(G29/F29-1,"-")) -> - | I29: =IF(G29="","-",G29-F29) -> -
A30: 209 | B30: ORTOPROFIL PROD | C30: ROMANIA | D30: 0 | E30: 41441.91 | H30: =IF(G30="","-",IFERROR(G30/F30-1,"-")) -> - | I30: =IF(G30="","-",G30-F30) -> -
A31: 210 | B31: OY. EA. AB. | C31: FINLAND | D31: 0 | E31: 0 | H31: =IF(G31="","-",IFERROR(G31/F31-1,"-")) -> - | I31: =IF(G31="","-",G31-F31) -> -
A32: 201 | B32: SEVEN GEAR | C32: FINLAND | D32: 0 | E32: 0 | H32: =IF(G32="","-",IFERROR(G32/F32-1,"-")) -> - | I32: =IF(G32="","-",G32-F32) -> -
A33: 211 | B33: PHARMAG LACHMAIR GES. MBH | C33: AUSTRIA | D33: 0 | E33: 0 | H33: =IF(G33="","-",IFERROR(G33/F33-1,"-")) -> - | I33: =IF(G33="","-",G33-F33) -> -
A34: 304 | B34: REMEDICARE B.V. | C34: HOLLAND | H34: =IF(G34="","-",IFERROR(G34/F34-1,"-")) -> - | I34: =IF(G34="","-",G34-F34) -> -
A35: 213 | B35: E.F.M.O. | C35: SPAIN | D35: 0 | E35: 0 | H35: =IF(G35="","-",IFERROR(G35/F35-1,"-")) -> - | I35: =IF(G35="","-",G35-F35) -> -
A36: 214 | B36: ALFRED GERA | C36: MALTA | D36: 0 | E36: 0 | H36: =IF(G36="","-",IFERROR(G36/F36-1,"-")) -> - | I36: =IF(G36="","-",G36-F36) -> -
A37: 212 | B37: QUADRIFOGLIO MEDICAL | C37: ROMANIA | D37: 0 | E37: 0 | H37: =IF(G37="","-",IFERROR(G37/F37-1,"-")) -> - | I37: =IF(G37="","-",G37-F37) -> -
A38: 215 | B38: YOUNG IN HEALTHCARE CO., | C38: KOREA | D38: 0 | E38: 0 | H38: =IF(G38="","-",IFERROR(G38/F38-1,"-")) -> - | I38: =IF(G38="","-",G38-F38) -> -
A39: 217 | B39: HANS | C39: USA | D39: 161576.19 | E39: 0 | H39: =IF(G39="","-",IFERROR(G39/F39-1,"-")) -> - | I39: =IF(G39="","-",G39-F39) -> -
A40: 303 | B40: NEW DISTRIBUTORS | C40: Other | H40: =IF(G40="","-",IFERROR(G40/F40-1,"-")) -> - | I40: =IF(G40="","-",G40-F40) -> -
A41: 305 | B41: BAKU | C41: AZERBAIJAN | F41: 0 | H41: =IF(G41="","-",IFERROR(G41/F41-1,"-")) -> - | I41: =IF(G41="","-",G41-F41) -> -
A42: 302 | B42: MEXICO | C42: MEXICO | F42: 0 | H42: =IF(G42="","-",IFERROR(G42/F42-1,"-")) -> - | I42: =IF(G42="","-",G42-F42) -> -
B43: סה"כ חו"ל | D43: =SUM(D21:D42) -> 877394.12 | E43: =SUM(E21:E42) -> 515175.82 | F43: =SUM(F21:F42) -> 0 | G43: =SUM(G21:G42) -> 0 | H43: =IF(G43="","-",IFERROR(G43/F43-1,"-")) -> - | I43: =IF(G43="","-",G43-F43) -> 0
B44: סה"כ מכירות | D44: =D43+D20 -> 2534595.5 | E44: =E43+E20 -> 2002293.8 | F44: =F43+F20 -> 0 | G44: =G43+G20 -> 0 | H44: =IF(G44="","-",IFERROR(G44/F44-1,"-")) -> - | I44: =IF(G44="","-",G44-F44) -> 0

Sheet נתונים_שטוחים
A1: טבלת עזר שטוחה (מוסתר) - בסיס לגיליונות 'מצטבר - בחירה' ו'רבעונים'. אל תמחק/תשנה ידנית. אין תקציב/מטרה בקובץ זה (עדיין לא הוגדר תקציב 2027). | BA1: חודש # | BB1: שם חודש
A2: # | B2: לקוח | C2: קבוצה | D2: ינואר-2024 | E2: פברואר-2024 | F2: מרץ-2024 | G2: אפריל-2024 | H2: מאי-2024 | I2: יוני-2024 | J2: יולי-2024 | K2: אוגוסט-2024 | L2: ספטמבר-2024 | M2: אוקטובר-2024 | N2: נובמבר-2024 | O2: דצמבר-2024 | P2: ינואר-2025 | Q2: פברואר-2025 | R2: מרץ-2025 | S2: אפריל-2025 | T2: מאי-2025 | U2: יוני-2025 | V2: יולי-2025 | W2: אוגוסט-2025 | X2: ספטמבר-2025 | Y2: אוקטובר-2025 | Z2: נובמבר-2025 | AA2: דצמבר-2025 | AB2: ינואר-2026 | AC2: פברואר-2026 | AD2: מרץ-2026 | AE2: אפריל-2026 | AF2: מאי-2026 | AG2: יוני-2026 | AH2: יולי-2026 | AI2: אוגוסט-2026 | AJ2: ספטמבר-2026 | AK2: אוקטובר-2026 | AL2: נובמבר-2026 | AM2: דצמבר-2026 | AN2: ינואר-2027 | AO2: פברואר-2027 | AP2: מרץ-2027 | AQ2: אפריל-2027 | AR2: מאי-2027 | AS2: יוני-2027 | AT2: יולי-2027 | AU2: אוגוסט-2027 | AV2: ספטמבר-2027 | AW2: אוקטובר-2027 | AX2: נובמבר-2027 | AY2: דצמבר-2027 | BA2: 1 | BB2: ינואר
A3: אינדקס חודש (לשימוש SUMIFS מצטבר) | D3: 1 | E3: 2 | F3: 3 | G3: 4 | H3: 5 | I3: 6 | J3: 7 | K3: 8 | L3: 9 | M3: 10 | N3: 11 | O3: 12 | P3: 1 | Q3: 2 | R3: 3 | S3: 4 | T3: 5 | U3: 6 | V3: 7 | W3: 8 | X3: 9 | Y3: 10 | Z3: 11 | AA3: 12 | AB3: 1 | AC3: 2 | AD3: 3 | AE3: 4 | AF3: 5 | AG3: 6 | AH3: 7 | AI3: 8 | AJ3: 9 | AK3: 10 | AL3: 11 | AM3: 12 | AN3: 1 | AO3: 2 | AP3: 3 | AQ3: 4 | AR3: 5 | AS3: 6 | AT3: 7 | AU3: 8 | AV3: 9 | AW3: 10 | AX3: 11 | AY3: 12 | BA3: 2 | BB3: פברואר
A4: אינדקס רבעון (לשימוש SUMIFS רבעוני) | D4: 1 | E4: 1 | F4: 1 | G4: 2 | H4: 2 | I4: 2 | J4: 3 | K4: 3 | L4: 3 | M4: 4 | N4: 4 | O4: 4 | P4: 1 | Q4: 1 | R4: 1 | S4: 2 | T4: 2 | U4: 2 | V4: 3 | W4: 3 | X4: 3 | Y4: 4 | Z4: 4 | AA4: 4 | AB4: 1 | AC4: 1 | AD4: 1 | AE4: 2 | AF4: 2 | AG4: 2 | AH4: 3 | AI4: 3 | AJ4: 3 | AK4: 4 | AL4: 4 | AM4: 4 | AN4: 1 | AO4: 1 | AP4: 1 | AQ4: 2 | AR4: 2 | AS4: 2 | AT4: 3 | AU4: 3 | AV4: 3 | AW4: 4 | AX4: 4 | AY4: 4 | BA4: 3 | BB4: מרץ
A5: ='1'!A3 -> 111 | B5: ='1'!B3 -> סופר פארם לייף | C5: ='1'!C3 -> ISR | D5: ='1'!D3 -> -594.08 | E5: ='2'!D3 -> 347582.74 | F5: ='3'!D3 -> 0 | G5: ='4'!D3 -> 263037.5 | H5: ='5'!D3 -> 155618.13 | I5: ='6'!D3 -> 144633.67 | J5: ='7'!D3 -> 214594.9 | K5: ='8'!D3 -> 301190.6 | L5: ='9'!D3 -> 124776.4 | M5: ='10'!D3 -> 0 | N5: ='11'!D3 -> 183470.34 | O5: ='12'!D3 -> 318421.6 | P5: ='1'!E3 -> 58427.8 | Q5: ='2'!E3 -> 233209.9 | R5: ='3'!E3 -> 66608.1 | S5: ='4'!E3 -> 336937.6 | T5: ='5'!E3 -> 131634 | U5: ='6'!E3 -> 0 | V5: ='7'!E3 -> 83088 | W5: ='8'!E3 -> 243929.1 | X5: ='9'!E3 -> 157587.19 | Y5: ='10'!E3 -> 33955.2 | Z5: ='11'!E3 -> 265660.9 | AA5: ='12'!E3 -> 97619.06 | AB5: ='1'!F3 -> 63104 | AC5: ='2'!F3 -> 364352.2 | AD5: ='3'!F3 -> 123280.14 | AE5: ='4'!F3 -> 124575.26 | AF5: ='5'!F3 -> 0 | AG5: ='6'!F3 -> 65131.7 | AH5: ='7'!F3 -> 73969 | AI5: ='8'!F3 -> 299421.55 | AJ5: ='9'!F3 -> 193941.5 | AK5: ='10'!F3 -> 20995.2 | AL5: ='11'!F3 -> 0 | AM5: ='12'!F3 -> 0 | AN5: ='1'!G3 -> 0 | AO5: ='2'!G3 -> 0 | AP5: ='3'!G3 -> 0 | AQ5: ='4'!G3 -> 0 | AR5: ='5'!G3 -> 0 | AS5: ='6'!G3 -> 0 | AT5: ='7'!G3 -> 0 | AU5: ='8'!G3 -> 0 | AV5: ='9'!G3 -> 0 | AW5: ='10'!G3 -> 0 | AX5: ='11'!G3 -> 0 | AY5: ='12'!G3 -> 0 | BA5: 4 | BB5: אפריל
A6: ='1'!A4 -> 1 | B6: ='1'!B4 -> סופרפארם | C6: ='1'!C4 -> ISR | D6: ='1'!D4 -> 452441.08 | E6: ='2'!D4 -> 422279.31 | F6: ='3'!D4 -> 442108.94 | G6: ='4'!D4 -> 473814.8 | H6: ='5'!D4 -> 560199.91 | I6: ='6'!D4 -> 429114.05 | J6: ='7'!D4 -> 502006.14 | K6: ='8'!D4 -> 429300.05 | L6: ='9'!D4 -> 514559.04 | M6: ='10'!D4 -> 403387.08 | N6: ='11'!D4 -> 399305.09 | O6: ='12'!D4 -> 453775.69 | P6: ='1'!E4 -> 670882.2 | Q6: ='2'!E4 -> 406825.35 | R6: ='3'!E4 -> 437918.57 | S6: ='4'!E4 -> 549545.83 | T6: ='5'!E4 -> 729180.69 | U6: ='6'!E4 -> 452295.98 | V6: ='7'!E4 -> 486312.52 | W6: ='8'!E4 -> 495074.58 | X6: ='9'!E4 -> 465794.42 | Y6: ='10'!E4 -> 417469.78 | Z6: ='11'!E4 -> 507426.01 | AA6: ='12'!E4 -> 453051.69 | AB6: ='1'!F4 -> 423956.26 | AC6: ='2'!F4 -> 469684.03 | AD6: ='3'!F4 -> 418342.47 | AE6: ='4'!F4 -> 429718.2 | AF6: ='5'!F4 -> 498482.53 | AG6: ='6'!F4 -> 534754.4 | AH6: ='7'!F4 -> 453851.22 | AI6: ='8'!F4 -> 588822.69 | AJ6: ='9'!F4 -> 413784.46 | AK6: ='10'!F4 -> 0 | AL6: ='11'!F4 -> 0 | AM6: ='12'!F4 -> 0 | AN6: ='1'!G4 -> 0 | AO6: ='2'!G4 -> 0 | AP6: ='3'!G4 -> 0 | AQ6: ='4'!G4 -> 0 | AR6: ='5'!G4 -> 0 | AS6: ='6'!G4 -> 0 | AT6: ='7'!G4 -> 0 | AU6: ='8'!G4 -> 0 | AV6: ='9'!G4 -> 0 | AW6: ='10'!G4 -> 0 | AX6: ='11'!G4 -> 0 | AY6: ='12'!G4 -> 0 | BA6: 5 | BB6: מאי
A7: ='1'!A5 -> 2 | B7: ='1'!B5 -> BE | C7: ='1'!C5 -> ISR | D7: ='1'!D5 -> 63301.42 | E7: ='2'!D5 -> 82457.193 | F7: ='3'!D5 -> 98496.489 | G7: ='4'!D5 -> 100846.29 | H7: ='5'!D5 -> 104005.54 | I7: ='6'!D5 -> 94683.953 | J7: ='7'!D5 -> 95719.442 | K7: ='8'!D5 -> 96254.067 | L7: ='9'!D5 -> 104489.48 | M7: ='10'!D5 -> 80742.389 | N7: ='11'!D5 -> 78931.671 | O7: ='12'!D5 -> 89875.877 | P7: ='1'!E5 -> 54489.89 | Q7: ='2'!E5 -> 65962.26 | R7: ='3'!E5 -> 58257.29 | S7: ='4'!E5 -> 75168 | T7: ='5'!E5 -> 80577.77 | U7: ='6'!E5 -> 87191.65 | V7: ='7'!E5 -> 59921.68 | W7: ='8'!E5 -> 73631.74 | X7: ='9'!E5 -> 64918.49 | Y7: ='10'!E5 -> 61390.42 | Z7: ='11'!E5 -> 85930.39 | AA7: ='12'!E5 -> 61250.28 | AB7: ='1'!F5 -> 67635.75 | AC7: ='2'!F5 -> 68397.329 | AD7: ='3'!F5 -> 59847.151 | AE7: ='4'!F5 -> 83501.964 | AF7: ='5'!F5 -> 81328.338 | AG7: ='6'!F5 -> 76564.033 | AH7: ='7'!F5 -> 72470.216 | AI7: ='8'!F5 -> 70518.812 | AJ7: ='9'!F5 -> 70795.452 | AK7: ='10'!F5 -> 0 | AL7: ='11'!F5 -> 0 | AM7: ='12'!F5 -> 0 | AN7: ='1'!G5 -> 0 | AO7: ='2'!G5 -> 0 | AP7: ='3'!G5 -> 0 | AQ7: ='4'!G5 -> 0 | AR7: ='5'!G5 -> 0 | AS7: ='6'!G5 -> 0 | AT7: ='7'!G5 -> 0 | AU7: ='8'!G5 -> 0 | AV7: ='9'!G5 -> 0 | AW7: ='10'!G5 -> 0 | AX7: ='11'!G5 -> 0 | AY7: ='12'!G5 -> 0 | BA7: 6 | BB7: יוני
A8: ='1'!A6 -> 3 | B8: ='1'!B6 -> בתי מרקחת | C8: ='1'!C6 -> ISR | D8: ='1'!D6 -> 164714.58 | E8: ='2'!D6 -> 163451.95 | F8: ='3'!D6 -> 155174.62 | G8: ='4'!D6 -> 132554.79 | H8: ='5'!D6 -> 211638.8 | I8: ='6'!D6 -> 174598.68 | J8: ='7'!D6 -> 157377.7 | K8: ='8'!D6 -> 112372.34 | L8: ='9'!D6 -> 141046.59 | M8: ='10'!D6 -> 128887.33 | N8: ='11'!D6 -> 144720.94 | O8: ='12'!D6 -> 149421.21 | P8: ='1'!E6 -> 136160.38 | Q8: ='2'!E6 -> 133409.82 | R8: ='3'!E6 -> 153012.03 | S8: ='4'!E6 -> 173213.55 | T8: ='5'!E6 -> 186515.16 | U8: ='6'!E6 -> 160476.44 | V8: ='7'!E6 -> 221525.16 | W8: ='8'!E6 -> 179847.32 | X8: ='9'!E6 -> 134403.73 | Y8: ='10'!E6 -> 150616.42 | Z8: ='11'!E6 -> 167763.05 | AA8: ='12'!E6 -> 144058.52 | AB8: ='1'!F6 -> 192169.79 | AC8: ='2'!F6 -> 140722.24 | AD8: ='3'!F6 -> 122676.56 | AE8: ='4'!F6 -> 125615.73 | AF8: ='5'!F6 -> 148972.08 | AG8: ='6'!F6 -> 188367.58 | AH8: ='7'!F6 -> 152144.32 | AI8: ='8'!F6 -> 160218.08 | AJ8: ='9'!F6 -> 178661.46 | AK8: ='10'!F6 -> 0 | AL8: ='11'!F6 -> 0 | AM8: ='12'!F6 -> 0 | AN8: ='1'!G6 -> 0 | AO8: ='2'!G6 -> 0 | AP8: ='3'!G6 -> 0 | AQ8: ='4'!G6 -> 0 | AR8: ='5'!G6 -> 0 | AS8: ='6'!G6 -> 0 | AT8: ='7'!G6 -> 0 | AU8: ='8'!G6 -> 0 | AV8: ='9'!G6 -> 0 | AW8: ='10'!G6 -> 0 | AX8: ='11'!G6 -> 0 | AY8: ='12'!G6 -> 0 | BA8: 7 | BB8: יולי
A9: ='1'!A7 -> 112 | B9: ='1'!B7 -> כללית | C9: ='1'!C7 -> ISR | D9: ='1'!D7 -> 414961 | E9: ='2'!D7 -> 385135 | F9: ='3'!D7 -> 389673.5 | G9: ='4'!D7 -> 244648 | H9: ='5'!D7 -> 327442 | I9: ='6'!D7 -> 315729.5 | J9: ='7'!D7 -> 326042 | K9: ='8'!D7 -> 416484 | L9: ='9'!D7 -> 309520.8 | M9: ='10'!D7 -> 291076 | N9: ='11'!D7 -> 319604.5 | O9: ='12'!D7 -> 378149.8 | P9: ='1'!E7 -> 326467.5 | Q9: ='2'!E7 -> 371734.5 | R9: ='3'!E7 -> 376182 | S9: ='4'!E7 -> 263457 | T9: ='5'!E7 -> 307503 | U9: ='6'!E7 -> 363201.5 | V9: ='7'!E7 -> 329541.7 | W9: ='8'!E7 -> 273604.4 | X9: ='9'!E7 -> 337200.15 | Y9: ='10'!E7 -> 184903.8 | Z9: ='11'!E7 -> 308121.37 | AA9: ='12'!E7 -> 367699.5 | AB9: ='1'!F7 -> 320186.2 | AC9: ='2'!F7 -> 299047.35 | AD9: ='3'!F7 -> 244180.55 | AE9: ='4'!F7 -> 220778.2 | AF9: ='5'!F7 -> 318846.8 | AG9: ='6'!F7 -> 339371.75 | AH9: ='7'!F7 -> 392888.3 | AI9: ='8'!F7 -> 295436 | AJ9: ='9'!F7 -> 296928.1 | AK9: ='10'!F7 -> 0 | AL9: ='11'!F7 -> 0 | AM9: ='12'!F7 -> 0 | AN9: ='1'!G7 -> 0 | AO9: ='2'!G7 -> 0 | AP9: ='3'!G7 -> 0 | AQ9: ='4'!G7 -> 0 | AR9: ='5'!G7 -> 0 | AS9: ='6'!G7 -> 0 | AT9: ='7'!G7 -> 0 | AU9: ='8'!G7 -> 0 | AV9: ='9'!G7 -> 0 | AW9: ='10'!G7 -> 0 | AX9: ='11'!G7 -> 0 | AY9: ='12'!G7 -> 0 | BA9: 8 | BB9: אוגוסט
A10: ='1'!A8 -> 113 | B10: ='1'!B8 -> מאוחדת | C10: ='1'!C8 -> ISR | D10: ='1'!D8 -> 74817.97 | E10: ='2'!D8 -> 91523.03 | F10: ='3'!D8 -> 77394.37 | G10: ='4'!D8 -> 59971.53 | H10: ='5'!D8 -> 65998.04 | I10: ='6'!D8 -> 43688.56 | J10: ='7'!D8 -> 79041.44 | K10: ='8'!D8 -> 64245.4 | L10: ='9'!D8 -> 65554.73 | M10: ='10'!D8 -> 50225.36 | N10: ='11'!D8 -> 57000.57 | O10: ='12'!D8 -> 68517.25 | P10: ='1'!E8 -> 57834.64 | Q10: ='2'!E8 -> 82146.14 | R10: ='3'!E8 -> 74502.3 | S10: ='4'!E8 -> 62433.13 | T10: ='5'!E8 -> 88130.8 | U10: ='6'!E8 -> 62616.16 | V10: ='7'!E8 -> 95914.88 | W10: ='8'!E8 -> 81013.09 | X10: ='9'!E8 -> 89206.99 | Y10: ='10'!E8 -> 70789.24 | Z10: ='11'!E8 -> 68004.57 | AA10: ='12'!E8 -> 60034.25 | AB10: ='1'!F8 -> 60425.14 | AC10: ='2'!F8 -> 59215.28 | AD10: ='3'!F8 -> 55389.04 | AE10: ='4'!F8 -> 50971.08 | AF10: ='5'!F8 -> 47091.772 | AG10: ='6'!F8 -> 70005.299 | AH10: ='7'!F8 -> 49165.266 | AI10: ='8'!F8 -> 73310.601 | AJ10: ='9'!F8 -> 54681.263 | AK10: ='10'!F8 -> 0 | AL10: ='11'!F8 -> 0 | AM10: ='12'!F8 -> 0 | AN10: ='1'!G8 -> 0 | AO10: ='2'!G8 -> 0 | AP10: ='3'!G8 -> 0 | AQ10: ='4'!G8 -> 0 | AR10: ='5'!G8 -> 0 | AS10: ='6'!G8 -> 0 | AT10: ='7'!G8 -> 0 | AU10: ='8'!G8 -> 0 | AV10: ='9'!G8 -> 0 | AW10: ='10'!G8 -> 0 | AX10: ='11'!G8 -> 0 | AY10: ='12'!G8 -> 0 | BA10: 9 | BB10: ספטמבר
A11: ='1'!A9 -> 4 | B11: ='1'!B9 -> מכבי | C11: ='1'!C9 -> ISR | D11: ='1'!D9 -> 0 | E11: ='2'!D9 -> 0 | F11: ='3'!D9 -> 0 | G11: ='4'!D9 -> 0 | H11: ='5'!D9 -> 0 | I11: ='6'!D9 -> 0 | J11: ='7'!D9 -> 0 | K11: ='8'!D9 -> 0 | L11: ='9'!D9 -> 0 | M11: ='10'!D9 -> 0 | N11: ='11'!D9 -> 0 | O11: ='12'!D9 -> 0 | P11: ='1'!E9 -> 0 | Q11: ='2'!E9 -> 0 | R11: ='3'!E9 -> 0 | S11: ='4'!E9 -> 0 | T11: ='5'!E9 -> 0 | U11: ='6'!E9 -> 0 | V11: ='7'!E9 -> 0 | W11: ='8'!E9 -> 0 | X11: ='9'!E9 -> 0 | Y11: ='10'!E9 -> 0 | Z11: ='11'!E9 -> 0 | AA11: ='12'!E9 -> 0 | AB11: ='1'!F9 -> 0 | AC11: ='2'!F9 -> 0 | AD11: ='3'!F9 -> 0 | AE11: ='4'!F9 -> 0 | AF11: ='5'!F9 -> 0 | AG11: ='6'!F9 -> 0 | AH11: ='7'!F9 -> 0 | AI11: ='8'!F9 -> 0 | AJ11: ='9'!F9 -> 0 | AK11: ='10'!F9 -> 0 | AL11: ='11'!F9 -> 0 | AM11: ='12'!F9 -> 0 | AN11: ='1'!G9 -> 0 | AO11: ='2'!G9 -> 0 | AP11: ='3'!G9 -> 0 | AQ11: ='4'!G9 -> 0 | AR11: ='5'!G9 -> 0 | AS11: ='6'!G9 -> 0 | AT11: ='7'!G9 -> 0 | AU11: ='8'!G9 -> 0 | AV11: ='9'!G9 -> 0 | AW11: ='10'!G9 -> 0 | AX11: ='11'!G9 -> 0 | AY11: ='12'!G9 -> 0 | BA11: 10 | BB11: אוקטובר
A12: ='1'!A10 -> 102 | B12: ='1'!B10 -> מכוני אורטופדיה | C12: ='1'!C10 -> ISR | D12: ='1'!D10 -> 91890.1 | E12: ='2'!D10 -> 85829.2 | F12: ='3'!D10 -> 87247.96 | G12: ='4'!D10 -> 69580.43 | H12: ='5'!D10 -> 99310.41 | I12: ='6'!D10 -> 77555.62 | J12: ='7'!D10 -> 76209.32 | K12: ='8'!D10 -> 62739.61 | L12: ='9'!D10 -> 65856.52 | M12: ='10'!D10 -> 56916.24 | N12: ='11'!D10 -> 62213.38 | O12: ='12'!D10 -> 65670.46 | P12: ='1'!E10 -> 72633.3 | Q12: ='2'!E10 -> 46378.11 | R12: ='3'!E10 -> 65531.82 | S12: ='4'!E10 -> 74555.12 | T12: ='5'!E10 -> 94846.85 | U12: ='6'!E10 -> 63999.64 | V12: ='7'!E10 -> 81305.01 | W12: ='8'!E10 -> 61998.83 | X12: ='9'!E10 -> 69988.58 | Y12: ='10'!E10 -> 57765.28 | Z12: ='11'!E10 -> 96453.83 | AA12: ='12'!E10 -> 69362.57 | AB12: ='1'!F10 -> 86618.03 | AC12: ='2'!F10 -> 81282.23 | AD12: ='3'!F10 -> 48951.14 | AE12: ='4'!F10 -> 88526.04 | AF12: ='5'!F10 -> 102176.91 | AG12: ='6'!F10 -> 67723.22 | AH12: ='7'!F10 -> 65635.87 | AI12: ='8'!F10 -> 76847.55 | AJ12: ='9'!F10 -> 60353.17 | AK12: ='10'!F10 -> 0 | AL12: ='11'!F10 -> 0 | AM12: ='12'!F10 -> 0 | AN12: ='1'!G10 -> 0 | AO12: ='2'!G10 -> 0 | AP12: ='3'!G10 -> 0 | AQ12: ='4'!G10 -> 0 | AR12: ='5'!G10 -> 0 | AS12: ='6'!G10 -> 0 | AT12: ='7'!G10 -> 0 | AU12: ='8'!G10 -> 0 | AV12: ='9'!G10 -> 0 | AW12: ='10'!G10 -> 0 | AX12: ='11'!G10 -> 0 | AY12: ='12'!G10 -> 0 | BA12: 11 | BB12: נובמבר
A13: ='1'!A11 -> 101 | B13: ='1'!B11 -> לקוחות מפעל | C13: ='1'!C11 -> ISR | D13: ='1'!D11 -> 15878.93 | E13: ='2'!D11 -> 11131.68 | F13: ='3'!D11 -> 21528.06 | G13: ='4'!D11 -> 14571.76 | H13: ='5'!D11 -> 16034.44 | I13: ='6'!D11 -> 13321.91 | J13: ='7'!D11 -> 27532.1 | K13: ='8'!D11 -> 18126.58 | L13: ='9'!D11 -> 10468.76 | M13: ='10'!D11 -> 11253.22 | N13: ='11'!D11 -> 10956.17 | O13: ='12'!D11 -> 16400.06 | P13: ='1'!E11 -> 16402.68 | Q13: ='2'!E11 -> 17589.94 | R13: ='3'!E11 -> 21300.79 | S13: ='4'!E11 -> 15201.7 | T13: ='5'!E11 -> 15870.65 | U13: ='6'!E11 -> 9192.17 | V13: ='7'!E11 -> 10971.32 | W13: ='8'!E11 -> 12420.51 | X13: ='9'!E11 -> 17490.72 | Y13: ='10'!E11 -> 9579 | Z13: ='11'!E11 -> 28016.53 | AA13: ='12'!E11 -> 11214.5 | AB13: ='1'!F11 -> 18073.66 | AC13: ='2'!F11 -> 11368.09 | AD13: ='3'!F11 -> 6765.24 | AE13: ='4'!F11 -> 11923.54 | AF13: ='5'!F11 -> 6343.11 | AG13: ='6'!F11 -> 6761.44 | AH13: ='7'!F11 -> 5105.8 | AI13: ='8'!F11 -> 4321.85 | AJ13: ='9'!F11 -> 8755.86 | AK13: ='10'!F11 -> 0 | AL13: ='11'!F11 -> 0 | AM13: ='12'!F11 -> 0 | AN13: ='1'!G11 -> 0 | AO13: ='2'!G11 -> 0 | AP13: ='3'!G11 -> 0 | AQ13: ='4'!G11 -> 0 | AR13: ='5'!G11 -> 0 | AS13: ='6'!G11 -> 0 | AT13: ='7'!G11 -> 0 | AU13: ='8'!G11 -> 0 | AV13: ='9'!G11 -> 0 | AW13: ='10'!G11 -> 0 | AX13: ='11'!G11 -> 0 | AY13: ='12'!G11 -> 0 | BA13: 12 | BB13: דצמבר
A14: ='1'!A12 -> 109 | B14: ='1'!B12 -> חנויות פרטיות | C14: ='1'!C12 -> ISR | D14: ='1'!D12 -> 5667.68 | E14: ='2'!D12 -> 0 | F14: ='3'!D12 -> 3573.08 | G14: ='4'!D12 -> 11309.68 | H14: ='5'!D12 -> 1188.66 | I14: ='6'!D12 -> 11738.24 | J14: ='7'!D12 -> 8417.71 | K14: ='8'!D12 -> 8063.63 | L14: ='9'!D12 -> 3066.38 | M14: ='10'!D12 -> -1766.36 | N14: ='11'!D12 -> 30231.73 | O14: ='12'!D12 -> 10713.92 | P14: ='1'!E12 -> 6025.5 | Q14: ='2'!E12 -> 4045.81 | R14: ='3'!E12 -> 11352.51 | S14: ='4'!E12 -> 4054.42 | T14: ='5'!E12 -> 5871.12 | U14: ='6'!E12 -> 4288.26 | V14: ='7'!E12 -> 4990.47 | W14: ='8'!E12 -> 1459.42 | X14: ='9'!E12 -> 4228.87 | Y14: ='10'!E12 -> 3274.69 | Z14: ='11'!E12 -> 1902.07 | AA14: ='12'!E12 -> 5866.58 | AB14: ='1'!F12 -> 5894.68 | AC14: ='2'!F12 -> 3319.04 | AD14: ='3'!F12 -> 3196.2 | AE14: ='4'!F12 -> 4956.22 | AF14: ='5'!F12 -> 7664.69 | AG14: ='6'!F12 -> 8984.58 | AH14: ='7'!F12 -> 3863.17 | AI14: ='8'!F12 -> 2043.68 | AJ14: ='9'!F12 -> 5091.7 | AK14: ='10'!F12 -> 0 | AL14: ='11'!F12 -> 0 | AM14: ='12'!F12 -> 0 | AN14: ='1'!G12 -> 0 | AO14: ='2'!G12 -> 0 | AP14: ='3'!G12 -> 0 | AQ14: ='4'!G12 -> 0 | AR14: ='5'!G12 -> 0 | AS14: ='6'!G12 -> 0 | AT14: ='7'!G12 -> 0 | AU14: ='8'!G12 -> 0 | AV14: ='9'!G12 -> 0 | AW14: ='10'!G12 -> 0 | AX14: ='11'!G12 -> 0 | AY14: ='12'!G12 -> 0
A15: ='1'!A13 -> 105 | B15: ='1'!B13 -> מכוני פדיקור | C15: ='1'!C13 -> ISR | D15: ='1'!D13 -> 0 | E15: ='2'!D13 -> 0 | F15: ='3'!D13 -> 0 | G15: ='4'!D13 -> 850.4 | H15: ='5'!D13 -> 0 | I15: ='6'!D13 -> 0 | J15: ='7'!D13 -> 679.3 | K15: ='8'!D13 -> 0 | L15: ='9'!D13 -> 850.4 | M15: ='10'!D13 -> 0 | N15: ='11'!D13 -> 0 | O15: ='12'!D13 -> 850.4 | P15: ='1'!E13 -> 1162.85 | Q15: ='2'!E13 -> 569.45 | R15: ='3'!E13 -> 0 | S15: ='4'!E13 -> 0 | T15: ='5'!E13 -> 0 | U15: ='6'!E13 -> 1244.84 | V15: ='7'!E13 -> 0 | W15: ='8'!E13 -> 0 | X15: ='9'!E13 -> 0 | Y15: ='10'!E13 -> 669.74 | Z15: ='11'!E13 -> 498.8 | AA15: ='12'!E13 -> 0 | AB15: ='1'!F13 -> 810.6 | AC15: ='2'!F13 -> 0 | AD15: ='3'!F13 -> 1106.56 | AE15: ='4'!F13 -> 0 | AF15: ='5'!F13 -> 0 | AG15: ='6'!F13 -> 1658.99 | AH15: ='7'!F13 -> 0 | AI15: ='8'!F13 -> 728.87 | AJ15: ='9'!F13 -> 0 | AK15: ='10'!F13 -> 0 | AL15: ='11'!F13 -> 0 | AM15: ='12'!F13 -> 0 | AN15: ='1'!G13 -> 0 | AO15: ='2'!G13 -> 0 | AP15: ='3'!G13 -> 0 | AQ15: ='4'!G13 -> 0 | AR15: ='5'!G13 -> 0 | AS15: ='6'!G13 -> 0 | AT15: ='7'!G13 -> 0 | AU15: ='8'!G13 -> 0 | AV15: ='9'!G13 -> 0 | AW15: ='10'!G13 -> 0 | AX15: ='11'!G13 -> 0 | AY15: ='12'!G13 -> 0
A16: ='1'!A14 -> 104 | B16: ='1'!B14 -> חנויות נעליים | C16: ='1'!C14 -> ISR | D16: ='1'!D14 -> 0 | E16: ='2'!D14 -> 0 | F16: ='3'!D14 -> 0 | G16: ='4'!D14 -> 0 | H16: ='5'!D14 -> 1597.46 | I16: ='6'!D14 -> 0 | J16: ='7'!D14 -> 0 | K16: ='8'!D14 -> 0 | L16: ='9'!D14 -> 0 | M16: ='10'!D14 -> 0 | N16: ='11'!D14 -> 0 | O16: ='12'!D14 -> -14.28 | P16: ='1'!E14 -> 0 | Q16: ='2'!E14 -> 0 | R16: ='3'!E14 -> 0 | S16: ='4'!E14 -> 0 | T16: ='5'!E14 -> 0 | U16: ='6'!E14 -> 0 | V16: ='7'!E14 -> 0 | W16: ='8'!E14 -> 0 | X16: ='9'!E14 -> 0 | Y16: ='10'!E14 -> 514.2 | Z16: ='11'!E14 -> 0 | AA16: ='12'!E14 -> 0 | AB16: ='1'!F14 -> 0 | AC16: ='2'!F14 -> 0 | AD16: ='3'!F14 -> 0 | AE16: ='4'!F14 -> 0 | AF16: ='5'!F14 -> 1896.82 | AG16: ='6'!F14 -> 0 | AH16: ='7'!F14 -> 0 | AI16: ='8'!F14 -> 0 | AJ16: ='9'!F14 -> 0 | AK16: ='10'!F14 -> 0 | AL16: ='11'!F14 -> 0 | AM16: ='12'!F14 -> 0 | AN16: ='1'!G14 -> 0 | AO16: ='2'!G14 -> 0 | AP16: ='3'!G14 -> 0 | AQ16: ='4'!G14 -> 0 | AR16: ='5'!G14 -> 0 | AS16: ='6'!G14 -> 0 | AT16: ='7'!G14 -> 0 | AU16: ='8'!G14 -> 0 | AV16: ='9'!G14 -> 0 | AW16: ='10'!G14 -> 0 | AX16: ='11'!G14 -> 0 | AY16: ='12'!G14 -> 0
A17: ='1'!A15 -> 106 | B17: ='1'!B15 -> בתי חולים ושרות | C17: ='1'!C15 -> ISR | D17: ='1'!D15 -> 0 | E17: ='2'!D15 -> 0 | F17: ='3'!D15 -> 1275.21 | G17: ='4'!D15 -> 0 | H17: ='5'!D15 -> 0 | I17: ='6'!D15 -> 4579.64 | J17: ='7'!D15 -> 0 | K17: ='8'!D15 -> 0 | L17: ='9'!D15 -> 0 | M17: ='10'!D15 -> 507.08 | N17: ='11'!D15 -> 695.57 | O17: ='12'!D15 -> 2520 | P17: ='1'!E15 -> 0 | Q17: ='2'!E15 -> 11067.51 | R17: ='3'!E15 -> 0 | S17: ='4'!E15 -> 0 | T17: ='5'!E15 -> 0 | U17: ='6'!E15 -> 0 | V17: ='7'!E15 -> 651.15 | W17: ='8'!E15 -> 0 | X17: ='9'!E15 -> 0 | Y17: ='10'!E15 -> 0 | Z17: ='11'!E15 -> 0 | AA17: ='12'!E15 -> 1813.57 | AB17: ='1'!F15 -> 2523.6 | AC17: ='2'!F15 -> 947.38 | AD17: ='3'!F15 -> 0 | AE17: ='4'!F15 -> 847.74 | AF17: ='5'!F15 -> 3430 | AG17: ='6'!F15 -> 0 | AH17: ='7'!F15 -> 478.2 | AI17: ='8'!F15 -> 0 | AJ17: ='9'!F15 -> 6726.56 | AK17: ='10'!F15 -> 0 | AL17: ='11'!F15 -> 0 | AM17: ='12'!F15 -> 0 | AN17: ='1'!G15 -> 0 | AO17: ='2'!G15 -> 0 | AP17: ='3'!G15 -> 0 | AQ17: ='4'!G15 -> 0 | AR17: ='5'!G15 -> 0 | AS17: ='6'!G15 -> 0 | AT17: ='7'!G15 -> 0 | AU17: ='8'!G15 -> 0 | AV17: ='9'!G15 -> 0 | AW17: ='10'!G15 -> 0 | AX17: ='11'!G15 -> 0 | AY17: ='12'!G15 -> 0
A18: ='1'!A16 -> 103 | B18: ='1'!B16 -> מכוני פיזיותרפיה | C18: ='1'!C16 -> ISR | D18: ='1'!D16 -> 4135.49 | E18: ='2'!D16 -> 8592.99 | F18: ='3'!D16 -> 7451.5 | G18: ='4'!D16 -> 3314.43 | H18: ='5'!D16 -> 3187.34 | I18: ='6'!D16 -> 5235.63 | J18: ='7'!D16 -> 16671.18 | K18: ='8'!D16 -> 6797.75 | L18: ='9'!D16 -> 5902.85 | M18: ='10'!D16 -> 2059.32 | N18: ='11'!D16 -> 5017.43 | O18: ='12'!D16 -> 4549.9 | P18: ='1'!E16 -> 15213.91 | Q18: ='2'!E16 -> 12501.56 | R18: ='3'!E16 -> 2138.43 | S18: ='4'!E16 -> 5898.37 | T18: ='5'!E16 -> 707.66 | U18: ='6'!E16 -> 17697.58 | V18: ='7'!E16 -> 7828.72 | W18: ='8'!E16 -> 5704.97 | X18: ='9'!E16 -> 9679.47 | Y18: ='10'!E16 -> 4038.81 | Z18: ='11'!E16 -> 12930.62 | AA18: ='12'!E16 -> 361.5 | AB18: ='1'!F16 -> 11467.92 | AC18: ='2'!F16 -> 15269.72 | AD18: ='3'!F16 -> 6672.87 | AE18: ='4'!F16 -> 33906.96 | AF18: ='5'!F16 -> 6150.22 | AG18: ='6'!F16 -> 15643.41 | AH18: ='7'!F16 -> 10025.73 | AI18: ='8'!F16 -> 10118.69 | AJ18: ='9'!F16 -> 9421.74 | AK18: ='10'!F16 -> 0 | AL18: ='11'!F16 -> 0 | AM18: ='12'!F16 -> 0 | AN18: ='1'!G16 -> 0 | AO18: ='2'!G16 -> 0 | AP18: ='3'!G16 -> 0 | AQ18: ='4'!G16 -> 0 | AR18: ='5'!G16 -> 0 | AS18: ='6'!G16 -> 0 | AT18: ='7'!G16 -> 0 | AU18: ='8'!G16 -> 0 | AV18: ='9'!G16 -> 0 | AW18: ='10'!G16 -> 0 | AX18: ='11'!G16 -> 0 | AY18: ='12'!G16 -> 0
A19: ='1'!A18 -> 114 | B19: ='1'!B18 -> לקוחות אינטרנט | C19: ='1'!C18 -> ISR | D19: ='1'!D18 -> 42663.04 | E19: ='2'!D18 -> 40630.42 | F19: ='3'!D18 -> 45122.89 | G19: ='4'!D18 -> 43476.43 | H19: ='5'!D18 -> 49304.7 | I19: ='6'!D18 -> 52569.54 | J19: ='7'!D18 -> 56033.81 | K19: ='8'!D18 -> 43626.89 | L19: ='9'!D18 -> 56193.19 | M19: ='10'!D18 -> 71675.57 | N19: ='11'!D18 -> 87038.75 | O19: ='12'!D18 -> 95223.27 | P19: ='1'!E18 -> 92988.17 | Q19: ='2'!E18 -> 97231.18 | R19: ='3'!E18 -> 98819.24 | S19: ='4'!E18 -> 96447.31 | T19: ='5'!E18 -> 99302.95 | U19: ='6'!E18 -> 128892.76 | V19: ='7'!E18 -> 163496.62 | W19: ='8'!E18 -> 136844.33 | X19: ='9'!E18 -> 143120.65 | Y19: ='10'!E18 -> 136200.54 | Z19: ='11'!E18 -> 249690.08 | AA19: ='12'!E18 -> 213224.46 | AB19: ='1'!F18 -> 212354.12 | AC19: ='2'!F18 -> 236431.2 | AD19: ='3'!F18 -> 409497.07 | AE19: ='4'!F18 -> 544858.41 | AF19: ='5'!F18 -> 404699.34 | AG19: ='6'!F18 -> 423398.06 | AH19: ='7'!F18 -> 398018.33 | AI19: ='8'!F18 -> 391167.74 | AJ19: ='9'!F18 -> 347579.04 | AK19: ='10'!F18 -> 0 | AL19: ='11'!F18 -> 0 | AM19: ='12'!F18 -> 0 | AN19: ='1'!G18 -> 0 | AO19: ='2'!G18 -> 0 | AP19: ='3'!G18 -> 0 | AQ19: ='4'!G18 -> 0 | AR19: ='5'!G18 -> 0 | AS19: ='6'!G18 -> 0 | AT19: ='7'!G18 -> 0 | AU19: ='8'!G18 -> 0 | AV19: ='9'!G18 -> 0 | AW19: ='10'!G18 -> 0 | AX19: ='11'!G18 -> 0 | AY19: ='12'!G18 -> 0
A20: ='1'!A19 -> 115 | B20: ='1'!B19 -> סופר פארם מרקט פלייס | C20: ='1'!C19 -> ISR | D20: ='1'!D19 -> 1654.88 | E20: ='2'!D19 -> 2455.66 | F20: ='3'!D19 -> 2233.52 | G20: ='4'!D19 -> 2046.43 | H20: ='5'!D19 -> 2364.29 | I20: ='6'!D19 -> 5374.81 | J20: ='7'!D19 -> 1788.03 | K20: ='8'!D19 -> 4027.72 | L20: ='9'!D19 -> 3358.59 | M20: ='10'!D19 -> 3795.33 | N20: ='11'!D19 -> 3533.44 | O20: ='12'!D19 -> 3126.19 | P20: ='1'!E19 -> 2032.3 | Q20: ='2'!E19 -> 3188.82 | R20: ='3'!E19 -> 3577.56 | S20: ='4'!E19 -> 2606.4 | T20: ='5'!E19 -> 1491.14 | U20: ='6'!E19 -> 4432.93 | V20: ='7'!E19 -> 1318.12 | W20: ='8'!E19 -> 2497.52 | X20: ='9'!E19 -> 1798.35 | Y20: ='10'!E19 -> 1762.26 | Z20: ='11'!E19 -> 1058.88 | AA20: ='12'!E19 -> 1561.46 | AB20: ='1'!F19 -> 1274.4 | AC20: ='2'!F19 -> 1747 | AD20: ='3'!F19 -> 2065.63 | AE20: ='4'!F19 -> 1302.94 | AF20: ='5'!F19 -> 2347.76 | AG20: ='6'!F19 -> 1069.29 | AH20: ='7'!F19 -> 1741.74 | AI20: ='8'!F19 -> 1484.7 | AJ20: ='9'!F19 -> 547.02 | AK20: ='10'!F19 -> 0 | AL20: ='11'!F19 -> 0 | AM20: ='12'!F19 -> 0 | AN20: ='1'!G19 -> 0 | AO20: ='2'!G19 -> 0 | AP20: ='3'!G19 -> 0 | AQ20: ='4'!G19 -> 0 | AR20: ='5'!G19 -> 0 | AS20: ='6'!G19 -> 0 | AT20: ='7'!G19 -> 0 | AU20: ='8'!G19 -> 0 | AV20: ='9'!G19 -> 0 | AW20: ='10'!G19 -> 0 | AX20: ='11'!G19 -> 0 | AY20: ='12'!G19 -> 0
A21: ='1'!A21 -> 301 | B21: ='1'!B21 -> AMAZON | C21: ='1'!C21 -> USA | D21: ='1'!D21 -> 391520.95 | E21: ='2'!D21 -> 377981.61 | F21: ='3'!D21 -> 334336.04 | G21: ='4'!D21 -> 264520.55 | H21: ='5'!D21 -> 318316.8 | I21: ='6'!D21 -> 371311.12 | J21: ='7'!D21 -> 316462.25 | K21: ='8'!D21 -> 273201.5 | L21: ='9'!D21 -> 258929.86 | M21: ='10'!D21 -> 234970.3 | N21: ='11'!D21 -> 169336.07 | O21: ='12'!D21 -> 190607.48 | P21: ='1'!E21 -> 187395.64 | Q21: ='2'!E21 -> 188313.47 | R21: ='3'!E21 -> 239973.2 | S21: ='4'!E21 -> 238431.78 | T21: ='5'!E21 -> 252540.02 | U21: ='6'!E21 -> 68328.76 | V21: ='7'!E21 -> 353503.85 | W21: ='8'!E21 -> 252496.44 | X21: ='9'!E21 -> 247434.35 | Y21: ='10'!E21 -> 223589.21 | Z21: ='11'!E21 -> 271266.06 | AA21: ='12'!E21 -> 182118.44 | AB21: ='1'!F21 -> 178026.69 | AC21: ='2'!F21 -> 194189.2 | AD21: ='3'!F21 -> 213959.66 | AE21: ='4'!F21 -> 214988.69 | AF21: ='5'!F21 -> 224163.96 | AG21: ='6'!F21 -> 229029.21 | AH21: ='7'!F21 -> 223994.55 | AI21: ='8'!F21 -> 202592.25 | AJ21: ='9'!F21 -> 198718.53 | AK21: ='10'!F21 -> 0 | AL21: ='11'!F21 -> 0 | AM21: ='12'!F21 -> 0 | AN21: ='1'!G21 -> 0 | AO21: ='2'!G21 -> 0 | AP21: ='3'!G21 -> 0 | AQ21: ='4'!G21 -> 0 | AR21: ='5'!G21 -> 0 | AS21: ='6'!G21 -> 0 | AT21: ='7'!G21 -> 0 | AU21: ='8'!G21 -> 0 | AV21: ='9'!G21 -> 0 | AW21: ='10'!G21 -> 0 | AX21: ='11'!G21 -> 0 | AY21: ='12'!G21 -> 0
A22: ='1'!A22 -> 202 | B22: ='1'!B22 -> SUPER PHARM POLAND | C22: ='1'!C22 -> POLAND | D22: ='1'!D22 -> 203.73 | E22: ='2'!D22 -> 255841.44 | F22: ='3'!D22 -> 0 | G22: ='4'!D22 -> 184350.47 | H22: ='5'!D22 -> 0 | I22: ='6'!D22 -> 0 | J22: ='7'!D22 -> 143527.77 | K22: ='8'!D22 -> -2422.68 | L22: ='9'!D22 -> 159908.54 | M22: ='10'!D22 -> 0 | N22: ='11'!D22 -> 0 | O22: ='12'!D22 -> 137974.18 | P22: ='1'!E22 -> 0 | Q22: ='2'!E22 -> 213082.56 | R22: ='3'!E22 -> 0 | S22: ='4'!E22 -> 217182.24 | T22: ='5'!E22 -> 0 | U22: ='6'!E22 -> 0 | V22: ='7'!E22 -> 187405.66 | W22: ='8'!E22 -> 0 | X22: ='9'!E22 -> 0 | Y22: ='10'!E22 -> 140125.45 | Z22: ='11'!E22 -> 0 | AA22: ='12'!E22 -> 144741.73 | AB22: ='1'!F22 -> 0 | AC22: ='2'!F22 -> 137198.2 | AD22: ='3'!F22 -> 0 | AE22: ='4'!F22 -> 0 | AF22: ='5'!F22 -> 204882.82 | AG22: ='6'!F22 -> 0 | AH22: ='7'!F22 -> 0 | AI22: ='8'!F22 -> 132101.57 | AJ22: ='9'!F22 -> 0 | AK22: ='10'!F22 -> 0 | AL22: ='11'!F22 -> 0 | AM22: ='12'!F22 -> 0 | AN22: ='1'!G22 -> 0 | AO22: ='2'!G22 -> 0 | AP22: ='3'!G22 -> 0 | AQ22: ='4'!G22 -> 0 | AR22: ='5'!G22 -> 0 | AS22: ='6'!G22 -> 0 | AT22: ='7'!G22 -> 0 | AU22: ='8'!G22 -> 0 | AV22: ='9'!G22 -> 0 | AW22: ='10'!G22 -> 0 | AX22: ='11'!G22 -> 0 | AY22: ='12'!G22 -> 0
A23: ='1'!A23 -> 203 | B23: ='1'!B23 -> ORTHO- PARTNER AG. | C23: ='1'!C23 -> SWITZERLAND | D23: ='1'!D23 -> 49158.59 | E23: ='2'!D23 -> 73976.74 | F23: ='3'!D23 -> 11470.17 | G23: ='4'!D23 -> 0 | H23: ='5'!D23 -> 169505.88 | I23: ='6'!D23 -> 14810.7 | J23: ='7'!D23 -> 61466.82 | K23: ='8'!D23 -> 16110.54 | L23: ='9'!D23 -> 16422.81 | M23: ='10'!D23 -> 92018.45 | N23: ='11'!D23 -> 127411.06 | O23: ='12'!D23 -> 1400.99 | P23: ='1'!E23 -> 18517.61 | Q23: ='2'!E23 -> 35605.91 | R23: ='3'!E23 -> 26449.51 | S23: ='4'!E23 -> 0 | T23: ='5'!E23 -> 1513.3 | U23: ='6'!E23 -> 0 | V23: ='7'!E23 -> 194396.85 | W23: ='8'!E23 -> 64506.58 | X23: ='9'!E23 -> 10281.02 | Y23: ='10'!E23 -> 596.73 | Z23: ='11'!E23 -> 53932.22 | AA23: ='12'!E23 -> 121.12 | AB23: ='1'!F23 -> 124895.37 | AC23: ='2'!F23 -> 17835.42 | AD23: ='3'!F23 -> 6418.64 | AE23: ='4'!F23 -> 123835.02 | AF23: ='5'!F23 -> 5036.8 | AG23: ='6'!F23 -> 55255.27 | AH23: ='7'!F23 -> 0 | AI23: ='8'!F23 -> 10986.57 | AJ23: ='9'!F23 -> 0 | AK23: ='10'!F23 -> 0 | AL23: ='11'!F23 -> 0 | AM23: ='12'!F23 -> 0 | AN23: ='1'!G23 -> 0 | AO23: ='2'!G23 -> 0 | AP23: ='3'!G23 -> 0 | AQ23: ='4'!G23 -> 0 | AR23: ='5'!G23 -> 0 | AS23: ='6'!G23 -> 0 | AT23: ='7'!G23 -> 0 | AU23: ='8'!G23 -> 0 | AV23: ='9'!G23 -> 0 | AW23: ='10'!G23 -> 0 | AX23: ='11'!G23 -> 0 | AY23: ='12'!G23 -> 0
A24: ='1'!A24 -> 204 | B24: ='1'!B24 -> SANAFLEX ANATOMIC | C24: ='1'!C24 -> GREECE | D24: ='1'!D24 -> 68604.55 | E24: ='2'!D24 -> 0 | F24: ='3'!D24 -> 84607.51 | G24: ='4'!D24 -> 0 | H24: ='5'!D24 -> 0 | I24: ='6'!D24 -> 83128.56 | J24: ='7'!D24 -> 90587.54 | K24: ='8'!D24 -> 0 | L24: ='9'!D24 -> -4343.69 | M24: ='10'!D24 -> 86858.25 | N24: ='11'!D24 -> 0 | O24: ='12'!D24 -> 80366.28 | P24: ='1'!E24 -> 0 | Q24: ='2'!E24 -> 85563.25 | R24: ='3'!E24 -> 0 | S24: ='4'!E24 -> 88706.82 | T24: ='5'!E24 -> 0 | U24: ='6'!E24 -> 0 | V24: ='7'!E24 -> 87907.48 | W24: ='8'!E24 -> 68497.3 | X24: ='9'!E24 -> 0 | Y24: ='10'!E24 -> 0 | Z24: ='11'!E24 -> 83397.79 | AA24: ='12'!E24 -> 0 | AB24: ='1'!F24 -> 67158.97 | AC24: ='2'!F24 -> 0 | AD24: ='3'!F24 -> 0 | AE24: ='4'!F24 -> 92404.96 | AF24: ='5'!F24 -> 0 | AG24: ='6'!F24 -> 147489.2 | AH24: ='7'!F24 -> 0 | AI24: ='8'!F24 -> 0 | AJ24: ='9'!F24 -> 51223.23 | AK24: ='10'!F24 -> 0 | AL24: ='11'!F24 -> 0 | AM24: ='12'!F24 -> 0 | AN24: ='1'!G24 -> 0 | AO24: ='2'!G24 -> 0 | AP24: ='3'!G24 -> 0 | AQ24: ='4'!G24 -> 0 | AR24: ='5'!G24 -> 0 | AS24: ='6'!G24 -> 0 | AT24: ='7'!G24 -> 0 | AU24: ='8'!G24 -> 0 | AV24: ='9'!G24 -> 0 | AW24: ='10'!G24 -> 0 | AX24: ='11'!G24 -> 0 | AY24: ='12'!G24 -> 0
A25: ='1'!A25 -> 205 | B25: ='1'!B25 -> HEALTH CARE PROD. GMBH | C25: ='1'!C25 -> GERMANY | D25: ='1'!D25 -> 15923.68 | E25: ='2'!D25 -> 0 | F25: ='3'!D25 -> 16377.13 | G25: ='4'!D25 -> 17556.44 | H25: ='5'!D25 -> 0 | I25: ='6'!D25 -> 14559.92 | J25: ='7'!D25 -> 16222.13 | K25: ='8'!D25 -> 19066.6 | L25: ='9'!D25 -> 11239.03 | M25: ='10'!D25 -> 0 | N25: ='11'!D25 -> 17813.97 | O25: ='12'!D25 -> 0 | P25: ='1'!E25 -> 0 | Q25: ='2'!E25 -> 16335.18 | R25: ='3'!E25 -> 13664.6 | S25: ='4'!E25 -> 11888.32 | T25: ='5'!E25 -> 0 | U25: ='6'!E25 -> 0 | V25: ='7'!E25 -> 30796.16 | W25: ='8'!E25 -> 18496.39 | X25: ='9'!E25 -> 0 | Y25: ='10'!E25 -> 15474.02 | Z25: ='11'!E25 -> 15684.33 | AA25: ='12'!E25 -> 0 | AB25: ='1'!F25 -> 15774.92 | AC25: ='2'!F25 -> 0 | AD25: ='3'!F25 -> 29021.19 | AE25: ='4'!F25 -> 0 | AF25: ='5'!F25 -> 16087.48 | AG25: ='6'!F25 -> 15795 | AH25: ='7'!F25 -> 19451.36 | AI25: ='8'!F25 -> 0 | AJ25: ='9'!F25 -> 15160.58 | AK25: ='10'!F25 -> 0 | AL25: ='11'!F25 -> 0 | AM25: ='12'!F25 -> 0 | AN25: ='1'!G25 -> 0 | AO25: ='2'!G25 -> 0 | AP25: ='3'!G25 -> 0 | AQ25: ='4'!G25 -> 0 | AR25: ='5'!G25 -> 0 | AS25: ='6'!G25 -> 0 | AT25: ='7'!G25 -> 0 | AU25: ='8'!G25 -> 0 | AV25: ='9'!G25 -> 0 | AW25: ='10'!G25 -> 0 | AX25: ='11'!G25 -> 0 | AY25: ='12'!G25 -> 0
A26: ='1'!A26 -> 206 | B26: ='1'!B26 -> ORTHOMED LTD | C26: ='1'!C26 -> BULGARIA | D26: ='1'!D26 -> 50777.76 | E26: ='2'!D26 -> 0 | F26: ='3'!D26 -> 0 | G26: ='4'!D26 -> 0 | H26: ='5'!D26 -> 0 | I26: ='6'!D26 -> 65362.29 | J26: ='7'!D26 -> 0 | K26: ='8'!D26 -> 0 | L26: ='9'!D26 -> 0 | M26: ='10'!D26 -> 0 | N26: ='11'!D26 -> 44572.45 | O26: ='12'!D26 -> 0 | P26: ='1'!E26 -> 0 | Q26: ='2'!E26 -> 0 | R26: ='3'!E26 -> 42132.93 | S26: ='4'!E26 -> 0 | T26: ='5'!E26 -> 10766.89 | U26: ='6'!E26 -> 0 | V26: ='7'!E26 -> 0 | W26: ='8'!E26 -> 0 | X26: ='9'!E26 -> 0 | Y26: ='10'!E26 -> 0 | Z26: ='11'!E26 -> 0 | AA26: ='12'!E26 -> 0 | AB26: ='1'!F26 -> 0 | AC26: ='2'!F26 -> 0 | AD26: ='3'!F26 -> 0 | AE26: ='4'!F26 -> 0 | AF26: ='5'!F26 -> 0 | AG26: ='6'!F26 -> 0 | AH26: ='7'!F26 -> 0 | AI26: ='8'!F26 -> 0 | AJ26: ='9'!F26 -> 0 | AK26: ='10'!F26 -> 0 | AL26: ='11'!F26 -> 0 | AM26: ='12'!F26 -> 0 | AN26: ='1'!G26 -> 0 | AO26: ='2'!G26 -> 0 | AP26: ='3'!G26 -> 0 | AQ26: ='4'!G26 -> 0 | AR26: ='5'!G26 -> 0 | AS26: ='6'!G26 -> 0 | AT26: ='7'!G26 -> 0 | AU26: ='8'!G26 -> 0 | AV26: ='9'!G26 -> 0 | AW26: ='10'!G26 -> 0 | AX26: ='11'!G26 -> 0 | AY26: ='12'!G26 -> 0
A27: ='1'!A27 -> 207 | B27: ='1'!B27 -> SALUS | C27: ='1'!C27 -> HUNGARY | D27: ='1'!D27 -> 249206.12 | E27: ='2'!D27 -> 0 | F27: ='3'!D27 -> 0 | G27: ='4'!D27 -> 0 | H27: ='5'!D27 -> 0 | I27: ='6'!D27 -> 0 | J27: ='7'!D27 -> 0 | K27: ='8'!D27 -> 0 | L27: ='9'!D27 -> 0 | M27: ='10'!D27 -> 0 | N27: ='11'!D27 -> 0 | O27: ='12'!D27 -> 222074.04 | P27: ='1'!E27 -> 0 | Q27: ='2'!E27 -> 0 | R27: ='3'!E27 -> 0 | S27: ='4'!E27 -> 0 | T27: ='5'!E27 -> 172805.6 | U27: ='6'!E27 -> 0.33 | V27: ='7'!E27 -> 0 | W27: ='8'!E27 -> 0 | X27: ='9'!E27 -> 0 | Y27: ='10'!E27 -> 0 | Z27: ='11'!E27 -> 0 | AA27: ='12'!E27 -> 146752.62 | AB27: ='1'!F27 -> -1269.06 | AC27: ='2'!F27 -> 0 | AD27: ='3'!F27 -> 0 | AE27: ='4'!F27 -> 165356.86 | AF27: ='5'!F27 -> -19940.33 | AG27: ='6'!F27 -> 0 | AH27: ='7'!F27 -> 221407.78 | AI27: ='8'!F27 -> 0 | AJ27: ='9'!F27 -> 0 | AK27: ='10'!F27 -> 0 | AL27: ='11'!F27 -> 0 | AM27: ='12'!F27 -> 0 | AN27: ='1'!G27 -> 0 | AO27: ='2'!G27 -> 0 | AP27: ='3'!G27 -> 0 | AQ27: ='4'!G27 -> 0 | AR27: ='5'!G27 -> 0 | AS27: ='6'!G27 -> 0 | AT27: ='7'!G27 -> 0 | AU27: ='8'!G27 -> 0 | AV27: ='9'!G27 -> 0 | AW27: ='10'!G27 -> 0 | AX27: ='11'!G27 -> 0 | AY27: ='12'!G27 -> 0
A28: ='1'!A28 -> 216 | B28: ='1'!B28 -> MAX KONNARIS LTD | C28: ='1'!C28 -> CYPRUS | D28: ='1'!D28 -> 0 | E28: ='2'!D28 -> 23907.35 | F28: ='3'!D28 -> 38588.13 | G28: ='4'!D28 -> 0 | H28: ='5'!D28 -> -0.48 | I28: ='6'!D28 -> 37671.79 | J28: ='7'!D28 -> 609.99 | K28: ='8'!D28 -> 41467.05 | L28: ='9'!D28 -> 0 | M28: ='10'!D28 -> 20724.08 | N28: ='11'!D28 -> 0 | O28: ='12'!D28 -> 0 | P28: ='1'!E28 -> 0 | Q28: ='2'!E28 -> 0 | R28: ='3'!E28 -> 0 | S28: ='4'!E28 -> 35240.62 | T28: ='5'!E28 -> 0 | U28: ='6'!E28 -> 0 | V28: ='7'!E28 -> 31010.8 | W28: ='8'!E28 -> 0 | X28: ='9'!E28 -> 0 | Y28: ='10'!E28 -> 20604.23 | Z28: ='11'!E28 -> 0 | AA28: ='12'!E28 -> 0 | AB28: ='1'!F28 -> 0 | AC28: ='2'!F28 -> 42152.31 | AD28: ='3'!F28 -> 0 | AE28: ='4'!F28 -> 0 | AF28: ='5'!F28 -> 18541.7 | AG28: ='6'!F28 -> 0 | AH28: ='7'!F28 -> 0 | AI28: ='8'!F28 -> 0 | AJ28: ='9'!F28 -> 0 | AK28: ='10'!F28 -> 0 | AL28: ='11'!F28 -> 0 | AM28: ='12'!F28 -> 0 | AN28: ='1'!G28 -> 0 | AO28: ='2'!G28 -> 0 | AP28: ='3'!G28 -> 0 | AQ28: ='4'!G28 -> 0 | AR28: ='5'!G28 -> 0 | AS28: ='6'!G28 -> 0 | AT28: ='7'!G28 -> 0 | AU28: ='8'!G28 -> 0 | AV28: ='9'!G28 -> 0 | AW28: ='10'!G28 -> 0 | AX28: ='11'!G28 -> 0 | AY28: ='12'!G28 -> 0
A29: ='1'!A29 -> 208 | B29: ='1'!B29 -> MEDIPAL COMPANY | C29: ='1'!C29 -> NABLUS | D29: ='1'!D29 -> 0 | E29: ='2'!D29 -> 0 | F29: ='3'!D29 -> 171813.81 | G29: ='4'!D29 -> 0 | H29: ='5'!D29 -> 0 | I29: ='6'!D29 -> 0 | J29: ='7'!D29 -> 0 | K29: ='8'!D29 -> 0 | L29: ='9'!D29 -> 0 | M29: ='10'!D29 -> 0 | N29: ='11'!D29 -> 115405.87 | O29: ='12'!D29 -> 83394.96 | P29: ='1'!E29 -> 0 | Q29: ='2'!E29 -> 0 | R29: ='3'!E29 -> 0.22 | S29: ='4'!E29 -> 0 | T29: ='5'!E29 -> 0 | U29: ='6'!E29 -> 0 | V29: ='7'!E29 -> 0 | W29: ='8'!E29 -> 0 | X29: ='9'!E29 -> 0 | Y29: ='10'!E29 -> 0 | Z29: ='11'!E29 -> 256771.88 | AA29: ='12'!E29 -> 0 | AB29: ='1'!F29 -> 0 | AC29: ='2'!F29 -> 0 | AD29: ='3'!F29 -> 0 | AE29: ='4'!F29 -> 0 | AF29: ='5'!F29 -> 0 | AG29: ='6'!F29 -> 0 | AH29: ='7'!F29 -> 0 | AI29: ='8'!F29 -> 0 | AJ29: ='9'!F29 -> 0 | AK29: ='10'!F29 -> 0 | AL29: ='11'!F29 -> 0 | AM29: ='12'!F29 -> 0 | AN29: ='1'!G29 -> 0 | AO29: ='2'!G29 -> 0 | AP29: ='3'!G29 -> 0 | AQ29: ='4'!G29 -> 0 | AR29: ='5'!G29 -> 0 | AS29: ='6'!G29 -> 0 | AT29: ='7'!G29 -> 0 | AU29: ='8'!G29 -> 0 | AV29: ='9'!G29 -> 0 | AW29: ='10'!G29 -> 0 | AX29: ='11'!G29 -> 0 | AY29: ='12'!G29 -> 0
A30: ='1'!A30 -> 209 | B30: ='1'!B30 -> ORTOPROFIL PROD | C30: ='1'!C30 -> ROMANIA | D30: ='1'!D30 -> 0 | E30: ='2'!D30 -> 49906.61 | F30: ='3'!D30 -> 25514.68 | G30: ='4'!D30 -> 27828.48 | H30: ='5'!D30 -> 31259.76 | I30: ='6'!D30 -> 37331.12 | J30: ='7'!D30 -> 27604.14 | K30: ='8'!D30 -> 21966.81 | L30: ='9'!D30 -> 64828.58 | M30: ='10'!D30 -> 0 | N30: ='11'!D30 -> 62633.86 | O30: ='12'!D30 -> 0 | P30: ='1'!E30 -> 0 | Q30: ='2'!E30 -> 49474.45 | R30: ='3'!E30 -> 43871.72 | S30: ='4'!E30 -> 38170.88 | T30: ='5'!E30 -> 56732.32 | U30: ='6'!E30 -> 53.7 | V30: ='7'!E30 -> 56344.52 | W30: ='8'!E30 -> 26937.54 | X30: ='9'!E30 -> 27485.96 | Y30: ='10'!E30 -> 36333.04 | Z30: ='11'!E30 -> 29107.59 | AA30: ='12'!E30 -> 41441.91 | AB30: ='1'!F30 -> 27429.74 | AC30: ='2'!F30 -> 24695.01 | AD30: ='3'!F30 -> 0 | AE30: ='4'!F30 -> 60931.15 | AF30: ='5'!F30 -> 33066.23 | AG30: ='6'!F30 -> 57084.96 | AH30: ='7'!F30 -> 41960.14 | AI30: ='8'!F30 -> 30237.69 | AJ30: ='9'!F30 -> 25430.19 | AK30: ='10'!F30 -> 0 | AL30: ='11'!F30 -> 0 | AM30: ='12'!F30 -> 0 | AN30: ='1'!G30 -> 0 | AO30: ='2'!G30 -> 0 | AP30: ='3'!G30 -> 0 | AQ30: ='4'!G30 -> 0 | AR30: ='5'!G30 -> 0 | AS30: ='6'!G30 -> 0 | AT30: ='7'!G30 -> 0 | AU30: ='8'!G30 -> 0 | AV30: ='9'!G30 -> 0 | AW30: ='10'!G30 -> 0 | AX30: ='11'!G30 -> 0 | AY30: ='12'!G30 -> 0
A31: ='1'!A31 -> 210 | B31: ='1'!B31 -> OY. EA. AB. | C31: ='1'!C31 -> FINLAND | D31: ='1'!D31 -> 0 | E31: ='2'!D31 -> 0 | F31: ='3'!D31 -> 0 | G31: ='4'!D31 -> 49617.59 | H31: ='5'!D31 -> 0 | I31: ='6'!D31 -> 0 | J31: ='7'!D31 -> 0 | K31: ='8'!D31 -> 0 | L31: ='9'!D31 -> 54153.1 | M31: ='10'!D31 -> 3920.16 | N31: ='11'!D31 -> 0 | O31: ='12'!D31 -> 0 | P31: ='1'!E31 -> 0 | Q31: ='2'!E31 -> 0 | R31: ='3'!E31 -> 32010.18 | S31: ='4'!E31 -> 0 | T31: ='5'!E31 -> 0 | U31: ='6'!E31 -> 0 | V31: ='7'!E31 -> 0 | W31: ='8'!E31 -> 0 | X31: ='9'!E31 -> 0 | Y31: ='10'!E31 -> 0 | Z31: ='11'!E31 -> 32544.41 | AA31: ='12'!E31 -> 0 | AB31: ='1'!F31 -> 0 | AC31: ='2'!F31 -> 0 | AD31: ='3'!F31 -> 0 | AE31: ='4'!F31 -> 0 | AF31: ='5'!F31 -> 43116.44 | AG31: ='6'!F31 -> 0 | AH31: ='7'!F31 -> 0 | AI31: ='8'!F31 -> 0 | AJ31: ='9'!F31 -> 0 | AK31: ='10'!F31 -> 0 | AL31: ='11'!F31 -> 0 | AM31: ='12'!F31 -> 0 | AN31: ='1'!G31 -> 0 | AO31: ='2'!G31 -> 0 | AP31: ='3'!G31 -> 0 | AQ31: ='4'!G31 -> 0 | AR31: ='5'!G31 -> 0 | AS31: ='6'!G31 -> 0 | AT31: ='7'!G31 -> 0 | AU31: ='8'!G31 -> 0 | AV31: ='9'!G31 -> 0 | AW31: ='10'!G31 -> 0 | AX31: ='11'!G31 -> 0 | AY31: ='12'!G31 -> 0
A32: ='1'!A32 -> 201 | B32: ='1'!B32 -> SEVEN GEAR | C32: ='1'!C32 -> FINLAND | D32: ='1'!D32 -> 0 | E32: ='2'!D32 -> 0 | F32: ='3'!D32 -> 0 | G32: ='4'!D32 -> 20354.79 | H32: ='5'!D32 -> 0 | I32: ='6'!D32 -> 0 | J32: ='7'!D32 -> 0 | K32: ='8'!D32 -> 0 | L32: ='9'!D32 -> 20673.57 | M32: ='10'!D32 -> 0 | N32: ='11'!D32 -> 0 | O32: ='12'!D32 -> 0 | P32: ='1'!E32 -> 19897.57 | Q32: ='2'!E32 -> 0 | R32: ='3'!E32 -> 0 | S32: ='4'!E32 -> 0 | T32: ='5'!E32 -> 18835.73 | U32: ='6'!E32 -> 0 | V32: ='7'!E32 -> 0 | W32: ='8'!E32 -> 0 | X32: ='9'!E32 -> 0 | Y32: ='10'!E32 -> 22174.82 | Z32: ='11'!E32 -> 0.08 | AA32: ='12'!E32 -> 0 | AB32: ='1'!F32 -> 0 | AC32: ='2'!F32 -> 0 | AD32: ='3'!F32 -> 0 | AE32: ='4'!F32 -> 17809.5 | AF32: ='5'!F32 -> 0 | AG32: ='6'!F32 -> 0 | AH32: ='7'!F32 -> 0 | AI32: ='8'!F32 -> 0 | AJ32: ='9'!F32 -> 21590.63 | AK32: ='10'!F32 -> 0 | AL32: ='11'!F32 -> 0 | AM32: ='12'!F32 -> 0 | AN32: ='1'!G32 -> 0 | AO32: ='2'!G32 -> 0 | AP32: ='3'!G32 -> 0 | AQ32: ='4'!G32 -> 0 | AR32: ='5'!G32 -> 0 | AS32: ='6'!G32 -> 0 | AT32: ='7'!G32 -> 0 | AU32: ='8'!G32 -> 0 | AV32: ='9'!G32 -> 0 | AW32: ='10'!G32 -> 0 | AX32: ='11'!G32 -> 0 | AY32: ='12'!G32 -> 0
... A42: ='1'!A42 -> 302 | B42: ='1'!B42 -> MEXICO | C42: ='1'!C42 -> MEXICO | D42: ='1'!D42 -> 0 | E42: ='2'!D42 -> 0 | F42: ='3'!D42 -> 0 | G42: ='4'!D42 -> 0 | H42: ='5'!D42 -> 0 | I42: ='6'!D42 -> 0 | J42: ='7'!D42 -> 0 | K42: ='8'!D42 -> 0 | L42: ='9'!D42 -> 0 | M42: ='10'!D42 -> 0 | N42: ='11'!D42 -> 0 | O42: ='12'!D42 -> 0 | P42: ='1'!E42 -> 0 | Q42: ='2'!E42 -> 0 | R42: ='3'!E42 -> 0 | S42: ='4'!E42 -> 0 | T42: ='5'!E42 -> 0 | U42: ='6'!E42 -> 0 | V42: ='7'!E42 -> 0 | W42: ='8'!E42 -> 0 | X42: ='9'!E42 -> 0 | Y42: ='10'!E42 -> 0 | Z42: ='11'!E42 -> 0 | AA42: ='12'!E42 -> 0 | AB42: ='1'!F42 -> 0 | AC42: ='2'!F42 -> 0 | AD42: ='3'!F42 -> 0 | AE42: ='4'!F42 -> 0 | AF42: ='5'!F42 -> 0 | AG42: ='6'!F42 -> 0 | AH42: ='7'!F42 -> 0 | AI42: ='8'!F42 -> 0 | AJ42: ='9'!F42 -> 0 | AK42: ='10'!F42 -> 0 | AL42: ='11'!F42 -> 0 | AM42: ='12'!F42 -> 0 | AN42: ='1'!G42 -> 0 | AO42: ='2'!G42 -> 0 | AP42: ='3'!G42 -> 0 | AQ42: ='4'!G42 -> 0 | AR42: ='5'!G42 -> 0 | AS42: ='6'!G42 -> 0 | AT42: ='7'!G42 -> 0 | AU42: ='8'!G42 -> 0 | AV42: ='9'!G42 -> 0 | AW42: ='10'!G42 -> 0 | AX42: ='11'!G42 -> 0 | AY42: ='12'!G42 -> 0
