Workbook

Sheet תקציב  
E1: 2 | F1: =+E1+1 -> 3 | G1: =+F1+1 -> 4 | H1: =+G1+1 -> 5 | I1: =+H1+1 -> 6 | J1: =+I1+1 -> 7 | K1: =+J1+1 -> 8 | L1: =+K1+1 -> 9 | M1: =+L1+1 -> 10 | ... P1: =+O1+1 -> 13
E2: 3 | F2: =E2+3 -> 6 | G2: =F2+3 -> 9 | H2: =G2+3 -> 12 | I2: =H2+3 -> 15 | J2: =I2+3 -> 18 | K2: =J2+3 -> 21 | L2: =K2+3 -> 24 | M2: =L2+3 -> 27 | ... P2: =O2+3 -> 36
AG3: Actual | AI3: מטרה
A4: # | D4: ארץ | E4: ינואר | F4: פברואר | G4: מרץ | H4: אפריל | I4: מאי | J4: יוני | K4: יולי | L4: אוגוסט | M4: ספטמבר | N4: אוקטובר | O4: נובמבר | P4: דצמבר | Q4: שנתי | S4: מצטבר ינואר | U4: מצטבר פברואר | V4: מצטבר מרץ | W4: מצטבר אפריל | X4: מצטבר מאי | Y4: מצטבר יוני | Z4: מצטבר יולי | AA4: מצטבר אוגוסט | AB4: מצטבר ספטמבר | AC4: מצטבר אוקטובר | AD4: מצטבר נובמבר | AE4: מצטבר דצמבר | AG4: H1 | AI4: יולי | AJ4: אוגוסט | AK4: ספטמבר | AL4: אוקטובר | AM4: נובמבר | AN4: דצמבר | AO4: H2 | AP4: שנתי | AR4: מצטבר יולי | AS4: מצטבר אוגוסט | AT4: מצטבר ספטמבר | AU4: מצטבר אוקטובר | AV4: מצטבר נובמבר | AW4: מצטבר דצמבר
A5: 5 | B5: סופר פארם לייף | C5: סופר פארם לייף | D5: ISRAEL | E5: 176666.67 | F5: 168253.97 | G5: 193492.06 | H5: 173015.87 | I5: 188253.97 | J5: 235079.37 | K5: 235079.37 | L5: 235079.37 | M5: 209841.27 | N5: 226666.67 | O5: 235079.37 | P5: 243492.06 | Q5: =SUM(E5:P5) -> 2520000 | S5: =SUM(E5:E5) -> 176666.67 | U5: =SUM($E5:F5) -> 344920.63 | V5: =SUM($E5:G5) -> 538412.7 | W5: =SUM($E5:H5) -> 711428.57 | X5: =SUM($E5:I5) -> 899682.54 | Y5: =SUM($E5:J5) -> 1134761.9 | Z5: =SUM($E5:K5) -> 1369841.3 | AA5: =SUM($E5:L5) -> 1604920.6 | AB5: =SUM($E5:M5) -> 1814761.9 | ... AE5: =SUM($E5:P5) -> 2520000 | AG5: 740443.3 | AI5: =AJ5 -> 200000 | AJ5: 200000 | AK5: 200000 | AL5: 200000 | AM5: 200000 | AN5: 200000 | AO5: =SUM(AI5:AN5) -> 1200000 | AP5: =SUM(AI5:AN5)+Y5 -> 2334761.9 | AR5: =AI5+AG5 -> 940443.3 | AS5: =AR5+AJ5 -> 1140443.3 | AT5: =AS5+AK5 -> 1340443.3 | AU5: =AT5+AL5 -> 1540443.3 | AV5: =AU5+AM5 -> 1740443.3 | AW5: =AV5+AN5 -> 1940443.3
A6: 1 | B6: סופרפארם | C6: סופרפארם | D6: ISRAEL | E6: 536666.67 | F6: 532634.92 | G6: 610730.16 | H6: 475539.68 | I6: 558634.92 | J6: 605698.41 | K6: 605698.41 | L6: 605698.41 | M6: 527603.17 | N6: 546666.67 | O6: 574698.41 | P6: 598730.16 | Q6: =SUM(E6:P6) -> 6779000 | S6: =SUM(E6:E6) -> 536666.67 | U6: =SUM($E6:F6) -> 1069301.6 | V6: =SUM($E6:G6) -> 1680031.7 | W6: =SUM($E6:H6) -> 2155571.4 | X6: =SUM($E6:I6) -> 2714206.3 | Y6: =SUM($E6:J6) -> 3319904.8 | Z6: =SUM($E6:K6) -> 3925603.2 | AA6: =SUM($E6:L6) -> 4531301.6 | AB6: =SUM($E6:M6) -> 5058904.8 | ... AE6: =SUM($E6:P6) -> 6779000 | AG6: 2774937.9 | AI6: =AJ6 -> 550000 | AJ6: 550000 | AK6: 550000 | AL6: 550000 | AM6: 550000 | AN6: 550000 | AO6: =SUM(AI6:AN6) -> 3300000 | AP6: =SUM(AI6:AN6)+Y6 -> 6619904.8 | AR6: =AI6+AG6 -> 3324937.9 | AS6: =AR6+AJ6 -> 3874937.9 | AT6: =AS6+AK6 -> 4424937.9 | AU6: =AT6+AL6 -> 4974937.9 | AV6: =AU6+AM6 -> 5524937.9 | AW6: =AV6+AN6 -> 6074937.9
A7: 7 | B7: BE | C7: BE | D7: ISRAEL | E7: 73000 | F7: 73428.571 | G7: 82142.857 | H7: 60714.286 | I7: 71428.571 | J7: 78571.429 | K7: 78571.429 | L7: 78571.429 | M7: 67857.143 | N7: 75000 | O7: 78571.429 | P7: 82142.857 | Q7: =SUM(E7:P7) -> 900000 | S7: =SUM(E7:E7) -> 73000 | U7: =SUM($E7:F7) -> 146428.57 | V7: =SUM($E7:G7) -> 228571.43 | W7: =SUM($E7:H7) -> 289285.71 | X7: =SUM($E7:I7) -> 360714.29 | Y7: =SUM($E7:J7) -> 439285.71 | Z7: =SUM($E7:K7) -> 517857.14 | AA7: =SUM($E7:L7) -> 596428.57 | AB7: =SUM($E7:M7) -> 664285.71 | ... AE7: =SUM($E7:P7) -> 900000 | AG7: 437274.57 | AI7: =AJ7 -> 100000 | AJ7: 100000 | AK7: 100000 | AL7: 100000 | AM7: 100000 | AN7: 100000 | AO7: =SUM(AI7:AN7) -> 600000 | AP7: =SUM(AI7:AN7)+Y7 -> 1039285.7 | AR7: =AI7+AG7 -> 537274.56 | AS7: =AR7+AJ7 -> 637274.56 | AT7: =AS7+AK7 -> 737274.56 | AU7: =AT7+AL7 -> 837274.56 | AV7: =AU7+AM7 -> 937274.56 | AW7: =AV7+AN7 -> 1037274.6
A8: 4 | B8: בתי מרקחת | C8: בתי מרקחת | D8: ISRAEL | E8: 152333.33 | F8: 156793.65 | G8: 173412.7 | H8: 134174.6 | I8: 160793.65 | J8: 170873.02 | K8: 170873.02 | L8: 170873.02 | M8: 150253.97 | N8: 162333.33 | O8: 170873.02 | P8: 173412.7 | Q8: =SUM(E8:P8) -> 1947000 | S8: =SUM(E8:E8) -> 152333.33 | U8: =SUM($E8:F8) -> 309126.98 | V8: =SUM($E8:G8) -> 482539.68 | W8: =SUM($E8:H8) -> 616714.29 | X8: =SUM($E8:I8) -> 777507.94 | Y8: =SUM($E8:J8) -> 948380.95 | Z8: =SUM($E8:K8) -> 1119254 | AA8: =SUM($E8:L8) -> 1290127 | AB8: =SUM($E8:M8) -> 1440381 | ... AE8: =SUM($E8:P8) -> 1947000 | AG8: 918523.98 | AI8: =AJ8 -> 200000 | AJ8: 200000 | AK8: 200000 | AL8: 200000 | AM8: 200000 | AN8: 200000 | AO8: =SUM(AI8:AN8) -> 1200000 | AP8: =SUM(AI8:AN8)+Y8 -> 2148381 | AR8: =AI8+AG8 -> 1118524 | AS8: =AR8+AJ8 -> 1318524 | AT8: =AS8+AK8 -> 1518524 | AU8: =AT8+AL8 -> 1718524 | AV8: =AU8+AM8 -> 1918524 | AW8: =AV8+AN8 -> 2118524
A9: 3 | B9: כללית | C9: כללית | D9: ISRAEL | E9: 365000 | F9: 365000 | G9: 365000 | H9: 365000 | I9: 365000 | J9: 365000 | K9: 365000 | L9: 365000 | M9: 365000 | N9: 365000 | O9: 365000 | P9: 366000 | Q9: =SUM(E9:P9) -> 4381000 | S9: =SUM(E9:E9) -> 365000 | U9: =SUM($E9:F9) -> 730000 | V9: =SUM($E9:G9) -> 1095000 | W9: =SUM($E9:H9) -> 1460000 | X9: =SUM($E9:I9) -> 1825000 | Y9: =SUM($E9:J9) -> 2190000 | Z9: =SUM($E9:K9) -> 2555000 | AA9: =SUM($E9:L9) -> 2920000 | AB9: =SUM($E9:M9) -> 3285000 | ... AE9: =SUM($E9:P9) -> 4381000 | AG9: 1742410.9 | AI9: =AJ9 -> 330000 | AJ9: 330000 | AK9: 330000 | AL9: 330000 | AM9: 330000 | AN9: 330000 | AO9: =SUM(AI9:AN9) -> 1980000 | AP9: =SUM(AI9:AN9)+Y9 -> 4170000 | AR9: =AI9+AG9 -> 2072410.9 | AS9: =AR9+AJ9 -> 2402410.9 | AT9: =AS9+AK9 -> 2732410.9 | AU9: =AT9+AL9 -> 3062410.9 | AV9: =AU9+AM9 -> 3392410.9 | AW9: =AV9+AN9 -> 3722410.9
A10: 8 | B10: מאוחדת | C10: מאוחדת | D10: ISRAEL | E10: 83333.333 | F10: 109365.08 | G10: 111269.84 | H10: 97460.317 | I10: 99365.079 | J10: 107301.59 | K10: 107301.59 | L10: 107301.59 | M10: 95396.825 | N10: 103333.33 | O10: 107301.59 | P10: 91269.841 | Q10: =SUM(E10:P10) -> 1220000 | S10: =SUM(E10:E10) -> 83333.333 | U10: =SUM($E10:F10) -> 192698.41 | V10: =SUM($E10:G10) -> 303968.25 | W10: =SUM($E10:H10) -> 401428.57 | X10: =SUM($E10:I10) -> 500793.65 | Y10: =SUM($E10:J10) -> 608095.24 | Z10: =SUM($E10:K10) -> 715396.83 | AA10: =SUM($E10:L10) -> 822698.41 | AB10: =SUM($E10:M10) -> 918095.24 | ... AE10: =SUM($E10:P10) -> 1220000 | AG10: 343097.61 | AI10: =AJ10 -> 100000 | AJ10: 100000 | AK10: 100000 | AL10: 100000 | AM10: 100000 | AN10: 100000 | AO10: =SUM(AI10:AN10) -> 600000 | AP10: =SUM(AI10:AN10)+Y10 -> 1208095.2 | AR10: =AI10+AG10 -> 443097.61 | AS10: =AR10+AJ10 -> 543097.61 | AT10: =AS10+AK10 -> 643097.61 | AU10: =AT10+AL10 -> 743097.61 | AV10: =AU10+AM10 -> 843097.61 | AW10: =AV10+AN10 -> 943097.61
A11: 6 | B11: מכוני אורטופדיה | C11: מכוני אורטופדיה | D11: ISRAEL | E11: 127583.33 | F11: 155079.37 | G11: 160591.27 | H11: 139567.46 | I11: 170079.37 | J11: 177087.3 | K11: 177087.3 | L11: 177087.3 | M11: 166575.4 | N11: 173583.33 | O11: 177087.3 | P11: 177591.27 | Q11: =SUM(E11:P11) -> 1979000 | S11: =SUM(E11:E11) -> 127583.33 | U11: =SUM($E11:F11) -> 282662.7 | V11: =SUM($E11:G11) -> 443253.97 | W11: =SUM($E11:H11) -> 582821.43 | X11: =SUM($E11:I11) -> 752900.79 | Y11: =SUM($E11:J11) -> 929988.1 | Z11: =SUM($E11:K11) -> 1107075.4 | AA11: =SUM($E11:L11) -> 1284162.7 | AB11: =SUM($E11:M11) -> 1450738.1 | ... AE11: =SUM($E11:P11) -> 1979000 | AG11: 475277.57 | AI11: =AJ11 -> 100000 | AJ11: 100000 | AK11: 100000 | AL11: 100000 | AM11: 100000 | AN11: 100000 | AO11: =SUM(AI11:AN11) -> 600000 | AP11: =SUM(AI11:AN11)+Y11 -> 1529988.1 | AR11: =AI11+AG11 -> 575277.57 | AS11: =AR11+AJ11 -> 675277.57 | AT11: =AS11+AK11 -> 775277.57 | AU11: =AT11+AL11 -> 875277.57 | AV11: =AU11+AM11 -> 975277.57 | AW11: =AV11+AN11 -> 1075277.6
A12: 10 | B12: לקוחות מפעל | C12: לקוחות מפעל | D12: ISRAEL | E12: 15833.333 | F12: 15079.365 | G12: 17341.27 | H12: 12817.46 | I12: 15079.365 | J12: 16587.302 | K12: 16587.302 | L12: 16587.302 | M12: 14325.397 | N12: 15833.333 | O12: 16587.302 | P12: 17341.27 | Q12: =SUM(E12:P12) -> 190000 | S12: =SUM(E12:E12) -> 15833.333 | U12: =SUM($E12:F12) -> 30912.698 | V12: =SUM($E12:G12) -> 48253.968 | W12: =SUM($E12:H12) -> 61071.429 | X12: =SUM($E12:I12) -> 76150.794 | Y12: =SUM($E12:J12) -> 92738.095 | Z12: =SUM($E12:K12) -> 109325.4 | AA12: =SUM($E12:L12) -> 125912.7 | AB12: =SUM($E12:M12) -> 140238.1 | ... AE12: =SUM($E12:P12) -> 190000 | AG12: 61235.08 | AI12: =AJ12 -> 15000 | AJ12: 15000 | AK12: 15000 | AL12: 15000 | AM12: 15000 | AN12: 15000 | AO12: =SUM(AI12:AN12) -> 90000 | AP12: =SUM(AI12:AN12)+Y12 -> 182738.1 | AR12: =AI12+AG12 -> 76235.08 | AS12: =AR12+AJ12 -> 91235.08 | AT12: =AS12+AK12 -> 106235.08 | AU12: =AT12+AL12 -> 121235.08 | AV12: =AU12+AM12 -> 136235.08 | AW12: =AV12+AN12 -> 151235.08
A13: 11 | B13: חנויות פרטיות | C13: חנויות פרטיות | D13: ISRAEL | E13: 6333.3333 | F13: 7936.5079 | G13: 9126.9841 | H13: 6746.0317 | I13: 7936.5079 | J13: 8730.1587 | K13: 8730.1587 | L13: 8730.1587 | M13: 8539.6825 | N13: 9333.3333 | O13: 8730.1587 | P13: 9126.9841 | Q13: =SUM(E13:P13) -> 100000 | S13: =SUM(E13:E13) -> 6333.3333 | U13: =SUM($E13:F13) -> 14269.841 | V13: =SUM($E13:G13) -> 23396.825 | W13: =SUM($E13:H13) -> 30142.857 | X13: =SUM($E13:I13) -> 38079.365 | Y13: =SUM($E13:J13) -> 46809.524 | Z13: =SUM($E13:K13) -> 55539.683 | AA13: =SUM($E13:L13) -> 64269.841 | AB13: =SUM($E13:M13) -> 72809.524 | ... AE13: =SUM($E13:P13) -> 100000 | AG13: 34015.41 | AI13: =AJ13 -> 10000 | AJ13: 10000 | AK13: 10000 | AL13: 10000 | AM13: 10000 | AN13: 10000 | AO13: =SUM(AI13:AN13) -> 60000 | AP13: =SUM(AI13:AN13)+Y13 -> 106809.52 | AR13: =AI13+AG13 -> 44015.41 | AS13: =AR13+AJ13 -> 54015.41 | AT13: =AS13+AK13 -> 64015.41 | AU13: =AT13+AL13 -> 74015.41 | AV13: =AU13+AM13 -> 84015.41 | AW13: =AV13+AN13 -> 94015.41
A14: 14 | B14: מכוני פדיקור | C14: מכוני פדיקור | D14: ISRAEL | E14: 0 | F14: 0 | G14: 0 | H14: 0 | I14: 0 | J14: 0 | K14: 0 | L14: 0 | M14: 0 | N14: 0 | O14: 0 | P14: 0 | Q14: =SUM(E14:P14) -> 0 | S14: =SUM(E14:E14) -> 0 | U14: =SUM($E14:F14) -> 0 | V14: =SUM($E14:G14) -> 0 | W14: =SUM($E14:H14) -> 0 | X14: =SUM($E14:I14) -> 0 | Y14: =SUM($E14:J14) -> 0 | Z14: =SUM($E14:K14) -> 0 | AA14: =SUM($E14:L14) -> 0 | AB14: =SUM($E14:M14) -> 0 | ... AE14: =SUM($E14:P14) -> 0 | AG14: 3576.15 | AI14: =AJ14 -> 5000 | AJ14: 5000 | AK14: 5000 | AL14: 5000 | AM14: 5000 | AN14: 5000 | AO14: =SUM(AI14:AN14) -> 30000 | AP14: =SUM(AI14:AN14)+Y14 -> 30000 | AR14: =AI14+AG14 -> 8576.15 | AS14: =AR14+AJ14 -> 13576.15 | AT14: =AS14+AK14 -> 18576.15 | AU14: =AT14+AL14 -> 23576.15 | AV14: =AU14+AM14 -> 28576.15 | AW14: =AV14+AN14 -> 33576.15
A15: 16 | B15: חנויות ספורט | C15: חנויות ספורט | D15: ISRAEL | E15: 0 | F15: 0 | G15: 0 | H15: 0 | I15: 0 | J15: 0 | K15: 0 | L15: 0 | M15: 0 | N15: 0 | O15: 0 | P15: 0 | Q15: =SUM(E15:P15) -> 0 | S15: =SUM(E15:E15) -> 0 | U15: =SUM($E15:F15) -> 0 | V15: =SUM($E15:G15) -> 0 | W15: =SUM($E15:H15) -> 0 | X15: =SUM($E15:I15) -> 0 | Y15: =SUM($E15:J15) -> 0 | Z15: =SUM($E15:K15) -> 0 | AA15: =SUM($E15:L15) -> 0 | AB15: =SUM($E15:M15) -> 0 | ... AE15: =SUM($E15:P15) -> 0 | AI15: =AJ15 -> 0 | AO15: =SUM(AI15:AN15) -> 0 | AP15: =SUM(AI15:AN15)+Y15 -> 0 | AR15: =AI15+AG15 -> 0 | AS15: =AR15+AJ15 -> 0 | AT15: =AS15+AK15 -> 0 | AU15: =AT15+AL15 -> 0 | AV15: =AU15+AM15 -> 0 | AW15: =AV15+AN15 -> 0
A16: 13 | B16: בתי חולים ושרות | C16: בתי חולים ושרות | D16: ISRAEL | E16: 0 | F16: 0 | G16: 0 | H16: 50000 | I16: 50000 | J16: 50000 | K16: 50000 | L16: 50000 | M16: 50000 | N16: 50000 | O16: 50000 | P16: 0 | Q16: =SUM(E16:P16) -> 400000 | S16: =SUM(E16:E16) -> 0 | U16: =SUM($E16:F16) -> 0 | V16: =SUM($E16:G16) -> 0 | W16: =SUM($E16:H16) -> 50000 | X16: =SUM($E16:I16) -> 100000 | Y16: =SUM($E16:J16) -> 150000 | Z16: =SUM($E16:K16) -> 200000 | AA16: =SUM($E16:L16) -> 250000 | AB16: =SUM($E16:M16) -> 300000 | ... AE16: =SUM($E16:P16) -> 400000 | AG16: 7748.72 | AI16: =AJ16 -> 5000 | AJ16: 5000 | AK16: 5000 | AL16: 5000 | AM16: 5000 | AN16: 5000 | AO16: =SUM(AI16:AN16) -> 30000 | AP16: =SUM(AI16:AN16)+Y16 -> 180000 | AR16: =AI16+AG16 -> 12748.72 | AS16: =AR16+AJ16 -> 17748.72 | AT16: =AS16+AK16 -> 22748.72 | AU16: =AT16+AL16 -> 27748.72 | AV16: =AU16+AM16 -> 32748.72 | AW16: =AV16+AN16 -> 37748.72
A17: 9 | B17: מכוני פיזיותרפיה | C17: מכוני פיזיותרפיה | D17: ISRAEL | E17: 16666.667 | F17: 15873.016 | G17: 18253.968 | H17: 13492.063 | I17: 15873.016 | J17: 17460.317 | K17: 17460.317 | L17: 17460.317 | M17: 15079.365 | N17: 16666.667 | O17: 17460.317 | P17: 18253.968 | Q17: =SUM(E17:P17) -> 200000 | S17: =SUM(E17:E17) -> 16666.667 | U17: =SUM($E17:F17) -> 32539.683 | V17: =SUM($E17:G17) -> 50793.651 | W17: =SUM($E17:H17) -> 64285.714 | X17: =SUM($E17:I17) -> 80158.73 | Y17: =SUM($E17:J17) -> 97619.048 | Z17: =SUM($E17:K17) -> 115079.37 | AA17: =SUM($E17:L17) -> 132539.68 | AB17: =SUM($E17:M17) -> 147619.05 | ... AE17: =SUM($E17:P17) -> 200000 | AG17: 89111.1 | AI17: =AJ17 -> 25000 | AJ17: 25000 | AK17: 25000 | AL17: 25000 | AM17: 25000 | AN17: 25000 | AO17: =SUM(AI17:AN17) -> 150000 | AP17: =SUM(AI17:AN17)+Y17 -> 247619.05 | AR17: =AI17+AG17 -> 114111.1 | AS17: =AR17+AJ17 -> 139111.1 | AT17: =AS17+AK17 -> 164111.1 | AU17: =AT17+AL17 -> 189111.1 | AV17: =AU17+AM17 -> 214111.1 | AW17: =AV17+AN17 -> 239111.1
A18: 2 | B18: לקוחות אינטרנט | C18: לקוחות אינטרנט | D18: ISRAEL | E18: 296610.17 | F18: 444915.25 | G18: 489406.78 | H18: 453601.69 | I18: 592182.2 | J18: 888273.73 | K18: 977100.85 | L18: 1159556.8 | M18: 1012800 | N18: 1300521.2 | O18: 1684810.2 | P18: 1488884.7 | Q18: 10788664 | S18: =SUM(E18:E18) -> 296610.17 | U18: =SUM($E18:F18) -> 741525.42 | V18: =SUM($E18:G18) -> 1230932.2 | W18: =SUM($E18:H18) -> 1684533.9 | X18: =SUM($E18:I18) -> 2276716.1 | Y18: =SUM($E18:J18) -> 3164989.8 | Z18: =SUM($E18:K18) -> 4142090.7 | AA18: =SUM($E18:L18) -> 5301647.5 | AB18: =SUM($E18:M18) -> 6314447.5 | ... AE18: =SUM($E18:P18) -> 10788664 | AG18: 2231238.2 | AI18: 450000 | AJ18: 481500 | AK18: 977100.85 | AL18: 1159556.8 | AM18: 1012800 | AN18: 1300521.2 | AO18: =SUM(AI18:AN18) -> 5381478.8 | AP18: =SUM(AI18:AN18)+Y18 -> 8546468.6 | AR18: =AI18+AG18 -> 2681238.2 | AS18: =AR18+AJ18 -> 3162738.2 | AT18: =AS18+AK18 -> 4139839 | AU18: =AT18+AL18 -> 5299395.8 | AV18: =AU18+AM18 -> 6312195.8 | AW18: =AV18+AN18 -> 7612717
A19: 12 | B19: סופר פארם מרקט פלייס | C19: סופר פארם מרקט פלייס | D19: ISRAEL | E19: 2536.9283 | F19: 2536.9283 | G19: 2536.9283 | H19: 2536.9283 | I19: 2536.9283 | J19: 2536.9283 | K19: 2536.9283 | L19: 2536.9283 | M19: 2536.9283 | N19: 2536.9283 | O19: 2536.9283 | P19: 2536.9283 | Q19: 30443.14 | S19: =SUM(E19:E19) -> 2536.9283 | U19: =SUM($E19:F19) -> 5073.8567 | V19: =SUM($E19:G19) -> 7610.785 | W19: =SUM($E19:H19) -> 10147.713 | X19: =SUM($E19:I19) -> 12684.642 | Y19: =SUM($E19:J19) -> 15221.57 | Z19: =SUM($E19:K19) -> 17758.498 | AA19: =SUM($E19:L19) -> 20295.427 | AB19: =SUM($E19:M19) -> 22832.355 | ... AE19: =SUM($E19:P19) -> 30443.14 | AG19: 9807.02 | AI19: =AJ19 -> 5000 | AJ19: 5000 | AK19: 5000 | AL19: 5000 | AM19: 5000 | AN19: 5000 | AO19: =SUM(AI19:AN19) -> 30000 | AP19: =SUM(AI19:AN19)+Y19 -> 45221.57 | AR19: =AI19+AG19 -> 14807.02 | AS19: =AR19+AJ19 -> 19807.02 | AT19: =AS19+AK19 -> 24807.02 | AU19: =AT19+AL19 -> 29807.02 | AV19: =AU19+AM19 -> 34807.02 | AW19: =AV19+AN19 -> 39807.02
A20: 15 | B20: חנויות נעליים | C20: חנויות נעליים | D20: ISRAEL | E20: 0 | F20: 0 | G20: 0 | H20: 12500 | I20: 0 | J20: 0 | K20: 0 | L20: 0 | M20: 0 | N20: 0 | O20: 12500 | P20: 0 | Q20: =SUM(E20:P20) -> 25000 | S20: =SUM(E20:E20) -> 0 | U20: =SUM($E20:F20) -> 0 | V20: =SUM($E20:G20) -> 0 | W20: =SUM($E20:H20) -> 12500 | X20: =SUM($E20:I20) -> 12500 | Y20: =SUM($E20:J20) -> 12500 | Z20: =SUM($E20:K20) -> 12500 | AA20: =SUM($E20:L20) -> 12500 | AB20: =SUM($E20:M20) -> 12500 | ... AE20: =SUM($E20:P20) -> 25000 | AG20: 1896.82 | AI20: =AJ20 -> 5000 | AJ20: 5000 | AK20: 5000 | AL20: 5000 | AM20: 5000 | AN20: 5000 | AO20: =SUM(AI20:AN20) -> 30000 | AP20: =SUM(AI20:AN20)+Y20 -> 42500 | AR20: =AI20+AG20 -> 6896.82 | AS20: =AR20+AJ20 -> 11896.82 | AT20: =AS20+AK20 -> 16896.82 | AU20: =AT20+AL20 -> 21896.82 | AV20: =AU20+AM20 -> 26896.82 | AW20: =AV20+AN20 -> 31896.82
B21: סה"כ ישראל | E21: =SUM(E5:E20) -> 1852563.8 | F21: =SUM(F5:F20) -> 2046896.6 | G21: =SUM(G5:G20) -> 2233304.8 | H21: =SUM(H5:H20) -> 1997166.4 | I21: =SUM(I5:I20) -> 2297163.6 | J21: =SUM(J5:J20) -> 2723199.5 | K21: =SUM(K5:K20) -> 2812026.7 | L21: =SUM(L5:L20) -> 2994482.6 | ... Q21: =SUM(Q5:Q20) -> 31460107 | S21: =SUM(S5:S20) -> 1852563.8 | U21: =SUM(U5:U20) -> 3899460.4 | V21: =SUM(V5:V20) -> 6132765.2 | W21: =SUM(W5:W20) -> 8129931.6 | X21: =SUM(X5:X20) -> 10427095 | Y21: =SUM(Y5:Y20) -> 13150295 | Z21: =SUM(Z5:Z20) -> 15962321 | AA21: =SUM(AA5:AA20) -> 18956804 | AB21: =SUM(AB5:AB20) -> 21642613 | ... AE21: =SUM(AE5:AE20) -> 31460107 | AG21: =SUM(AG5:AG20) -> 9870594.3 | AI21: =SUM(AI5:AI20) -> 2100000 | AJ21: =SUM(AJ5:AJ20) -> 2131500 | AK21: =SUM(AK5:AK20) -> 2627100.8 | AL21: =SUM(AL5:AL20) -> 2809556.8 | AM21: =SUM(AM5:AM20) -> 2662800 | AN21: =SUM(AN5:AN20) -> 2950521.2 | AO21: =SUM(AO5:AO20) -> 15281479 | AP21: =SUM(AP5:AP20) -> 28431774 | AR21: =AI21+AG21 -> 11970594 | AS21: =AR21+AJ21 -> 14102094 | AT21: =AS21+AK21 -> 16729195 | AU21: =AT21+AL21 -> 19538752 | AV21: =AU21+AM21 -> 22201552 | AW21: =AV21+AN21 -> 25152073
A22: 50 | B22: Total - 301 - Amazon | C22: AMAZON | D22: USA | E22: 272275.11 | F22: 312309.92 | G22: 332824.44 | H22: 367136.19 | I22: 398486.47 | J22: 428463.75 | K22: 461212.92 | L22: 481801.95 | M22: 477395.47 | N22: 443955.52 | O22: 398561.08 | P22: 402156.53 | Q22: 4776579.4 | S22: =SUM(E22:E22) -> 272275.11 | U22: =SUM($E22:F22) -> 584585.03 | V22: =SUM($E22:G22) -> 917409.48 | W22: =SUM($E22:H22) -> 1284545.7 | X22: =SUM($E22:I22) -> 1683032.1 | Y22: =SUM($E22:J22) -> 2111495.9 | Z22: =SUM($E22:K22) -> 2572708.8 | AA22: =SUM($E22:L22) -> 3054510.8 | AB22: =SUM($E22:M22) -> 3531906.2 | ... AE22: =SUM($E22:P22) -> 4776579.4 | AG22: 1254357.4 | AI22: 265966.8 | AJ22: 305012.4 | AK22: 327115.8 | AL22: 321888.6 | AM22: 326122.5 | AN22: 297561 | AO22: =SUM(AI22:AN22) -> 1843667.1 | AP22: =SUM(AI22:AN22)+Y22 -> 3955163 | AR22: =AI22+AG22 -> 1520324.2 | AS22: =AR22+AJ22 -> 1825336.6 | AT22: =AS22+AK22 -> 2152452.4 | AU22: =AT22+AL22 -> 2474341 | AV22: =AU22+AM22 -> 2800463.5 | AW22: =AV22+AN22 -> 3098024.5
A23: 20 | B23: Total - 202 - Super-Pharm POLAND | C23: SUPER PHARM POLAND | D23: POLAND | F23: =980000*0.24 -> 235200 | I23: =980000*0.24 -> 235200 | K23: =980000*0.21 -> 205800 | N23: =980000*0.16 -> 156800 | P23: =980000*0.15 -> 147000 | Q23: =SUM(E23:P23) -> 980000 | R23: 980000 | S23: =SUM(E23:E23) -> 0 | U23: =SUM($E23:F23) -> 235200 | V23: =SUM($E23:G23) -> 235200 | W23: =SUM($E23:H23) -> 235200 | X23: =SUM($E23:I23) -> 470400 | Y23: =SUM($E23:J23) -> 470400 | Z23: =SUM($E23:K23) -> 676200 | AA23: =SUM($E23:L23) -> 676200 | AB23: =SUM($E23:M23) -> 676200 | ... AE23: =SUM($E23:P23) -> 980000 | AG23: 342081.02 | AI23: 0 | AJ23: 130000 | AK23: 0 | AL23: 300000 | AM23: 0 | AN23: 150000 | AO23: =SUM(AI23:AN23) -> 580000 | AP23: =SUM(AI23:AN23)+Y23 -> 1050400 | AR23: =AI23+AG23 -> 342081.02 | AS23: =AR23+AJ23 -> 472081.02 | AT23: =AS23+AK23 -> 472081.02 | AU23: =AT23+AL23 -> 772081.02 | AV23: =AU23+AM23 -> 772081.02 | AW23: =AV23+AN23 -> 922081.02
A24: 21 | B24: Total - 203 - Ortho- Partner ag SWITZERLAND | C24: ORTHO- PARTNER AG. | D24: SWITZERLAND | E24: 124895.37 | F24: =3779*3.1 -> 11714.9 | G24: 15000 | H24: 100000 | I24: 15000 | J24: 35000 | K24: 13390 | L24: 120000 | M24: 15000 | O24: 200000 | Q24: =SUM(E24:P24) -> 650000.27 | R24: 650000 | S24: =SUM(E24:E24) -> 124895.37 | U24: =SUM($E24:F24) -> 136610.27 | V24: =SUM($E24:G24) -> 151610.27 | W24: =SUM($E24:H24) -> 251610.27 | X24: =SUM($E24:I24) -> 266610.27 | Y24: =SUM($E24:J24) -> 301610.27 | Z24: =SUM($E24:K24) -> 315000.27 | AA24: =SUM($E24:L24) -> 435000.27 | AB24: =SUM($E24:M24) -> 450000.27 | ... AE24: =SUM($E24:P24) -> 650000.27 | AG24: 333276.52 | AI24: 0 | AJ24: 20000 | AK24: 40000 | AL24: 0 | AM24: 220000 | AN24: 0 | AO24: =SUM(AI24:AN24) -> 280000 | AP24: =SUM(AI24:AN24)+Y24 -> 581610.27 | AR24: =AI24+AG24 -> 333276.52 | AS24: =AR24+AJ24 -> 353276.52 | AT24: =AS24+AK24 -> 393276.52 | AU24: =AT24+AL24 -> 393276.52 | AV24: =AU24+AM24 -> 613276.52 | AW24: =AV24+AN24 -> 613276.52
A25: 22 | B25: Total - 204 - Sanaflex Anatomic GREECE | C25: SANAFLEX ANATOMIC | D25: GREECE | E25: 67158.97 | G25: 95000 | I25: 85000 | K25: 85000 | M25: 85000 | O25: 82841 | Q25: =SUM(E25:P25) -> 499999.97 | R25: 500000 | S25: =SUM(E25:E25) -> 67158.97 | U25: =SUM($E25:F25) -> 67158.97 | V25: =SUM($E25:G25) -> 162158.97 | W25: =SUM($E25:H25) -> 162158.97 | X25: =SUM($E25:I25) -> 247158.97 | Y25: =SUM($E25:J25) -> 247158.97 | Z25: =SUM($E25:K25) -> 332158.97 | AA25: =SUM($E25:L25) -> 332158.97 | AB25: =SUM($E25:M25) -> 417158.97 | ... AE25: =SUM($E25:P25) -> 499999.97 | AG25: 307053.13 | AI25: 0 | AJ25: 0 | AK25: 75000 | AL25: 0 | AM25: 75000 | AN25: 0 | AO25: =SUM(AI25:AN25) -> 150000 | AP25: =SUM(AI25:AN25)+Y25 -> 397158.97 | AR25: =AI25+AG25 -> 307053.13 | AS25: =AR25+AJ25 -> 307053.13 | AT25: =AS25+AK25 -> 382053.13 | AU25: =AT25+AL25 -> 382053.13 | AV25: =AU25+AM25 -> 457053.13 | AW25: =AV25+AN25 -> 457053.13
A26: 23 | B26: Total - 205 - Health Care Prod. Gmbh GERMANY | C26: HEALTH CARE PROD. GMBH | D26: GERMANY | E26: 15774.92 | G26: 17000 | H26: 10000 | I26: 17000 | J26: 10000 | K26: 17000 | L26: 10000 | M26: 17000 | N26: 9225 | O26: 17000 | Q26: =SUM(E26:P26) -> 139999.92 | R26: 140000 | S26: =SUM(E26:E26) -> 15774.92 | U26: =SUM($E26:F26) -> 15774.92 | V26: =SUM($E26:G26) -> 32774.92 | W26: =SUM($E26:H26) -> 42774.92 | X26: =SUM($E26:I26) -> 59774.92 | Y26: =SUM($E26:J26) -> 69774.92 | Z26: =SUM($E26:K26) -> 86774.92 | AA26: =SUM($E26:L26) -> 96774.92 | AB26: =SUM($E26:M26) -> 113774.92 | ... AE26: =SUM($E26:P26) -> 139999.92 | AG26: 76678.59 | AI26: 20000 | AJ26: 0 | AK26: 15000 | AL26: 0 | AM26: 20000 | AN26: 0 | AO26: =SUM(AI26:AN26) -> 55000 | AP26: =SUM(AI26:AN26)+Y26 -> 124774.92 | AR26: =AI26+AG26 -> 96678.59 | AS26: =AR26+AJ26 -> 96678.59 | AT26: =AS26+AK26 -> 111678.59 | AU26: =AT26+AL26 -> 111678.59 | AV26: =AU26+AM26 -> 131678.59 | AW26: =AV26+AN26 -> 131678.59
A27: 24 | B27: Total - 206 - Orthomed Ltd BULGARIA | C27: ORTHOMED LTD | D27: BULGARIA | G27: 5000 | H27: 5000 | I27: 5000 | J27: 5000 | K27: 5000 | L27: 5000 | M27: 5000 | N27: 5000 | O27: 5000 | P27: 5000 | Q27: =SUM(E27:P27) -> 50000 | R27: 50000 | S27: =SUM(E27:E27) -> 0 | U27: =SUM($E27:F27) -> 0 | V27: =SUM($E27:G27) -> 5000 | W27: =SUM($E27:H27) -> 10000 | X27: =SUM($E27:I27) -> 15000 | Y27: =SUM($E27:J27) -> 20000 | Z27: =SUM($E27:K27) -> 25000 | AA27: =SUM($E27:L27) -> 30000 | AB27: =SUM($E27:M27) -> 35000 | ... AE27: =SUM($E27:P27) -> 50000 | AG27: 0 | AI27: 0 | AJ27: 0 | AK27: 0 | AL27: 0 | AM27: 0 | AN27: 0 | AO27: =SUM(AI27:AN27) -> 0 | AP27: =SUM(AI27:AN27)+Y27 -> 20000 | AR27: =AI27+AG27 -> 0 | AS27: =AR27+AJ27 -> 0 | AT27: =AS27+AK27 -> 0 | AU27: =AT27+AL27 -> 0 | AV27: =AU27+AM27 -> 0 | AW27: =AV27+AN27 -> 0
A28: 25 | B28: Total - 207 - Salus HUNGARY | C28: SALUS | D28: HUNGARY | H28: 150000 | K28: 150000 | O28: 150000 | Q28: =SUM(E28:P28) -> 450000 | R28: 450000 | S28: =SUM(E28:E28) -> 0 | U28: =SUM($E28:F28) -> 0 | V28: =SUM($E28:G28) -> 0 | W28: =SUM($E28:H28) -> 150000 | X28: =SUM($E28:I28) -> 150000 | Y28: =SUM($E28:J28) -> 150000 | Z28: =SUM($E28:K28) -> 300000 | AA28: =SUM($E28:L28) -> 300000 | AB28: =SUM($E28:M28) -> 300000 | ... AE28: =SUM($E28:P28) -> 450000 | AG28: 144147.47 | AI28: 240000 | AJ28: 0 | AK28: 70000 | AL28: 0 | AM28: 70000 | AN28: 0 | AO28: =SUM(AI28:AN28) -> 380000 | AP28: =SUM(AI28:AN28)+Y28 -> 530000 | AR28: =AI28+AG28 -> 384147.47 | AS28: =AR28+AJ28 -> 384147.47 | AT28: =AS28+AK28 -> 454147.47 | AU28: =AT28+AL28 -> 454147.47 | AV28: =AU28+AM28 -> 524147.47 | AW28: =AV28+AN28 -> 524147.47
A29: 26 | B29: Total - 216 - Max Konnaris CYPRUS | C29: MAX KONNARIS LTD | D29: CYPRUS | F29: 40000 | H29: 40000 | J29: 40000 | L29: 40000 | O29: 40000 | Q29: =SUM(E29:P29) -> 200000 | R29: 200000 | S29: =SUM(E29:E29) -> 0 | T29: =R29-Q29 -> 0 | U29: =SUM($E29:F29) -> 40000 | V29: =SUM($E29:G29) -> 40000 | W29: =SUM($E29:H29) -> 80000 | X29: =SUM($E29:I29) -> 80000 | Y29: =SUM($E29:J29) -> 120000 | Z29: =SUM($E29:K29) -> 120000 | AA29: =SUM($E29:L29) -> 160000 | AB29: =SUM($E29:M29) -> 160000 | ... AE29: =SUM($E29:P29) -> 200000 | AG29: 60694.01 | AI29: 0 | AJ29: 0 | AK29: 20000 | AL29: 0 | AM29: 20000 | AN29: 0 | AO29: =SUM(AI29:AN29) -> 40000 | AP29: =SUM(AI29:AN29)+Y29 -> 160000 | AR29: =AI29+AG29 -> 60694.01 | AS29: =AR29+AJ29 -> 60694.01 | AT29: =AS29+AK29 -> 80694.01 | AU29: =AT29+AL29 -> 80694.01 | AV29: =AU29+AM29 -> 100694.01 | AW29: =AV29+AN29 -> 100694.01
A30: 27 | B30: Total - 208 - Medipal Company NABLUS | C30: MEDIPAL COMPANY | D30: NABLUS | L30: 250000 | Q30: =SUM(E30:P30) -> 250000 | R30: 250000 | S30: =SUM(E30:E30) -> 0 | T30: =R30-Q30 -> 0 | U30: =SUM($E30:F30) -> 0 | V30: =SUM($E30:G30) -> 0 | W30: =SUM($E30:H30) -> 0 | X30: =SUM($E30:I30) -> 0 | Y30: =SUM($E30:J30) -> 0 | Z30: =SUM($E30:K30) -> 0 | AA30: =SUM($E30:L30) -> 250000 | AB30: =SUM($E30:M30) -> 250000 | ... AE30: =SUM($E30:P30) -> 250000 | AG30: 0 | AI30: 0 | AJ30: 0 | AK30: 150000 | AL30: 100000 | AM30: 0 | AN30: 0 | AO30: =SUM(AI30:AN30) -> 250000 | AP30: =SUM(AI30:AN30)+Y30 -> 250000 | AR30: =AI30+AG30 -> 0 | AS30: =AR30+AJ30 -> 0 | AT30: =AS30+AK30 -> 150000 | AU30: =AT30+AL30 -> 250000 | AV30: =AU30+AM30 -> 250000 | AW30: =AV30+AN30 -> 250000
A31: 28 | B31: Total - 209 - Ortoprofil Prod ROMANIA | C31: ORTOPROFIL PROD. ROMANIA | D31: ROMANIA | E31: 27429.74 | F31: =6735*3.7 -> 24919.5 | G31: =(450000-$E$31-$F$31)/10 -> 39765.076 | H31: =(450000-$E$31-$F$31)/10 -> 39765.076 | I31: =(450000-$E$31-$F$31)/10 -> 39765.076 | J31: =(450000-$E$31-$F$31)/10 -> 39765.076 | K31: =(450000-$E$31-$F$31)/10 -> 39765.076 | L31: =(450000-$E$31-$F$31)/10 -> 39765.076 | M31: =(450000-$E$31-$F$31)/10 -> 39765.076 | N31: =(450000-$E$31-$F$31)/10 -> 39765.076 | ... P31: =(450000-$E$31-$F$31)/10 -> 39765.076 | Q31: =SUM(E31:P31) -> 450000 | R31: 450000 | S31: =SUM(E31:E31) -> 27429.74 | T31: =R31-Q31 -> 0 | U31: =SUM($E31:F31) -> 52349.24 | V31: =SUM($E31:G31) -> 92114.316 | W31: =SUM($E31:H31) -> 131879.39 | X31: =SUM($E31:I31) -> 171644.47 | Y31: =SUM($E31:J31) -> 211409.54 | Z31: =SUM($E31:K31) -> 251174.62 | AA31: =SUM($E31:L31) -> 290939.7 | AB31: =SUM($E31:M31) -> 330704.77 | ... AE31: =SUM($E31:P31) -> 450000 | AG31: 203207.09 | AI31: 40000 | AJ31: 20000 | AK31: 40000 | AL31: 20000 | AM31: 40000 | AN31: 15000 | AO31: =SUM(AI31:AN31) -> 175000 | AP31: =SUM(AI31:AN31)+Y31 -> 386409.54 | AR31: =AI31+AG31 -> 243207.09 | AS31: =AR31+AJ31 -> 263207.09 | AT31: =AS31+AK31 -> 303207.09 | AU31: =AT31+AL31 -> 323207.09 | AV31: =AU31+AM31 -> 363207.09 | AW31: =AV31+AN31 -> 378207.09
A32: 29 | B32: Total - 210 - Oy. Ea. Ab. FINLAND | C32: OY. EA. AB. | D32: FINLAND | H32: 35000 | N32: 35000 | Q32: =SUM(E32:P32) -> 70000 | R32: 70000 | S32: =SUM(E32:E32) -> 0 | T32: =R32-Q32 -> 0 | U32: =SUM($E32:F32) -> 0 | V32: =SUM($E32:G32) -> 0 | W32: =SUM($E32:H32) -> 35000 | X32: =SUM($E32:I32) -> 35000 | Y32: =SUM($E32:J32) -> 35000 | Z32: =SUM($E32:K32) -> 35000 | AA32: =SUM($E32:L32) -> 35000 | AB32: =SUM($E32:M32) -> 35000 | ... AE32: =SUM($E32:P32) -> 70000 | AG32: 43116.44 | AI32: 0 | AJ32: 0 | AK32: 0 | AL32: 30000 | AM32: 0 | AN32: 0 | AO32: =SUM(AI32:AN32) -> 30000 | AP32: =SUM(AI32:AN32)+Y32 -> 65000 | AR32: =AI32+AG32 -> 43116.44 | AS32: =AR32+AJ32 -> 43116.44 | AT32: =AS32+AK32 -> 43116.44 | AU32: =AT32+AL32 -> 73116.44 | AV32: =AU32+AM32 -> 73116.44 | AW32: =AV32+AN32 -> 73116.44
A33: 30 | B33: Total - 201- Seven Gear FINLAND oy | C33: SEVEN GEAR | D33: FINLAND | G33: 20000 | K33: 20000 | O33: =20000-207 -> 19793 | Q33: =SUM(E33:P33) -> 59793 | R33: 59793.3 | S33: =SUM(E33:E33) -> 0 | T33: =R33-Q33 -> 0.3 | U33: =SUM($E33:F33) -> 0 | V33: =SUM($E33:G33) -> 20000 | W33: =SUM($E33:H33) -> 20000 | X33: =SUM($E33:I33) -> 20000 | Y33: =SUM($E33:J33) -> 20000 | Z33: =SUM($E33:K33) -> 40000 | AA33: =SUM($E33:L33) -> 40000 | AB33: =SUM($E33:M33) -> 40000 | ... AE33: =SUM($E33:P33) -> 59793 | AG33: 17809.5 | AI33: 0 | AJ33: 0 | AK33: 25000 | AL33: 0 | AM33: 0 | AN33: 0 | AO33: =SUM(AI33:AN33) -> 25000 | AP33: =SUM(AI33:AN33)+Y33 -> 45000 | AR33: =AI33+AG33 -> 17809.5 | AS33: =AR33+AJ33 -> 17809.5 | AT33: =AS33+AK33 -> 42809.5 | AU33: =AT33+AL33 -> 42809.5 | AV33: =AU33+AM33 -> 42809.5 | AW33: =AV33+AN33 -> 42809.5
A34: 31 | B34: 211 - Pharmag Lachmair Ges. Mbh AUSTRIA | C34: PHARMAG LACHMAIR GES. MBH | D34: AUSTRIA | G34: 18000 | K34: 18000 | M34: =85000-18000*2 -> 49000 | Q34: =SUM(E34:P34) -> 85000 | R34: 85000 | S34: =SUM(E34:E34) -> 0 | T34: =R34-Q34 -> 0 | U34: =SUM($E34:F34) -> 0 | V34: =SUM($E34:G34) -> 18000 | W34: =SUM($E34:H34) -> 18000 | X34: =SUM($E34:I34) -> 18000 | Y34: =SUM($E34:J34) -> 18000 | Z34: =SUM($E34:K34) -> 36000 | AA34: =SUM($E34:L34) -> 36000 | AB34: =SUM($E34:M34) -> 85000 | ... AE34: =SUM($E34:P34) -> 85000 | AG34: 0 | AI34: 0 | AJ34: 0 | AK34: 17500 | AL34: 0 | AM34: 0 | AN34: 0 | AO34: =SUM(AI34:AN34) -> 17500 | AP34: =SUM(AI34:AN34)+Y34 -> 35500 | AR34: =AI34+AG34 -> 0 | AS34: =AR34+AJ34 -> 0 | AT34: =AS34+AK34 -> 17500 | AU34: =AT34+AL34 -> 17500 | AV34: =AU34+AM34 -> 17500 | AW34: =AV34+AN34 -> 17500
A35: 32 | B35: Total - 213 - E.f.m.o. SPAIN | C35: E.F.M.O. | D35: SPAIN | E35: 18792.66 | I35: =40000-E35 -> 21207.34 | Q35: =SUM(E35:P35) -> 40000 | R35: 40000 | S35: =SUM(E35:E35) -> 18792.66 | T35: =R35-Q35 -> 0 | U35: =SUM($E35:F35) -> 18792.66 | V35: =SUM($E35:G35) -> 18792.66 | W35: =SUM($E35:H35) -> 18792.66 | X35: =SUM($E35:I35) -> 40000 | Y35: =SUM($E35:J35) -> 40000 | Z35: =SUM($E35:K35) -> 40000 | AA35: =SUM($E35:L35) -> 40000 | AB35: =SUM($E35:M35) -> 40000 | ... AE35: =SUM($E35:P35) -> 40000 | AG35: 18792.66 | AI35: 0 | AJ35: 20000 | AK35: 0 | AL35: 0 | AM35: 0 | AN35: 0 | AO35: =SUM(AI35:AN35) -> 20000 | AP35: =SUM(AI35:AN35)+Y35 -> 60000 | AR35: =AI35+AG35 -> 18792.66 | AS35: =AR35+AJ35 -> 38792.66 | AT35: =AS35+AK35 -> 38792.66 | AU35: =AT35+AL35 -> 38792.66 | AV35: =AU35+AM35 -> 38792.66 | AW35: =AV35+AN35 -> 38792.66
A36: 33 | B36: Total - 214 - Alfred Gera& Sons Ltd. MALTA | C36: ALFRED GERA | D36: MALTA | I36: 40000 | O36: 40000 | Q36: =SUM(E36:P36) -> 80000 | R36: 80000 | S36: =SUM(E36:E36) -> 0 | T36: =R36-Q36 -> 0 | U36: =SUM($E36:F36) -> 0 | V36: =SUM($E36:G36) -> 0 | W36: =SUM($E36:H36) -> 0 | X36: =SUM($E36:I36) -> 40000 | Y36: =SUM($E36:J36) -> 40000 | Z36: =SUM($E36:K36) -> 40000 | AA36: =SUM($E36:L36) -> 40000 | AB36: =SUM($E36:M36) -> 40000 | ... AE36: =SUM($E36:P36) -> 80000 | AG36: 0 | AI36: 0 | AJ36: 0 | AK36: 0 | AL36: 0 | AM36: 0 | AN36: 25000 | AO36: =SUM(AI36:AN36) -> 25000 | AP36: =SUM(AI36:AN36)+Y36 -> 65000 | AR36: =AI36+AG36 -> 0 | AS36: =AR36+AJ36 -> 0 | AT36: =AS36+AK36 -> 0 | AU36: =AT36+AL36 -> 0 | AV36: =AU36+AM36 -> 0 | AW36: =AV36+AN36 -> 25000
A37: 34 | C37: YOUNG IN HEALTHCARE CO., | O37: 20000 | R37: 20000 | T37: =R37-Q37 -> 20000 | AG37: 0 | AI37: 0 | AJ37: 0 | AK37: 0 | AL37: 0 | AM37: 0 | AN37: 0 | AO37: =SUM(AI37:AN37) -> 0 | AP37: =SUM(AI37:AN37)+Y37 -> 0 | AR37: =AI37+AG37 -> 0 | AS37: =AR37+AJ37 -> 0 | AT37: =AS37+AK37 -> 0 | AU37: =AT37+AL37 -> 0 | AV37: =AU37+AM37 -> 0 | AW37: =AV37+AN37 -> 0
A38: 35 | B38: 200 - ROW : 217 - N3W FOODS USA | C38: HANS | D38: USA | H38: 200000 | L38: 200000 | O38: 200000 | Q38: =SUM(E38:P38) -> 600000 | R38: 600000 | S38: =SUM(E38:E38) -> 0 | T38: =R38-Q38 -> 0 | U38: =SUM($E38:F38) -> 0 | V38: =SUM($E38:G38) -> 0 | W38: =SUM($E38:H38) -> 200000 | X38: =SUM($E38:I38) -> 200000 | Y38: =SUM($E38:J38) -> 200000 | Z38: =SUM($E38:K38) -> 200000 | AA38: =SUM($E38:L38) -> 400000 | AB38: =SUM($E38:M38) -> 400000 | ... AE38: =SUM($E38:P38) -> 600000 | AG38: 0 | AI38: 0 | AJ38: 0 | AK38: 0 | AL38: 0 | AM38: 0 | AN38: 0 | AO38: =SUM(AI38:AN38) -> 0 | AP38: =SUM(AI38:AN38)+Y38 -> 200000 | AR38: =AI38+AG38 -> 0 | AS38: =AR38+AJ38 -> 0 | AT38: =AS38+AK38 -> 0 | AU38: =AT38+AL38 -> 0 | AV38: =AU38+AM38 -> 0 | AW38: =AV38+AN38 -> 0
A39: 36 | B39: New Distributors | C39: NEW DISTRIBUTORS | J39: 200000 | O39: 200000 | Q39: =SUM(E39:P39) -> 400000 | R39: 400000 | S39: =SUM(E39:E39) -> 0 | T39: =R39-Q39 -> 0 | U39: =SUM($E39:F39) -> 0 | V39: =SUM($E39:G39) -> 0 | W39: =SUM($E39:H39) -> 0 | X39: =SUM($E39:I39) -> 0 | Y39: =SUM($E39:J39) -> 200000 | Z39: =SUM($E39:K39) -> 200000 | AA39: =SUM($E39:L39) -> 200000 | AB39: =SUM($E39:M39) -> 200000 | ... AE39: =SUM($E39:P39) -> 400000 | AG39: 0 | AI39: 0 | AJ39: 0 | AK39: 0 | AL39: 100000 | AM39: 0 | AN39: 0 | AO39: =SUM(AI39:AN39) -> 100000 | AP39: =SUM(AI39:AN39)+Y39 -> 300000 | AR39: =AI39+AG39 -> 0 | AS39: =AR39+AJ39 -> 0 | AT39: =AS39+AK39 -> 0 | AU39: =AT39+AL39 -> 100000 | AV39: =AU39+AM39 -> 100000 | AW39: =AV39+AN39 -> 100000
B40: סה"כ חו"ל | E40: =SUM(E22:E39) -> 526326.77 | F40: =SUM(F22:F39) -> 624144.32 | G40: =SUM(G22:G39) -> 542589.52 | H40: =SUM(H22:H39) -> 946901.27 | I40: =SUM(I22:I39) -> 856658.89 | J40: =SUM(J22:J39) -> 758228.83 | K40: =SUM(K22:K39) -> 1015168 | L40: =SUM(L22:L39) -> 1146567 | ... S40: =SUM(S22:S39) -> 526326.77 | T40: =R40-Q40 -> -4756579.2 | U40: =SUM(U22:U39) -> 1150471.1 | V40: =SUM(V22:V39) -> 1693060.6 | W40: =SUM(W22:W39) -> 2639961.9 | X40: =SUM(X22:X39) -> 3496620.8 | Y40: =SUM(Y22:Y39) -> 4254849.6 | Z40: =SUM(Z22:Z39) -> 5270017.6 | AA40: =SUM(AA22:AA39) -> 6416584.6 | AB40: =SUM(AB22:AB39) -> 7104745.2 | ... AE40: =SUM(AE22:AE39) -> 9781372.5 | AG40: =SUM(AG22:AG39) -> 2801213.8 | AI40: =SUM(AI22:AI39) -> 565966.8 | AJ40: =SUM(AJ22:AJ39) -> 495012.4 | AK40: =SUM(AK22:AK39) -> 779615.8 | AL40: =SUM(AL22:AL39) -> 871888.6 | AM40: =SUM(AM22:AM39) -> 771122.5 | AN40: =SUM(AN22:AN39) -> 487561 | AO40: =SUM(AO22:AO39) -> 3971167.1 | AP40: =SUM(AP22:AP39) -> 8226016.7 | AR40: =AI40+AG40 -> 3367180.6 | AS40: =SUM(AS22:AS39) -> 3862193 | AT40: =SUM(AT22:AT39) -> 4641808.8 | AU40: =SUM(AU22:AU39) -> 5513697.4 | AV40: =SUM(AV22:AV39) -> 6284819.9 | AW40: =SUM(AW22:AW39) -> 6772380.9
B41: סה"כ | E41: =E40+E21 -> 2378890.5 | F41: =F40+F21 -> 2671041 | G41: =G40+G21 -> 2775894.3 | H41: =H40+H21 -> 2944067.7 | I41: =I40+I21 -> 3153822.5 | J41: =J40+J21 -> 3481428.4 | K41: =K40+K21 -> 3827194.7 | L41: =L40+L21 -> 4141049.6 | ... S41: =S40+S21 -> 2378890.5 | U41: =U40+U21 -> 5049931.5 | V41: =V40+V21 -> 7825825.8 | W41: =W40+W21 -> 10769893 | X41: =X40+X21 -> 13923716 | Y41: =Y40+Y21 -> 17405144 | Z41: =Z40+Z21 -> 21232339 | AA41: =AA40+AA21 -> 25373389 | AB41: =AB40+AB21 -> 28747358 | ... AE41: =AE40+AE21 -> 41241479 | AG41: =AG40+AG21 -> 12671808 | AI41: =AI40+AI21 -> 2665966.8 | AJ41: =AJ40+AJ21 -> 2626512.4 | AK41: =AK40+AK21 -> 3406716.6 | AL41: =AL40+AL21 -> 3681445.4 | AM41: =AM40+AM21 -> 3433922.5 | AN41: =AN40+AN21 -> 3438082.2 | AO41: =AO40+AO21 -> 19252646 | AP41: =AP40+AP21 -> 36657790 | AR41: =AI41+AG41 -> 15337775 | AS41: =AS40+AS21 -> 17964287 | AT41: =AT40+AT21 -> 21371004 | AU41: =AU40+AU21 -> 25052449 | AV41: =AV40+AV21 -> 28486372 | AW41: =AW40+AW21 -> 31924454
D43: ארץ | E43: ינואר | F43: פברואר | G43: מרץ | H43: אפריל | I43: מאי | J43: יוני | K43: יולי | L43: אוגוסט | M43: ספטמבר | N43: אוקטובר | O43: נובמבר | P43: דצמבר | Q43: שנתי
B44: סופר פארם לייף | C44: סופר פארם לייף | D44: ISRAEL | E44: =E5/$Q5 -> 0.07010582 | F44: =F5/$Q5 -> 0.066767448 | G44: =G5/$Q5 -> 0.076782565 | H44: =H5/$Q5 -> 0.068657092 | I44: =I5/$Q5 -> 0.074703956 | J44: =J5/$Q5 -> 0.093285462 | K44: =K5/$Q5 -> 0.093285462 | L44: =L5/$Q5 -> 0.093285462 | ... P44: =P5/$Q5 -> 0.096623835 | Q44: =SUM(E44:P44) -> 1
B45: סופרפארם | C45: סופרפארם | D45: ISRAEL | E45: =E6/$Q6 -> 0.079166052 | F45: =F6/$Q6 -> 0.078571311 | G45: =G6/$Q6 -> 0.090091482 | H45: =H6/$Q6 -> 0.070148943 | I45: =I6/$Q6 -> 0.082406685 | J45: =J6/$Q6 -> 0.089349227 | K45: =K6/$Q6 -> 0.089349227 | L45: =L6/$Q6 -> 0.089349227 | ... P45: =P6/$Q6 -> 0.08832131 | Q45: =SUM(E45:P45) -> 1
B46: BE | C46: BE | D46: ISRAEL | E46: =E7/$Q7 -> 0.081111111 | F46: =F7/$Q7 -> 0.081587302 | G46: =G7/$Q7 -> 0.091269841 | H46: =H7/$Q7 -> 0.067460317 | I46: =I7/$Q7 -> 0.079365079 | J46: =J7/$Q7 -> 0.087301587 | K46: =K7/$Q7 -> 0.087301587 | L46: =L7/$Q7 -> 0.087301587 | ... P46: =P7/$Q7 -> 0.091269841 | Q46: =SUM(E46:P46) -> 1
B47: בתי מרקחת כמיפל | C47: בתי מרקחת | D47: ISRAEL | E47: =E8/$Q8 -> 0.078240027 | F47: =F8/$Q8 -> 0.080530894 | G47: =G8/$Q8 -> 0.089066614 | H47: =H8/$Q8 -> 0.06891351 | I47: =I8/$Q8 -> 0.082585337 | J47: =J8/$Q8 -> 0.087762206 | K47: =K8/$Q8 -> 0.087762206 | L47: =L8/$Q8 -> 0.087762206 | ... P47: =P8/$Q8 -> 0.089066614 | Q47: =SUM(E47:P47) -> 1
B48: כללית | C48: כללית | D48: ISRAEL | E48: =E9/$Q9 -> 0.083314312 | F48: =F9/$Q9 -> 0.083314312 | G48: =G9/$Q9 -> 0.083314312 | H48: =H9/$Q9 -> 0.083314312 | I48: =I9/$Q9 -> 0.083314312 | J48: =J9/$Q9 -> 0.083314312 | K48: =K9/$Q9 -> 0.083314312 | L48: =L9/$Q9 -> 0.083314312 | ... P48: =P9/$Q9 -> 0.08354257 | Q48: =SUM(E48:P48) -> 1
B49: מאוחדת | C49: מאוחדת | D49: ISRAEL | E49: =E10/$Q10 -> 0.068306011 | F49: =F10/$Q10 -> 0.089643508 | G49: =G10/$Q10 -> 0.091204788 | H49: =H10/$Q10 -> 0.079885506 | I49: =I10/$Q10 -> 0.081446786 | J49: =J10/$Q10 -> 0.087952121 | K49: =K10/$Q10 -> 0.087952121 | L49: =L10/$Q10 -> 0.087952121 | ... P49: =P10/$Q10 -> 0.074811345 | Q49: =SUM(E49:P49) -> 1
B50: מכוני אורטופדיה | C50: מכוני אורטופדיה | D50: ISRAEL | E50: =E11/$Q11 -> 0.064468587 | F50: =F11/$Q11 -> 0.078362489 | G50: =G11/$Q11 -> 0.081147686 | H50: =H11/$Q11 -> 0.070524235 | I50: =I11/$Q11 -> 0.085942074 | J50: =J11/$Q11 -> 0.089483225 | K50: =K11/$Q11 -> 0.089483225 | L50: =L11/$Q11 -> 0.089483225 | ... P50: =P11/$Q11 -> 0.089737883 | Q50: =SUM(E50:P50) -> 1
B51: לקוחות מפעל | C51: לקוחות מפעל | D51: ISRAEL | E51: =E12/$Q12 -> 0.083333333 | F51: =F12/$Q12 -> 0.079365079 | G51: =G12/$Q12 -> 0.091269841 | H51: =H12/$Q12 -> 0.067460317 | I51: =I12/$Q12 -> 0.079365079 | J51: =J12/$Q12 -> 0.087301587 | K51: =K12/$Q12 -> 0.087301587 | L51: =L12/$Q12 -> 0.087301587 | ... P51: =P12/$Q12 -> 0.091269841 | Q51: =SUM(E51:P51) -> 1
B52: חנויות פרטיות | C52: חנויות פרטיות | D52: ISRAEL | E52: =E13/$Q13 -> 0.063333333 | F52: =F13/$Q13 -> 0.079365079 | G52: =G13/$Q13 -> 0.091269841 | H52: =H13/$Q13 -> 0.067460317 | I52: =I13/$Q13 -> 0.079365079 | J52: =J13/$Q13 -> 0.087301587 | K52: =K13/$Q13 -> 0.087301587 | L52: =L13/$Q13 -> 0.087301587 | ... P52: =P13/$Q13 -> 0.091269841 | Q52: =SUM(E52:P52) -> 1
B53: חנויות ספורט | C53: חנויות ספורט | D53: ISRAEL | E53: =IFERROR(E15/$Q15,"-") -> - | F53: =IFERROR(F15/$Q15,"-") -> - | G53: =IFERROR(G15/$Q15,"-") -> - | H53: =IFERROR(H15/$Q15,"-") -> - | I53: =IFERROR(I15/$Q15,"-") -> - | J53: =IFERROR(J15/$Q15,"-") -> - | K53: =IFERROR(K15/$Q15,"-") -> - | L53: =IFERROR(L15/$Q15,"-") -> - | ... P53: =IFERROR(P15/$Q15,"-") -> - | Q53: =IFERROR(SUM(E53:P53),"-") -> 0
B54: מכוני פיזיותרפיה | C54: מכוני פיזיותרפיה | D54: ISRAEL | E54: =E17/$Q17 -> 0.083333333 | F54: =F17/$Q17 -> 0.079365079 | G54: =G17/$Q17 -> 0.091269841 | H54: =H17/$Q17 -> 0.067460317 | I54: =I17/$Q17 -> 0.079365079 | J54: =J17/$Q17 -> 0.087301587 | K54: =K17/$Q17 -> 0.087301587 | L54: =L17/$Q17 -> 0.087301587 | ... P54: =P17/$Q17 -> 0.091269841 | Q54: =SUM(E54:P54) -> 1
B55: לקוחות אינטרנט | C55: לקוחות אינטרנט | D55: ISRAEL | E55: =E18/$Q18 -> 0.027492763 | F55: =F18/$Q18 -> 0.041239144 | G55: =G18/$Q18 -> 0.045363059 | H55: =H18/$Q18 -> 0.04204429 | I55: =I18/$Q18 -> 0.054889301 | J55: =J18/$Q18 -> 0.082333991 | K55: =K18/$Q18 -> 0.090567367 | L55: =L18/$Q18 -> 0.10747919 | ... P55: =P18/$Q18 -> 0.13800456 | Q55: =SUM(E55:P55) -> 1
B56: סופר פארם מרקט פלייס | C56: סופר פארם מרקט פלייס | D56: ISRAEL | E56: =E19/$Q19 -> 0.083333333 | F56: =F19/$Q19 -> 0.083333333 | G56: =G19/$Q19 -> 0.083333333 | H56: =H19/$Q19 -> 0.083333333 | I56: =I19/$Q19 -> 0.083333333 | J56: =J19/$Q19 -> 0.083333333 | K56: =K19/$Q19 -> 0.083333333 | L56: =L19/$Q19 -> 0.083333333 | ... P56: =P19/$Q19 -> 0.083333333 | Q56: =SUM(E56:P56) -> 1
B58: סה"כ ישראל | E58: =E21/$Q$21 -> 0.058886125 | F58: =F21/$Q$21 -> 0.065063245 | G58: =G21/$Q$21 -> 0.070988469 | H58: =H21/$Q$21 -> 0.063482506 | I58: =I21/$Q$21 -> 0.073018302 | J58: =J21/$Q$21 -> 0.086560404 | K58: =K21/$Q$21 -> 0.089383888 | L58: =L21/$Q$21 -> 0.095183485 | ... P58: =P21/$Q$21 -> 0.10390247 | Q58: =SUM(E58:P58) -> 1
B59: Total - 301 - Amazon | C59: AMAZON | D59: USA | E59: =E22/$Q22 -> 0.057002112 | F59: =F22/$Q22 -> 0.065383594 | G59: =G22/$Q22 -> 0.069678408 | H59: =H22/$Q22 -> 0.076861738 | I59: =I22/$Q22 -> 0.083425071 | J59: =J22/$Q22 -> 0.08970096 | K59: =K22/$Q22 -> 0.096557156 | L59: =L22/$Q22 -> 0.10086757 | ... P59: =P22/$Q22 -> 0.084193415 | Q59: =SUM(E59:P59) -> 1
B60: Total - 202 - Super-Pharm POLAND | C60: SUPER PHARM POLAND | D60: POLAND | E60: =E23/$Q23 -> 0 | F60: =F23/$Q23 -> 0.24 | G60: =G23/$Q23 -> 0 | H60: =H23/$Q23 -> 0 | I60: =I23/$Q23 -> 0.24 | J60: =J23/$Q23 -> 0 | K60: =K23/$Q23 -> 0.21 | L60: =L23/$Q23 -> 0 | ... P60: =P23/$Q23 -> 0.15 | Q60: =SUM(E60:P60) -> 1
B61: Total - 203 - Ortho- Partner ag SWITZERLAND | C61: ORTHO- PARTNER AG. | D61: SWITZERLAND | E61: =E24/$Q24 -> 0.19214664 | F61: =F24/$Q24 -> 0.018022916 | G61: =G24/$Q24 -> 0.023076913 | H61: =H24/$Q24 -> 0.15384609 | I61: =I24/$Q24 -> 0.023076913 | J61: =J24/$Q24 -> 0.053846131 | K61: =K24/$Q24 -> 0.020599991 | L61: =L24/$Q24 -> 0.18461531 | ... P61: =P24/$Q24 -> 0 | Q61: =SUM(E61:P61) -> 1
B62: Total - 204 - Sanaflex Anatomic GREECE | C62: SANAFLEX ANATOMIC | D62: GREECE | E62: =E25/$Q25 -> 0.13431795 | F62: =F25/$Q25 -> 0 | G62: =G25/$Q25 -> 0.19000001 | H62: =H25/$Q25 -> 0 | I62: =I25/$Q25 -> 0.17000001 | J62: =J25/$Q25 -> 0 | K62: =K25/$Q25 -> 0.17000001 | L62: =L25/$Q25 -> 0 | ... P62: =P25/$Q25 -> 0 | Q62: =SUM(E62:P62) -> 1
B63: Total - 205 - Health Care Prod. Gmbh GERMANY | C63: HEALTH CARE PROD. GMBH | D63: GERMANY | E63: =E26/$Q26 -> 0.11267806 | F63: =F26/$Q26 -> 0 | G63: =G26/$Q26 -> 0.12142864 | H63: =H26/$Q26 -> 0.071428612 | I63: =I26/$Q26 -> 0.12142864 | J63: =J26/$Q26 -> 0.071428612 | K63: =K26/$Q26 -> 0.12142864 | L63: =L26/$Q26 -> 0.071428612 | ... P63: =P26/$Q26 -> 0 | Q63: =SUM(E63:P63) -> 1
B64: Total - 206 - Orthomed Ltd BULGARIA | C64: ORTHOMED LTD | D64: BULGARIA | E64: =E27/$Q27 -> 0 | F64: =F27/$Q27 -> 0 | G64: =G27/$Q27 -> 0.1 | H64: =H27/$Q27 -> 0.1 | I64: =I27/$Q27 -> 0.1 | J64: =J27/$Q27 -> 0.1 | K64: =K27/$Q27 -> 0.1 | L64: =L27/$Q27 -> 0.1 | ... P64: =P27/$Q27 -> 0.1 | Q64: =SUM(E64:P64) -> 1
B65: Total - 207 - Salus HUNGARY | C65: SALUS | D65: HUNGARY | E65: =E28/$Q28 -> 0 | F65: =F28/$Q28 -> 0 | G65: =G28/$Q28 -> 0 | H65: =H28/$Q28 -> 0.33333333 | I65: =I28/$Q28 -> 0 | J65: =J28/$Q28 -> 0 | K65: =K28/$Q28 -> 0.33333333 | L65: =L28/$Q28 -> 0 | ... P65: =P28/$Q28 -> 0 | Q65: =SUM(E65:P65) -> 1
B66: Total - 216 - Max Konnaris CYPRUS | C66: MAX KONNARIS LTD | D66: CYPRUS | E66: =E29/$Q29 -> 0 | F66: =F29/$Q29 -> 0.2 | G66: =G29/$Q29 -> 0 | H66: =H29/$Q29 -> 0.2 | I66: =I29/$Q29 -> 0 | J66: =J29/$Q29 -> 0.2 | K66: =K29/$Q29 -> 0 | L66: =L29/$Q29 -> 0.2 | ... P66: =P29/$Q29 -> 0 | Q66: =SUM(E66:P66) -> 1
B67: Total - 208 - Medipal Company NABLUS | C67: MEDIPAL COMPANY | D67: NABLUS | E67: =E30/$Q30 -> 0 | F67: =F30/$Q30 -> 0 | G67: =G30/$Q30 -> 0 | H67: =H30/$Q30 -> 0 | I67: =I30/$Q30 -> 0 | J67: =J30/$Q30 -> 0 | K67: =K30/$Q30 -> 0 | L67: =L30/$Q30 -> 1 | ... P67: =P30/$Q30 -> 0 | Q67: =SUM(E67:P67) -> 1
B68: Total - 209 - Ortoprofil Prod ROMANIA | C68: ORTOPROFIL PROD. ROMANIA | D68: ROMANIA | E68: =E31/$Q31 -> 0.060954978 | F68: =F31/$Q31 -> 0.055376667 | G68: =G31/$Q31 -> 0.088366836 | H68: =H31/$Q31 -> 0.088366836 | I68: =I31/$Q31 -> 0.088366836 | J68: =J31/$Q31 -> 0.088366836 | K68: =K31/$Q31 -> 0.088366836 | L68: =L31/$Q31 -> 0.088366836 | ... P68: =P31/$Q31 -> 0.088366836 | Q68: =SUM(E68:P68) -> 1
B69: Total - 210 - Oy. Ea. Ab. FINLAND | C69: OY. EA. AB. | D69: FINLAND | E69: =E32/$Q32 -> 0 | F69: =F32/$Q32 -> 0 | G69: =G32/$Q32 -> 0 | H69: =H32/$Q32 -> 0.5 | I69: =I32/$Q32 -> 0 | J69: =J32/$Q32 -> 0 | K69: =K32/$Q32 -> 0 | L69: =L32/$Q32 -> 0 | ... P69: =P32/$Q32 -> 0 | Q69: =SUM(E69:P69) -> 1
B70: Total - 201- Seven Gear FINLAND oy | C70: SEVEN GEAR | D70: FINLAND | E70: =E33/$Q33 -> 0 | F70: =F33/$Q33 -> 0 | G70: =G33/$Q33 -> 0.33448731 | H70: =H33/$Q33 -> 0 | I70: =I33/$Q33 -> 0 | J70: =J33/$Q33 -> 0 | K70: =K33/$Q33 -> 0.33448731 | L70: =L33/$Q33 -> 0 | ... P70: =P33/$Q33 -> 0 | Q70: =SUM(E70:P70) -> 1
... B73: Total - 214 - Alfred Gera& Sons Ltd. MALTA | C73: ALFRED GERA | D73: MALTA | E73: =E36/$Q36 -> 0 | F73: =F36/$Q36 -> 0 | G73: =G36/$Q36 -> 0 | H73: =H36/$Q36 -> 0 | I73: =I36/$Q36 -> 0.5 | J73: =J36/$Q36 -> 0 | K73: =K36/$Q36 -> 0 | L73: =L36/$Q36 -> 0 | ... P73: =P36/$Q36 -> 0 | Q73: =SUM(E73:P73) -> 1
C74: YOUNG IN HEALTHCARE CO., | E74: =IFERROR(E37/$Q37,"-") -> - | F74: =IFERROR(F37/$Q37,"-") -> - | G74: =IFERROR(G37/$Q37,"-") -> - | H74: =IFERROR(H37/$Q37,"-") -> - | I74: =IFERROR(I37/$Q37,"-") -> - | J74: =IFERROR(J37/$Q37,"-") -> - | K74: =IFERROR(K37/$Q37,"-") -> - | L74: =IFERROR(L37/$Q37,"-") -> - | ... P74: =IFERROR(P37/$Q37,"-") -> - | Q74: =IFERROR(SUM(E74:P74),"-") -> 0
B75: 200 - ROW : 217 - N3W FOODS USA | C75: HANS | D75: USA | E75: =E38/$Q38 -> 0 | F75: =F38/$Q38 -> 0 | G75: =G38/$Q38 -> 0 | H75: =H38/$Q38 -> 0.33333333 | I75: =I38/$Q38 -> 0 | J75: =J38/$Q38 -> 0 | K75: =K38/$Q38 -> 0 | L75: =L38/$Q38 -> 0.33333333 | ... P75: =P38/$Q38 -> 0 | Q75: =SUM(E75:P75) -> 1
B76: New Distributors | C76: NEW DISTRIBUTORS | E76: =E39/$Q39 -> 0 | F76: =F39/$Q39 -> 0 | G76: =G39/$Q39 -> 0 | H76: =H39/$Q39 -> 0 | I76: =I39/$Q39 -> 0 | J76: =J39/$Q39 -> 0.5 | K76: =K39/$Q39 -> 0 | L76: =L39/$Q39 -> 0 | ... P76: =P39/$Q39 -> 0 | Q76: =SUM(E76:P76) -> 1
B77: סה"כ חו"ל | E77: =E40/$Q$40 -> 0.053809092 | F77: =F40/$Q$40 -> 0.063809483 | G77: =G40/$Q$40 -> 0.055471716 | H77: =H40/$Q$40 -> 0.096806585 | I77: =I40/$Q$40 -> 0.087580642 | J77: =J40/$Q$40 -> 0.077517631 | K77: =K40/$Q$40 -> 0.10378584 | L77: =L40/$Q$40 -> 0.11721944 | ... P77: =P40/$Q$40 -> 0.060719659 | Q77: =SUM(E77:P77) -> 1.0020447
B78: סה"כ | E78: =E41/$Q$41 -> 0.057681989 | F78: =F41/$Q$41 -> 0.064765886 | G78: =G41/$Q$41 -> 0.067308312 | H78: =H41/$Q$41 -> 0.071386083 | I78: =I41/$Q$41 -> 0.076472099 | J78: =J41/$Q$41 -> 0.084415701 | K78: =K41/$Q$41 -> 0.092799646 | L78: =L41/$Q$41 -> 0.10040982 | ... P78: =P41/$Q$41 -> 0.093660665 | Q78: =SUM(E78:P78) -> 1.0004849

Sheet מצטבר - בחירה
A1: ביצוע מצטבר לפי חודשים
B2: בחר חודש (מצטבר מינואר עד החודש שנבחר, כולל): | D2: דצמבר | E2: (מספר חודש נבחר:) | F2: =MATCH($D$2,נתונים_שטוחים!$AO$2:$AO$13,0) -> 12 | G2: תאריך חישוב: | H2: 46296
A4: מספר | B4: קטגוריה | C4: קבוצה | D4: 2024 | E4: 2025 | F4: 2026 | G4: % מול 2025 | H4: ₪ מול 2025 | I4: תקציב | J4: % מול תקציב | K4: ₪ מול תקציב | L4: מטרה | M4: % מול מטרה | N4: ₪ מול מטרה
A5: 111 | B5: =נתונים_שטוחים!A5 -> סופר פארם לייף | C5: =נתונים_שטוחים!B5 -> ישראל | D5: =SUMIFS(נתונים_שטוחים!C5:N5,נתונים_שטוחים!$C$3:$N$3,"<="&$F$2) -> 2052731.8 | E5: =SUMIFS(נתונים_שטוחים!O5:Z5,נתונים_שטוחים!$O$3:$Z$3,"<="&$F$2) -> 1708656.9 | F5: =SUMIFS(נתונים_שטוחים!AA5:AL5,נתונים_שטוחים!$AA$3:$AL$3,"<="&$F$2) -> 1307775.4 | G5: =IFERROR(F5/E5-1,"-") -> -0.23461791 | H5: =F5-E5 -> -400881.5 | I5: =IFERROR(INDEX('תקציב '!$A:$AW,MATCH($B5,'תקציב '!$C:$C,0),INDEX(נתונים_שטוחים!$AP$2:$AP$13,$F$2)),"-") -> 2520000 | J5: =IFERROR(F5/I5-1,"-") -> -0.48104153 | K5: =IFERROR(F5-I5,"-") -> -1212224.6 | L5: =IF($F$2<7,"-",IFERROR(INDEX('תקציב '!$A:$AW,MATCH($B5,'תקציב '!$C:$C,0),INDEX(נתונים_שטוחים!$AQ$2:$AQ$13,$F$2)),"-")) -> 1940443.3 | M5: =IF($F$2<7,"-",IFERROR(F5/L5-1,"-")) -> -0.326043 | N5: =IF($F$2<7,"-",IFERROR(F5-L5,"-")) -> -632667.95
A6: 1 | B6: =נתונים_שטוחים!A6 -> סופרפארם | C6: =נתונים_שטוחים!B6 -> ישראל | D6: =SUMIFS(נתונים_שטוחים!C6:N6,נתונים_שטוחים!$C$3:$N$3,"<="&$F$2) -> 5482291.2 | E6: =SUMIFS(נתונים_שטוחים!O6:Z6,נתונים_שטוחים!$O$3:$Z$3,"<="&$F$2) -> 6071777.6 | F6: =SUMIFS(נתונים_שטוחים!AA6:AL6,נתונים_שטוחים!$AA$3:$AL$3,"<="&$F$2) -> 4382655.6 | G6: =IFERROR(F6/E6-1,"-") -> -0.27819233 | H6: =F6-E6 -> -1689122 | I6: =IFERROR(INDEX('תקציב '!$A:$AW,MATCH($B6,'תקציב '!$C:$C,0),INDEX(נתונים_שטוחים!$AP$2:$AP$13,$F$2)),"-") -> 6779000 | J6: =IFERROR(F6/I6-1,"-") -> -0.35349526 | K6: =IFERROR(F6-I6,"-") -> -2396344.4 | L6: =IF($F$2<7,"-",IFERROR(INDEX('תקציב '!$A:$AW,MATCH($B6,'תקציב '!$C:$C,0),INDEX(נתונים_שטוחים!$AQ$2:$AQ$13,$F$2)),"-")) -> 6074937.9 | M6: =IF($F$2<7,"-",IFERROR(F6/L6-1,"-")) -> -0.27856783 | N6: =IF($F$2<7,"-",IFERROR(F6-L6,"-")) -> -1692282.3
A7: 2 | B7: =נתונים_שטוחים!A7 -> BE | C7: =נתונים_שטוחים!B7 -> ישראל | D7: =SUMIFS(נתונים_שטוחים!C7:N7,נתונים_שטוחים!$C$3:$N$3,"<="&$F$2) -> 1089803.8 | E7: =SUMIFS(נתונים_שטוחים!O7:Z7,נתונים_שטוחים!$O$3:$Z$3,"<="&$F$2) -> 828689.86 | F7: =SUMIFS(נתונים_שטוחים!AA7:AL7,נתונים_שטוחים!$AA$3:$AL$3,"<="&$F$2) -> 666002.25 | G7: =IFERROR(F7/E7-1,"-") -> -0.19631906 | H7: =F7-E7 -> -162687.61 | I7: =IFERROR(INDEX('תקציב '!$A:$AW,MATCH($B7,'תקציב '!$C:$C,0),INDEX(נתונים_שטוחים!$AP$2:$AP$13,$F$2)),"-") -> 900000 | J7: =IFERROR(F7/I7-1,"-") -> -0.2599975 | K7: =IFERROR(F7-I7,"-") -> -233997.75 | L7: =IF($F$2<7,"-",IFERROR(INDEX('תקציב '!$A:$AW,MATCH($B7,'תקציב '!$C:$C,0),INDEX(נתונים_שטוחים!$AQ$2:$AQ$13,$F$2)),"-")) -> 1037274.6 | M7: =IF($F$2<7,"-",IFERROR(F7/L7-1,"-")) -> -0.35793061 | N7: =IF($F$2<7,"-",IFERROR(F7-L7,"-")) -> -371272.32
A8: 3 | B8: =נתונים_שטוחים!A8 -> בתי מרקחת | C8: =נתונים_שטוחים!B8 -> ישראל | D8: =SUMIFS(נתונים_שטוחים!C8:N8,נתונים_שטוחים!$C$3:$N$3,"<="&$F$2) -> 1835959.5 | E8: =SUMIFS(נתונים_שטוחים!O8:Z8,נתונים_שטוחים!$O$3:$Z$3,"<="&$F$2) -> 1941001.6 | F8: =SUMIFS(נתונים_שטוחים!AA8:AL8,נתונים_שטוחים!$AA$3:$AL$3,"<="&$F$2) -> 1440814.2 | G8: =IFERROR(F8/E8-1,"-") -> -0.25769553 | H8: =F8-E8 -> -500187.43 | I8: =IFERROR(INDEX('תקציב '!$A:$AW,MATCH($B8,'תקציב '!$C:$C,0),INDEX(נתונים_שטוחים!$AP$2:$AP$13,$F$2)),"-") -> 1947000 | J8: =IFERROR(F8/I8-1,"-") -> -0.25998246 | K8: =IFERROR(F8-I8,"-") -> -506185.85 | L8: =IF($F$2<7,"-",IFERROR(INDEX('תקציב '!$A:$AW,MATCH($B8,'תקציב '!$C:$C,0),INDEX(נתונים_שטוחים!$AQ$2:$AQ$13,$F$2)),"-")) -> 2118524 | M8: =IF($F$2<7,"-",IFERROR(F8/L8-1,"-")) -> -0.31989717 | N8: =IF($F$2<7,"-",IFERROR(F8-L8,"-")) -> -677709.83
A9: 112 | B9: =נתונים_שטוחים!A9 -> כללית | C9: =נתונים_שטוחים!B9 -> ישראל | D9: =SUMIFS(נתונים_שטוחים!C9:N9,נתונים_שטוחים!$C$3:$N$3,"<="&$F$2) -> 4118466.1 | E9: =SUMIFS(נתונים_שטוחים!O9:Z9,נתונים_שטוחים!$O$3:$Z$3,"<="&$F$2) -> 3809616.4 | F9: =SUMIFS(נתונים_שטוחים!AA9:AL9,נתונים_שטוחים!$AA$3:$AL$3,"<="&$F$2) -> 2793513.1 | G9: =IFERROR(F9/E9-1,"-") -> -0.26672062 | H9: =F9-E9 -> -1016103.3 | I9: =IFERROR(INDEX('תקציב '!$A:$AW,MATCH($B9,'תקציב '!$C:$C,0),INDEX(נתונים_שטוחים!$AP$2:$AP$13,$F$2)),"-") -> 4381000 | J9: =IFERROR(F9/I9-1,"-") -> -0.36235719 | K9: =IFERROR(F9-I9,"-") -> -1587486.9 | L9: =IF($F$2<7,"-",IFERROR(INDEX('תקציב '!$A:$AW,MATCH($B9,'תקציב '!$C:$C,0),INDEX(נתונים_שטוחים!$AQ$2:$AQ$13,$F$2)),"-")) -> 3722410.9 | M9: =IF($F$2<7,"-",IFERROR(F9/L9-1,"-")) -> -0.24954196 | N9: =IF($F$2<7,"-",IFERROR(F9-L9,"-")) -> -928897.7
A10: 113 | B10: =נתונים_שטוחים!A10 -> מאוחדת | C10: =נתונים_שטוחים!B10 -> ישראל | D10: =SUMIFS(נתונים_שטוחים!C10:N10,נתונים_שטוחים!$C$3:$N$3,"<="&$F$2) -> 797978.25 | E10: =SUMIFS(נתונים_שטוחים!O10:Z10,נתונים_שטוחים!$O$3:$Z$3,"<="&$F$2) -> 892626.19 | F10: =SUMIFS(נתונים_שטוחים!AA10:AL10,נתונים_שטוחים!$AA$3:$AL$3,"<="&$F$2) -> 529867.07 | G10: =IFERROR(F10/E10-1,"-") -> -0.40639533 | H10: =F10-E10 -> -362759.12 | I10: =IFERROR(INDEX('תקציב '!$A:$AW,MATCH($B10,'תקציב '!$C:$C,0),INDEX(נתונים_שטוחים!$AP$2:$AP$13,$F$2)),"-") -> 1220000 | J10: =IFERROR(F10/I10-1,"-") -> -0.56568273 | K10: =IFERROR(F10-I10,"-") -> -690132.93 | L10: =IF($F$2<7,"-",IFERROR(INDEX('תקציב '!$A:$AW,MATCH($B10,'תקציב '!$C:$C,0),INDEX(נתונים_שטוחים!$AQ$2:$AQ$13,$F$2)),"-")) -> 943097.61 | M10: =IF($F$2<7,"-",IFERROR(F10/L10-1,"-")) -> -0.43816307 | N10: =IF($F$2<7,"-",IFERROR(F10-L10,"-")) -> -413230.54
A11: 4 | B11: =נתונים_שטוחים!A11 -> מכבי | C11: =נתונים_שטוחים!B11 -> ישראל | D11: =SUMIFS(נתונים_שטוחים!C11:N11,נתונים_שטוחים!$C$3:$N$3,"<="&$F$2) -> 0 | E11: =SUMIFS(נתונים_שטוחים!O11:Z11,נתונים_שטוחים!$O$3:$Z$3,"<="&$F$2) -> 0 | F11: =SUMIFS(נתונים_שטוחים!AA11:AL11,נתונים_שטוחים!$AA$3:$AL$3,"<="&$F$2) -> 0 | G11: =IFERROR(F11/E11-1,"-") -> - | H11: =F11-E11 -> 0 | I11: =IFERROR(INDEX('תקציב '!$A:$AW,MATCH($B11,'תקציב '!$C:$C,0),INDEX(נתונים_שטוחים!$AP$2:$AP$13,$F$2)),"-") -> - | J11: =IFERROR(F11/I11-1,"-") -> - | K11: =IFERROR(F11-I11,"-") -> - | L11: =IF($F$2<7,"-",IFERROR(INDEX('תקציב '!$A:$AW,MATCH($B11,'תקציב '!$C:$C,0),INDEX(נתונים_שטוחים!$AQ$2:$AQ$13,$F$2)),"-")) -> - | M11: =IF($F$2<7,"-",IFERROR(F11/L11-1,"-")) -> - | N11: =IF($F$2<7,"-",IFERROR(F11-L11,"-")) -> -
A12: 102 | B12: =נתונים_שטוחים!A12 -> מכוני אורטופדיה | C12: =נתונים_שטוחים!B12 -> ישראל | D12: =SUMIFS(נתונים_שטוחים!C12:N12,נתונים_שטוחים!$C$3:$N$3,"<="&$F$2) -> 901019.25 | E12: =SUMIFS(נתונים_שטוחים!O12:Z12,נתונים_שטוחים!$O$3:$Z$3,"<="&$F$2) -> 854818.94 | F12: =SUMIFS(נתונים_שטוחים!AA12:AL12,נתונים_שטוחים!$AA$3:$AL$3,"<="&$F$2) -> 690852.02 | G12: =IFERROR(F12/E12-1,"-") -> -0.1918148 | H12: =F12-E12 -> -163966.92 | I12: =IFERROR(INDEX('תקציב '!$A:$AW,MATCH($B12,'תקציב '!$C:$C,0),INDEX(נתונים_שטוחים!$AP$2:$AP$13,$F$2)),"-") -> 1979000 | J12: =IFERROR(F12/I12-1,"-") -> -0.65090853 | K12: =IFERROR(F12-I12,"-") -> -1288148 | L12: =IF($F$2<7,"-",IFERROR(INDEX('תקציב '!$A:$AW,MATCH($B12,'תקציב '!$C:$C,0),INDEX(נתונים_שטוחים!$AQ$2:$AQ$13,$F$2)),"-")) -> 1075277.6 | M12: =IF($F$2<7,"-",IFERROR(F12/L12-1,"-")) -> -0.35751285 | N12: =IF($F$2<7,"-",IFERROR(F12-L12,"-")) -> -384425.55
A13: 101 | B13: =נתונים_שטוחים!A13 -> לקוחות מפעל | C13: =נתונים_שטוחים!B13 -> ישראל | D13: =SUMIFS(נתונים_שטוחים!C13:N13,נתונים_שטוחים!$C$3:$N$3,"<="&$F$2) -> 187203.67 | E13: =SUMIFS(נתונים_שטוחים!O13:Z13,נתונים_שטוחים!$O$3:$Z$3,"<="&$F$2) -> 185250.51 | F13: =SUMIFS(נתונים_שטוחים!AA13:AL13,נתונים_שטוחים!$AA$3:$AL$3,"<="&$F$2) -> 86996.84 | G13: =IFERROR(F13/E13-1,"-") -> -0.53038272 | H13: =F13-E13 -> -98253.67 | I13: =IFERROR(INDEX('תקציב '!$A:$AW,MATCH($B13,'תקציב '!$C:$C,0),INDEX(נתונים_שטוחים!$AP$2:$AP$13,$F$2)),"-") -> 190000 | J13: =IFERROR(F13/I13-1,"-") -> -0.54212189 | K13: =IFERROR(F13-I13,"-") -> -103003.16 | L13: =IF($F$2<7,"-",IFERROR(INDEX('תקציב '!$A:$AW,MATCH($B13,'תקציב '!$C:$C,0),INDEX(נתונים_שטוחים!$AQ$2:$AQ$13,$F$2)),"-")) -> 151235.08 | M13: =IF($F$2<7,"-",IFERROR(F13/L13-1,"-")) -> -0.42475754 | N13: =IF($F$2<7,"-",IFERROR(F13-L13,"-")) -> -64238.24
A14: 109 | B14: =נתונים_שטוחים!A14 -> חנויות פרטיות | C14: =נתונים_שטוחים!B14 -> ישראל | D14: =SUMIFS(נתונים_שטוחים!C14:N14,נתונים_שטוחים!$C$3:$N$3,"<="&$F$2) -> 92204.35 | E14: =SUMIFS(נתונים_שטוחים!O14:Z14,נתונים_שטוחים!$O$3:$Z$3,"<="&$F$2) -> 57359.72 | F14: =SUMIFS(נתונים_שטוחים!AA14:AL14,נתונים_שטוחים!$AA$3:$AL$3,"<="&$F$2) -> 47356.38 | G14: =IFERROR(F14/E14-1,"-") -> -0.1743966 | H14: =F14-E14 -> -10003.34 | I14: =IFERROR(INDEX('תקציב '!$A:$AW,MATCH($B14,'תקציב '!$C:$C,0),INDEX(נתונים_שטוחים!$AP$2:$AP$13,$F$2)),"-") -> 100000 | J14: =IFERROR(F14/I14-1,"-") -> -0.5264362 | K14: =IFERROR(F14-I14,"-") -> -52643.62 | L14: =IF($F$2<7,"-",IFERROR(INDEX('תקציב '!$A:$AW,MATCH($B14,'תקציב '!$C:$C,0),INDEX(נתונים_שטוחים!$AQ$2:$AQ$13,$F$2)),"-")) -> 94015.41 | M14: =IF($F$2<7,"-",IFERROR(F14/L14-1,"-")) -> -0.4962913 | N14: =IF($F$2<7,"-",IFERROR(F14-L14,"-")) -> -46659.03
A15: 105 | B15: =נתונים_שטוחים!A15 -> מכוני פדיקור | C15: =נתונים_שטוחים!B15 -> ישראל | D15: =SUMIFS(נתונים_שטוחים!C15:N15,נתונים_שטוחים!$C$3:$N$3,"<="&$F$2) -> 3230.5 | E15: =SUMIFS(נתונים_שטוחים!O15:Z15,נתונים_שטוחים!$O$3:$Z$3,"<="&$F$2) -> 4145.68 | F15: =SUMIFS(נתונים_שטוחים!AA15:AL15,נתונים_שטוחים!$AA$3:$AL$3,"<="&$F$2) -> 4305.02 | G15: =IFERROR(F15/E15-1,"-") -> 0.03843519 | H15: =F15-E15 -> 159.34 | I15: =IFERROR(INDEX('תקציב '!$A:$AW,MATCH($B15,'תקציב '!$C:$C,0),INDEX(נתונים_שטוחים!$AP$2:$AP$13,$F$2)),"-") -> 0 | J15: =IFERROR(F15/I15-1,"-") -> - | K15: =IFERROR(F15-I15,"-") -> 4305.02 | L15: =IF($F$2<7,"-",IFERROR(INDEX('תקציב '!$A:$AW,MATCH($B15,'תקציב '!$C:$C,0),INDEX(נתונים_שטוחים!$AQ$2:$AQ$13,$F$2)),"-")) -> 33576.15 | M15: =IF($F$2<7,"-",IFERROR(F15/L15-1,"-")) -> -0.87178339 | N15: =IF($F$2<7,"-",IFERROR(F15-L15,"-")) -> -29271.13
A16: 104 | B16: =נתונים_שטוחים!A16 -> חנויות נעליים | C16: =נתונים_שטוחים!B16 -> ישראל | D16: =SUMIFS(נתונים_שטוחים!C16:N16,נתונים_שטוחים!$C$3:$N$3,"<="&$F$2) -> 1583.18 | E16: =SUMIFS(נתונים_שטוחים!O16:Z16,נתונים_שטוחים!$O$3:$Z$3,"<="&$F$2) -> 514.2 | F16: =SUMIFS(נתונים_שטוחים!AA16:AL16,נתונים_שטוחים!$AA$3:$AL$3,"<="&$F$2) -> 1896.82 | G16: =IFERROR(F16/E16-1,"-") -> 2.6888759 | H16: =F16-E16 -> 1382.62 | I16: =IFERROR(INDEX('תקציב '!$A:$AW,MATCH($B16,'תקציב '!$C:$C,0),INDEX(נתונים_שטוחים!$AP$2:$AP$13,$F$2)),"-") -> 25000 | J16: =IFERROR(F16/I16-1,"-") -> -0.9241272 | K16: =IFERROR(F16-I16,"-") -> -23103.18 | L16: =IF($F$2<7,"-",IFERROR(INDEX('תקציב '!$A:$AW,MATCH($B16,'תקציב '!$C:$C,0),INDEX(נתונים_שטוחים!$AQ$2:$AQ$13,$F$2)),"-")) -> 31896.82 | M16: =IF($F$2<7,"-",IFERROR(F16/L16-1,"-")) -> -0.94053263 | N16: =IF($F$2<7,"-",IFERROR(F16-L16,"-")) -> -30000
... A18: 103 | B18: =נתונים_שטוחים!A18 -> מכוני פיזיותרפיה | C18: =נתונים_שטוחים!B18 -> ישראל | D18: =SUMIFS(נתונים_שטוחים!C18:N18,נתונים_שטוחים!$C$3:$N$3,"<="&$F$2) -> 72915.81 | E18: =SUMIFS(נתונים_שטוחים!O18:Z18,נתונים_שטוחים!$O$3:$Z$3,"<="&$F$2) -> 94701.6 | F18: =SUMIFS(נתונים_שטוחים!AA18:AL18,נתונים_שטוחים!$AA$3:$AL$3,"<="&$F$2) -> 118677.26 | G18: =IFERROR(F18/E18-1,"-") -> 0.25317059 | H18: =F18-E18 -> 23975.66 | I18: =IFERROR(INDEX('תקציב '!$A:$AW,MATCH($B18,'תקציב '!$C:$C,0),INDEX(נתונים_שטוחים!$AP$2:$AP$13,$F$2)),"-") -> 200000 | J18: =IFERROR(F18/I18-1,"-") -> -0.4066137 | K18: =IFERROR(F18-I18,"-") -> -81322.74 | L18: =IF($F$2<7,"-",IFERROR(INDEX('תקציב '!$A:$AW,MATCH($B18,'תקציב '!$C:$C,0),INDEX(נתונים_שטוחים!$AQ$2:$AQ$13,$F$2)),"-")) -> 239111.1 | M18: =IF($F$2<7,"-",IFERROR(F18/L18-1,"-")) -> -0.50367315 | N18: =IF($F$2<7,"-",IFERROR(F18-L18,"-")) -> -120433.84
B19: סה"כ ישראל ללא אונליין | D19: =SUM(D5:D18) -> 16644965 | E19: =SUM(E5:E18) -> 16462691 | F19: =SUM(F5:F18) -> 12085665 | G19: =IFERROR(F19/E19-1,"-") -> -0.26587548 | H19: =SUM(H5:H18) -> -4377026 | I19: =SUM(I5:I18) -> 20641000 | J19: =IFERROR(F19/I19-1,"-") -> -0.41448256 | K19: =IFERROR(F19-I19,"-") -> -8555334.6 | L19: =IF($F$2<7,"-",SUMIF(L5:L18,"<>-")) -> 17499549 | M19: =IF($F$2<7,"-",IFERROR(F19/L19-1,"-")) -> -0.30937275 | N19: =IF($F$2<7,"-",IFERROR(F19-L19,"-")) -> -5413883.6
A20: 114 | B20: =נתונים_שטוחים!A19 -> לקוחות אינטרנט | C20: =נתונים_שטוחים!B19 -> ישראל | D20: =SUMIFS(נתונים_שטוחים!C19:N19,נתונים_שטוחים!$C$3:$N$3,"<="&$F$2) -> 683558.5 | E20: =SUMIFS(נתונים_שטוחים!O19:Z19,נתונים_שטוחים!$O$3:$Z$3,"<="&$F$2) -> 1656258.3 | F20: =SUMIFS(נתונים_שטוחים!AA19:AL19,נתונים_שטוחים!$AA$3:$AL$3,"<="&$F$2) -> 3428420.1 | G20: =IFERROR(F20/E20-1,"-") -> 1.0699791 | H20: =F20-E20 -> 1772161.8 | I20: =IFERROR(INDEX('תקציב '!$A:$AW,MATCH($B20,'תקציב '!$C:$C,0),INDEX(נתונים_שטוחים!$AP$2:$AP$13,$F$2)),"-") -> 10788664 | J20: =IFERROR(F20/I20-1,"-") -> -0.68222013 | K20: =IFERROR(F20-I20,"-") -> -7360243.5 | L20: =IF($F$2<7,"-",IFERROR(INDEX('תקציב '!$A:$AW,MATCH($B20,'תקציב '!$C:$C,0),INDEX(נתונים_שטוחים!$AQ$2:$AQ$13,$F$2)),"-")) -> 7612717 | M20: =IF($F$2<7,"-",IFERROR(F20/L20-1,"-")) -> -0.54964567 | N20: =IF($F$2<7,"-",IFERROR(F20-L20,"-")) -> -4184296.9
A21: 115 | B21: =נתונים_שטוחים!A20 -> סופר פארם מרקט פלייס | C21: =נתונים_שטוחים!B20 -> ישראל | D21: =SUMIFS(נתונים_שטוחים!C20:N20,נתונים_שטוחים!$C$3:$N$3,"<="&$F$2) -> 35758.89 | E21: =SUMIFS(נתונים_שטוחים!O20:Z20,נתונים_שטוחים!$O$3:$Z$3,"<="&$F$2) -> 27325.74 | F21: =SUMIFS(נתונים_שטוחים!AA20:AL20,נתונים_שטוחים!$AA$3:$AL$3,"<="&$F$2) -> 13922.68 | G21: =IFERROR(F21/E21-1,"-") -> -0.49049211 | H21: =F21-E21 -> -13403.06 | I21: =IFERROR(INDEX('תקציב '!$A:$AW,MATCH($B21,'תקציב '!$C:$C,0),INDEX(נתונים_שטוחים!$AP$2:$AP$13,$F$2)),"-") -> 30443.14 | J21: =IFERROR(F21/I21-1,"-") -> -0.5426661 | K21: =IFERROR(F21-I21,"-") -> -16520.46 | L21: =IF($F$2<7,"-",IFERROR(INDEX('תקציב '!$A:$AW,MATCH($B21,'תקציב '!$C:$C,0),INDEX(נתונים_שטוחים!$AQ$2:$AQ$13,$F$2)),"-")) -> 39807.02 | M21: =IF($F$2<7,"-",IFERROR(F21/L21-1,"-")) -> -0.65024561 | N21: =IF($F$2<7,"-",IFERROR(F21-L21,"-")) -> -25884.34
B22: סה"כ ישראל | D22: =SUM(D5:D18)+SUM(D20:D21) -> 17364282 | E22: =SUM(E5:E18)+SUM(E20:E21) -> 18146275 | F22: =SUM(F5:F18)+SUM(F20:F21) -> 15528008 | G22: =IFERROR(F22/E22-1,"-") -> -0.14428676 | H22: =SUM(H5:H18)+SUM(H20:H21) -> -2618267.2 | I22: =SUM(I5:I18)+SUM(I20:I21) -> 31460107 | J22: =IFERROR(F22/I22-1,"-") -> -0.50642227 | K22: =IFERROR(F22-I22,"-") -> -15932099 | L22: =IF($F$2<7,"-",SUMIF(L5:L18,"<>-")+SUMIF(L20:L21,"<>-")) -> 25152073 | M22: =IF($F$2<7,"-",IFERROR(F22/L22-1,"-")) -> -0.38263506 | N22: =IF($F$2<7,"-",IFERROR(F22-L22,"-")) -> -9624064.9
A23: 301 | B23: =נתונים_שטוחים!A21 -> AMAZON | C23: =נתונים_שטוחים!B21 -> יצוא | D23: =SUMIFS(נתונים_שטוחים!C21:N21,נתונים_שטוחים!$C$3:$N$3,"<="&$F$2) -> 3501494.5 | E23: =SUMIFS(נתונים_שטוחים!O21:Z21,נתונים_שטוחים!$O$3:$Z$3,"<="&$F$2) -> 2705391.2 | F23: =SUMIFS(נתונים_שטוחים!AA21:AL21,נתונים_שטוחים!$AA$3:$AL$3,"<="&$F$2) -> 1925166.8 | G23: =IFERROR(F23/E23-1,"-") -> -0.28839616 | H23: =F23-E23 -> -780224.45 | I23: =IFERROR(INDEX('תקציב '!$A:$AW,MATCH($B23,'תקציב '!$C:$C,0),INDEX(נתונים_שטוחים!$AP$2:$AP$13,$F$2)),"-") -> 4776579.4 | J23: =IFERROR(F23/I23-1,"-") -> -0.59695702 | K23: =IFERROR(F23-I23,"-") -> -2851412.6 | L23: =IF($F$2<7,"-",IFERROR(INDEX('תקציב '!$A:$AW,MATCH($B23,'תקציב '!$C:$C,0),INDEX(נתונים_שטוחים!$AQ$2:$AQ$13,$F$2)),"-")) -> 3098024.5 | M23: =IF($F$2<7,"-",IFERROR(F23/L23-1,"-")) -> -0.37858246 | N23: =IF($F$2<7,"-",IFERROR(F23-L23,"-")) -> -1172857.7
A24: 202 | B24: =נתונים_שטוחים!A22 -> SUPER PHARM POLAND | C24: =נתונים_שטוחים!B22 -> יצוא | D24: =SUMIFS(נתונים_שטוחים!C22:N22,נתונים_שטוחים!$C$3:$N$3,"<="&$F$2) -> 879383.45 | E24: =SUMIFS(נתונים_שטוחים!O22:Z22,נתונים_שטוחים!$O$3:$Z$3,"<="&$F$2) -> 902537.64 | F24: =SUMIFS(נתונים_שטוחים!AA22:AL22,נתונים_שטוחים!$AA$3:$AL$3,"<="&$F$2) -> 474182.59 | G24: =IFERROR(F24/E24-1,"-") -> -0.47461184 | H24: =F24-E24 -> -428355.05 | I24: =IFERROR(INDEX('תקציב '!$A:$AW,MATCH($B24,'תקציב '!$C:$C,0),INDEX(נתונים_שטוחים!$AP$2:$AP$13,$F$2)),"-") -> 980000 | J24: =IFERROR(F24/I24-1,"-") -> -0.51614021 | K24: =IFERROR(F24-I24,"-") -> -505817.41 | L24: =IF($F$2<7,"-",IFERROR(INDEX('תקציב '!$A:$AW,MATCH($B24,'תקציב '!$C:$C,0),INDEX(נתונים_שטוחים!$AQ$2:$AQ$13,$F$2)),"-")) -> 922081.02 | M24: =IF($F$2<7,"-",IFERROR(F24/L24-1,"-")) -> -0.48574737 | N24: =IF($F$2<7,"-",IFERROR(F24-L24,"-")) -> -447898.43
A25: 203 | B25: =נתונים_שטוחים!A23 -> ORTHO- PARTNER AG. | C25: =נתונים_שטוחים!B23 -> יצוא | D25: =SUMIFS(נתונים_שטוחים!C23:N23,נתונים_שטוחים!$C$3:$N$3,"<="&$F$2) -> 633752.75 | E25: =SUMIFS(נתונים_שטוחים!O23:Z23,נתונים_שטוחים!$O$3:$Z$3,"<="&$F$2) -> 405920.85 | F25: =SUMIFS(נתונים_שטוחים!AA23:AL23,נתונים_שטוחים!$AA$3:$AL$3,"<="&$F$2) -> 344263.09 | G25: =IFERROR(F25/E25-1,"-") -> -0.15189602 | H25: =F25-E25 -> -61657.76 | I25: =IFERROR(INDEX('תקציב '!$A:$AW,MATCH($B25,'תקציב '!$C:$C,0),INDEX(נתונים_שטוחים!$AP$2:$AP$13,$F$2)),"-") -> 650000.27 | J25: =IFERROR(F25/I25-1,"-") -> -0.4703647 | K25: =IFERROR(F25-I25,"-") -> -305737.18 | L25: =IF($F$2<7,"-",IFERROR(INDEX('תקציב '!$A:$AW,MATCH($B25,'תקציב '!$C:$C,0),INDEX(נתונים_שטוחים!$AQ$2:$AQ$13,$F$2)),"-")) -> 613276.52 | M25: =IF($F$2<7,"-",IFERROR(F25/L25-1,"-")) -> -0.43864949 | N25: =IF($F$2<7,"-",IFERROR(F25-L25,"-")) -> -269013.43
A26: 204 | B26: =נתונים_שטוחים!A24 -> SANAFLEX ANATOMIC | C26: =נתונים_שטוחים!B24 -> יצוא | D26: =SUMIFS(נתונים_שטוחים!C24:N24,נתונים_שטוחים!$C$3:$N$3,"<="&$F$2) -> 489809 | E26: =SUMIFS(נתונים_שטוחים!O24:Z24,נתונים_שטוחים!$O$3:$Z$3,"<="&$F$2) -> 414072.64 | F26: =SUMIFS(נתונים_שטוחים!AA24:AL24,נתונים_שטוחים!$AA$3:$AL$3,"<="&$F$2) -> 358276.36 | G26: =IFERROR(F26/E26-1,"-") -> -0.13474998 | H26: =F26-E26 -> -55796.28 | I26: =IFERROR(INDEX('תקציב '!$A:$AW,MATCH($B26,'תקציב '!$C:$C,0),INDEX(נתונים_שטוחים!$AP$2:$AP$13,$F$2)),"-") -> 499999.97 | J26: =IFERROR(F26/I26-1,"-") -> -0.28344724 | K26: =IFERROR(F26-I26,"-") -> -141723.61 | L26: =IF($F$2<7,"-",IFERROR(INDEX('תקציב '!$A:$AW,MATCH($B26,'תקציב '!$C:$C,0),INDEX(נתונים_שטוחים!$AQ$2:$AQ$13,$F$2)),"-")) -> 457053.13 | M26: =IF($F$2<7,"-",IFERROR(F26/L26-1,"-")) -> -0.2161166 | N26: =IF($F$2<7,"-",IFERROR(F26-L26,"-")) -> -98776.77
A27: 205 | B27: =נתונים_שטוחים!A25 -> HEALTH CARE PROD. GMBH | C27: =נתונים_שטוחים!B25 -> יצוא | D27: =SUMIFS(נתונים_שטוחים!C25:N25,נתונים_שטוחים!$C$3:$N$3,"<="&$F$2) -> 128758.9 | E27: =SUMIFS(נתונים_שטוחים!O25:Z25,נתונים_שטוחים!$O$3:$Z$3,"<="&$F$2) -> 122339 | F27: =SUMIFS(נתונים_שטוחים!AA25:AL25,נתונים_שטוחים!$AA$3:$AL$3,"<="&$F$2) -> 111290.53 | G27: =IFERROR(F27/E27-1,"-") -> -0.090310285 | H27: =F27-E27 -> -11048.47 | I27: =IFERROR(INDEX('תקציב '!$A:$AW,MATCH($B27,'תקציב '!$C:$C,0),INDEX(נתונים_שטוחים!$AP$2:$AP$13,$F$2)),"-") -> 139999.92 | J27: =IFERROR(F27/I27-1,"-") -> -0.20506719 | K27: =IFERROR(F27-I27,"-") -> -28709.39 | L27: =IF($F$2<7,"-",IFERROR(INDEX('תקציב '!$A:$AW,MATCH($B27,'תקציב '!$C:$C,0),INDEX(נתונים_שטוחים!$AQ$2:$AQ$13,$F$2)),"-")) -> 131678.59 | M27: =IF($F$2<7,"-",IFERROR(F27/L27-1,"-")) -> -0.154832 | N27: =IF($F$2<7,"-",IFERROR(F27-L27,"-")) -> -20388.06
A28: 206 | B28: =נתונים_שטוחים!A26 -> ORTHOMED LTD | C28: =נתונים_שטוחים!B26 -> יצוא | D28: =SUMIFS(נתונים_שטוחים!C26:N26,נתונים_שטוחים!$C$3:$N$3,"<="&$F$2) -> 160712.5 | E28: =SUMIFS(נתונים_שטוחים!O26:Z26,נתונים_שטוחים!$O$3:$Z$3,"<="&$F$2) -> 52899.82 | F28: =SUMIFS(נתונים_שטוחים!AA26:AL26,נתונים_שטוחים!$AA$3:$AL$3,"<="&$F$2) -> 0 | G28: =IFERROR(F28/E28-1,"-") -> -1 | H28: =F28-E28 -> -52899.82 | I28: =IFERROR(INDEX('תקציב '!$A:$AW,MATCH($B28,'תקציב '!$C:$C,0),INDEX(נתונים_שטוחים!$AP$2:$AP$13,$F$2)),"-") -> 50000 | J28: =IFERROR(F28/I28-1,"-") -> -1 | K28: =IFERROR(F28-I28,"-") -> -50000 | L28: =IF($F$2<7,"-",IFERROR(INDEX('תקציב '!$A:$AW,MATCH($B28,'תקציב '!$C:$C,0),INDEX(נתונים_שטוחים!$AQ$2:$AQ$13,$F$2)),"-")) -> 0 | M28: =IF($F$2<7,"-",IFERROR(F28/L28-1,"-")) -> - | N28: =IF($F$2<7,"-",IFERROR(F28-L28,"-")) -> 0
A29: 207 | B29: =נתונים_שטוחים!A27 -> SALUS | C29: =נתונים_שטוחים!B27 -> יצוא | D29: =SUMIFS(נתונים_שטוחים!C27:N27,נתונים_שטוחים!$C$3:$N$3,"<="&$F$2) -> 471280.16 | E29: =SUMIFS(נתונים_שטוחים!O27:Z27,נתונים_שטוחים!$O$3:$Z$3,"<="&$F$2) -> 319558.55 | F29: =SUMIFS(נתונים_שטוחים!AA27:AL27,נתונים_שטוחים!$AA$3:$AL$3,"<="&$F$2) -> 365555.25 | G29: =IFERROR(F29/E29-1,"-") -> 0.14393825 | H29: =F29-E29 -> 45996.7 | I29: =IFERROR(INDEX('תקציב '!$A:$AW,MATCH($B29,'תקציב '!$C:$C,0),INDEX(נתונים_שטוחים!$AP$2:$AP$13,$F$2)),"-") -> 450000 | J29: =IFERROR(F29/I29-1,"-") -> -0.187655 | K29: =IFERROR(F29-I29,"-") -> -84444.75 | L29: =IF($F$2<7,"-",IFERROR(INDEX('תקציב '!$A:$AW,MATCH($B29,'תקציב '!$C:$C,0),INDEX(נתונים_שטוחים!$AQ$2:$AQ$13,$F$2)),"-")) -> 524147.47 | M29: =IF($F$2<7,"-",IFERROR(F29/L29-1,"-")) -> -0.30257176 | N29: =IF($F$2<7,"-",IFERROR(F29-L29,"-")) -> -158592.22
A30: 216 | B30: =נתונים_שטוחים!A28 -> MAX KONNARIS LTD | C30: =נתונים_שטוחים!B28 -> יצוא | D30: =SUMIFS(נתונים_שטוחים!C28:N28,נתונים_שטוחים!$C$3:$N$3,"<="&$F$2) -> 162967.91 | E30: =SUMIFS(נתונים_שטוחים!O28:Z28,נתונים_שטוחים!$O$3:$Z$3,"<="&$F$2) -> 86855.65 | F30: =SUMIFS(נתונים_שטוחים!AA28:AL28,נתונים_שטוחים!$AA$3:$AL$3,"<="&$F$2) -> 84503.15 | G30: =IFERROR(F30/E30-1,"-") -> -0.027085169 | H30: =F30-E30 -> -2352.5 | I30: =IFERROR(INDEX('תקציב '!$A:$AW,MATCH($B30,'תקציב '!$C:$C,0),INDEX(נתונים_שטוחים!$AP$2:$AP$13,$F$2)),"-") -> 200000 | J30: =IFERROR(F30/I30-1,"-") -> -0.57748425 | K30: =IFERROR(F30-I30,"-") -> -115496.85 | L30: =IF($F$2<7,"-",IFERROR(INDEX('תקציב '!$A:$AW,MATCH($B30,'תקציב '!$C:$C,0),INDEX(נתונים_שטוחים!$AQ$2:$AQ$13,$F$2)),"-")) -> 100694.01 | M30: =IF($F$2<7,"-",IFERROR(F30/L30-1,"-")) -> -0.16079268 | N30: =IF($F$2<7,"-",IFERROR(F30-L30,"-")) -> -16190.86
A31: 208 | B31: =נתונים_שטוחים!A29 -> MEDIPAL COMPANY | C31: =נתונים_שטוחים!B29 -> יצוא | D31: =SUMIFS(נתונים_שטוחים!C29:N29,נתונים_שטוחים!$C$3:$N$3,"<="&$F$2) -> 370614.64 | E31: =SUMIFS(נתונים_שטוחים!O29:Z29,נתונים_שטוחים!$O$3:$Z$3,"<="&$F$2) -> 256772.1 | F31: =SUMIFS(נתונים_שטוחים!AA29:AL29,נתונים_שטוחים!$AA$3:$AL$3,"<="&$F$2) -> 0 | G31: =IFERROR(F31/E31-1,"-") -> -1 | H31: =F31-E31 -> -256772.1 | I31: =IFERROR(INDEX('תקציב '!$A:$AW,MATCH($B31,'תקציב '!$C:$C,0),INDEX(נתונים_שטוחים!$AP$2:$AP$13,$F$2)),"-") -> 250000 | J31: =IFERROR(F31/I31-1,"-") -> -1 | K31: =IFERROR(F31-I31,"-") -> -250000 | L31: =IF($F$2<7,"-",IFERROR(INDEX('תקציב '!$A:$AW,MATCH($B31,'תקציב '!$C:$C,0),INDEX(נתונים_שטוחים!$AQ$2:$AQ$13,$F$2)),"-")) -> 250000 | M31: =IF($F$2<7,"-",IFERROR(F31/L31-1,"-")) -> -1 | N31: =IF($F$2<7,"-",IFERROR(F31-L31,"-")) -> -250000
A32: 209 | B32: =נתונים_שטוחים!A30 -> ORTOPROFIL PROD. ROMANIA | C32: =נתונים_שטוחים!B30 -> יצוא | D32: =SUMIFS(נתונים_שטוחים!C30:N30,נתונים_שטוחים!$C$3:$N$3,"<="&$F$2) -> 348874.04 | E32: =SUMIFS(נתונים_שטוחים!O30:Z30,נתונים_שטוחים!$O$3:$Z$3,"<="&$F$2) -> 405953.63 | F32: =SUMIFS(נתונים_שטוחים!AA30:AL30,נתונים_שטוחים!$AA$3:$AL$3,"<="&$F$2) -> 300835.11 | G32: =IFERROR(F32/E32-1,"-") -> -0.25894219 | H32: =F32-E32 -> -105118.52 | I32: =IFERROR(INDEX('תקציב '!$A:$AW,MATCH($B32,'תקציב '!$C:$C,0),INDEX(נתונים_שטוחים!$AP$2:$AP$13,$F$2)),"-") -> 450000 | J32: =IFERROR(F32/I32-1,"-") -> -0.33147753 | K32: =IFERROR(F32-I32,"-") -> -149164.89 | L32: =IF($F$2<7,"-",IFERROR(INDEX('תקציב '!$A:$AW,MATCH($B32,'תקציב '!$C:$C,0),INDEX(נתונים_שטוחים!$AQ$2:$AQ$13,$F$2)),"-")) -> 378207.09 | M32: =IF($F$2<7,"-",IFERROR(F32/L32-1,"-")) -> -0.2045757 | N32: =IF($F$2<7,"-",IFERROR(F32-L32,"-")) -> -77371.98
A33: 210 | B33: =נתונים_שטוחים!A31 -> OY. EA. AB. | C33: =נתונים_שטוחים!B31 -> יצוא | D33: =SUMIFS(נתונים_שטוחים!C31:N31,נתונים_שטוחים!$C$3:$N$3,"<="&$F$2) -> 107690.85 | E33: =SUMIFS(נתונים_שטוחים!O31:Z31,נתונים_שטוחים!$O$3:$Z$3,"<="&$F$2) -> 64554.59 | F33: =SUMIFS(נתונים_שטוחים!AA31:AL31,נתונים_שטוחים!$AA$3:$AL$3,"<="&$F$2) -> 43116.44 | G33: =IFERROR(F33/E33-1,"-") -> -0.33209335 | H33: =F33-E33 -> -21438.15 | I33: =IFERROR(INDEX('תקציב '!$A:$AW,MATCH($B33,'תקציב '!$C:$C,0),INDEX(נתונים_שטוחים!$AP$2:$AP$13,$F$2)),"-") -> 70000 | J33: =IFERROR(F33/I33-1,"-") -> -0.38405086 | K33: =IFERROR(F33-I33,"-") -> -26883.56 | L33: =IF($F$2<7,"-",IFERROR(INDEX('תקציב '!$A:$AW,MATCH($B33,'תקציב '!$C:$C,0),INDEX(נתונים_שטוחים!$AQ$2:$AQ$13,$F$2)),"-")) -> 73116.44 | M33: =IF($F$2<7,"-",IFERROR(F33/L33-1,"-")) -> -0.41030444 | N33: =IF($F$2<7,"-",IFERROR(F33-L33,"-")) -> -30000
A34: 201 | B34: =נתונים_שטוחים!A32 -> SEVEN GEAR | C34: =נתונים_שטוחים!B32 -> יצוא | D34: =SUMIFS(נתונים_שטוחים!C32:N32,נתונים_שטוחים!$C$3:$N$3,"<="&$F$2) -> 41028.36 | E34: =SUMIFS(נתונים_שטוחים!O32:Z32,נתונים_שטוחים!$O$3:$Z$3,"<="&$F$2) -> 60908.2 | F34: =SUMIFS(נתונים_שטוחים!AA32:AL32,נתונים_שטוחים!$AA$3:$AL$3,"<="&$F$2) -> 39400.13 | G34: =IFERROR(F34/E34-1,"-") -> -0.35312273 | H34: =F34-E34 -> -21508.07 | I34: =IFERROR(INDEX('תקציב '!$A:$AW,MATCH($B34,'תקציב '!$C:$C,0),INDEX(נתונים_שטוחים!$AP$2:$AP$13,$F$2)),"-") -> 59793 | J34: =IFERROR(F34/I34-1,"-") -> -0.34105782 | K34: =IFERROR(F34-I34,"-") -> -20392.87 | L34: =IF($F$2<7,"-",IFERROR(INDEX('תקציב '!$A:$AW,MATCH($B34,'תקציב '!$C:$C,0),INDEX(נתונים_שטוחים!$AQ$2:$AQ$13,$F$2)),"-")) -> 42809.5 | M34: =IF($F$2<7,"-",IFERROR(F34/L34-1,"-")) -> -0.0796405 | N34: =IF($F$2<7,"-",IFERROR(F34-L34,"-")) -> -3409.37
... A44: 302 | B44: =נתונים_שטוחים!A42 -> MEXICO | C44: =נתונים_שטוחים!B42 -> יצוא | D44: =SUMIFS(נתונים_שטוחים!C42:N42,נתונים_שטוחים!$C$3:$N$3,"<="&$F$2) -> 0 | E44: =SUMIFS(נתונים_שטוחים!O42:Z42,נתונים_שטוחים!$O$3:$Z$3,"<="&$F$2) -> 0 | F44: =SUMIFS(נתונים_שטוחים!AA42:AL42,נתונים_שטוחים!$AA$3:$AL$3,"<="&$F$2) -> 0 | G44: =IFERROR(F44/E44-1,"-") -> - | H44: =F44-E44 -> 0 | I44: =IFERROR(INDEX('תקציב '!$A:$AW,MATCH($B44,'תקציב '!$C:$C,0),INDEX(נתונים_שטוחים!$AP$2:$AP$13,$F$2)),"-") -> - | J44: =IFERROR(F44/I44-1,"-") -> - | K44: =IFERROR(F44-I44,"-") -> - | L44: =IF($F$2<7,"-",IFERROR(INDEX('תקציב '!$A:$AW,MATCH($B44,'תקציב '!$C:$C,0),INDEX(נתונים_שטוחים!$AQ$2:$AQ$13,$F$2)),"-")) -> - | M44: =IF($F$2<7,"-",IFERROR(F44/L44-1,"-")) -> - | N44: =IF($F$2<7,"-",IFERROR(F44-L44,"-")) -> -
B45: סה"כ חו"ל | D45: =SUM(D23:D44) -> 7648509.6 | E45: =SUM(E23:E44) -> 5973375.8 | F45: =SUM(F23:F44) -> 4119875 | G45: =IFERROR(F45/E45-1,"-") -> -0.31029369 | H45: =SUM(H23:H44) -> -1853500.8 | I45: =SUM(I23:I44) -> 9781372.5 | J45: =IFERROR(F45/I45-1,"-") -> -0.578804 | K45: =IFERROR(F45-I45,"-") -> -5661497.5 | L45: =IF($F$2<7,"-",SUMIF(L23:L44,"<>-")) -> 6772380.9 | M45: =IF($F$2<7,"-",IFERROR(F45/L45-1,"-")) -> -0.3916652 | N45: =IF($F$2<7,"-",IFERROR(F45-L45,"-")) -> -2652505.9
B46: סה"כ מכירות | D46: =SUM(D5:D18)+SUM(D20:D21)+SUM(D23:D44) -> 25012792 | E46: =SUM(E5:E18)+SUM(E20:E21)+SUM(E23:E44) -> 24119651 | F46: =SUM(F5:F18)+SUM(F20:F21)+SUM(F23:F44) -> 19647883 | G46: =IFERROR(F46/E46-1,"-") -> -0.18539937 | H46: =SUM(H5:H18)+SUM(H20:H21)+SUM(H23:H44) -> -4471768 | I46: =SUM(I5:I18)+SUM(I20:I21)+SUM(I23:I44) -> 41241479 | J46: =IFERROR(F46/I46-1,"-") -> -0.52358927 | K46: =IFERROR(F46-I46,"-") -> -21593596 | L46: =IF($F$2<7,"-",SUMIF(L5:L18,"<>-")+SUMIF(L20:L21,"<>-")+SUMIF(L23:L44,"<>-")) -> 31924454 | M46: =IF($F$2<7,"-",IFERROR(F46/L46-1,"-")) -> -0.38455069 | N46: =IF($F$2<7,"-",IFERROR(F46-L46,"-")) -> -12276571
B47: אחוז מכירות חו"ל מסה"כ מכירות | D47: =D45/D46 -> 0.30578392 | E47: =E45/E46 -> 0.24765598 | F47: =F45/F46 -> 0.20968544

Sheet רבעונים
A1: ביצוע מצטבר לפי רבעונים
B2: בחר רבעון: | D2: Q4 | E2: (מספר רבעון:) | F2: =VALUE(MID($D$2,2,1)) -> 4 | G2: תאריך חישוב: | H2: 46296
A4: מספר | B4: קטגוריה | C4: קבוצה | D4: 2024 (רבעון) | E4: 2025 (רבעון) | F4: 2026 (רבעון) | G4: % מול 2025 | H4: ₪ מול 2025 | I4: תקציב (רבעון) | J4: % מול תקציב | K4: ₪ מול תקציב | L4: מטרה (רבעון) | M4: % מול מטרה | N4: ₪ מול מטרה
A5: 111 | B5: =נתונים_שטוחים!A5 -> סופר פארם לייף | C5: =נתונים_שטוחים!B5 -> ישראל | D5: =SUMIFS(נתונים_שטוחים!C5:N5,נתונים_שטוחים!$C$4:$N$4,$F$2) -> 501891.94 | E5: =SUMIFS(נתונים_שטוחים!O5:Z5,נתונים_שטוחים!$O$4:$Z$4,$F$2) -> 397235.16 | F5: =SUMIFS(נתונים_שטוחים!AA5:AL5,נתונים_שטוחים!$AA$4:$AL$4,$F$2) -> 0 | G5: =IFERROR(F5/E5-1,"-") -> -1 | H5: =F5-E5 -> -397235.16 | I5: =IFERROR(INDEX('תקציב '!$A:$P,MATCH($B5,'תקציב '!$C:$C,0),5+3*($F$2-1))+INDEX('תקציב '!$A:$P,MATCH($B5,'תקציב '!$C:$C,0),6+3*($F$2-1))+INDEX('תקציב '!$A:$P,MATCH($B5,'תקציב '!$C:$C,0),7+3*($F$2-1)),"-") -> 705238.1 | J5: =IFERROR(F5/I5-1,"-") -> -1 | K5: =IFERROR(F5-I5,"-") -> -705238.1 | L5: =IF($F$2<3,"-",IFERROR(INDEX('תקציב '!$A:$AN,MATCH($B5,'תקציב '!$C:$C,0),35+3*($F$2-3))+INDEX('תקציב '!$A:$AN,MATCH($B5,'תקציב '!$C:$C,0),36+3*($F$2-3))+INDEX('תקציב '!$A:$AN,MATCH($B5,'תקציב '!$C:$C,0),37+3*($F$2-3)),"-")) -> 600000 | M5: =IF($F$2<3,"-",IFERROR(F5/L5-1,"-")) -> -1 | N5: =IF($F$2<3,"-",IFERROR(F5-L5,"-")) -> -600000
A6: 1 | B6: =נתונים_שטוחים!A6 -> סופרפארם | C6: =נתונים_שטוחים!B6 -> ישראל | D6: =SUMIFS(נתונים_שטוחים!C6:N6,נתונים_שטוחים!$C$4:$N$4,$F$2) -> 1256467.8 | E6: =SUMIFS(נתונים_שטוחים!O6:Z6,נתונים_שטוחים!$O$4:$Z$4,$F$2) -> 1377947.5 | F6: =SUMIFS(נתונים_שטוחים!AA6:AL6,נתונים_שטוחים!$AA$4:$AL$4,$F$2) -> 57325.268 | G6: =IFERROR(F6/E6-1,"-") -> -0.95839807 | H6: =F6-E6 -> -1320622.2 | I6: =IFERROR(INDEX('תקציב '!$A:$P,MATCH($B6,'תקציב '!$C:$C,0),5+3*($F$2-1))+INDEX('תקציב '!$A:$P,MATCH($B6,'תקציב '!$C:$C,0),6+3*($F$2-1))+INDEX('תקציב '!$A:$P,MATCH($B6,'תקציב '!$C:$C,0),7+3*($F$2-1)),"-") -> 1720095.2 | J6: =IFERROR(F6/I6-1,"-") -> -0.9666732 | K6: =IFERROR(F6-I6,"-") -> -1662770 | L6: =IF($F$2<3,"-",IFERROR(INDEX('תקציב '!$A:$AN,MATCH($B6,'תקציב '!$C:$C,0),35+3*($F$2-3))+INDEX('תקציב '!$A:$AN,MATCH($B6,'תקציב '!$C:$C,0),36+3*($F$2-3))+INDEX('תקציב '!$A:$AN,MATCH($B6,'תקציב '!$C:$C,0),37+3*($F$2-3)),"-")) -> 1650000 | M6: =IF($F$2<3,"-",IFERROR(F6/L6-1,"-")) -> -0.96525741 | N6: =IF($F$2<3,"-",IFERROR(F6-L6,"-")) -> -1592674.7
A7: 2 | B7: =נתונים_שטוחים!A7 -> BE | C7: =נתונים_שטוחים!B7 -> ישראל | D7: =SUMIFS(נתונים_שטוחים!C7:N7,נתונים_שטוחים!$C$4:$N$4,$F$2) -> 249549.94 | E7: =SUMIFS(נתונים_שטוחים!O7:Z7,נתונים_שטוחים!$O$4:$Z$4,$F$2) -> 208571.09 | F7: =SUMIFS(נתונים_שטוחים!AA7:AL7,נתונים_שטוחים!$AA$4:$AL$4,$F$2) -> 12263.342 | G7: =IFERROR(F7/E7-1,"-") -> -0.94120306 | H7: =F7-E7 -> -196307.75 | I7: =IFERROR(INDEX('תקציב '!$A:$P,MATCH($B7,'תקציב '!$C:$C,0),5+3*($F$2-1))+INDEX('תקציב '!$A:$P,MATCH($B7,'תקציב '!$C:$C,0),6+3*($F$2-1))+INDEX('תקציב '!$A:$P,MATCH($B7,'תקציב '!$C:$C,0),7+3*($F$2-1)),"-") -> 235714.29 | J7: =IFERROR(F7/I7-1,"-") -> -0.9479737 | K7: =IFERROR(F7-I7,"-") -> -223450.94 | L7: =IF($F$2<3,"-",IFERROR(INDEX('תקציב '!$A:$AN,MATCH($B7,'תקציב '!$C:$C,0),35+3*($F$2-3))+INDEX('תקציב '!$A:$AN,MATCH($B7,'תקציב '!$C:$C,0),36+3*($F$2-3))+INDEX('תקציב '!$A:$AN,MATCH($B7,'תקציב '!$C:$C,0),37+3*($F$2-3)),"-")) -> 300000 | M7: =IF($F$2<3,"-",IFERROR(F7/L7-1,"-")) -> -0.95912219 | N7: =IF($F$2<3,"-",IFERROR(F7-L7,"-")) -> -287736.66
A8: 3 | B8: =נתונים_שטוחים!A8 -> בתי מרקחת | C8: =נתונים_שטוחים!B8 -> ישראל | D8: =SUMIFS(נתונים_שטוחים!C8:N8,נתונים_שטוחים!$C$4:$N$4,$F$2) -> 423029.49 | E8: =SUMIFS(נתונים_שטוחים!O8:Z8,נתונים_שטוחים!$O$4:$Z$4,$F$2) -> 462437.99 | F8: =SUMIFS(נתונים_שטוחים!AA8:AL8,נתונים_שטוחים!$AA$4:$AL$4,$F$2) -> 27439.028 | G8: =IFERROR(F8/E8-1,"-") -> -0.94066442 | H8: =F8-E8 -> -434998.96 | I8: =IFERROR(INDEX('תקציב '!$A:$P,MATCH($B8,'תקציב '!$C:$C,0),5+3*($F$2-1))+INDEX('תקציב '!$A:$P,MATCH($B8,'תקציב '!$C:$C,0),6+3*($F$2-1))+INDEX('תקציב '!$A:$P,MATCH($B8,'תקציב '!$C:$C,0),7+3*($F$2-1)),"-") -> 506619.05 | J8: =IFERROR(F8/I8-1,"-") -> -0.94583893 | K8: =IFERROR(F8-I8,"-") -> -479180.02 | L8: =IF($F$2<3,"-",IFERROR(INDEX('תקציב '!$A:$AN,MATCH($B8,'תקציב '!$C:$C,0),35+3*($F$2-3))+INDEX('תקציב '!$A:$AN,MATCH($B8,'תקציב '!$C:$C,0),36+3*($F$2-3))+INDEX('תקציב '!$A:$AN,MATCH($B8,'תקציב '!$C:$C,0),37+3*($F$2-3)),"-")) -> 600000 | M8: =IF($F$2<3,"-",IFERROR(F8/L8-1,"-")) -> -0.95426829 | N8: =IF($F$2<3,"-",IFERROR(F8-L8,"-")) -> -572560.97
A9: 112 | B9: =נתונים_שטוחים!A9 -> כללית | C9: =נתונים_שטוחים!B9 -> ישראל | D9: =SUMIFS(נתונים_שטוחים!C9:N9,נתונים_שטוחים!$C$4:$N$4,$F$2) -> 988830.3 | E9: =SUMIFS(נתונים_שטוחים!O9:Z9,נתונים_שטוחים!$O$4:$Z$4,$F$2) -> 860724.67 | F9: =SUMIFS(נתונים_שטוחים!AA9:AL9,נתונים_שטוחים!$AA$4:$AL$4,$F$2) -> 65849.9 | G9: =IFERROR(F9/E9-1,"-") -> -0.92349482 | H9: =F9-E9 -> -794874.77 | I9: =IFERROR(INDEX('תקציב '!$A:$P,MATCH($B9,'תקציב '!$C:$C,0),5+3*($F$2-1))+INDEX('תקציב '!$A:$P,MATCH($B9,'תקציב '!$C:$C,0),6+3*($F$2-1))+INDEX('תקציב '!$A:$P,MATCH($B9,'תקציב '!$C:$C,0),7+3*($F$2-1)),"-") -> 1096000 | J9: =IFERROR(F9/I9-1,"-") -> -0.93991797 | K9: =IFERROR(F9-I9,"-") -> -1030150.1 | L9: =IF($F$2<3,"-",IFERROR(INDEX('תקציב '!$A:$AN,MATCH($B9,'תקציב '!$C:$C,0),35+3*($F$2-3))+INDEX('תקציב '!$A:$AN,MATCH($B9,'תקציב '!$C:$C,0),36+3*($F$2-3))+INDEX('תקציב '!$A:$AN,MATCH($B9,'תקציב '!$C:$C,0),37+3*($F$2-3)),"-")) -> 990000 | M9: =IF($F$2<3,"-",IFERROR(F9/L9-1,"-")) -> -0.93348495 | N9: =IF($F$2<3,"-",IFERROR(F9-L9,"-")) -> -924150.1
A10: 113 | B10: =נתונים_שטוחים!A10 -> מאוחדת | C10: =נתונים_שטוחים!B10 -> ישראל | D10: =SUMIFS(נתונים_שטוחים!C10:N10,נתונים_שטוחים!$C$4:$N$4,$F$2) -> 175743.18 | E10: =SUMIFS(נתונים_שטוחים!O10:Z10,נתונים_שטוחים!$O$4:$Z$4,$F$2) -> 198828.06 | F10: =SUMIFS(נתונים_שטוחים!AA10:AL10,נתונים_שטוחים!$AA$4:$AL$4,$F$2) -> 8841.378 | G10: =IFERROR(F10/E10-1,"-") -> -0.95553254 | H10: =F10-E10 -> -189986.68 | I10: =IFERROR(INDEX('תקציב '!$A:$P,MATCH($B10,'תקציב '!$C:$C,0),5+3*($F$2-1))+INDEX('תקציב '!$A:$P,MATCH($B10,'תקציב '!$C:$C,0),6+3*($F$2-1))+INDEX('תקציב '!$A:$P,MATCH($B10,'תקציב '!$C:$C,0),7+3*($F$2-1)),"-") -> 301904.76 | J10: =IFERROR(F10/I10-1,"-") -> -0.97071468 | K10: =IFERROR(F10-I10,"-") -> -293063.38 | L10: =IF($F$2<3,"-",IFERROR(INDEX('תקציב '!$A:$AN,MATCH($B10,'תקציב '!$C:$C,0),35+3*($F$2-3))+INDEX('תקציב '!$A:$AN,MATCH($B10,'תקציב '!$C:$C,0),36+3*($F$2-3))+INDEX('תקציב '!$A:$AN,MATCH($B10,'תקציב '!$C:$C,0),37+3*($F$2-3)),"-")) -> 300000 | M10: =IF($F$2<3,"-",IFERROR(F10/L10-1,"-")) -> -0.97052874 | N10: =IF($F$2<3,"-",IFERROR(F10-L10,"-")) -> -291158.62
A11: 4 | B11: =נתונים_שטוחים!A11 -> מכבי | C11: =נתונים_שטוחים!B11 -> ישראל | D11: =SUMIFS(נתונים_שטוחים!C11:N11,נתונים_שטוחים!$C$4:$N$4,$F$2) -> 0 | E11: =SUMIFS(נתונים_שטוחים!O11:Z11,נתונים_שטוחים!$O$4:$Z$4,$F$2) -> 0 | F11: =SUMIFS(נתונים_שטוחים!AA11:AL11,נתונים_שטוחים!$AA$4:$AL$4,$F$2) -> 0 | G11: =IFERROR(F11/E11-1,"-") -> - | H11: =F11-E11 -> 0 | I11: =IFERROR(INDEX('תקציב '!$A:$P,MATCH($B11,'תקציב '!$C:$C,0),5+3*($F$2-1))+INDEX('תקציב '!$A:$P,MATCH($B11,'תקציב '!$C:$C,0),6+3*($F$2-1))+INDEX('תקציב '!$A:$P,MATCH($B11,'תקציב '!$C:$C,0),7+3*($F$2-1)),"-") -> - | J11: =IFERROR(F11/I11-1,"-") -> - | K11: =IFERROR(F11-I11,"-") -> - | L11: =IF($F$2<3,"-",IFERROR(INDEX('תקציב '!$A:$AN,MATCH($B11,'תקציב '!$C:$C,0),35+3*($F$2-3))+INDEX('תקציב '!$A:$AN,MATCH($B11,'תקציב '!$C:$C,0),36+3*($F$2-3))+INDEX('תקציב '!$A:$AN,MATCH($B11,'תקציב '!$C:$C,0),37+3*($F$2-3)),"-")) -> - | M11: =IF($F$2<3,"-",IFERROR(F11/L11-1,"-")) -> - | N11: =IF($F$2<3,"-",IFERROR(F11-L11,"-")) -> -
A12: 102 | B12: =נתונים_שטוחים!A12 -> מכוני אורטופדיה | C12: =נתונים_שטוחים!B12 -> ישראל | D12: =SUMIFS(נתונים_שטוחים!C12:N12,נתונים_שטוחים!$C$4:$N$4,$F$2) -> 184800.08 | E12: =SUMIFS(נתונים_שטוחים!O12:Z12,נתונים_שטוחים!$O$4:$Z$4,$F$2) -> 223581.68 | F12: =SUMIFS(נתונים_שטוחים!AA12:AL12,נתונים_שטוחים!$AA$4:$AL$4,$F$2) -> 12737.86 | G12: =IFERROR(F12/E12-1,"-") -> -0.94302816 | H12: =F12-E12 -> -210843.82 | I12: =IFERROR(INDEX('תקציב '!$A:$P,MATCH($B12,'תקציב '!$C:$C,0),5+3*($F$2-1))+INDEX('תקציב '!$A:$P,MATCH($B12,'תקציב '!$C:$C,0),6+3*($F$2-1))+INDEX('תקציב '!$A:$P,MATCH($B12,'תקציב '!$C:$C,0),7+3*($F$2-1)),"-") -> 528261.9 | J12: =IFERROR(F12/I12-1,"-") -> -0.97588723 | K12: =IFERROR(F12-I12,"-") -> -515524.04 | L12: =IF($F$2<3,"-",IFERROR(INDEX('תקציב '!$A:$AN,MATCH($B12,'תקציב '!$C:$C,0),35+3*($F$2-3))+INDEX('תקציב '!$A:$AN,MATCH($B12,'תקציב '!$C:$C,0),36+3*($F$2-3))+INDEX('תקציב '!$A:$AN,MATCH($B12,'תקציב '!$C:$C,0),37+3*($F$2-3)),"-")) -> 300000 | M12: =IF($F$2<3,"-",IFERROR(F12/L12-1,"-")) -> -0.95754047 | N12: =IF($F$2<3,"-",IFERROR(F12-L12,"-")) -> -287262.14
A13: 101 | B13: =נתונים_שטוחים!A13 -> לקוחות מפעל | C13: =נתונים_שטוחים!B13 -> ישראל | D13: =SUMIFS(נתונים_שטוחים!C13:N13,נתונים_שטוחים!$C$4:$N$4,$F$2) -> 38609.45 | E13: =SUMIFS(נתונים_שטוחים!O13:Z13,נתונים_שטוחים!$O$4:$Z$4,$F$2) -> 48810.03 | F13: =SUMIFS(נתונים_שטוחים!AA13:AL13,נתונים_שטוחים!$AA$4:$AL$4,$F$2) -> 7706.35 | G13: =IFERROR(F13/E13-1,"-") -> -0.84211544 | H13: =F13-E13 -> -41103.68 | I13: =IFERROR(INDEX('תקציב '!$A:$P,MATCH($B13,'תקציב '!$C:$C,0),5+3*($F$2-1))+INDEX('תקציב '!$A:$P,MATCH($B13,'תקציב '!$C:$C,0),6+3*($F$2-1))+INDEX('תקציב '!$A:$P,MATCH($B13,'תקציב '!$C:$C,0),7+3*($F$2-1)),"-") -> 49761.905 | J13: =IFERROR(F13/I13-1,"-") -> -0.84513555 | K13: =IFERROR(F13-I13,"-") -> -42055.555 | L13: =IF($F$2<3,"-",IFERROR(INDEX('תקציב '!$A:$AN,MATCH($B13,'תקציב '!$C:$C,0),35+3*($F$2-3))+INDEX('תקציב '!$A:$AN,MATCH($B13,'תקציב '!$C:$C,0),36+3*($F$2-3))+INDEX('תקציב '!$A:$AN,MATCH($B13,'תקציב '!$C:$C,0),37+3*($F$2-3)),"-")) -> 45000 | M13: =IF($F$2<3,"-",IFERROR(F13/L13-1,"-")) -> -0.82874778 | N13: =IF($F$2<3,"-",IFERROR(F13-L13,"-")) -> -37293.65
A14: 109 | B14: =נתונים_שטוחים!A14 -> חנויות פרטיות | C14: =נתונים_שטוחים!B14 -> ישראל | D14: =SUMIFS(נתונים_שטוחים!C14:N14,נתונים_שטוחים!$C$4:$N$4,$F$2) -> 39179.29 | E14: =SUMIFS(נתונים_שטוחים!O14:Z14,נתונים_שטוחים!$O$4:$Z$4,$F$2) -> 11043.34 | F14: =SUMIFS(נתונים_שטוחים!AA14:AL14,נתונים_שטוחים!$AA$4:$AL$4,$F$2) -> 2342.42 | G14: =IFERROR(F14/E14-1,"-") -> -0.78788845 | H14: =F14-E14 -> -8700.92 | I14: =IFERROR(INDEX('תקציב '!$A:$P,MATCH($B14,'תקציב '!$C:$C,0),5+3*($F$2-1))+INDEX('תקציב '!$A:$P,MATCH($B14,'תקציב '!$C:$C,0),6+3*($F$2-1))+INDEX('תקציב '!$A:$P,MATCH($B14,'תקציב '!$C:$C,0),7+3*($F$2-1)),"-") -> 27190.476 | J14: =IFERROR(F14/I14-1,"-") -> -0.91385145 | K14: =IFERROR(F14-I14,"-") -> -24848.056 | L14: =IF($F$2<3,"-",IFERROR(INDEX('תקציב '!$A:$AN,MATCH($B14,'תקציב '!$C:$C,0),35+3*($F$2-3))+INDEX('תקציב '!$A:$AN,MATCH($B14,'תקציב '!$C:$C,0),36+3*($F$2-3))+INDEX('תקציב '!$A:$AN,MATCH($B14,'תקציב '!$C:$C,0),37+3*($F$2-3)),"-")) -> 30000 | M14: =IF($F$2<3,"-",IFERROR(F14/L14-1,"-")) -> -0.92191933 | N14: =IF($F$2<3,"-",IFERROR(F14-L14,"-")) -> -27657.58
A15: 105 | B15: =נתונים_שטוחים!A15 -> מכוני פדיקור | C15: =נתונים_שטוחים!B15 -> ישראל | D15: =SUMIFS(נתונים_שטוחים!C15:N15,נתונים_שטוחים!$C$4:$N$4,$F$2) -> 850.4 | E15: =SUMIFS(נתונים_שטוחים!O15:Z15,נתונים_שטוחים!$O$4:$Z$4,$F$2) -> 1168.54 | F15: =SUMIFS(נתונים_שטוחים!AA15:AL15,נתונים_שטוחים!$AA$4:$AL$4,$F$2) -> 0 | G15: =IFERROR(F15/E15-1,"-") -> -1 | H15: =F15-E15 -> -1168.54 | I15: =IFERROR(INDEX('תקציב '!$A:$P,MATCH($B15,'תקציב '!$C:$C,0),5+3*($F$2-1))+INDEX('תקציב '!$A:$P,MATCH($B15,'תקציב '!$C:$C,0),6+3*($F$2-1))+INDEX('תקציב '!$A:$P,MATCH($B15,'תקציב '!$C:$C,0),7+3*($F$2-1)),"-") -> 0 | J15: =IFERROR(F15/I15-1,"-") -> - | K15: =IFERROR(F15-I15,"-") -> 0 | L15: =IF($F$2<3,"-",IFERROR(INDEX('תקציב '!$A:$AN,MATCH($B15,'תקציב '!$C:$C,0),35+3*($F$2-3))+INDEX('תקציב '!$A:$AN,MATCH($B15,'תקציב '!$C:$C,0),36+3*($F$2-3))+INDEX('תקציב '!$A:$AN,MATCH($B15,'תקציב '!$C:$C,0),37+3*($F$2-3)),"-")) -> 15000 | M15: =IF($F$2<3,"-",IFERROR(F15/L15-1,"-")) -> -1 | N15: =IF($F$2<3,"-",IFERROR(F15-L15,"-")) -> -15000
A16: 104 | B16: =נתונים_שטוחים!A16 -> חנויות נעליים | C16: =נתונים_שטוחים!B16 -> ישראל | D16: =SUMIFS(נתונים_שטוחים!C16:N16,נתונים_שטוחים!$C$4:$N$4,$F$2) -> -14.28 | E16: =SUMIFS(נתונים_שטוחים!O16:Z16,נתונים_שטוחים!$O$4:$Z$4,$F$2) -> 514.2 | F16: =SUMIFS(נתונים_שטוחים!AA16:AL16,נתונים_שטוחים!$AA$4:$AL$4,$F$2) -> 0 | G16: =IFERROR(F16/E16-1,"-") -> -1 | H16: =F16-E16 -> -514.2 | I16: =IFERROR(INDEX('תקציב '!$A:$P,MATCH($B16,'תקציב '!$C:$C,0),5+3*($F$2-1))+INDEX('תקציב '!$A:$P,MATCH($B16,'תקציב '!$C:$C,0),6+3*($F$2-1))+INDEX('תקציב '!$A:$P,MATCH($B16,'תקציב '!$C:$C,0),7+3*($F$2-1)),"-") -> 12500 | J16: =IFERROR(F16/I16-1,"-") -> -1 | K16: =IFERROR(F16-I16,"-") -> -12500 | L16: =IF($F$2<3,"-",IFERROR(INDEX('תקציב '!$A:$AN,MATCH($B16,'תקציב '!$C:$C,0),35+3*($F$2-3))+INDEX('תקציב '!$A:$AN,MATCH($B16,'תקציב '!$C:$C,0),36+3*($F$2-3))+INDEX('תקציב '!$A:$AN,MATCH($B16,'תקציב '!$C:$C,0),37+3*($F$2-3)),"-")) -> 15000 | M16: =IF($F$2<3,"-",IFERROR(F16/L16-1,"-")) -> -1 | N16: =IF($F$2<3,"-",IFERROR(F16-L16,"-")) -> -15000
... A18: 103 | B18: =נתונים_שטוחים!A18 -> מכוני פיזיותרפיה | C18: =נתונים_שטוחים!B18 -> ישראל | D18: =SUMIFS(נתונים_שטוחים!C18:N18,נתונים_שטוחים!$C$4:$N$4,$F$2) -> 11626.65 | E18: =SUMIFS(נתונים_שטוחים!O18:Z18,נתונים_שטוחים!$O$4:$Z$4,$F$2) -> 17330.93 | F18: =SUMIFS(נתונים_שטוחים!AA18:AL18,נתונים_שטוחים!$AA$4:$AL$4,$F$2) -> 0 | G18: =IFERROR(F18/E18-1,"-") -> -1 | H18: =F18-E18 -> -17330.93 | I18: =IFERROR(INDEX('תקציב '!$A:$P,MATCH($B18,'תקציב '!$C:$C,0),5+3*($F$2-1))+INDEX('תקציב '!$A:$P,MATCH($B18,'תקציב '!$C:$C,0),6+3*($F$2-1))+INDEX('תקציב '!$A:$P,MATCH($B18,'תקציב '!$C:$C,0),7+3*($F$2-1)),"-") -> 52380.952 | J18: =IFERROR(F18/I18-1,"-") -> -1 | K18: =IFERROR(F18-I18,"-") -> -52380.952 | L18: =IF($F$2<3,"-",IFERROR(INDEX('תקציב '!$A:$AN,MATCH($B18,'תקציב '!$C:$C,0),35+3*($F$2-3))+INDEX('תקציב '!$A:$AN,MATCH($B18,'תקציב '!$C:$C,0),36+3*($F$2-3))+INDEX('תקציב '!$A:$AN,MATCH($B18,'תקציב '!$C:$C,0),37+3*($F$2-3)),"-")) -> 75000 | M18: =IF($F$2<3,"-",IFERROR(F18/L18-1,"-")) -> -1 | N18: =IF($F$2<3,"-",IFERROR(F18-L18,"-")) -> -75000
B19: סה"כ ישראל ללא אונליין | D19: =SUM(D5:D18) -> 3874286.9 | E19: =SUM(E5:E18) -> 3810006.7 | F19: =SUM(F5:F18) -> 194505.56 | G19: =IFERROR(F19/E19-1,"-") -> -0.94894876 | H19: =SUM(H5:H18) -> -3615501.2 | I19: =SUM(I5:I18) -> 5335666.7 | J19: =IFERROR(F19/I19-1,"-") -> -0.96354616 | K19: =SUM(K5:K18) -> -5141161.1 | L19: =IF($F$2<3,"-",SUM(L5:L18)) -> 4935000 | M19: =IF($F$2<3,"-",IFERROR(F19/L19-1,"-")) -> -0.96058651 | N19: =IF($F$2<3,"-",SUM(N5:N18)) -> -4740494.4
A20: 114 | B20: =נתונים_שטוחים!A19 -> לקוחות אינטרנט | C20: =נתונים_שטוחים!B19 -> ישראל | D20: =SUMIFS(נתונים_שטוחים!C19:N19,נתונים_שטוחים!$C$4:$N$4,$F$2) -> 253937.59 | E20: =SUMIFS(נתונים_שטוחים!O19:Z19,נתונים_שטוחים!$O$4:$Z$4,$F$2) -> 599115.08 | F20: =SUMIFS(נתונים_שטוחים!AA19:AL19,נתונים_שטוחים!$AA$4:$AL$4,$F$2) -> 60416.76 | G20: =IFERROR(F20/E20-1,"-") -> -0.89915667 | H20: =F20-E20 -> -538698.32 | I20: =IFERROR(INDEX('תקציב '!$A:$P,MATCH($B20,'תקציב '!$C:$C,0),5+3*($F$2-1))+INDEX('תקציב '!$A:$P,MATCH($B20,'תקציב '!$C:$C,0),6+3*($F$2-1))+INDEX('תקציב '!$A:$P,MATCH($B20,'תקציב '!$C:$C,0),7+3*($F$2-1)),"-") -> 4474216.1 | J20: =IFERROR(F20/I20-1,"-") -> -0.98649668 | K20: =IFERROR(F20-I20,"-") -> -4413799.3 | L20: =IF($F$2<3,"-",IFERROR(INDEX('תקציב '!$A:$AN,MATCH($B20,'תקציב '!$C:$C,0),35+3*($F$2-3))+INDEX('תקציב '!$A:$AN,MATCH($B20,'תקציב '!$C:$C,0),36+3*($F$2-3))+INDEX('תקציב '!$A:$AN,MATCH($B20,'תקציב '!$C:$C,0),37+3*($F$2-3)),"-")) -> 3472878 | M20: =IF($F$2<3,"-",IFERROR(F20/L20-1,"-")) -> -0.98260326 | N20: =IF($F$2<3,"-",IFERROR(F20-L20,"-")) -> -3412461.2
A21: 115 | B21: =נתונים_שטוחים!A20 -> סופר פארם מרקט פלייס | C21: =נתונים_שטוחים!B20 -> ישראל | D21: =SUMIFS(נתונים_שטוחים!C20:N20,נתונים_שטוחים!$C$4:$N$4,$F$2) -> 10454.96 | E21: =SUMIFS(נתונים_שטוחים!O20:Z20,נתונים_שטוחים!$O$4:$Z$4,$F$2) -> 4382.6 | F21: =SUMIFS(נתונים_שטוחים!AA20:AL20,נתונים_שטוחים!$AA$4:$AL$4,$F$2) -> 342.2 | G21: =IFERROR(F21/E21-1,"-") -> -0.9219185 | H21: =F21-E21 -> -4040.4 | I21: =IFERROR(INDEX('תקציב '!$A:$P,MATCH($B21,'תקציב '!$C:$C,0),5+3*($F$2-1))+INDEX('תקציב '!$A:$P,MATCH($B21,'תקציב '!$C:$C,0),6+3*($F$2-1))+INDEX('תקציב '!$A:$P,MATCH($B21,'תקציב '!$C:$C,0),7+3*($F$2-1)),"-") -> 7610.785 | J21: =IFERROR(F21/I21-1,"-") -> -0.95503749 | K21: =IFERROR(F21-I21,"-") -> -7268.585 | L21: =IF($F$2<3,"-",IFERROR(INDEX('תקציב '!$A:$AN,MATCH($B21,'תקציב '!$C:$C,0),35+3*($F$2-3))+INDEX('תקציב '!$A:$AN,MATCH($B21,'תקציב '!$C:$C,0),36+3*($F$2-3))+INDEX('תקציב '!$A:$AN,MATCH($B21,'תקציב '!$C:$C,0),37+3*($F$2-3)),"-")) -> 15000 | M21: =IF($F$2<3,"-",IFERROR(F21/L21-1,"-")) -> -0.97718667 | N21: =IF($F$2<3,"-",IFERROR(F21-L21,"-")) -> -14657.8
B22: סה"כ ישראל | D22: =SUM(D5:D18)+SUM(D20:D21) -> 4138679.5 | E22: =SUM(E5:E18)+SUM(E20:E21) -> 4413504.4 | F22: =SUM(F5:F18)+SUM(F20:F21) -> 255264.52 | G22: =IFERROR(F22/E22-1,"-") -> -0.94216285 | H22: =SUM(H5:H18)+SUM(H20:H21) -> -4158239.9 | I22: =SUM(I5:I18)+SUM(I20:I21) -> 9817493.6 | J22: =IFERROR(F22/I22-1,"-") -> -0.97399901 | K22: =SUM(K5:K18)+SUM(K20:K21) -> -9562229 | L22: =IF($F$2<3,"-",SUM(L5:L18)+SUM(L20:L21)) -> 8422878 | M22: =IF($F$2<3,"-",IFERROR(F22/L22-1,"-")) -> -0.96969391 | N22: =IF($F$2<3,"-",SUM(N5:N18)+SUM(N20:N21)) -> -8167613.5
A23: 301 | B23: =נתונים_שטוחים!A21 -> AMAZON | C23: =נתונים_שטוחים!B21 -> יצוא | D23: =SUMIFS(נתונים_שטוחים!C21:N21,נתונים_שטוחים!$C$4:$N$4,$F$2) -> 594913.85 | E23: =SUMIFS(נתונים_שטוחים!O21:Z21,נתונים_שטוחים!$O$4:$Z$4,$F$2) -> 676973.71 | F23: =SUMIFS(נתונים_שטוחים!AA21:AL21,נתונים_שטוחים!$AA$4:$AL$4,$F$2) -> 45504.03 | G23: =IFERROR(F23/E23-1,"-") -> -0.93278317 | H23: =F23-E23 -> -631469.68 | I23: =IFERROR(INDEX('תקציב '!$A:$P,MATCH($B23,'תקציב '!$C:$C,0),5+3*($F$2-1))+INDEX('תקציב '!$A:$P,MATCH($B23,'תקציב '!$C:$C,0),6+3*($F$2-1))+INDEX('תקציב '!$A:$P,MATCH($B23,'תקציב '!$C:$C,0),7+3*($F$2-1)),"-") -> 1244673.1 | J23: =IFERROR(F23/I23-1,"-") -> -0.96344098 | K23: =IFERROR(F23-I23,"-") -> -1199169.1 | L23: =IF($F$2<3,"-",IFERROR(INDEX('תקציב '!$A:$AN,MATCH($B23,'תקציב '!$C:$C,0),35+3*($F$2-3))+INDEX('תקציב '!$A:$AN,MATCH($B23,'תקציב '!$C:$C,0),36+3*($F$2-3))+INDEX('תקציב '!$A:$AN,MATCH($B23,'תקציב '!$C:$C,0),37+3*($F$2-3)),"-")) -> 945572.1 | M23: =IF($F$2<3,"-",IFERROR(F23/L23-1,"-")) -> -0.95187672 | N23: =IF($F$2<3,"-",IFERROR(F23-L23,"-")) -> -900068.07
A24: 202 | B24: =נתונים_שטוחים!A22 -> SUPER PHARM POLAND | C24: =נתונים_שטוחים!B22 -> יצוא | D24: =SUMIFS(נתונים_שטוחים!C22:N22,נתונים_שטוחים!$C$4:$N$4,$F$2) -> 137974.18 | E24: =SUMIFS(נתונים_שטוחים!O22:Z22,נתונים_שטוחים!$O$4:$Z$4,$F$2) -> 284867.18 | F24: =SUMIFS(נתונים_שטוחים!AA22:AL22,נתונים_שטוחים!$AA$4:$AL$4,$F$2) -> 0 | G24: =IFERROR(F24/E24-1,"-") -> -1 | H24: =F24-E24 -> -284867.18 | I24: =IFERROR(INDEX('תקציב '!$A:$P,MATCH($B24,'תקציב '!$C:$C,0),5+3*($F$2-1))+INDEX('תקציב '!$A:$P,MATCH($B24,'תקציב '!$C:$C,0),6+3*($F$2-1))+INDEX('תקציב '!$A:$P,MATCH($B24,'תקציב '!$C:$C,0),7+3*($F$2-1)),"-") -> 303800 | J24: =IFERROR(F24/I24-1,"-") -> -1 | K24: =IFERROR(F24-I24,"-") -> -303800 | L24: =IF($F$2<3,"-",IFERROR(INDEX('תקציב '!$A:$AN,MATCH($B24,'תקציב '!$C:$C,0),35+3*($F$2-3))+INDEX('תקציב '!$A:$AN,MATCH($B24,'תקציב '!$C:$C,0),36+3*($F$2-3))+INDEX('תקציב '!$A:$AN,MATCH($B24,'תקציב '!$C:$C,0),37+3*($F$2-3)),"-")) -> 450000 | M24: =IF($F$2<3,"-",IFERROR(F24/L24-1,"-")) -> -1 | N24: =IF($F$2<3,"-",IFERROR(F24-L24,"-")) -> -450000
A25: 203 | B25: =נתונים_שטוחים!A23 -> ORTHO- PARTNER AG. | C25: =נתונים_שטוחים!B23 -> יצוא | D25: =SUMIFS(נתונים_שטוחים!C23:N23,נתונים_שטוחים!$C$4:$N$4,$F$2) -> 220830.5 | E25: =SUMIFS(נתונים_שטוחים!O23:Z23,נתונים_שטוחים!$O$4:$Z$4,$F$2) -> 54650.07 | F25: =SUMIFS(נתונים_שטוחים!AA23:AL23,נתונים_שטוחים!$AA$4:$AL$4,$F$2) -> 0 | G25: =IFERROR(F25/E25-1,"-") -> -1 | H25: =F25-E25 -> -54650.07 | I25: =IFERROR(INDEX('תקציב '!$A:$P,MATCH($B25,'תקציב '!$C:$C,0),5+3*($F$2-1))+INDEX('תקציב '!$A:$P,MATCH($B25,'תקציב '!$C:$C,0),6+3*($F$2-1))+INDEX('תקציב '!$A:$P,MATCH($B25,'תקציב '!$C:$C,0),7+3*($F$2-1)),"-") -> 200000 | J25: =IFERROR(F25/I25-1,"-") -> -1 | K25: =IFERROR(F25-I25,"-") -> -200000 | L25: =IF($F$2<3,"-",IFERROR(INDEX('תקציב '!$A:$AN,MATCH($B25,'תקציב '!$C:$C,0),35+3*($F$2-3))+INDEX('תקציב '!$A:$AN,MATCH($B25,'תקציב '!$C:$C,0),36+3*($F$2-3))+INDEX('תקציב '!$A:$AN,MATCH($B25,'תקציב '!$C:$C,0),37+3*($F$2-3)),"-")) -> 220000 | M25: =IF($F$2<3,"-",IFERROR(F25/L25-1,"-")) -> -1 | N25: =IF($F$2<3,"-",IFERROR(F25-L25,"-")) -> -220000
A26: 204 | B26: =נתונים_שטוחים!A24 -> SANAFLEX ANATOMIC | C26: =נתונים_שטוחים!B24 -> יצוא | D26: =SUMIFS(נתונים_שטוחים!C24:N24,נתונים_שטוחים!$C$4:$N$4,$F$2) -> 167224.53 | E26: =SUMIFS(נתונים_שטוחים!O24:Z24,נתונים_שטוחים!$O$4:$Z$4,$F$2) -> 83397.79 | F26: =SUMIFS(נתונים_שטוחים!AA24:AL24,נתונים_שטוחים!$AA$4:$AL$4,$F$2) -> 0 | G26: =IFERROR(F26/E26-1,"-") -> -1 | H26: =F26-E26 -> -83397.79 | I26: =IFERROR(INDEX('תקציב '!$A:$P,MATCH($B26,'תקציב '!$C:$C,0),5+3*($F$2-1))+INDEX('תקציב '!$A:$P,MATCH($B26,'תקציב '!$C:$C,0),6+3*($F$2-1))+INDEX('תקציב '!$A:$P,MATCH($B26,'תקציב '!$C:$C,0),7+3*($F$2-1)),"-") -> 82841 | J26: =IFERROR(F26/I26-1,"-") -> -1 | K26: =IFERROR(F26-I26,"-") -> -82841 | L26: =IF($F$2<3,"-",IFERROR(INDEX('תקציב '!$A:$AN,MATCH($B26,'תקציב '!$C:$C,0),35+3*($F$2-3))+INDEX('תקציב '!$A:$AN,MATCH($B26,'תקציב '!$C:$C,0),36+3*($F$2-3))+INDEX('תקציב '!$A:$AN,MATCH($B26,'תקציב '!$C:$C,0),37+3*($F$2-3)),"-")) -> 75000 | M26: =IF($F$2<3,"-",IFERROR(F26/L26-1,"-")) -> -1 | N26: =IF($F$2<3,"-",IFERROR(F26-L26,"-")) -> -75000
A27: 205 | B27: =נתונים_שטוחים!A25 -> HEALTH CARE PROD. GMBH | C27: =נתונים_שטוחים!B25 -> יצוא | D27: =SUMIFS(נתונים_שטוחים!C25:N25,נתונים_שטוחים!$C$4:$N$4,$F$2) -> 17813.97 | E27: =SUMIFS(נתונים_שטוחים!O25:Z25,נתונים_שטוחים!$O$4:$Z$4,$F$2) -> 31158.35 | F27: =SUMIFS(נתונים_שטוחים!AA25:AL25,נתונים_שטוחים!$AA$4:$AL$4,$F$2) -> 0 | G27: =IFERROR(F27/E27-1,"-") -> -1 | H27: =F27-E27 -> -31158.35 | I27: =IFERROR(INDEX('תקציב '!$A:$P,MATCH($B27,'תקציב '!$C:$C,0),5+3*($F$2-1))+INDEX('תקציב '!$A:$P,MATCH($B27,'תקציב '!$C:$C,0),6+3*($F$2-1))+INDEX('תקציב '!$A:$P,MATCH($B27,'תקציב '!$C:$C,0),7+3*($F$2-1)),"-") -> 26225 | J27: =IFERROR(F27/I27-1,"-") -> -1 | K27: =IFERROR(F27-I27,"-") -> -26225 | L27: =IF($F$2<3,"-",IFERROR(INDEX('תקציב '!$A:$AN,MATCH($B27,'תקציב '!$C:$C,0),35+3*($F$2-3))+INDEX('תקציב '!$A:$AN,MATCH($B27,'תקציב '!$C:$C,0),36+3*($F$2-3))+INDEX('תקציב '!$A:$AN,MATCH($B27,'תקציב '!$C:$C,0),37+3*($F$2-3)),"-")) -> 20000 | M27: =IF($F$2<3,"-",IFERROR(F27/L27-1,"-")) -> -1 | N27: =IF($F$2<3,"-",IFERROR(F27-L27,"-")) -> -20000
A28: 206 | B28: =נתונים_שטוחים!A26 -> ORTHOMED LTD | C28: =נתונים_שטוחים!B26 -> יצוא | D28: =SUMIFS(נתונים_שטוחים!C26:N26,נתונים_שטוחים!$C$4:$N$4,$F$2) -> 44572.45 | E28: =SUMIFS(נתונים_שטוחים!O26:Z26,נתונים_שטוחים!$O$4:$Z$4,$F$2) -> 0 | F28: =SUMIFS(נתונים_שטוחים!AA26:AL26,נתונים_שטוחים!$AA$4:$AL$4,$F$2) -> 0 | G28: =IFERROR(F28/E28-1,"-") -> - | H28: =F28-E28 -> 0 | I28: =IFERROR(INDEX('תקציב '!$A:$P,MATCH($B28,'תקציב '!$C:$C,0),5+3*($F$2-1))+INDEX('תקציב '!$A:$P,MATCH($B28,'תקציב '!$C:$C,0),6+3*($F$2-1))+INDEX('תקציב '!$A:$P,MATCH($B28,'תקציב '!$C:$C,0),7+3*($F$2-1)),"-") -> 15000 | J28: =IFERROR(F28/I28-1,"-") -> -1 | K28: =IFERROR(F28-I28,"-") -> -15000 | L28: =IF($F$2<3,"-",IFERROR(INDEX('תקציב '!$A:$AN,MATCH($B28,'תקציב '!$C:$C,0),35+3*($F$2-3))+INDEX('תקציב '!$A:$AN,MATCH($B28,'תקציב '!$C:$C,0),36+3*($F$2-3))+INDEX('תקציב '!$A:$AN,MATCH($B28,'תקציב '!$C:$C,0),37+3*($F$2-3)),"-")) -> 0 | M28: =IF($F$2<3,"-",IFERROR(F28/L28-1,"-")) -> - | N28: =IF($F$2<3,"-",IFERROR(F28-L28,"-")) -> 0
A29: 207 | B29: =נתונים_שטוחים!A27 -> SALUS | C29: =נתונים_שטוחים!B27 -> יצוא | D29: =SUMIFS(נתונים_שטוחים!C27:N27,נתונים_שטוחים!$C$4:$N$4,$F$2) -> 222074.04 | E29: =SUMIFS(נתונים_שטוחים!O27:Z27,נתונים_שטוחים!$O$4:$Z$4,$F$2) -> 146752.62 | F29: =SUMIFS(נתונים_שטוחים!AA27:AL27,נתונים_שטוחים!$AA$4:$AL$4,$F$2) -> 0 | G29: =IFERROR(F29/E29-1,"-") -> -1 | H29: =F29-E29 -> -146752.62 | I29: =IFERROR(INDEX('תקציב '!$A:$P,MATCH($B29,'תקציב '!$C:$C,0),5+3*($F$2-1))+INDEX('תקציב '!$A:$P,MATCH($B29,'תקציב '!$C:$C,0),6+3*($F$2-1))+INDEX('תקציב '!$A:$P,MATCH($B29,'תקציב '!$C:$C,0),7+3*($F$2-1)),"-") -> 150000 | J29: =IFERROR(F29/I29-1,"-") -> -1 | K29: =IFERROR(F29-I29,"-") -> -150000 | L29: =IF($F$2<3,"-",IFERROR(INDEX('תקציב '!$A:$AN,MATCH($B29,'תקציב '!$C:$C,0),35+3*($F$2-3))+INDEX('תקציב '!$A:$AN,MATCH($B29,'תקציב '!$C:$C,0),36+3*($F$2-3))+INDEX('תקציב '!$A:$AN,MATCH($B29,'תקציב '!$C:$C,0),37+3*($F$2-3)),"-")) -> 70000 | M29: =IF($F$2<3,"-",IFERROR(F29/L29-1,"-")) -> -1 | N29: =IF($F$2<3,"-",IFERROR(F29-L29,"-")) -> -70000
A30: 216 | B30: =נתונים_שטוחים!A28 -> MAX KONNARIS LTD | C30: =נתונים_שטוחים!B28 -> יצוא | D30: =SUMIFS(נתונים_שטוחים!C28:N28,נתונים_שטוחים!$C$4:$N$4,$F$2) -> 20724.08 | E30: =SUMIFS(נתונים_שטוחים!O28:Z28,נתונים_שטוחים!$O$4:$Z$4,$F$2) -> 20604.23 | F30: =SUMIFS(נתונים_שטוחים!AA28:AL28,נתונים_שטוחים!$AA$4:$AL$4,$F$2) -> 23809.14 | G30: =IFERROR(F30/E30-1,"-") -> 0.15554622 | H30: =F30-E30 -> 3204.91 | I30: =IFERROR(INDEX('תקציב '!$A:$P,MATCH($B30,'תקציב '!$C:$C,0),5+3*($F$2-1))+INDEX('תקציב '!$A:$P,MATCH($B30,'תקציב '!$C:$C,0),6+3*($F$2-1))+INDEX('תקציב '!$A:$P,MATCH($B30,'תקציב '!$C:$C,0),7+3*($F$2-1)),"-") -> 40000 | J30: =IFERROR(F30/I30-1,"-") -> -0.4047715 | K30: =IFERROR(F30-I30,"-") -> -16190.86 | L30: =IF($F$2<3,"-",IFERROR(INDEX('תקציב '!$A:$AN,MATCH($B30,'תקציב '!$C:$C,0),35+3*($F$2-3))+INDEX('תקציב '!$A:$AN,MATCH($B30,'תקציב '!$C:$C,0),36+3*($F$2-3))+INDEX('תקציב '!$A:$AN,MATCH($B30,'תקציב '!$C:$C,0),37+3*($F$2-3)),"-")) -> 20000 | M30: =IF($F$2<3,"-",IFERROR(F30/L30-1,"-")) -> 0.190457 | N30: =IF($F$2<3,"-",IFERROR(F30-L30,"-")) -> 3809.14
A31: 208 | B31: =נתונים_שטוחים!A29 -> MEDIPAL COMPANY | C31: =נתונים_שטוחים!B29 -> יצוא | D31: =SUMIFS(נתונים_שטוחים!C29:N29,נתונים_שטוחים!$C$4:$N$4,$F$2) -> 198800.83 | E31: =SUMIFS(נתונים_שטוחים!O29:Z29,נתונים_שטוחים!$O$4:$Z$4,$F$2) -> 256771.88 | F31: =SUMIFS(נתונים_שטוחים!AA29:AL29,נתונים_שטוחים!$AA$4:$AL$4,$F$2) -> 0 | G31: =IFERROR(F31/E31-1,"-") -> -1 | H31: =F31-E31 -> -256771.88 | I31: =IFERROR(INDEX('תקציב '!$A:$P,MATCH($B31,'תקציב '!$C:$C,0),5+3*($F$2-1))+INDEX('תקציב '!$A:$P,MATCH($B31,'תקציב '!$C:$C,0),6+3*($F$2-1))+INDEX('תקציב '!$A:$P,MATCH($B31,'תקציב '!$C:$C,0),7+3*($F$2-1)),"-") -> 0 | J31: =IFERROR(F31/I31-1,"-") -> - | K31: =IFERROR(F31-I31,"-") -> 0 | L31: =IF($F$2<3,"-",IFERROR(INDEX('תקציב '!$A:$AN,MATCH($B31,'תקציב '!$C:$C,0),35+3*($F$2-3))+INDEX('תקציב '!$A:$AN,MATCH($B31,'תקציב '!$C:$C,0),36+3*($F$2-3))+INDEX('תקציב '!$A:$AN,MATCH($B31,'תקציב '!$C:$C,0),37+3*($F$2-3)),"-")) -> 100000 | M31: =IF($F$2<3,"-",IFERROR(F31/L31-1,"-")) -> -1 | N31: =IF($F$2<3,"-",IFERROR(F31-L31,"-")) -> -100000
A32: 209 | B32: =נתונים_שטוחים!A30 -> ORTOPROFIL PROD. ROMANIA | C32: =נתונים_שטוחים!B30 -> יצוא | D32: =SUMIFS(נתונים_שטוחים!C30:N30,נתונים_שטוחים!$C$4:$N$4,$F$2) -> 62633.86 | E32: =SUMIFS(נתונים_שטוחים!O30:Z30,נתונים_שטוחים!$O$4:$Z$4,$F$2) -> 106882.54 | F32: =SUMIFS(נתונים_שטוחים!AA30:AL30,נתונים_שטוחים!$AA$4:$AL$4,$F$2) -> 0 | G32: =IFERROR(F32/E32-1,"-") -> -1 | H32: =F32-E32 -> -106882.54 | I32: =IFERROR(INDEX('תקציב '!$A:$P,MATCH($B32,'תקציב '!$C:$C,0),5+3*($F$2-1))+INDEX('תקציב '!$A:$P,MATCH($B32,'תקציב '!$C:$C,0),6+3*($F$2-1))+INDEX('תקציב '!$A:$P,MATCH($B32,'תקציב '!$C:$C,0),7+3*($F$2-1)),"-") -> 119295.23 | J32: =IFERROR(F32/I32-1,"-") -> -1 | K32: =IFERROR(F32-I32,"-") -> -119295.23 | L32: =IF($F$2<3,"-",IFERROR(INDEX('תקציב '!$A:$AN,MATCH($B32,'תקציב '!$C:$C,0),35+3*($F$2-3))+INDEX('תקציב '!$A:$AN,MATCH($B32,'תקציב '!$C:$C,0),36+3*($F$2-3))+INDEX('תקציב '!$A:$AN,MATCH($B32,'תקציב '!$C:$C,0),37+3*($F$2-3)),"-")) -> 75000 | M32: =IF($F$2<3,"-",IFERROR(F32/L32-1,"-")) -> -1 | N32: =IF($F$2<3,"-",IFERROR(F32-L32,"-")) -> -75000
A33: 210 | B33: =נתונים_שטוחים!A31 -> OY. EA. AB. | C33: =נתונים_שטוחים!B31 -> יצוא | D33: =SUMIFS(נתונים_שטוחים!C31:N31,נתונים_שטוחים!$C$4:$N$4,$F$2) -> 3920.16 | E33: =SUMIFS(נתונים_שטוחים!O31:Z31,נתונים_שטוחים!$O$4:$Z$4,$F$2) -> 32544.41 | F33: =SUMIFS(נתונים_שטוחים!AA31:AL31,נתונים_שטוחים!$AA$4:$AL$4,$F$2) -> 0 | G33: =IFERROR(F33/E33-1,"-") -> -1 | H33: =F33-E33 -> -32544.41 | I33: =IFERROR(INDEX('תקציב '!$A:$P,MATCH($B33,'תקציב '!$C:$C,0),5+3*($F$2-1))+INDEX('תקציב '!$A:$P,MATCH($B33,'תקציב '!$C:$C,0),6+3*($F$2-1))+INDEX('תקציב '!$A:$P,MATCH($B33,'תקציב '!$C:$C,0),7+3*($F$2-1)),"-") -> 35000 | J33: =IFERROR(F33/I33-1,"-") -> -1 | K33: =IFERROR(F33-I33,"-") -> -35000 | L33: =IF($F$2<3,"-",IFERROR(INDEX('תקציב '!$A:$AN,MATCH($B33,'תקציב '!$C:$C,0),35+3*($F$2-3))+INDEX('תקציב '!$A:$AN,MATCH($B33,'תקציב '!$C:$C,0),36+3*($F$2-3))+INDEX('תקציב '!$A:$AN,MATCH($B33,'תקציב '!$C:$C,0),37+3*($F$2-3)),"-")) -> 30000 | M33: =IF($F$2<3,"-",IFERROR(F33/L33-1,"-")) -> -1 | N33: =IF($F$2<3,"-",IFERROR(F33-L33,"-")) -> -30000
A34: 201 | B34: =נתונים_שטוחים!A32 -> SEVEN GEAR | C34: =נתונים_שטוחים!B32 -> יצוא | D34: =SUMIFS(נתונים_שטוחים!C32:N32,נתונים_שטוחים!$C$4:$N$4,$F$2) -> 0 | E34: =SUMIFS(נתונים_שטוחים!O32:Z32,נתונים_שטוחים!$O$4:$Z$4,$F$2) -> 22174.9 | F34: =SUMIFS(נתונים_שטוחים!AA32:AL32,נתונים_שטוחים!$AA$4:$AL$4,$F$2) -> 0 | G34: =IFERROR(F34/E34-1,"-") -> -1 | H34: =F34-E34 -> -22174.9 | I34: =IFERROR(INDEX('תקציב '!$A:$P,MATCH($B34,'תקציב '!$C:$C,0),5+3*($F$2-1))+INDEX('תקציב '!$A:$P,MATCH($B34,'תקציב '!$C:$C,0),6+3*($F$2-1))+INDEX('תקציב '!$A:$P,MATCH($B34,'תקציב '!$C:$C,0),7+3*($F$2-1)),"-") -> 19793 | J34: =IFERROR(F34/I34-1,"-") -> -1 | K34: =IFERROR(F34-I34,"-") -> -19793 | L34: =IF($F$2<3,"-",IFERROR(INDEX('תקציב '!$A:$AN,MATCH($B34,'תקציב '!$C:$C,0),35+3*($F$2-3))+INDEX('תקציב '!$A:$AN,MATCH($B34,'תקציב '!$C:$C,0),36+3*($F$2-3))+INDEX('תקציב '!$A:$AN,MATCH($B34,'תקציב '!$C:$C,0),37+3*($F$2-3)),"-")) -> 0 | M34: =IF($F$2<3,"-",IFERROR(F34/L34-1,"-")) -> - | N34: =IF($F$2<3,"-",IFERROR(F34-L34,"-")) -> 0
... A44: 302 | B44: =נתונים_שטוחים!A42 -> MEXICO | C44: =נתונים_שטוחים!B42 -> יצוא | D44: =SUMIFS(נתונים_שטוחים!C42:N42,נתונים_שטוחים!$C$4:$N$4,$F$2) -> 0 | E44: =SUMIFS(נתונים_שטוחים!O42:Z42,נתונים_שטוחים!$O$4:$Z$4,$F$2) -> 0 | F44: =SUMIFS(נתונים_שטוחים!AA42:AL42,נתונים_שטוחים!$AA$4:$AL$4,$F$2) -> 0 | G44: =IFERROR(F44/E44-1,"-") -> - | H44: =F44-E44 -> 0 | I44: =IFERROR(INDEX('תקציב '!$A:$P,MATCH($B44,'תקציב '!$C:$C,0),5+3*($F$2-1))+INDEX('תקציב '!$A:$P,MATCH($B44,'תקציב '!$C:$C,0),6+3*($F$2-1))+INDEX('תקציב '!$A:$P,MATCH($B44,'תקציב '!$C:$C,0),7+3*($F$2-1)),"-") -> - | J44: =IFERROR(F44/I44-1,"-") -> - | K44: =IFERROR(F44-I44,"-") -> - | L44: =IF($F$2<3,"-",IFERROR(INDEX('תקציב '!$A:$AN,MATCH($B44,'תקציב '!$C:$C,0),35+3*($F$2-3))+INDEX('תקציב '!$A:$AN,MATCH($B44,'תקציב '!$C:$C,0),36+3*($F$2-3))+INDEX('תקציב '!$A:$AN,MATCH($B44,'תקציב '!$C:$C,0),37+3*($F$2-3)),"-")) -> - | M44: =IF($F$2<3,"-",IFERROR(F44/L44-1,"-")) -> - | N44: =IF($F$2<3,"-",IFERROR(F44-L44,"-")) -> -
B45: סה"כ חו"ל | D45: =SUM(D23:D44) -> 1853058.6 | E45: =SUM(E23:E44) -> 1740109.3 | F45: =SUM(F23:F44) -> 69313.17 | G45: =IFERROR(F45/E45-1,"-") -> -0.96016735 | H45: =SUM(H23:H44) -> -1670796.2 | I45: =SUM(I23:I44) -> 2696627.4 | J45: =IFERROR(F45/I45-1,"-") -> -0.97429635 | K45: =SUM(K23:K44) -> -2627314.2 | L45: =IF($F$2<3,"-",SUM(L23:L44)) -> 2130572.1 | M45: =IF($F$2<3,"-",IFERROR(F45/L45-1,"-")) -> -0.96746734 | N45: =IF($F$2<3,"-",SUM(N23:N44)) -> -2061258.9
B46: סה"כ מכירות | D46: =SUM(D5:D18)+SUM(D20:D21)+SUM(D23:D44) -> 5991738.1 | E46: =SUM(E5:E18)+SUM(E20:E21)+SUM(E23:E44) -> 6153613.8 | F46: =SUM(F5:F18)+SUM(F20:F21)+SUM(F23:F44) -> 324577.69 | G46: =IFERROR(F46/E46-1,"-") -> -0.94725413 | H46: =SUM(H5:H18)+SUM(H20:H21)+SUM(H23:H44) -> -5829036.1 | I46: =SUM(I5:I18)+SUM(I20:I21)+SUM(I23:I44) -> 12514121 | J46: =IFERROR(F46/I46-1,"-") -> -0.97406309 | K46: =SUM(K5:K18)+SUM(K20:K21)+SUM(K23:K44) -> -12189543 | L46: =IF($F$2<3,"-",SUM(L5:L18)+SUM(L20:L21)+SUM(L23:L44)) -> 10553450 | M46: =IF($F$2<3,"-",IFERROR(F46/L46-1,"-")) -> -0.9692444 | N46: =IF($F$2<3,"-",SUM(N5:N18)+SUM(N20:N21)+SUM(N23:N44)) -> -10228872
B47: אחוז מכירות חו"ל מסה"כ מכירות | D47: =D45/D46 -> 0.30926896 | E47: =E45/E46 -> 0.28277845 | F47: =F45/F46 -> 0.21354878

Sheet 1
B1: דוח מכירות ינואר 2026
D2: ארץ | E2: 1.2024 | F2: 1.2025 | G2: 1.2026 | H2: אחוז מול 2025 | I2: כספי מול 2025 | J2: תקציב | K2: % מול תקציב | L2: ₪ מול תקציב
A3: 111 - Superpharm Life | B3: סופר פארם לייף | C3: סופר פארם לייף | D3: ISRAEL | E3: -594.08 | F3: 58427.8 | G3: 63104 | H3: =G3/F3-1 -> 0.08003382 | I3: =G3-F3 -> 4676.2 | J3: =VLOOKUP(B3,'תקציב '!$B:$S,4,0)*1 -> 176666.67 | K3: =G3/J3-1 -> -0.64280755 | L3: =G3-J3 -> -113562.67
A4: סופרפארם | B4: סופרפארם | C4: סופרפארם | D4: ISRAEL | E4: 452441.08 | F4: 670882.2 | G4: =465886*0.91 -> 423956.26 | H4: =G4/F4-1 -> -0.36806155 | I4: =G4-F4 -> -246925.94 | J4: =VLOOKUP(B4,'תקציב '!$B:$S,4,0)*1 -> 536666.67 | K4: =G4/J4-1 -> -0.21001939 | L4: =G4-J4 -> -112710.41
A5: BE | B5: BE | C5: BE | D5: ISRAEL | E5: 63301.42 | F5: 54489.89 | G5: =(74936-611)*0.91 -> 67635.75 | H5: =G5/F5-1 -> 0.24125319 | I5: =G5-F5 -> 13145.86 | J5: =VLOOKUP(B5,'תקציב '!$B:$S,4,0)*1 -> 73000 | K5: =G5/J5-1 -> -0.073482877 | L5: =G5-J5 -> -5364.25
A6: בתי מרקחת | B6: בתי מרקחת | C6: בתי מרקחת | D6: ISRAEL | E6: 164714.58 | F6: 136160.38 | G6: =675284.8-G5-G4+8477 -> 192169.79 | H6: =G6/F6-1 -> 0.4113488 | I6: =G6-F6 -> 56009.41 | J6: =VLOOKUP(A6,'תקציב '!$B:$S,4,0)*1 -> 152333.33 | K6: =G6/J6-1 -> 0.26150847 | L6: =G6-J6 -> 39836.457
A7: 112 - Kupat Holim Clalit | B7: כללית | C7: כללית | D7: ISRAEL | E7: 414961 | F7: 326467.5 | G7: 320186.2 | H7: =G7/F7-1 -> -0.0192402 | I7: =G7-F7 -> -6281.3 | J7: =VLOOKUP(B7,'תקציב '!$B:$S,4,0)*1 -> 365000 | K7: =G7/J7-1 -> -0.12277753 | L7: =G7-J7 -> -44813.8
A8: 113 - Kupat Holim Meuhedet | B8: מאוחדת | C8: מאוחדת | D8: ISRAEL | E8: 74817.97 | F8: 57834.64 | G8: 60425.14 | H8: =G8/F8-1 -> 0.044791495 | I8: =G8-F8 -> 2590.5 | J8: =VLOOKUP(B8,'תקציב '!$B:$S,4,0)*1 -> 83333.333 | K8: =G8/J8-1 -> -0.27489832 | L8: =G8-J8 -> -22908.193
A9: 102 - Orthopedic institutes | B9: מכוני אורטופדיה | C9: מכוני אורטופדיה | D9: ISRAEL | E9: 91890.1 | F9: 72633.3 | G9: 86618.03 | H9: =G9/F9-1 -> 0.19253882 | I9: =G9-F9 -> 13984.73 | J9: =VLOOKUP(B9,'תקציב '!$B:$S,4,0)*1 -> 127583.33 | K9: =G9/J9-1 -> -0.32108664 | L9: =G9-J9 -> -40965.303
A10: 101 - Factory customers | B10: לקוחות מפעל | C10: לקוחות מפעל | D10: ISRAEL | E10: 15878.93 | F10: 16402.68 | G10: 18073.66 | H10: =G10/F10-1 -> 0.10187238 | I10: =G10-F10 -> 1670.98 | J10: =VLOOKUP(B10,'תקציב '!$B:$S,4,0)*1 -> 15833.333 | K10: =G10/J10-1 -> 0.14149432 | L10: =G10-J10 -> 2240.3267
A11: 109 - Private Shops | B11: חנויות פרטיות | C11: חנויות פרטיות | D11: ISRAEL | E11: 5667.68 | F11: 6025.5 | G11: 5894.68 | H11: =G11/F11-1 -> -0.021711061 | I11: =G11-F11 -> -130.82 | J11: =VLOOKUP(B11,'תקציב '!$B:$S,4,0)*1 -> 6333.3333 | K11: =G11/J11-1 -> -0.069261053 | L11: =G11-J11 -> -438.65333
A12: 105 - Pedicure Salons | B12: מכוני פדיקור | C12: מכוני פדיקור | D12: ISRAEL | E12: 0 | F12: 1162.85 | G12: 810.6 | H12: =G12/F12-1 -> -0.30291955 | I12: =G12-F12 -> -352.25 | J12: =VLOOKUP(B12,'תקציב '!$B:$S,4,0)*1 -> 0 | L12: =G12-J12 -> 810.6
A13: 104 - Sports Shop | B13: חנויות נעליים | C13: חנויות נעליים | D13: ISRAEL | E13: 0 | F13: 0 | H13: =IFERROR(G13/F13-1,"-") -> - | I13: =G13-F13 -> 0 | J13: =VLOOKUP(B13,'תקציב '!$B:$S,4,0)*1 -> 0 | L13: =G13-J13 -> 0
A14: 106 - Hospitals | B14: בתי חולים ושרות | C14: בתי חולים ושרות | D14: ISRAEL | E14: 0 | F14: 0 | G14: 2523.6 | H14: =IFERROR(G14/F14-1,"-") -> - | I14: =G14-F14 -> 2523.6 | J14: =VLOOKUP(B14,'תקציב '!$B:$S,4,0)*1 -> 0 | L14: =G14-J14 -> 2523.6
A15: 103 - Physiotherapy institutes | B15: מכוני פיזיותרפיה | C15: מכוני פיזיותרפיה | D15: ISRAEL | E15: 4135.49 | F15: 15213.91 | G15: 11467.92 | H15: =G15/F15-1 -> -0.24622139 | I15: =G15-F15 -> -3745.99 | J15: =VLOOKUP(B15,'תקציב '!$B:$S,4,0)*1 -> 16666.667 | K15: =G15/J15-1 -> -0.3119248 | L15: =G15-J15 -> -5198.7467
B16: סה"כ ישראל ללא אונליין | E16: =SUM(E3:E15)+E50 -> 1287214.2 | F16: =SUM(F3:F15)+F50 -> 1415700.6 | G16: =SUM(G3:G15)+G50 -> 1252865.6 | H16: =G16/F16-1 -> -0.1150208 | I16: =SUM(I3:I15)+I50 -> -162835.02 | J16: =SUM(J3:J15)+J50 -> 1553416.7 | K16: =G16/J16-1 -> -0.19347741 | L16: =SUM(L3:L15)+L50 -> -300551.04
A17: 114 - IL online | B17: לקוחות אינטרנט | C17: לקוחות אינטרנט | D17: ISRAEL | E17: 42663.04 | F17: 92988.17 | G17: 212354.12 | H17: =G17/F17-1 -> 1.2836681 | I17: =G17-F17 -> 119365.95 | J17: =VLOOKUP(B17,'תקציב '!$B:$S,4,0)*1 -> 296610.17 | K17: =G17/J17-1 -> -0.28406325 | L17: =G17-J17 -> -84256.049
A18: 115-SuperPharm Online | B18: סופר פארם מרקט פלייס | C18: סופר פארם מרקט פלייס | D18: ISRAEL | E18: 1654.88 | F18: 2032.3 | G18: 1274.4 | H18: =G18/F18-1 -> -0.37292723 | I18: =G18-F18 -> -757.9 | J18: =VLOOKUP(B18,'תקציב '!$B:$S,4,0)*1 -> 2536.9283 | K18: =G18/J18-1 -> -0.49766023 | L18: =G18-J18 -> -1262.5283
B19: סה"כ ישראל | E19: =E16+E17+E18 -> 1331532.1 | F19: =F16+F17+F18 -> 1510721.1 | G19: =G16+G17+G18 -> 1466494.1 | H19: =G19/F19-1 -> -0.029275403 | I19: =I16+I17+I18 -> -44226.97 | J19: =J16+J17+J18 -> 1852563.8 | K19: =G19/J19-1 -> -0.20839748 | L19: =L16+L17+L18 -> -386069.61
A20: 301 - Amazon | B20: Total - 301 - Amazon | C20: AMAZON | D20: USA | E20: 391520.95 | F20: 187395.64 | G20: 178026.69 | H20: =G20/F20-1 -> -0.04999556 | I20: =G20-F20 -> -9368.95 | J20: =VLOOKUP(B20,'תקציב '!$B:$S,4,0)*1 -> 272275.11 | K20: =G20/J20-1 -> -0.34615144 | L20: =G20-J20 -> -94248.42
A21: 202 - Super-Pharm POLAND | B21: Total - 202 - Super-Pharm POLAND | C21: SUPER PHARM POLAND | D21: POLAND | E21: 203.73 | F21: 0 | H21: =IFERROR(G21/F21-1,"-") -> - | I21: =G21-F21 -> 0 | J21: =VLOOKUP(B21,'תקציב '!$B:$S,4,0)*1 -> 0 | K21: =IFERROR(G21/J21-1,"-") -> - | L21: =G21-J21 -> 0
A22: 203 - Ortho- Partner ag SWITZERLAND | B22: Total - 203 - Ortho- Partner ag SWITZERLAND | C22: ORTHO- PARTNER AG. | D22: SWITZERLAND | E22: 49158.59 | F22: 18517.61 | G22: 124895.37 | H22: =G22/F22-1 -> 5.7446809 | I22: =G22-F22 -> 106377.76 | J22: =VLOOKUP(B22,'תקציב '!$B:$S,4,0)*1 -> 124895.37 | K22: =G22/J22-1 -> 0 | L22: =G22-J22 -> 0
A23: 204 - Sanaflex Anatomic GREECE | B23: Total - 204 - Sanaflex Anatomic GREECE | C23: SANAFLEX ANATOMIC | D23: GREECE | E23: 68604.55 | F23: 0 | G23: 67158.97 | H23: =IFERROR(G23/F23-1,"-") -> - | I23: =G23-F23 -> 67158.97 | J23: =VLOOKUP(B23,'תקציב '!$B:$S,4,0)*1 -> 67158.97 | K23: =G23/J23-1 -> 0 | L23: =G23-J23 -> 0
A24: 205 - Health Care Prod. Gmbh GERMANY | B24: Total - 205 - Health Care Prod. Gmbh GERMANY | C24: HEALTH CARE PROD. GMBH | D24: GERMANY | E24: 15923.68 | F24: 0 | G24: 15774.92 | H24: =IFERROR(G24/F24-1,"-") -> - | I24: =G24-F24 -> 15774.92 | J24: =VLOOKUP(B24,'תקציב '!$B:$S,4,0)*1 -> 15774.92 | K24: =G24/J24-1 -> 0 | L24: =G24-J24 -> 0
A25: 206 - Orthomed Ltd BULGARIA | B25: Total - 206 - Orthomed Ltd BULGARIA | C25: ORTHOMED LTD | D25: BULGARIA | E25: 50777.76 | F25: 0 | H25: =IFERROR(G25/F25-1,"-") -> - | I25: =G25-F25 -> 0 | J25: =VLOOKUP(B25,'תקציב '!$B:$S,4,0)*1 -> 0 | K25: =IFERROR(G25/J25-1,"-") -> - | L25: =G25-J25 -> 0
A26: 207 - Salus HUNGARY | B26: Total - 207 - Salus HUNGARY | C26: SALUS | D26: HUNGARY | E26: 249206.12 | F26: 0 | G26: -1269.06 | H26: =IFERROR(G26/F26-1,"-") -> - | I26: =G26-F26 -> -1269.06 | J26: =VLOOKUP(B26,'תקציב '!$B:$S,4,0)*1 -> 0 | K26: =IFERROR(G26/J26-1,"-") -> - | L26: =G26-J26 -> -1269.06
A27: 216 - Max Konnaris CYPRUS | B27: Total - 216 - Max Konnaris CYPRUS | C27: MAX KONNARIS LTD | D27: CYPRUS | E27: 0 | F27: 0 | H27: =IFERROR(G27/F27-1,"-") -> - | I27: =G27-F27 -> 0 | J27: =VLOOKUP(B27,'תקציב '!$B:$S,4,0)*1 -> 0 | K27: =IFERROR(G27/J27-1,"-") -> - | L27: =G27-J27 -> 0
A28: 208 - Medipal Company NABLUS | B28: Total - 208 - Medipal Company NABLUS | C28: MEDIPAL COMPANY | D28: NABLUS | E28: 0 | F28: 0 | H28: =IFERROR(G28/F28-1,"-") -> - | I28: =G28-F28 -> 0 | J28: =VLOOKUP(B28,'תקציב '!$B:$S,4,0)*1 -> 0 | K28: =IFERROR(G28/J28-1,"-") -> - | L28: =G28-J28 -> 0
A29: 209 - Ortoprofil Prod ROMANIA | B29: Total - 209 - Ortoprofil Prod ROMANIA | C29: ORTOPROFIL PROD. ROMANIA | D29: ROMANIA | E29: 0 | F29: 0 | G29: 27429.74 | H29: =IFERROR(G29/F29-1,"-") -> - | I29: =G29-F29 -> 27429.74 | J29: =VLOOKUP(B29,'תקציב '!$B:$S,4,0)*1 -> 27429.74 | K29: =G29/J29-1 -> 0 | L29: =G29-J29 -> 0
A30: 210 - Oy. Ea. Ab. FINLAND | B30: Total - 210 - Oy. Ea. Ab. FINLAND | C30: OY. EA. AB. | D30: FINLAND | E30: 0 | F30: 0 | H30: =IFERROR(G30/F30-1,"-") -> - | I30: =G30-F30 -> 0 | J30: =VLOOKUP(B30,'תקציב '!$B:$S,4,0)*1 -> 0 | K30: =IFERROR(G30/J30-1,"-") -> - | L30: =G30-J30 -> 0
A31: 201- Seven Gear FINLAND oy | B31: Total - 201- Seven Gear FINLAND oy | C31: SEVEN GEAR | D31: FINLAND | E31: 0 | F31: 19897.57 | H31: =G31/F31-1 -> -1 | I31: =G31-F31 -> -19897.57 | J31: =VLOOKUP(B31,'תקציב '!$B:$S,4,0)*1 -> 0 | K31: =IFERROR(G31/J31-1,"-") -> - | L31: =G31-J31 -> 0
A32: 211 - Pharmag Lachmair Ges. Mbh AUSTRIA | B32: 211 - Pharmag Lachmair Ges. Mbh AUSTRIA | C32: PHARMAG LACHMAIR GES. MBH | D32: AUSTRIA | E32: 0 | F32: 0 | H32: =IFERROR(G32/F32-1,"-") -> - | I32: =G32-F32 -> 0 | J32: =VLOOKUP(B32,'תקציב '!$B:$S,4,0)*1 -> 0 | K32: =IFERROR(G32/J32-1,"-") -> - | L32: =G32-J32 -> 0
C33: REMEDICARE B.V. | D33: HOLLAND | H33: =IFERROR(G33/F33-1,"-") -> - | I33: =G33-F33 -> 0 | K33: =IFERROR(G33/J33-1,"-") -> - | L33: =G33-J33 -> 0
A34: 213 - E.f.m.o. SPAIN | B34: Total - 213 - E.f.m.o. SPAIN | C34: E.F.M.O. | D34: SPAIN | E34: 20732.48 | F34: 19111.37 | G34: 18792.66 | H34: =G34/F34-1 -> -0.01667646 | I34: =G34-F34 -> -318.71 | J34: =VLOOKUP(B34,'תקציב '!$B:$S,4,0)*1 -> 18792.66 | K34: =G34/J34-1 -> 0 | L34: =G34-J34 -> 0
A35: 214 - Alfred Gera& Sons Ltd. MALTA | B35: Total - 214 - Alfred Gera& Sons Ltd. MALTA | C35: ALFRED GERA | D35: MALTA | E35: 0 | F35: 0 | H35: =IFERROR(G35/F35-1,"-") -> - | I35: =G35-F35 -> 0 | J35: =VLOOKUP(B35,'תקציב '!$B:$S,4,0)*1 -> 0 | K35: =IFERROR(G35/J35-1,"-") -> - | L35: =G35-J35 -> 0
A36: 212 - Quadrifoglio Medical ROMANIA | B36: 212 - Quadrifoglio Medical ROMANIA | C36: QUADRIFOGLIO MEDICAL | D36: ROMANIA | E36: 0 | F36: 0 | H36: =IFERROR(G36/F36-1,"-") -> - | I36: =G36-F36 -> 0 | K36: =IFERROR(G36/J36-1,"-") -> - | L36: =G36-J36 -> 0
A37: 215 - Young In Healthcare Co. SOUTH KOREA | B37: 215 - Young In Healthcare Co. SOUTH KOREA | C37: YOUNG IN HEALTHCARE CO., | D37: KOREA | E37: 0 | F37: 0 | H37: =IFERROR(G37/F37-1,"-") -> - | I37: =G37-F37 -> 0 | K37: =IFERROR(G37/J37-1,"-") -> - | L37: =G37-J37 -> 0
A38: 200 - ROW : 217 - N3W FOODS USA | B38: 200 - ROW : 217 - N3W FOODS USA | C38: HANS | D38: USA | E38: 0 | F38: 0 | H38: =IFERROR(G38/F38-1,"-") -> - | I38: =G38-F38 -> 0 | K38: =IFERROR(G38/J38-1,"-") -> - | L38: =G38-J38 -> 0
B39: NEW DISTRIBUTORS | C39: NEW DISTRIBUTORS | H39: =IFERROR(G39/F39-1,"-") -> - | I39: =G39-F39 -> 0 | J39: =VLOOKUP(B39,'תקציב '!$B:$S,4,0)*1 -> 0 | K39: =IFERROR(G39/J39-1,"-") -> - | L39: =G39-J39 -> 0
B40: סה"כ חו"ל | E40: =SUM(E20:E39)+E51+E52 -> 846127.86 | F40: =SUM(F20:F39)+F51+F52 -> 244922.19 | G40: =SUM(G20:G39)+G51+G52 -> 430809.29 | H40: =G40/F40-1 -> 0.7589639 | I40: =SUM(I20:I39)+I51+I52 -> 185887.1 | J40: =SUM(J20:J39)+J51+J52 -> 526326.77 | K40: =G40/J40-1 -> -0.18147943 | L40: =SUM(L20:L39)+L51+L52 -> -95517.48
B41: סה"כ מכירות | E41: =E40+E19 -> 2177660 | F41: =F40+F19 -> 1755643.3 | G41: =G40+G19 -> 1897303.4 | H41: =G41/F41-1 -> 0.080688446 | I41: =I40+I19 -> 141660.13 | J41: =J40+J19 -> 2378890.5 | K41: =G41/J41-1 -> -0.20244189 | L41: =L40+L19 -> -481587.09
B42: אחוז מכירות חו"ל מסה"כ מכירות | E42: =E40/E41 -> 0.38854912 | F42: =F40/F41 -> 0.13950567 | G42: =G40/G41 -> 0.22706399 | J42: =J41-'תקציב '!E41*1 -> 0
E43: 0
B50: מכבי | C50: מכבי | D50: ISRAEL | G50: 0 | H50: =IFERROR(G50/F50-1,"-") -> - | I50: =G50-F50 -> 0 | K50: =IFERROR(G50/J50-1,"-") -> - | L50: =G50-J50 -> 0
B51: BAKU | C51: BAKU | D51: AZERBAIJAN | G51: 0 | H51: =IFERROR(G51/F51-1,"-") -> - | I51: =G51-F51 -> 0 | K51: =IFERROR(G51/J51-1,"-") -> - | L51: =G51-J51 -> 0
B52: MEXICO | C52: MEXICO | D52: MEXICO | G52: 0 | H52: =IFERROR(G52/F52-1,"-") -> - | I52: =G52-F52 -> 0 | K52: =IFERROR(G52/J52-1,"-") -> - | L52: =G52-J52 -> 0

Sheet 2
B1: דוח מכירות פברואר 2026
D2: ארץ | E2: 2.2024 | F2: 2.2025 | G2: 2.2026 | H2: אחוז מול 2025 | I2: כספי מול 2025 | J2: תקציב | K2: % מול תקציב | L2: ₪ מול תקציב
A3: 111 - Superpharm Life | B3: סופר פארם לייף | C3: סופר פארם לייף | D3: ISRAEL | E3: 347582.74 | F3: 233209.9 | G3: 364352.2 | H3: =G3/F3-1 -> 0.5623359 | I3: =G3-F3 -> 131142.3 | J3: =VLOOKUP(B3,'תקציב '!$B:$S,5,0)*1 -> 168253.97 | K3: =G3/J3-1 -> 1.1654895 | L3: =G3-J3 -> 196098.23
A4: סופרפארם | B4: סופרפארם | C4: סופרפארם | D4: ISRAEL | E4: 422279.31 | F4: 406825.35 | G4: 469684.03 | H4: =G4/F4-1 -> 0.15451025 | I4: =G4-F4 -> 62858.687 | J4: =VLOOKUP(B4,'תקציב '!$B:$S,5,0)*1 -> 532634.92 | K4: =G4/J4-1 -> -0.11818768 | L4: =G4-J4 -> -62950.888
A5: BE | B5: BE | C5: BE | D5: ISRAEL | E5: 82457.193 | F5: 65962.26 | G5: 68397.329 | H5: =G5/F5-1 -> 0.036916094 | I5: =G5-F5 -> 2435.069 | J5: =VLOOKUP(B5,'תקציב '!$B:$S,5,0)*1 -> 73428.571 | K5: =G5/J5-1 -> -0.068518866 | L5: =G5-J5 -> -5031.2424
A6: בתי מרקחת | B6: בתי מרקחת | C6: בתי מרקחת | D6: ISRAEL | E6: 163451.95 | F6: 133409.82 | G6: 140722.24 | H6: =G6/F6-1 -> 0.054811677 | I6: =G6-F6 -> 7312.4162 | J6: =VLOOKUP(A6,'תקציב '!$B:$S,5,0)*1 -> 156793.65 | K6: =G6/J6-1 -> -0.10250039 | L6: =G6-J6 -> -16071.411
A7: 112 - Kupat Holim Clalit | B7: כללית | C7: כללית | D7: ISRAEL | E7: 385135 | F7: 371734.5 | G7: 299047.35 | H7: =G7/F7-1 -> -0.19553512 | I7: =G7-F7 -> -72687.15 | J7: =VLOOKUP(B7,'תקציב '!$B:$S,5,0)*1 -> 365000 | K7: =G7/J7-1 -> -0.18069219 | L7: =G7-J7 -> -65952.65
A8: 113 - Kupat Holim Meuhedet | B8: מאוחדת | C8: מאוחדת | D8: ISRAEL | E8: 91523.03 | F8: 82146.14 | G8: 59215.28 | H8: =G8/F8-1 -> -0.27914714 | I8: =G8-F8 -> -22930.86 | J8: =VLOOKUP(B8,'תקציב '!$B:$S,5,0)*1 -> 109365.08 | K8: =G8/J8-1 -> -0.45855404 | L8: =G8-J8 -> -50149.799
A9: 102 - Orthopedic institutes | B9: מכוני אורטופדיה | C9: מכוני אורטופדיה | D9: ISRAEL | E9: 85829.2 | F9: 46378.11 | G9: 81282.23 | H9: =G9/F9-1 -> 0.75259902 | I9: =G9-F9 -> 34904.12 | J9: =VLOOKUP(B9,'תקציב '!$B:$S,5,0)*1 -> 155079.37 | K9: =G9/J9-1 -> -0.47586689 | L9: =G9-J9 -> -73797.135
A10: 101 - Factory customers | B10: לקוחות מפעל | C10: לקוחות מפעל | D10: ISRAEL | E10: 11131.68 | F10: 17589.94 | G10: 11368.09 | H10: =G10/F10-1 -> -0.35371639 | I10: =G10-F10 -> -6221.85 | J10: =VLOOKUP(B10,'תקציב '!$B:$S,5,0)*1 -> 15079.365 | K10: =G10/J10-1 -> -0.24611614 | L10: =G10-J10 -> -3711.2751
A11: 109 - Private Shops | B11: חנויות פרטיות | C11: חנויות פרטיות | D11: ISRAEL | E11: 0 | F11: 4045.81 | G11: 3319.04 | H11: =G11/F11-1 -> -0.17963523 | I11: =G11-F11 -> -726.77 | J11: =VLOOKUP(B11,'תקציב '!$B:$S,5,0)*1 -> 7936.5079 | K11: =G11/J11-1 -> -0.58180096 | L11: =G11-J11 -> -4617.4679
A12: 105 - Pedicure Salons | B12: מכוני פדיקור | C12: מכוני פדיקור | D12: ISRAEL | E12: 0 | F12: 569.45 | H12: =G12/F12-1 -> -1 | I12: =G12-F12 -> -569.45 | J12: =VLOOKUP(B12,'תקציב '!$B:$S,5,0)*1 -> 0 | L12: =G12-J12 -> 0
A13: 104 - Sports Shop | B13: חנויות נעליים | C13: חנויות נעליים | D13: ISRAEL | E13: 0 | F13: 0 | H13: =IFERROR(G13/F13-1,"-") -> - | I13: =G13-F13 -> 0 | J13: =VLOOKUP(B13,'תקציב '!$B:$S,5,0)*1 -> 0 | K13: =IFERROR(G13/J13-1,"-") -> - | L13: =G13-J13 -> 0
A14: 106 - Hospitals | B14: בתי חולים ושרות | C14: בתי חולים ושרות | D14: ISRAEL | E14: 0 | F14: 11067.51 | G14: 947.38 | H14: =G14/F14-1 -> -0.9143999 | I14: =G14-F14 -> -10120.13 | J14: =VLOOKUP(B14,'תקציב '!$B:$S,5,0)*1 -> 0 | L14: =G14-J14 -> 947.38
A15: 103 - Physiotherapy institutes | B15: מכוני פיזיותרפיה | C15: מכוני פיזיותרפיה | D15: ISRAEL | E15: 8592.99 | F15: 12501.56 | G15: 15269.72 | H15: =G15/F15-1 -> 0.22142517 | I15: =G15-F15 -> 2768.16 | J15: =VLOOKUP(B15,'תקציב '!$B:$S,5,0)*1 -> 15873.016 | K15: =G15/J15-1 -> -0.03800764 | L15: =G15-J15 -> -603.29587
B16: סה"כ ישראל ללא אונליין | E16: =SUM(E3:E15)+E50 -> 1597983.1 | F16: =SUM(F3:F15)+F50 -> 1385440.4 | G16: =SUM(G3:G15)+G50 -> 1513604.9 | H16: =G16/F16-1 -> 0.092508163 | I16: =SUM(I3:I15)+I50 -> 128164.54 | J16: =SUM(J3:J15)+J50 -> 1599444.4 | K16: =G16/J16-1 -> -0.053668355 | L16: =SUM(L3:L15)+L50 -> -85839.552
A17: 114 - IL online | B17: לקוחות אינטרנט | C17: לקוחות אינטרנט | D17: ISRAEL | E17: 40630.42 | F17: 97231.18 | G17: 236431.2 | H17: =G17/F17-1 -> 1.4316397 | I17: =G17-F17 -> 139200.02 | J17: =VLOOKUP(B17,'תקציב '!$B:$S,5,0)*1 -> 444915.25 | K17: =G17/J17-1 -> -0.46859273 | L17: =G17-J17 -> -208484.05
A18: 115-SuperPharm Online | B18: סופר פארם מרקט פלייס | C18: סופר פארם מרקט פלייס | D18: ISRAEL | E18: 2455.66 | F18: 3188.82 | G18: 1747 | H18: =G18/F18-1 -> -0.45214844 | I18: =G18-F18 -> -1441.82 | J18: =VLOOKUP(B18,'תקציב '!$B:$S,5,0)*1 -> 2536.9283 | K18: =G18/J18-1 -> -0.31137195 | L18: =G18-J18 -> -789.92833
B19: סה"כ ישראל | E19: =E16+E17+E18 -> 1641069.2 | F19: =F16+F17+F18 -> 1485860.4 | G19: =G16+G17+G18 -> 1751783.1 | H19: =G19/F19-1 -> 0.17896887 | I19: =I16+I17+I18 -> 265922.74 | J19: =J16+J17+J18 -> 2046896.6 | K19: =G19/J19-1 -> -0.14417608 | L19: =L16+L17+L18 -> -295113.54
A20: 301 - Amazon | B20: Total - 301 - Amazon | C20: AMAZON | D20: USA | E20: 377981.61 | F20: 188313.47 | G20: 194189.2 | H20: =G20/F20-1 -> 0.031201857 | I20: =G20-F20 -> 5875.73 | J20: =VLOOKUP(B20,'תקציב '!$B:$S,5,0)*1 -> 312309.92 | K20: =G20/J20-1 -> -0.37821636 | L20: =G20-J20 -> -118120.72
A21: 202 - Super-Pharm POLAND | B21: Total - 202 - Super-Pharm POLAND | C21: SUPER PHARM POLAND | D21: POLAND | E21: 255841.44 | F21: 213082.56 | G21: 137198.2 | H21: =G21/F21-1 -> -0.35612656 | I21: =G21-F21 -> -75884.36 | J21: =VLOOKUP(B21,'תקציב '!$B:$S,5,0)*1 -> 235200 | K21: =G21/J21-1 -> -0.41667432 | L21: =G21-J21 -> -98001.8
A22: 203 - Ortho- Partner ag SWITZERLAND | B22: Total - 203 - Ortho- Partner ag SWITZERLAND | C22: ORTHO- PARTNER AG. | D22: SWITZERLAND | E22: 73976.74 | F22: 35605.91 | G22: 17835.42 | H22: =G22/F22-1 -> -0.49908821 | I22: =G22-F22 -> -17770.49 | J22: =VLOOKUP(B22,'תקציב '!$B:$S,5,0)*1 -> 11714.9 | K22: =G22/J22-1 -> 0.52245602 | L22: =G22-J22 -> 6120.52
A23: 204 - Sanaflex Anatomic GREECE | B23: Total - 204 - Sanaflex Anatomic GREECE | C23: SANAFLEX ANATOMIC | D23: GREECE | E23: 0 | F23: 85563.25 | H23: =G23/F23-1 -> -1 | I23: =G23-F23 -> -85563.25 | J23: =VLOOKUP(B23,'תקציב '!$B:$S,5,0)*1 -> 0 | K23: =IFERROR(G23/J23-1,"-") -> - | L23: =G23-J23 -> 0
A24: 205 - Health Care Prod. Gmbh GERMANY | B24: Total - 205 - Health Care Prod. Gmbh GERMANY | C24: HEALTH CARE PROD. GMBH | D24: GERMANY | E24: 0 | F24: 16335.18 | H24: =G24/F24-1 -> -1 | I24: =G24-F24 -> -16335.18 | J24: =VLOOKUP(B24,'תקציב '!$B:$S,5,0)*1 -> 0 | K24: =IFERROR(G24/J24-1,"-") -> - | L24: =G24-J24 -> 0
A25: 206 - Orthomed Ltd BULGARIA | B25: Total - 206 - Orthomed Ltd BULGARIA | C25: ORTHOMED LTD | D25: BULGARIA | E25: 0 | F25: 0 | H25: =IFERROR(G25/F25-1,"-") -> - | I25: =G25-F25 -> 0 | J25: =VLOOKUP(B25,'תקציב '!$B:$S,5,0)*1 -> 0 | K25: =IFERROR(G25/J25-1,"-") -> - | L25: =G25-J25 -> 0
A26: 207 - Salus HUNGARY | B26: Total - 207 - Salus HUNGARY | C26: SALUS | D26: HUNGARY | E26: 0 | F26: 0 | H26: =IFERROR(G26/F26-1,"-") -> - | I26: =G26-F26 -> 0 | J26: =VLOOKUP(B26,'תקציב '!$B:$S,5,0)*1 -> 0 | K26: =IFERROR(G26/J26-1,"-") -> - | L26: =G26-J26 -> 0
A27: 216 - Max Konnaris CYPRUS | B27: Total - 216 - Max Konnaris CYPRUS | C27: MAX KONNARIS LTD | D27: CYPRUS | E27: 23907.35 | F27: 0 | G27: 42152.31 | H27: =IFERROR(G27/F27-1,"-") -> - | I27: =G27-F27 -> 42152.31 | J27: =VLOOKUP(B27,'תקציב '!$B:$S,5,0)*1 -> 40000 | K27: =G27/J27-1 -> 0.05380775 | L27: =G27-J27 -> 2152.31
A28: 208 - Medipal Company NABLUS | B28: Total - 208 - Medipal Company NABLUS | C28: MEDIPAL COMPANY | D28: NABLUS | E28: 0 | F28: 0 | H28: =IFERROR(G28/F28-1,"-") -> - | I28: =G28-F28 -> 0 | J28: =VLOOKUP(B28,'תקציב '!$B:$S,5,0)*1 -> 0 | K28: =IFERROR(G28/J28-1,"-") -> - | L28: =G28-J28 -> 0
A29: 209 - Ortoprofil Prod ROMANIA | B29: Total - 209 - Ortoprofil Prod ROMANIA | C29: ORTOPROFIL PROD. ROMANIA | D29: ROMANIA | E29: 49906.61 | F29: 49474.45 | G29: 24695.01 | H29: =G29/F29-1 -> -0.50085327 | I29: =G29-F29 -> -24779.44 | J29: =VLOOKUP(B29,'תקציב '!$B:$S,5,0)*1 -> 24919.5 | K29: =G29/J29-1 -> -0.0090086077 | L29: =G29-J29 -> -224.49
A30: 210 - Oy. Ea. Ab. FINLAND | B30: Total - 210 - Oy. Ea. Ab. FINLAND | C30: OY. EA. AB. | D30: FINLAND | E30: 0 | F30: 0 | H30: =IFERROR(G30/F30-1,"-") -> - | I30: =G30-F30 -> 0 | J30: =VLOOKUP(B30,'תקציב '!$B:$S,5,0)*1 -> 0 | K30: =IFERROR(G30/J30-1,"-") -> - | L30: =G30-J30 -> 0
A31: 201- Seven Gear FINLAND oy | B31: Total - 201- Seven Gear FINLAND oy | C31: SEVEN GEAR | D31: FINLAND | E31: 0 | F31: 0 | H31: =IFERROR(G31/F31-1,"-") -> - | I31: =G31-F31 -> 0 | J31: =VLOOKUP(B31,'תקציב '!$B:$S,5,0)*1 -> 0 | K31: =IFERROR(G31/J31-1,"-") -> - | L31: =G31-J31 -> 0
A32: 211 - Pharmag Lachmair Ges. Mbh AUSTRIA | B32: 211 - Pharmag Lachmair Ges. Mbh AUSTRIA | C32: PHARMAG LACHMAIR GES. MBH | D32: AUSTRIA | E32: 0 | F32: 0 | H32: =IFERROR(G32/F32-1,"-") -> - | I32: =G32-F32 -> 0 | J32: =VLOOKUP(B32,'תקציב '!$B:$S,5,0)*1 -> 0 | K32: =IFERROR(G32/J32-1,"-") -> - | L32: =G32-J32 -> 0
C33: REMEDICARE B.V. | D33: HOLLAND | H33: =IFERROR(G33/F33-1,"-") -> - | I33: =G33-F33 -> 0 | K33: =IFERROR(G33/J33-1,"-") -> - | L33: =G33-J33 -> 0
A34: 213 - E.f.m.o. SPAIN | B34: Total - 213 - E.f.m.o. SPAIN | C34: E.F.M.O. | D34: SPAIN | E34: 19941.82 | F34: 1584.32 | H34: =G34/F34-1 -> -1 | I34: =G34-F34 -> -1584.32 | J34: =VLOOKUP(B34,'תקציב '!$B:$S,5,0)*1 -> 0 | K34: =IFERROR(G34/J34-1,"-") -> - | L34: =G34-J34 -> 0
A35: 214 - Alfred Gera& Sons Ltd. MALTA | B35: Total - 214 - Alfred Gera& Sons Ltd. MALTA | C35: ALFRED GERA | D35: MALTA | E35: 34034.18 | F35: 0 | H35: =IFERROR(G35/F35-1,"-") -> - | I35: =G35-F35 -> 0 | J35: =VLOOKUP(B35,'תקציב '!$B:$S,5,0)*1 -> 0 | K35: =IFERROR(G35/J35-1,"-") -> - | L35: =G35-J35 -> 0
A36: 212 - Quadrifoglio Medical ROMANIA | B36: 212 - Quadrifoglio Medical ROMANIA | C36: QUADRIFOGLIO MEDICAL | D36: ROMANIA | E36: 0 | F36: 0 | H36: =IFERROR(G36/F36-1,"-") -> - | I36: =G36-F36 -> 0 | K36: =IFERROR(G36/J36-1,"-") -> - | L36: =G36-J36 -> 0
A37: 215 - Young In Healthcare Co. SOUTH KOREA | B37: 215 - Young In Healthcare Co. SOUTH KOREA | C37: YOUNG IN HEALTHCARE CO., | D37: KOREA | E37: 0 | F37: 0 | H37: =IFERROR(G37/F37-1,"-") -> - | I37: =G37-F37 -> 0 | K37: =IFERROR(G37/J37-1,"-") -> - | L37: =G37-J37 -> 0
A38: 200 - ROW : 217 - N3W FOODS USA | B38: 200 - ROW : 217 - N3W FOODS USA | C38: HANS | D38: USA | E38: 0 | F38: 0 | H38: =IFERROR(G38/F38-1,"-") -> - | I38: =G38-F38 -> 0 | K38: =IFERROR(G38/J38-1,"-") -> - | L38: =G38-J38 -> 0
B39: NEW DISTRIBUTORS | C39: NEW DISTRIBUTORS | H39: =IFERROR(G39/F39-1,"-") -> - | I39: =G39-F39 -> 0 | J39: =VLOOKUP(B39,'תקציב '!$B:$S,5,0)*1 -> 0 | K39: =IFERROR(G39/J39-1,"-") -> - | L39: =G39-J39 -> 0
B40: סה"כ חו"ל | E40: =SUM(E20:E39)+E51+E52 -> 835589.75 | F40: =SUM(F20:F39)+F51+F52 -> 589959.14 | G40: =SUM(G20:G39)+G51+G52 -> 416070.14 | H40: =G40/F40-1 -> -0.29474753 | I40: =SUM(I20:I39)+I51+I52 -> -173889 | J40: =SUM(J20:J39)+J51+J52 -> 624144.32 | K40: =G40/J40-1 -> -0.33337511 | L40: =SUM(L20:L39)+L51+L52 -> -208074.18
B41: סה"כ מכירות | E41: =E40+E19 -> 2476658.9 | F41: =F40+F19 -> 2075819.5 | G41: =G40+G19 -> 2167853.2 | H41: =G41/F41-1 -> 0.044336101 | I41: =I40+I19 -> 92033.742 | J41: =J40+J19 -> 2671041 | K41: =G41/J41-1 -> -0.18838637 | L41: =L40+L19 -> -503187.72
B42: אחוז מכירות חו"ל מסה"כ מכירות | E42: =E40/E41 -> 0.33738588 | F42: =F40/F41 -> 0.28420542 | G42: =G40/G41 -> 0.19192726 | J42: =J41-'תקציב '!F41*1 -> 0
E43: 0
B50: מכבי | C50: מכבי | D50: ISRAEL | G50: 0 | H50: =IFERROR(G50/F50-1,"-") -> - | I50: =G50-F50 -> 0 | K50: =IFERROR(G50/J50-1,"-") -> - | L50: =G50-J50 -> 0
B51: BAKU | C51: BAKU | D51: AZERBAIJAN | G51: 0 | H51: =IFERROR(G51/F51-1,"-") -> - | I51: =G51-F51 -> 0 | K51: =IFERROR(G51/J51-1,"-") -> - | L51: =G51-J51 -> 0
B52: MEXICO | C52: MEXICO | D52: MEXICO | G52: 0 | H52: =IFERROR(G52/F52-1,"-") -> - | I52: =G52-F52 -> 0 | K52: =IFERROR(G52/J52-1,"-") -> - | L52: =G52-J52 -> 0

Sheet 3
B1: דוח מכירות מרץ 2026
D2: ארץ | E2: 3.2024 | F2: 3.2025 | G2: 3.2026 | H2: אחוז מול 2025 | I2: כספי מול 2025 | J2: תקציב | K2: % מול תקציב | L2: ₪ מול תקציב
A3: 111 - Superpharm Life | B3: סופר פארם לייף | C3: סופר פארם לייף | D3: ISRAEL | E3: 0 | F3: 66608.1 | G3: 123280.14 | H3: =G3/F3-1 -> 0.85082805 | I3: =G3-F3 -> 56672.04 | J3: =VLOOKUP(B3,'תקציב '!$B:$S,6,0)*1 -> 193492.06 | K3: =G3/J3-1 -> -0.3628672 | L3: =G3-J3 -> -70211.923
A4: סופרפארם | B4: סופרפארם | C4: סופרפארם | D4: ISRAEL | E4: 442108.94 | F4: 437918.57 | G4: 418342.47 | H4: =G4/F4-1 -> -0.044702607 | I4: =G4-F4 -> -19576.102 | J4: =VLOOKUP(B4,'תקציב '!$B:$S,6,0)*1 -> 610730.16 | K4: =G4/J4-1 -> -0.31501259 | L4: =G4-J4 -> -192387.69
A5: BE | B5: BE | C5: BE | D5: ISRAEL | E5: 98496.489 | F5: 58257.29 | G5: 59847.151 | H5: =G5/F5-1 -> 0.027290336 | I5: =G5-F5 -> 1589.861 | J5: =VLOOKUP(B5,'תקציב '!$B:$S,6,0)*1 -> 82142.857 | K5: =G5/J5-1 -> -0.27142599 | L5: =G5-J5 -> -22295.706
A6: בתי מרקחת | B6: בתי מרקחת | C6: בתי מרקחת | D6: ISRAEL | E6: 155174.62 | F6: 153012.03 | G6: 122676.56 | H6: =G6/F6-1 -> -0.19825548 | I6: =G6-F6 -> -30335.473 | J6: =VLOOKUP(A6,'תקציב '!$B:$S,6,0)*1 -> 173412.7 | K6: =G6/J6-1 -> -0.29257455 | L6: =G6-J6 -> -50736.141
A7: 112 - Kupat Holim Clalit | B7: כללית | C7: כללית | D7: ISRAEL | E7: 389673.5 | F7: 376182 | G7: 244180.55 | H7: =G7/F7-1 -> -0.35089784 | I7: =G7-F7 -> -132001.45 | J7: =VLOOKUP(B7,'תקציב '!$B:$S,6,0)*1 -> 365000 | K7: =G7/J7-1 -> -0.33101219 | L7: =G7-J7 -> -120819.45
A8: 113 - Kupat Holim Meuhedet | B8: מאוחדת | C8: מאוחדת | D8: ISRAEL | E8: 77394.37 | F8: 74502.3 | G8: 55389.04 | H8: =G8/F8-1 -> -0.25654591 | I8: =G8-F8 -> -19113.26 | J8: =VLOOKUP(B8,'תקציב '!$B:$S,6,0)*1 -> 111269.84 | K8: =G8/J8-1 -> -0.50220977 | L8: =G8-J8 -> -55880.801
A9: 102 - Orthopedic institutes | B9: מכוני אורטופדיה | C9: מכוני אורטופדיה | D9: ISRAEL | E9: 87247.96 | F9: 65531.82 | G9: 48951.14 | H9: =G9/F9-1 -> -0.25301724 | I9: =G9-F9 -> -16580.68 | J9: =VLOOKUP(B9,'תקציב '!$B:$S,6,0)*1 -> 160591.27 | K9: =G9/J9-1 -> -0.69518181 | L9: =G9-J9 -> -111640.13
A10: 101 - Factory customers | B10: לקוחות מפעל | C10: לקוחות מפעל | D10: ISRAEL | E10: 21528.06 | F10: 21300.79 | G10: 6765.24 | H10: =G10/F10-1 -> -0.68239488 | I10: =G10-F10 -> -14535.55 | J10: =VLOOKUP(B10,'תקציב '!$B:$S,6,0)*1 -> 17341.27 | K10: =G10/J10-1 -> -0.60987632 | L10: =G10-J10 -> -10576.03
A11: 109 - Private Shops | B11: חנויות פרטיות | C11: חנויות פרטיות | D11: ISRAEL | E11: 3573.08 | F11: 11352.51 | G11: 3196.2 | H11: =G11/F11-1 -> -0.71845874 | I11: =G11-F11 -> -8156.31 | J11: =VLOOKUP(B11,'תקציב '!$B:$S,6,0)*1 -> 9126.9841 | K11: =G11/J11-1 -> -0.64980765 | L11: =G11-J11 -> -5930.7841
A12: 105 - Pedicure Salons | B12: מכוני פדיקור | C12: מכוני פדיקור | D12: ISRAEL | E12: 0 | F12: 0 | G12: 1106.56 | H12: =IFERROR(G12/F12-1,"-") -> - | I12: =G12-F12 -> 1106.56 | J12: =VLOOKUP(B12,'תקציב '!$B:$S,6,0)*1 -> 0 | L12: =G12-J12 -> 1106.56
A13: 104 - Sports Shop | B13: חנויות נעליים | C13: חנויות נעליים | D13: ISRAEL | E13: 0 | F13: 0 | H13: =IFERROR(G13/F13-1,"-") -> - | I13: =G13-F13 -> 0 | J13: =VLOOKUP(B13,'תקציב '!$B:$S,6,0)*1 -> 0 | K13: =IFERROR(G13/J13-1,"-") -> - | L13: =G13-J13 -> 0
A14: 106 - Hospitals | B14: בתי חולים ושרות | C14: בתי חולים ושרות | D14: ISRAEL | E14: 1275.21 | F14: 0 | H14: =IFERROR(G14/F14-1,"-") -> - | I14: =G14-F14 -> 0 | J14: =VLOOKUP(B14,'תקציב '!$B:$S,6,0)*1 -> 0 | L14: =G14-J14 -> 0
A15: 103 - Physiotherapy institutes | B15: מכוני פיזיותרפיה | C15: מכוני פיזיותרפיה | D15: ISRAEL | E15: 7451.5 | F15: 2138.43 | G15: 6672.87 | H15: =G15/F15-1 -> 2.1204529 | I15: =G15-F15 -> 4534.44 | J15: =VLOOKUP(B15,'תקציב '!$B:$S,6,0)*1 -> 18253.968 | K15: =G15/J15-1 -> -0.63444277 | L15: =G15-J15 -> -11581.098
B16: סה"כ ישראל ללא אונליין | E16: =SUM(E3:E15)+E50 -> 1283923.7 | F16: =SUM(F3:F15)+F50 -> 1266803.8 | G16: =SUM(G3:G15)+G50 -> 1090407.9 | H16: =G16/F16-1 -> -0.13924486 | I16: =SUM(I3:I15)+I50 -> -176395.92 | J16: =SUM(J3:J15)+J50 -> 1741361.1 | K16: =G16/J16-1 -> -0.37381861 | L16: =SUM(L3:L15)+L50 -> -650953.19
A17: 114 - IL online | B17: לקוחות אינטרנט | C17: לקוחות אינטרנט | D17: ISRAEL | E17: 45122.89 | F17: 98819.24 | G17: 409497.07 | H17: =G17/F17-1 -> 3.1439002 | I17: =G17-F17 -> 310677.83 | J17: =VLOOKUP(B17,'תקציב '!$B:$S,6,0)*1 -> 489406.78 | K17: =G17/J17-1 -> -0.16327871 | L17: =G17-J17 -> -79909.71
A18: 115-SuperPharm Online | B18: סופר פארם מרקט פלייס | C18: סופר פארם מרקט פלייס | D18: ISRAEL | E18: 2233.52 | F18: 3577.56 | G18: 2065.63 | H18: =G18/F18-1 -> -0.42261485 | I18: =G18-F18 -> -1511.93 | J18: =VLOOKUP(B18,'תקציב '!$B:$S,6,0)*1 -> 2536.9283 | K18: =G18/J18-1 -> -0.18577519 | L18: =G18-J18 -> -471.29833
B19: סה"כ ישראל | E19: =E16+E17+E18 -> 1331280.1 | F19: =F16+F17+F18 -> 1369200.6 | G19: =G16+G17+G18 -> 1501970.6 | H19: =G19/F19-1 -> 0.09696897 | I19: =I16+I17+I18 -> 132769.98 | J19: =J16+J17+J18 -> 2233304.8 | K19: =G19/J19-1 -> -0.32746726 | L19: =L16+L17+L18 -> -731334.2
A20: 301 - Amazon | B20: Total - 301 - Amazon | C20: AMAZON | D20: USA | E20: 334336.04 | F20: 239973.2 | G20: 213959.66 | H20: =G20/F20-1 -> -0.10840185 | I20: =G20-F20 -> -26013.54 | J20: =VLOOKUP(B20,'תקציב '!$B:$S,6,0)*1 -> 332824.44 | K20: =G20/J20-1 -> -0.35713959 | L20: =G20-J20 -> -118864.78
A21: 202 - Super-Pharm POLAND | B21: Total - 202 - Super-Pharm POLAND | C21: SUPER PHARM POLAND | D21: POLAND | E21: 0 | F21: 0 | H21: =IFERROR(G21/F21-1,"-") -> - | I21: =G21-F21 -> 0 | J21: =VLOOKUP(B21,'תקציב '!$B:$S,6,0)*1 -> 0 | K21: =IFERROR(G21/J21-1,"-") -> - | L21: =G21-J21 -> 0
A22: 203 - Ortho- Partner ag SWITZERLAND | B22: Total - 203 - Ortho- Partner ag SWITZERLAND | C22: ORTHO- PARTNER AG. | D22: SWITZERLAND | E22: 11470.17 | F22: 26449.51 | G22: 6418.64 | H22: =G22/F22-1 -> -0.7573248 | I22: =G22-F22 -> -20030.87 | J22: =VLOOKUP(B22,'תקציב '!$B:$S,6,0)*1 -> 15000 | K22: =G22/J22-1 -> -0.57209067 | L22: =G22-J22 -> -8581.36
A23: 204 - Sanaflex Anatomic GREECE | B23: Total - 204 - Sanaflex Anatomic GREECE | C23: SANAFLEX ANATOMIC | D23: GREECE | E23: 84607.51 | F23: 0 | H23: =IFERROR(G23/F23-1,"-") -> - | I23: =G23-F23 -> 0 | J23: =VLOOKUP(B23,'תקציב '!$B:$S,6,0)*1 -> 95000 | K23: =G23/J23-1 -> -1 | L23: =G23-J23 -> -95000
A24: 205 - Health Care Prod. Gmbh GERMANY | B24: Total - 205 - Health Care Prod. Gmbh GERMANY | C24: HEALTH CARE PROD. GMBH | D24: GERMANY | E24: 16377.13 | F24: 13664.6 | G24: 29021.19 | H24: =G24/F24-1 -> 1.1238229 | I24: =G24-F24 -> 15356.59 | J24: =VLOOKUP(B24,'תקציב '!$B:$S,6,0)*1 -> 17000 | K24: =G24/J24-1 -> 0.70712882 | L24: =G24-J24 -> 12021.19
A25: 206 - Orthomed Ltd BULGARIA | B25: Total - 206 - Orthomed Ltd BULGARIA | C25: ORTHOMED LTD | D25: BULGARIA | E25: 0 | F25: 42132.93 | H25: =G25/F25-1 -> -1 | I25: =G25-F25 -> -42132.93 | J25: =VLOOKUP(B25,'תקציב '!$B:$S,6,0)*1 -> 5000 | K25: =G25/J25-1 -> -1 | L25: =G25-J25 -> -5000
A26: 207 - Salus HUNGARY | B26: Total - 207 - Salus HUNGARY | C26: SALUS | D26: HUNGARY | E26: 0 | F26: 0 | H26: =IFERROR(G26/F26-1,"-") -> - | I26: =G26-F26 -> 0 | J26: =VLOOKUP(B26,'תקציב '!$B:$S,6,0)*1 -> 0 | K26: =IFERROR(G26/J26-1,"-") -> - | L26: =G26-J26 -> 0
A27: 216 - Max Konnaris CYPRUS | B27: Total - 216 - Max Konnaris CYPRUS | C27: MAX KONNARIS LTD | D27: CYPRUS | E27: 38588.13 | F27: 0 | H27: =IFERROR(G27/F27-1,"-") -> - | I27: =G27-F27 -> 0 | J27: =VLOOKUP(B27,'תקציב '!$B:$S,6,0)*1 -> 0 | K27: =IFERROR(G27/J27-1,"-") -> - | L27: =G27-J27 -> 0
A28: 208 - Medipal Company NABLUS | B28: Total - 208 - Medipal Company NABLUS | C28: MEDIPAL COMPANY | D28: NABLUS | E28: 171813.81 | F28: 0.22 | H28: =G28/F28-1 -> -1 | I28: =G28-F28 -> -0.22 | J28: =VLOOKUP(B28,'תקציב '!$B:$S,6,0)*1 -> 0 | K28: =IFERROR(G28/J28-1,"-") -> - | L28: =G28-J28 -> 0
A29: 209 - Ortoprofil Prod ROMANIA | B29: Total - 209 - Ortoprofil Prod ROMANIA | C29: ORTOPROFIL PROD. ROMANIA | D29: ROMANIA | E29: 25514.68 | F29: 43871.72 | H29: =G29/F29-1 -> -1 | I29: =G29-F29 -> -43871.72 | J29: =VLOOKUP(B29,'תקציב '!$B:$S,6,0)*1 -> 39765.076 | K29: =G29/J29-1 -> -1 | L29: =G29-J29 -> -39765.076
A30: 210 - Oy. Ea. Ab. FINLAND | B30: Total - 210 - Oy. Ea. Ab. FINLAND | C30: OY. EA. AB. | D30: FINLAND | E30: 0 | F30: 32010.18 | H30: =G30/F30-1 -> -1 | I30: =G30-F30 -> -32010.18 | J30: =VLOOKUP(B30,'תקציב '!$B:$S,6,0)*1 -> 0 | K30: =IFERROR(G30/J30-1,"-") -> - | L30: =G30-J30 -> 0
A31: 201- Seven Gear FINLAND oy | B31: Total - 201- Seven Gear FINLAND oy | C31: SEVEN GEAR | D31: FINLAND | E31: 0 | F31: 0 | H31: =IFERROR(G31/F31-1,"-") -> - | I31: =G31-F31 -> 0 | J31: =VLOOKUP(B31,'תקציב '!$B:$S,6,0)*1 -> 20000 | K31: =G31/J31-1 -> -1 | L31: =G31-J31 -> -20000
A32: 211 - Pharmag Lachmair Ges. Mbh AUSTRIA | B32: 211 - Pharmag Lachmair Ges. Mbh AUSTRIA | C32: PHARMAG LACHMAIR GES. MBH | D32: AUSTRIA | E32: 0 | F32: 16024.5 | H32: =G32/F32-1 -> -1 | I32: =G32-F32 -> -16024.5 | J32: =VLOOKUP(B32,'תקציב '!$B:$S,6,0)*1 -> 18000 | K32: =G32/J32-1 -> -1 | L32: =G32-J32 -> -18000
C33: REMEDICARE B.V. | D33: HOLLAND | H33: =IFERROR(G33/F33-1,"-") -> - | I33: =G33-F33 -> 0 | K33: =IFERROR(G33/J33-1,"-") -> - | L33: =G33-J33 -> 0
A34: 213 - E.f.m.o. SPAIN | B34: Total - 213 - E.f.m.o. SPAIN | C34: E.F.M.O. | D34: SPAIN | E34: -20732.48 | F34: 0 | H34: =IFERROR(G34/F34-1,"-") -> - | I34: =G34-F34 -> 0 | J34: =VLOOKUP(B34,'תקציב '!$B:$S,6,0)*1 -> 0 | K34: =IFERROR(G34/J34-1,"-") -> - | L34: =G34-J34 -> 0
A35: 214 - Alfred Gera& Sons Ltd. MALTA | B35: Total - 214 - Alfred Gera& Sons Ltd. MALTA | C35: ALFRED GERA | D35: MALTA | E35: 0 | F35: 0 | H35: =IFERROR(G35/F35-1,"-") -> - | I35: =G35-F35 -> 0 | J35: =VLOOKUP(B35,'תקציב '!$B:$S,6,0)*1 -> 0 | K35: =IFERROR(G35/J35-1,"-") -> - | L35: =G35-J35 -> 0
A36: 212 - Quadrifoglio Medical ROMANIA | B36: 212 - Quadrifoglio Medical ROMANIA | C36: QUADRIFOGLIO MEDICAL | D36: ROMANIA | E36: 0 | F36: 0 | H36: =IFERROR(G36/F36-1,"-") -> - | I36: =G36-F36 -> 0 | K36: =IFERROR(G36/J36-1,"-") -> - | L36: =G36-J36 -> 0
A37: 215 - Young In Healthcare Co. SOUTH KOREA | B37: 215 - Young In Healthcare Co. SOUTH KOREA | C37: YOUNG IN HEALTHCARE CO., | D37: KOREA | E37: 0 | F37: 0 | H37: =IFERROR(G37/F37-1,"-") -> - | I37: =G37-F37 -> 0 | K37: =IFERROR(G37/J37-1,"-") -> - | L37: =G37-J37 -> 0
A38: 200 - ROW : 217 - N3W FOODS USA | B38: 200 - ROW : 217 - N3W FOODS USA | C38: HANS | D38: USA | E38: 0 | F38: 0 | H38: =IFERROR(G38/F38-1,"-") -> - | I38: =G38-F38 -> 0 | K38: =IFERROR(G38/J38-1,"-") -> - | L38: =G38-J38 -> 0
B39: NEW DISTRIBUTORS | C39: NEW DISTRIBUTORS | H39: =IFERROR(G39/F39-1,"-") -> - | I39: =G39-F39 -> 0 | J39: =VLOOKUP(B39,'תקציב '!$B:$S,6,0)*1 -> 0 | K39: =IFERROR(G39/J39-1,"-") -> - | L39: =G39-J39 -> 0
B40: סה"כ חו"ל | E40: =SUM(E20:E39)+E51+E52 -> 661974.99 | F40: =SUM(F20:F39)+F51+F52 -> 414126.86 | G40: =SUM(G20:G39)+G51+G52 -> 249399.49 | H40: =G40/F40-1 -> -0.39777031 | I40: =SUM(I20:I39)+I51+I52 -> -164727.37 | J40: =SUM(J20:J39)+J51+J52 -> 542589.52 | K40: =G40/J40-1 -> -0.54035329 | L40: =SUM(L20:L39)+L51+L52 -> -293190.03
B41: סה"כ מכירות | E41: =E40+E19 -> 1993255.1 | F41: =F40+F19 -> 1783327.5 | G41: =G40+G19 -> 1751370.1 | H41: =G41/F41-1 -> -0.017920093 | I41: =I40+I19 -> -31957.394 | J41: =J40+J19 -> 2775894.3 | K41: =G41/J41-1 -> -0.36907897 | L41: =L40+L19 -> -1024524.2
B42: אחוז מכירות חו"ל מסה"כ מכירות | E42: =E40/E41 -> 0.33210751 | F42: =F40/F41 -> 0.23222143 | G42: =G40/G41 -> 0.1424025 | J42: =J41-'תקציב '!G41*1 -> 0
E43: 0
B50: מכבי | C50: מכבי | D50: ISRAEL | G50: 0 | H50: =IFERROR(G50/F50-1,"-") -> - | I50: =G50-F50 -> 0 | K50: =IFERROR(G50/J50-1,"-") -> - | L50: =G50-J50 -> 0
B51: BAKU | C51: BAKU | D51: AZERBAIJAN | G51: 0 | H51: =IFERROR(G51/F51-1,"-") -> - | I51: =G51-F51 -> 0 | K51: =IFERROR(G51/J51-1,"-") -> - | L51: =G51-J51 -> 0
B52: MEXICO | C52: MEXICO | D52: MEXICO | G52: 0 | H52: =IFERROR(G52/F52-1,"-") -> - | I52: =G52-F52 -> 0 | K52: =IFERROR(G52/J52-1,"-") -> - | L52: =G52-J52 -> 0

Sheet 4
B1: דוח מכירות אפריל 2026
D2: ארץ | E2: 4.2024 | F2: 4.2025 | G2: 4.2026 | H2: אחוז מול 2025 | I2: כספי מול 2025 | J2: תקציב | K2: % מול תקציב | L2: ₪ מול תקציב
A3: 111 - Superpharm Life | B3: סופר פארם לייף | C3: סופר פארם לייף | D3: ISRAEL | E3: 263037.5 | F3: 336937.6 | G3: 124575.26 | H3: =G3/F3-1 -> -0.63027201 | I3: =G3-F3 -> -212362.34 | J3: =VLOOKUP(B3,'תקציב '!$B:$S,7,0)*1 -> 173015.87 | K3: =G3/J3-1 -> -0.27997786 | L3: =G3-J3 -> -48440.613
A4: סופרפארם | B4: סופרפארם | C4: סופרפארם | D4: ISRAEL | E4: 473814.8 | F4: 549545.83 | G4: 429718.2 | H4: =G4/F4-1 -> -0.21804848 | I4: =G4-F4 -> -119827.63 | J4: =VLOOKUP(B4,'תקציב '!$B:$S,7,0)*1 -> 475539.68 | K4: =G4/J4-1 -> -0.096356805 | L4: =G4-J4 -> -45821.485
A5: BE | B5: BE | C5: BE | D5: ISRAEL | E5: 100846.29 | F5: 75168 | G5: 83501.964 | H5: =G5/F5-1 -> 0.11087117 | I5: =G5-F5 -> 8333.964 | J5: =VLOOKUP(B5,'תקציב '!$B:$S,7,0)*1 -> 60714.286 | K5: =G5/J5-1 -> 0.37532647 | L5: =G5-J5 -> 22787.678
A6: בתי מרקחת | B6: בתי מרקחת | C6: בתי מרקחת | D6: ISRAEL | E6: 132554.79 | F6: 173213.55 | G6: 125615.73 | H6: =G6/F6-1 -> -0.27479273 | I6: =G6-F6 -> -47597.824 | J6: =VLOOKUP(A6,'תקציב '!$B:$S,7,0)*1 -> 134174.6 | K6: =G6/J6-1 -> -0.0637891 | L6: =G6-J6 -> -8558.8772
A7: 112 - Kupat Holim Clalit | B7: כללית | C7: כללית | D7: ISRAEL | E7: 244648 | F7: 263457 | G7: 220778.2 | H7: =G7/F7-1 -> -0.16199532 | I7: =G7-F7 -> -42678.8 | J7: =VLOOKUP(B7,'תקציב '!$B:$S,7,0)*1 -> 365000 | K7: =G7/J7-1 -> -0.39512822 | L7: =G7-J7 -> -144221.8
A8: 113 - Kupat Holim Meuhedet | B8: מאוחדת | C8: מאוחדת | D8: ISRAEL | E8: 59971.53 | F8: 62433.13 | G8: 50971.08 | H8: =G8/F8-1 -> -0.18358923 | I8: =G8-F8 -> -11462.05 | J8: =VLOOKUP(B8,'תקציב '!$B:$S,7,0)*1 -> 97460.317 | K8: =G8/J8-1 -> -0.47700683 | L8: =G8-J8 -> -46489.237
A9: 102 - Orthopedic institutes | B9: מכוני אורטופדיה | C9: מכוני אורטופדיה | D9: ISRAEL | E9: 69580.43 | F9: 74555.12 | G9: 88526.04 | H9: =G9/F9-1 -> 0.18739048 | I9: =G9-F9 -> 13970.92 | J9: =VLOOKUP(B9,'תקציב '!$B:$S,7,0)*1 -> 139567.46 | K9: =G9/J9-1 -> -0.36571146 | L9: =G9-J9 -> -51041.42
A10: 101 - Factory customers | B10: לקוחות מפעל | C10: לקוחות מפעל | D10: ISRAEL | E10: 14571.76 | F10: 15201.7 | G10: 11923.54 | H10: =G10/F10-1 -> -0.2156443 | I10: =G10-F10 -> -3278.16 | J10: =VLOOKUP(B10,'תקציב '!$B:$S,7,0)*1 -> 12817.46 | K10: =G10/J10-1 -> -0.06974239 | L10: =G10-J10 -> -893.92032
A11: 109 - Private Shops | B11: חנויות פרטיות | C11: חנויות פרטיות | D11: ISRAEL | E11: 11309.68 | F11: 4054.42 | G11: 4956.22 | H11: =G11/F11-1 -> 0.22242392 | I11: =G11-F11 -> 901.8 | J11: =VLOOKUP(B11,'תקציב '!$B:$S,7,0)*1 -> 6746.0317 | K11: =G11/J11-1 -> -0.26531327 | L11: =G11-J11 -> -1789.8117
A12: 105 - Pedicure Salons | B12: מכוני פדיקור | C12: מכוני פדיקור | D12: ISRAEL | E12: 850.4 | F12: 0 | H12: =IFERROR(G12/F12-1,"-") -> - | I12: =G12-F12 -> 0 | J12: =VLOOKUP(B12,'תקציב '!$B:$S,7,0)*1 -> 0 | L12: =G12-J12 -> 0
A13: 104 - Sports Shop | B13: חנויות נעליים | C13: חנויות נעליים | D13: ISRAEL | E13: 0 | F13: 0 | H13: =IFERROR(G13/F13-1,"-") -> - | I13: =G13-F13 -> 0 | J13: =VLOOKUP(B13,'תקציב '!$B:$S,7,0)*1 -> 12500 | K13: =G13/J13-1 -> -1 | L13: =G13-J13 -> -12500
A14: 106 - Hospitals | B14: בתי חולים ושרות | C14: בתי חולים ושרות | D14: ISRAEL | E14: 0 | F14: 0 | G14: 847.74 | H14: =IFERROR(G14/F14-1,"-") -> - | I14: =G14-F14 -> 847.74 | J14: =VLOOKUP(B14,'תקציב '!$B:$S,7,0)*1 -> 50000 | K14: =G14/J14-1 -> -0.9830452 | L14: =G14-J14 -> -49152.26
A15: 103 - Physiotherapy institutes | B15: מכוני פיזיותרפיה | C15: מכוני פיזיותרפיה | D15: ISRAEL | E15: 3314.43 | F15: 5898.37 | G15: 33906.96 | H15: =G15/F15-1 -> 4.7485305 | I15: =G15-F15 -> 28008.59 | J15: =VLOOKUP(B15,'תקציב '!$B:$S,7,0)*1 -> 13492.063 | K15: =G15/J15-1 -> 1.5131041 | L15: =G15-J15 -> 20414.897
B16: סה"כ ישראל ללא אונליין | E16: =SUM(E3:E15)+E50 -> 1374499.6 | F16: =SUM(F3:F15)+F50 -> 1560464.7 | G16: =SUM(G3:G15)+G50 -> 1175320.9 | H16: =G16/F16-1 -> -0.24681352 | I16: =SUM(I3:I15)+I50 -> -385143.79 | J16: =SUM(J3:J15)+J50 -> 1541027.8 | K16: =G16/J16-1 -> -0.2373136 | L16: =SUM(L3:L15)+L50 -> -365706.85
A17: 114 - IL online | B17: לקוחות אינטרנט | C17: לקוחות אינטרנט | D17: ISRAEL | E17: 43476.43 | F17: 96447.31 | G17: 544858.41 | H17: =G17/F17-1 -> 4.6492857 | I17: =G17-F17 -> 448411.1 | J17: =VLOOKUP(B17,'תקציב '!$B:$S,7,0)*1 -> 453601.69 | K17: =G17/J17-1 -> 0.20118248 | L17: =G17-J17 -> 91256.715
A18: 115-SuperPharm Online | B18: סופר פארם מרקט פלייס | C18: סופר פארם מרקט פלייס | D18: ISRAEL | E18: 2046.43 | F18: 2606.4 | G18: 1302.94 | H18: =G18/F18-1 -> -0.50009975 | I18: =G18-F18 -> -1303.46 | J18: =VLOOKUP(B18,'תקציב '!$B:$S,7,0)*1 -> 2536.9283 | K18: =G18/J18-1 -> -0.4864104 | L18: =G18-J18 -> -1233.9883
B19: סה"כ ישראל | E19: =E16+E17+E18 -> 1420022.5 | F19: =F16+F17+F18 -> 1659518.4 | G19: =G16+G17+G18 -> 1721482.3 | H19: =G19/F19-1 -> 0.037338451 | I19: =I16+I17+I18 -> 61963.848 | J19: =J16+J17+J18 -> 1997166.4 | K19: =G19/J19-1 -> -0.13803763 | L19: =L16+L17+L18 -> -275684.12
A20: 301 - Amazon | B20: Total - 301 - Amazon | C20: AMAZON | D20: USA | E20: 264520.55 | F20: 238431.78 | G20: 214988.69 | H20: =G20/F20-1 -> -0.098322002 | I20: =G20-F20 -> -23443.09 | J20: =VLOOKUP(B20,'תקציב '!$B:$S,7,0)*1 -> 367136.19 | K20: =G20/J20-1 -> -0.41441706 | L20: =G20-J20 -> -152147.5
A21: 202 - Super-Pharm POLAND | B21: Total - 202 - Super-Pharm POLAND | C21: SUPER PHARM POLAND | D21: POLAND | E21: 184350.47 | F21: 217182.24 | H21: =G21/F21-1 -> -1 | I21: =G21-F21 -> -217182.24 | J21: =VLOOKUP(B21,'תקציב '!$B:$S,7,0)*1 -> 0 | K21: =IFERROR(G21/J21-1,"-") -> - | L21: =G21-J21 -> 0
A22: 203 - Ortho- Partner ag SWITZERLAND | B22: Total - 203 - Ortho- Partner ag SWITZERLAND | C22: ORTHO- PARTNER AG. | D22: SWITZERLAND | E22: 0 | F22: 0 | G22: 123835.02 | H22: =IFERROR(G22/F22-1,"-") -> - | I22: =G22-F22 -> 123835.02 | J22: =VLOOKUP(B22,'תקציב '!$B:$S,7,0)*1 -> 100000 | K22: =G22/J22-1 -> 0.2383502 | L22: =G22-J22 -> 23835.02
A23: 204 - Sanaflex Anatomic GREECE | B23: Total - 204 - Sanaflex Anatomic GREECE | C23: SANAFLEX ANATOMIC | D23: GREECE | E23: 0 | F23: 88706.82 | G23: 92404.96 | H23: =G23/F23-1 -> 0.041689466 | I23: =G23-F23 -> 3698.14 | J23: =VLOOKUP(B23,'תקציב '!$B:$S,7,0)*1 -> 0 | K23: =IFERROR(G23/J23-1,"-") -> - | L23: =G23-J23 -> 92404.96
A24: 205 - Health Care Prod. Gmbh GERMANY | B24: Total - 205 - Health Care Prod. Gmbh GERMANY | C24: HEALTH CARE PROD. GMBH | D24: GERMANY | E24: 17556.44 | F24: 11888.32 | H24: =G24/F24-1 -> -1 | I24: =G24-F24 -> -11888.32 | J24: =VLOOKUP(B24,'תקציב '!$B:$S,7,0)*1 -> 10000 | K24: =G24/J24-1 -> -1 | L24: =G24-J24 -> -10000
A25: 206 - Orthomed Ltd BULGARIA | B25: Total - 206 - Orthomed Ltd BULGARIA | C25: ORTHOMED LTD | D25: BULGARIA | E25: 0 | F25: 0 | H25: =IFERROR(G25/F25-1,"-") -> - | I25: =G25-F25 -> 0 | J25: =VLOOKUP(B25,'תקציב '!$B:$S,7,0)*1 -> 5000 | K25: =G25/J25-1 -> -1 | L25: =G25-J25 -> -5000
A26: 207 - Salus HUNGARY | B26: Total - 207 - Salus HUNGARY | C26: SALUS | D26: HUNGARY | E26: 0 | F26: 0 | G26: 165356.86 | H26: =IFERROR(G26/F26-1,"-") -> - | I26: =G26-F26 -> 165356.86 | J26: =VLOOKUP(B26,'תקציב '!$B:$S,7,0)*1 -> 150000 | K26: =G26/J26-1 -> 0.10237907 | L26: =G26-J26 -> 15356.86
A27: 216 - Max Konnaris CYPRUS | B27: Total - 216 - Max Konnaris CYPRUS | C27: MAX KONNARIS LTD | D27: CYPRUS | E27: 0 | F27: 35240.62 | H27: =G27/F27-1 -> -1 | I27: =G27-F27 -> -35240.62 | J27: =VLOOKUP(B27,'תקציב '!$B:$S,7,0)*1 -> 40000 | K27: =G27/J27-1 -> -1 | L27: =G27-J27 -> -40000
A28: 208 - Medipal Company NABLUS | B28: Total - 208 - Medipal Company NABLUS | C28: MEDIPAL COMPANY | D28: NABLUS | E28: 0 | F28: 0 | H28: =IFERROR(G28/F28-1,"-") -> - | I28: =G28-F28 -> 0 | J28: =VLOOKUP(B28,'תקציב '!$B:$S,7,0)*1 -> 0 | K28: =IFERROR(G28/J28-1,"-") -> - | L28: =G28-J28 -> 0
A29: 209 - Ortoprofil Prod ROMANIA | B29: Total - 209 - Ortoprofil Prod ROMANIA | C29: ORTOPROFIL PROD. ROMANIA | D29: ROMANIA | E29: 27828.48 | F29: 38170.88 | G29: 60931.15 | H29: =G29/F29-1 -> 0.59627313 | I29: =G29-F29 -> 22760.27 | J29: =VLOOKUP(B29,'תקציב '!$B:$S,7,0)*1 -> 39765.076 | K29: =G29/J29-1 -> 0.53227797 | L29: =G29-J29 -> 21166.074
A30: 210 - Oy. Ea. Ab. FINLAND | B30: Total - 210 - Oy. Ea. Ab. FINLAND | C30: OY. EA. AB. | D30: FINLAND | E30: 49617.59 | F30: 0 | H30: =IFERROR(G30/F30-1,"-") -> - | I30: =G30-F30 -> 0 | J30: =VLOOKUP(B30,'תקציב '!$B:$S,7,0)*1 -> 35000 | K30: =G30/J30-1 -> -1 | L30: =G30-J30 -> -35000
A31: 201- Seven Gear FINLAND oy | B31: Total - 201- Seven Gear FINLAND oy | C31: SEVEN GEAR | D31: FINLAND | E31: 20354.79 | F31: 0 | G31: 17809.5 | H31: =IFERROR(G31/F31-1,"-") -> - | I31: =G31-F31 -> 17809.5 | J31: =VLOOKUP(B31,'תקציב '!$B:$S,7,0)*1 -> 0 | K31: =IFERROR(G31/J31-1,"-") -> - | L31: =G31-J31 -> 17809.5
A32: 211 - Pharmag Lachmair Ges. Mbh AUSTRIA | B32: 211 - Pharmag Lachmair Ges. Mbh AUSTRIA | C32: PHARMAG LACHMAIR GES. MBH | D32: AUSTRIA | E32: 0 | F32: 0 | H32: =IFERROR(G32/F32-1,"-") -> - | I32: =G32-F32 -> 0 | J32: =VLOOKUP(B32,'תקציב '!$B:$S,7,0)*1 -> 0 | K32: =IFERROR(G32/J32-1,"-") -> - | L32: =G32-J32 -> 0
C33: REMEDICARE B.V. | D33: HOLLAND | H33: =IFERROR(G33/F33-1,"-") -> - | I33: =G33-F33 -> 0 | K33: =IFERROR(G33/J33-1,"-") -> - | L33: =G33-J33 -> 0
A34: 213 - E.f.m.o. SPAIN | B34: Total - 213 - E.f.m.o. SPAIN | C34: E.F.M.O. | D34: SPAIN | E34: 0 | F34: 0 | H34: =IFERROR(G34/F34-1,"-") -> - | I34: =G34-F34 -> 0 | J34: =VLOOKUP(B34,'תקציב '!$B:$S,7,0)*1 -> 0 | K34: =IFERROR(G34/J34-1,"-") -> - | L34: =G34-J34 -> 0
A35: 214 - Alfred Gera& Sons Ltd. MALTA | B35: Total - 214 - Alfred Gera& Sons Ltd. MALTA | C35: ALFRED GERA | D35: MALTA | E35: 0 | F35: 0 | H35: =IFERROR(G35/F35-1,"-") -> - | I35: =G35-F35 -> 0 | J35: =VLOOKUP(B35,'תקציב '!$B:$S,7,0)*1 -> 0 | K35: =IFERROR(G35/J35-1,"-") -> - | L35: =G35-J35 -> 0
A36: 212 - Quadrifoglio Medical ROMANIA | B36: 212 - Quadrifoglio Medical ROMANIA | C36: QUADRIFOGLIO MEDICAL | D36: ROMANIA | E36: 41531.96 | F36: 0 | H36: =IFERROR(G36/F36-1,"-") -> - | I36: =G36-F36 -> 0 | K36: =IFERROR(G36/J36-1,"-") -> - | L36: =G36-J36 -> 0
A37: 215 - Young In Healthcare Co. SOUTH KOREA | B37: 215 - Young In Healthcare Co. SOUTH KOREA | C37: YOUNG IN HEALTHCARE CO., | D37: KOREA | E37: 0 | F37: 0 | H37: =IFERROR(G37/F37-1,"-") -> - | I37: =G37-F37 -> 0 | K37: =IFERROR(G37/J37-1,"-") -> - | L37: =G37-J37 -> 0
A38: 200 - ROW : 217 - N3W FOODS USA | B38: 200 - ROW : 217 - N3W FOODS USA | C38: HANS | D38: USA | E38: 0 | F38: 0 | H38: =IFERROR(G38/F38-1,"-") -> - | I38: =G38-F38 -> 0 | J38: =VLOOKUP(B38,'תקציב '!$B:$S,7,0)*1 -> 200000 | K38: =G38/J38-1 -> -1 | L38: =G38-J38 -> -200000
B39: NEW DISTRIBUTORS | C39: NEW DISTRIBUTORS | H39: =IFERROR(G39/F39-1,"-") -> - | I39: =G39-F39 -> 0 | J39: =VLOOKUP(B39,'תקציב '!$B:$S,7,0)*1 -> 0 | K39: =IFERROR(G39/J39-1,"-") -> - | L39: =G39-J39 -> 0
B40: סה"כ חו"ל | E40: =SUM(E20:E39)+E51+E52 -> 605760.28 | F40: =SUM(F20:F39)+F51+F52 -> 629620.66 | G40: =SUM(G20:G39)+G51+G52 -> 675326.18 | H40: =G40/F40-1 -> 0.072592154 | I40: =SUM(I20:I39)+I51+I52 -> 45705.52 | J40: =SUM(J20:J39)+J51+J52 -> 946901.27 | K40: =G40/J40-1 -> -0.28680402 | L40: =SUM(L20:L39)+L51+L52 -> -271575.09
B41: סה"כ מכירות | E41: =E40+E19 -> 2025782.7 | F41: =F40+F19 -> 2289139.1 | G41: =G40+G19 -> 2396808.5 | H41: =G41/F41-1 -> 0.047034874 | I41: =I40+I19 -> 107669.37 | J41: =J40+J19 -> 2944067.7 | K41: =G41/J41-1 -> -0.1858854 | L41: =L40+L19 -> -547259.21
B42: אחוז מכירות חו"ל מסה"כ מכירות | E42: =E40/E41 -> 0.29902529 | F42: =F40/F41 -> 0.27504692 | G42: =G40/G41 -> 0.2817606 | J42: =J41-'תקציב '!H41*1 -> 0
E43: 0
B50: מכבי | C50: מכבי | D50: ISRAEL | G50: 0 | H50: =IFERROR(G50/F50-1,"-") -> - | I50: =G50-F50 -> 0 | K50: =IFERROR(G50/J50-1,"-") -> - | L50: =G50-J50 -> 0
B51: BAKU | C51: BAKU | D51: AZERBAIJAN | G51: 0 | H51: =IFERROR(G51/F51-1,"-") -> - | I51: =G51-F51 -> 0 | K51: =IFERROR(G51/J51-1,"-") -> - | L51: =G51-J51 -> 0
B52: MEXICO | C52: MEXICO | D52: MEXICO | G52: 0 | H52: =IFERROR(G52/F52-1,"-") -> - | I52: =G52-F52 -> 0 | K52: =IFERROR(G52/J52-1,"-") -> - | L52: =G52-J52 -> 0

Sheet 5
B1: דוח מכירות מאי 2026
D2: ארץ | E2: 5.2024 | F2: 5.2025 | G2: 5.2026 | H2: אחוז מול 2025 | I2: כספי מול 2025 | J2: תקציב | K2: % מול תקציב | L2: ₪ מול תקציב
A3: 111 - Superpharm Life | B3: סופר פארם לייף | C3: סופר פארם לייף | D3: ISRAEL | E3: 155618.13 | F3: 131634 | H3: =G3/F3-1 -> -1 | I3: =G3-F3 -> -131634 | J3: =VLOOKUP(B3,'תקציב '!$B:$S,8,0)*1 -> 188253.97 | K3: =G3/J3-1 -> -1 | L3: =G3-J3 -> -188253.97
A4: סופרפארם | B4: סופרפארם | C4: סופרפארם | D4: ISRAEL | E4: 560199.91 | F4: 729180.69 | G4: 498482.53 | H4: =G4/F4-1 -> -0.31637997 | I4: =G4-F4 -> -230698.16 | J4: =VLOOKUP(B4,'תקציב '!$B:$S,8,0)*1 -> 558634.92 | K4: =G4/J4-1 -> -0.10767746 | L4: =G4-J4 -> -60152.391
A5: BE | B5: BE | C5: BE | D5: ISRAEL | E5: 104005.54 | F5: 80577.77 | G5: 81328.338 | H5: =G5/F5-1 -> 0.0093148272 | I5: =G5-F5 -> 750.568 | J5: =VLOOKUP(B5,'תקציב '!$B:$S,8,0)*1 -> 71428.571 | K5: =G5/J5-1 -> 0.13859673 | L5: =G5-J5 -> 9899.7666
A6: בתי מרקחת | B6: בתי מרקחת | C6: בתי מרקחת | D6: ISRAEL | E6: 211638.8 | F6: 186515.16 | G6: 148972.08 | H6: =G6/F6-1 -> -0.20128697 | I6: =G6-F6 -> -37543.071 | J6: =VLOOKUP(A6,'תקציב '!$B:$S,8,0)*1 -> 160793.65 | K6: =G6/J6-1 -> -0.073520109 | L6: =G6-J6 -> -11821.567
A7: 112 - Kupat Holim Clalit | B7: כללית | C7: כללית | D7: ISRAEL | E7: 327442 | F7: 307503 | G7: 318846.8 | H7: =G7/F7-1 -> 0.036890047 | I7: =G7-F7 -> 11343.8 | J7: =VLOOKUP(B7,'תקציב '!$B:$S,8,0)*1 -> 365000 | K7: =G7/J7-1 -> -0.12644712 | L7: =G7-J7 -> -46153.2
A8: 113 - Kupat Holim Meuhedet | B8: מאוחדת | C8: מאוחדת | D8: ISRAEL | E8: 65998.04 | F8: 88130.8 | G8: 47091.772 | H8: =G8/F8-1 -> -0.46566045 | I8: =G8-F8 -> -41039.028 | J8: =VLOOKUP(B8,'תקציב '!$B:$S,8,0)*1 -> 99365.079 | K8: =G8/J8-1 -> -0.52607322 | L8: =G8-J8 -> -52273.307
A9: 102 - Orthopedic institutes | B9: מכוני אורטופדיה | C9: מכוני אורטופדיה | D9: ISRAEL | E9: 99310.41 | F9: 94846.85 | G9: 102176.91 | H9: =G9/F9-1 -> 0.077283115 | I9: =G9-F9 -> 7330.06 | J9: =VLOOKUP(B9,'תקציב '!$B:$S,8,0)*1 -> 170079.37 | K9: =G9/J9-1 -> -0.39923982 | L9: =G9-J9 -> -67902.455
A10: 101 - Factory customers | B10: לקוחות מפעל | C10: לקוחות מפעל | D10: ISRAEL | E10: 16034.44 | F10: 15870.65 | G10: 6343.11 | H10: =G10/F10-1 -> -0.6003245 | I10: =G10-F10 -> -9527.54 | J10: =VLOOKUP(B10,'תקציב '!$B:$S,8,0)*1 -> 15079.365 | K10: =G10/J10-1 -> -0.57935165 | L10: =G10-J10 -> -8736.2551
A11: 109 - Private Shops | B11: חנויות פרטיות | C11: חנויות פרטיות | D11: ISRAEL | E11: 1188.66 | F11: 5871.12 | G11: 7664.69 | H11: =G11/F11-1 -> 0.30549026 | I11: =G11-F11 -> 1793.57 | J11: =VLOOKUP(B11,'תקציב '!$B:$S,8,0)*1 -> 7936.5079 | K11: =G11/J11-1 -> -0.03424906 | L11: =G11-J11 -> -271.81794
A12: 105 - Pedicure Salons | B12: מכוני פדיקור | C12: מכוני פדיקור | D12: ISRAEL | E12: 0 | F12: 0 | H12: =IFERROR(G12/F12-1,"-") -> - | I12: =G12-F12 -> 0 | J12: =VLOOKUP(B12,'תקציב '!$B:$S,8,0)*1 -> 0 | L12: =G12-J12 -> 0
A13: 104 - Sports Shop | B13: חנויות נעליים | C13: חנויות נעליים | D13: ISRAEL | E13: 1597.46 | F13: 0 | G13: 1896.82 | H13: =IFERROR(G13/F13-1,"-") -> - | I13: =G13-F13 -> 1896.82 | J13: =VLOOKUP(B13,'תקציב '!$B:$S,8,0)*1 -> 0 | K13: =IFERROR(G13/J13-1,"-") -> - | L13: =G13-J13 -> 1896.82
A14: 106 - Hospitals | B14: בתי חולים ושרות | C14: בתי חולים ושרות | D14: ISRAEL | E14: 0 | F14: 0 | G14: 3430 | H14: =IFERROR(G14/F14-1,"-") -> - | I14: =G14-F14 -> 3430 | J14: =VLOOKUP(B14,'תקציב '!$B:$S,8,0)*1 -> 50000 | K14: =G14/J14-1 -> -0.9314 | L14: =G14-J14 -> -46570
A15: 103 - Physiotherapy institutes | B15: מכוני פיזיותרפיה | C15: מכוני פיזיותרפיה | D15: ISRAEL | E15: 3187.34 | F15: 707.66 | G15: 6150.22 | H15: =G15/F15-1 -> 7.690925 | I15: =G15-F15 -> 5442.56 | J15: =VLOOKUP(B15,'תקציב '!$B:$S,8,0)*1 -> 15873.016 | K15: =G15/J15-1 -> -0.61253614 | L15: =G15-J15 -> -9722.7959
B16: סה"כ ישראל ללא אונליין | E16: =SUM(E3:E15)+E50 -> 1546220.7 | F16: =SUM(F3:F15)+F50 -> 1640837.7 | G16: =SUM(G3:G15)+G50 -> 1222383.3 | H16: =G16/F16-1 -> -0.25502487 | I16: =SUM(I3:I15)+I50 -> -418454.43 | J16: =SUM(J3:J15)+J50 -> 1702444.4 | K16: =G16/J16-1 -> -0.28198346 | L16: =SUM(L3:L15)+L50 -> -480061.17
A17: 114 - IL online | B17: לקוחות אינטרנט | C17: לקוחות אינטרנט | D17: ISRAEL | E17: 49304.7 | F17: 99302.95 | G17: 404699.34 | H17: =G17/F17-1 -> 3.075401 | I17: =G17-F17 -> 305396.39 | J17: =VLOOKUP(B17,'תקציב '!$B:$S,8,0)*1 -> 592182.2 | K17: =G17/J17-1 -> -0.31659659 | L17: =G17-J17 -> -187482.86
A18: 115-SuperPharm Online | B18: סופר פארם מרקט פלייס | C18: סופר פארם מרקט פלייס | D18: ISRAEL | E18: 2364.29 | F18: 1491.14 | G18: 2347.76 | H18: =G18/F18-1 -> 0.57447322 | I18: =G18-F18 -> 856.62 | J18: =VLOOKUP(B18,'תקציב '!$B:$S,8,0)*1 -> 2536.9283 | K18: =G18/J18-1 -> -0.074565896 | L18: =G18-J18 -> -189.16833
B19: סה"כ ישראל | E19: =E16+E17+E18 -> 1597889.7 | F19: =F16+F17+F18 -> 1741631.8 | G19: =G16+G17+G18 -> 1629430.4 | H19: =G19/F19-1 -> -0.064423156 | I19: =I16+I17+I18 -> -112201.42 | J19: =J16+J17+J18 -> 2297163.6 | K19: =G19/J19-1 -> -0.29067725 | L19: =L16+L17+L18 -> -667733.2
A20: 301 - Amazon | B20: Total - 301 - Amazon | C20: AMAZON | D20: USA | E20: 318316.8 | F20: 252540.02 | G20: 224163.96 | H20: =G20/F20-1 -> -0.11236263 | I20: =G20-F20 -> -28376.06 | J20: =VLOOKUP(B20,'תקציב '!$B:$S,8,0)*1 -> 398486.47 | K20: =G20/J20-1 -> -0.43746155 | L20: =G20-J20 -> -174322.51
A21: 202 - Super-Pharm POLAND | B21: Total - 202 - Super-Pharm POLAND | C21: SUPER PHARM POLAND | D21: POLAND | E21: 0 | F21: 0 | G21: 204882.82 | H21: =IFERROR(G21/F21-1,"-") -> - | I21: =G21-F21 -> 204882.82 | J21: =VLOOKUP(B21,'תקציב '!$B:$S,8,0)*1 -> 235200 | K21: =G21/J21-1 -> -0.12889957 | L21: =G21-J21 -> -30317.18
A22: 203 - Ortho- Partner ag SWITZERLAND | B22: Total - 203 - Ortho- Partner ag SWITZERLAND | C22: ORTHO- PARTNER AG. | D22: SWITZERLAND | E22: 169505.88 | F22: 1513.3 | G22: 5036.8 | H22: =G22/F22-1 -> 2.3283553 | I22: =G22-F22 -> 3523.5 | J22: =VLOOKUP(B22,'תקציב '!$B:$S,8,0)*1 -> 15000 | K22: =G22/J22-1 -> -0.66421333 | L22: =G22-J22 -> -9963.2
A23: 204 - Sanaflex Anatomic GREECE | B23: Total - 204 - Sanaflex Anatomic GREECE | C23: SANAFLEX ANATOMIC | D23: GREECE | E23: 0 | F23: 0 | H23: =IFERROR(G23/F23-1,"-") -> - | I23: =G23-F23 -> 0 | J23: =VLOOKUP(B23,'תקציב '!$B:$S,8,0)*1 -> 85000 | K23: =G23/J23-1 -> -1 | L23: =G23-J23 -> -85000
A24: 205 - Health Care Prod. Gmbh GERMANY | B24: Total - 205 - Health Care Prod. Gmbh GERMANY | C24: HEALTH CARE PROD. GMBH | D24: GERMANY | E24: 0 | F24: 0 | G24: 16087.48 | H24: =IFERROR(G24/F24-1,"-") -> - | I24: =G24-F24 -> 16087.48 | J24: =VLOOKUP(B24,'תקציב '!$B:$S,8,0)*1 -> 17000 | K24: =G24/J24-1 -> -0.053677647 | L24: =G24-J24 -> -912.52
A25: 206 - Orthomed Ltd BULGARIA | B25: Total - 206 - Orthomed Ltd BULGARIA | C25: ORTHOMED LTD | D25: BULGARIA | E25: 0 | F25: 10766.89 | H25: =G25/F25-1 -> -1 | I25: =G25-F25 -> -10766.89 | J25: =VLOOKUP(B25,'תקציב '!$B:$S,8,0)*1 -> 5000 | K25: =G25/J25-1 -> -1 | L25: =G25-J25 -> -5000
A26: 207 - Salus HUNGARY | B26: Total - 207 - Salus HUNGARY | C26: SALUS | D26: HUNGARY | E26: 0 | F26: 172805.6 | G26: -19940.33 | H26: =G26/F26-1 -> -1.1153917 | I26: =G26-F26 -> -192745.93 | J26: =VLOOKUP(B26,'תקציב '!$B:$S,8,0)*1 -> 0 | K26: =IFERROR(G26/J26-1,"-") -> - | L26: =G26-J26 -> -19940.33
A27: 216 - Max Konnaris CYPRUS | B27: Total - 216 - Max Konnaris CYPRUS | C27: MAX KONNARIS LTD | D27: CYPRUS | E27: -0.48 | F27: 0 | G27: 18541.7 | H27: =IFERROR(G27/F27-1,"-") -> - | I27: =G27-F27 -> 18541.7 | J27: =VLOOKUP(B27,'תקציב '!$B:$S,8,0)*1 -> 0 | K27: =IFERROR(G27/J27-1,"-") -> - | L27: =G27-J27 -> 18541.7
A28: 208 - Medipal Company NABLUS | B28: Total - 208 - Medipal Company NABLUS | C28: MEDIPAL COMPANY | D28: NABLUS | E28: 0 | F28: 0 | H28: =IFERROR(G28/F28-1,"-") -> - | I28: =G28-F28 -> 0 | J28: =VLOOKUP(B28,'תקציב '!$B:$S,8,0)*1 -> 0 | K28: =IFERROR(G28/J28-1,"-") -> - | L28: =G28-J28 -> 0
A29: 209 - Ortoprofil Prod ROMANIA | B29: Total - 209 - Ortoprofil Prod ROMANIA | C29: ORTOPROFIL PROD. ROMANIA | D29: ROMANIA | E29: 31259.76 | F29: 56732.32 | G29: 33066.23 | H29: =G29/F29-1 -> -0.41715357 | I29: =G29-F29 -> -23666.09 | J29: =VLOOKUP(B29,'תקציב '!$B:$S,8,0)*1 -> 39765.076 | K29: =G29/J29-1 -> -0.16846054 | L29: =G29-J29 -> -6698.846
A30: 210 - Oy. Ea. Ab. FINLAND | B30: Total - 210 - Oy. Ea. Ab. FINLAND | C30: OY. EA. AB. | D30: FINLAND | E30: 0 | F30: 0 | G30: 43116.44 | H30: =IFERROR(G30/F30-1,"-") -> - | I30: =G30-F30 -> 43116.44 | J30: =VLOOKUP(B30,'תקציב '!$B:$S,8,0)*1 -> 0 | K30: =IFERROR(G30/J30-1,"-") -> - | L30: =G30-J30 -> 43116.44
A31: 201- Seven Gear FINLAND oy | B31: Total - 201- Seven Gear FINLAND oy | C31: SEVEN GEAR | D31: FINLAND | E31: 0 | F31: 18835.73 | H31: =G31/F31-1 -> -1 | I31: =G31-F31 -> -18835.73 | J31: =VLOOKUP(B31,'תקציב '!$B:$S,8,0)*1 -> 0 | K31: =IFERROR(G31/J31-1,"-") -> - | L31: =G31-J31 -> 0
A32: 211 - Pharmag Lachmair Ges. Mbh AUSTRIA | B32: 211 - Pharmag Lachmair Ges. Mbh AUSTRIA | C32: PHARMAG LACHMAIR GES. MBH | D32: AUSTRIA | E32: 0 | F32: 0 | H32: =IFERROR(G32/F32-1,"-") -> - | I32: =G32-F32 -> 0 | J32: =VLOOKUP(B32,'תקציב '!$B:$S,8,0)*1 -> 0 | K32: =IFERROR(G32/J32-1,"-") -> - | L32: =G32-J32 -> 0
C33: REMEDICARE B.V. | D33: HOLLAND | H33: =IFERROR(G33/F33-1,"-") -> - | I33: =G33-F33 -> 0 | K33: =IFERROR(G33/J33-1,"-") -> - | L33: =G33-J33 -> 0
A34: 213 - E.f.m.o. SPAIN | B34: Total - 213 - E.f.m.o. SPAIN | C34: E.F.M.O. | D34: SPAIN | E34: 0 | F34: 19017.88 | H34: =G34/F34-1 -> -1 | I34: =G34-F34 -> -19017.88 | J34: =VLOOKUP(B34,'תקציב '!$B:$S,8,0)*1 -> 21207.34 | K34: =G34/J34-1 -> -1 | L34: =G34-J34 -> -21207.34
A35: 214 - Alfred Gera& Sons Ltd. MALTA | B35: Total - 214 - Alfred Gera& Sons Ltd. MALTA | C35: ALFRED GERA | D35: MALTA | E35: 0 | F35: 30531.53 | H35: =G35/F35-1 -> -1 | I35: =G35-F35 -> -30531.53 | J35: =VLOOKUP(B35,'תקציב '!$B:$S,8,0)*1 -> 40000 | K35: =G35/J35-1 -> -1 | L35: =G35-J35 -> -40000
A36: 212 - Quadrifoglio Medical ROMANIA | B36: 212 - Quadrifoglio Medical ROMANIA | C36: QUADRIFOGLIO MEDICAL | D36: ROMANIA | E36: 0 | F36: 0 | H36: =IFERROR(G36/F36-1,"-") -> - | I36: =G36-F36 -> 0 | K36: =IFERROR(G36/J36-1,"-") -> - | L36: =G36-J36 -> 0
A37: 215 - Young In Healthcare Co. SOUTH KOREA | B37: 215 - Young In Healthcare Co. SOUTH KOREA | C37: YOUNG IN HEALTHCARE CO., | D37: KOREA | E37: 0 | F37: 0 | H37: =IFERROR(G37/F37-1,"-") -> - | I37: =G37-F37 -> 0 | K37: =IFERROR(G37/J37-1,"-") -> - | L37: =G37-J37 -> 0
A38: 200 - ROW : 217 - N3W FOODS USA | B38: 200 - ROW : 217 - N3W FOODS USA | C38: HANS | D38: USA | E38: 0 | F38: 248.59 | H38: =G38/F38-1 -> -1 | I38: =G38-F38 -> -248.59 | J38: =VLOOKUP(B38,'תקציב '!$B:$S,8,0)*1 -> 0 | K38: =IFERROR(G38/J38-1,"-") -> - | L38: =G38-J38 -> 0
B39: NEW DISTRIBUTORS | C39: NEW DISTRIBUTORS | H39: =IFERROR(G39/F39-1,"-") -> - | I39: =G39-F39 -> 0 | J39: =VLOOKUP(B39,'תקציב '!$B:$S,8,0)*1 -> 0 | K39: =IFERROR(G39/J39-1,"-") -> - | L39: =G39-J39 -> 0
B40: סה"כ חו"ל | E40: =SUM(E20:E39)+E51+E52 -> 519081.96 | F40: =SUM(F20:F39)+F51+F52 -> 562991.86 | G40: =SUM(G20:G39)+G51+G52 -> 524955.1 | H40: =G40/F40-1 -> -0.067561829 | I40: =SUM(I20:I39)+I51+I52 -> -38036.76 | J40: =SUM(J20:J39)+J51+J52 -> 856658.89 | K40: =G40/J40-1 -> -0.38720638 | L40: =SUM(L20:L39)+L51+L52 -> -331703.79
B41: סה"כ מכירות | E41: =E40+E19 -> 2116971.7 | F41: =F40+F19 -> 2304623.7 | G41: =G40+G19 -> 2154385.5 | H41: =G41/F41-1 -> -0.065189896 | I41: =I40+I19 -> -150238.18 | J41: =J40+J19 -> 3153822.5 | K41: =G41/J41-1 -> -0.31689704 | L41: =L40+L19 -> -999436.99
B42: אחוז מכירות חו"ל מסה"כ מכירות | E42: =E40/E41 -> 0.24520024 | F42: =F40/F41 -> 0.24428798 | G42: =G40/G41 -> 0.24366814 | J42: =J41-'תקציב '!I41*1 -> 0
E43: 0
B50: מכבי | C50: מכבי | D50: ISRAEL | G50: 0 | H50: =IFERROR(G50/F50-1,"-") -> - | I50: =G50-F50 -> 0 | K50: =IFERROR(G50/J50-1,"-") -> - | L50: =G50-J50 -> 0
B51: BAKU | C51: BAKU | D51: AZERBAIJAN | G51: 0 | H51: =IFERROR(G51/F51-1,"-") -> - | I51: =G51-F51 -> 0 | K51: =IFERROR(G51/J51-1,"-") -> - | L51: =G51-J51 -> 0
B52: MEXICO | C52: MEXICO | D52: MEXICO | G52: 0 | H52: =IFERROR(G52/F52-1,"-") -> - | I52: =G52-F52 -> 0 | K52: =IFERROR(G52/J52-1,"-") -> - | L52: =G52-J52 -> 0

Sheet 6
B1: דוח מכירות יוני 2026
D2: ארץ | E2: 6.2024 | F2: 6.2025 | G2: 6.2026 | H2: אחוז מול 2025 | I2: כספי מול 2025 | J2: תקציב | K2: % מול תקציב | L2: ₪ מול תקציב
A3: 111 - Superpharm Life | B3: סופר פארם לייף | C3: סופר פארם לייף | D3: ISRAEL | E3: 144633.67 | F3: 0 | G3: 65131.7 | H3: =IFERROR(G3/F3-1,"-") -> - | I3: =G3-F3 -> 65131.7 | J3: =VLOOKUP(B3,'תקציב '!$B:$S,9,0)*1 -> 235079.37 | K3: =G3/J3-1 -> -0.7229374 | L3: =G3-J3 -> -169947.67
A4: סופרפארם | B4: סופרפארם | C4: סופרפארם | D4: ISRAEL | E4: 429114.05 | F4: 452295.98 | G4: 534754.4 | H4: =G4/F4-1 -> 0.18231076 | I4: =G4-F4 -> 82458.422 | J4: =VLOOKUP(B4,'תקציב '!$B:$S,9,0)*1 -> 605698.41 | K4: =G4/J4-1 -> -0.11712762 | L4: =G4-J4 -> -70944.011
A5: BE | B5: BE | C5: BE | D5: ISRAEL | E5: 94683.953 | F5: 87191.65 | G5: 76564.033 | H5: =G5/F5-1 -> -0.12188801 | I5: =G5-F5 -> -10627.617 | J5: =VLOOKUP(B5,'תקציב '!$B:$S,9,0)*1 -> 78571.429 | K5: =G5/J5-1 -> -0.025548671 | L5: =G5-J5 -> -2007.3956
A6: בתי מרקחת | B6: בתי מרקחת | C6: בתי מרקחת | D6: ISRAEL | E6: 174598.68 | F6: 160476.44 | G6: 188367.58 | H6: =G6/F6-1 -> 0.17380209 | I6: =G6-F6 -> 27891.141 | J6: =VLOOKUP(A6,'תקציב '!$B:$S,9,0)*1 -> 170873.02 | K6: =G6/J6-1 -> 0.10238343 | L6: =G6-J6 -> 17494.565
A7: 112 - Kupat Holim Clalit | B7: כללית | C7: כללית | D7: ISRAEL | E7: 315729.5 | F7: 363201.5 | G7: 339371.75 | H7: =G7/F7-1 -> -0.065610274 | I7: =G7-F7 -> -23829.75 | J7: =VLOOKUP(B7,'תקציב '!$B:$S,9,0)*1 -> 365000 | K7: =G7/J7-1 -> -0.070214384 | L7: =G7-J7 -> -25628.25
A8: 113 - Kupat Holim Meuhedet | B8: מאוחדת | C8: מאוחדת | D8: ISRAEL | E8: 43688.56 | F8: 62616.16 | G8: 70005.299 | H8: =G8/F8-1 -> 0.1180069 | I8: =G8-F8 -> 7389.139 | J8: =VLOOKUP(B8,'תקציב '!$B:$S,9,0)*1 -> 107301.59 | K8: =G8/J8-1 -> -0.34758375 | L8: =G8-J8 -> -37296.288
A9: 102 - Orthopedic institutes | B9: מכוני אורטופדיה | C9: מכוני אורטופדיה | D9: ISRAEL | E9: 77555.62 | F9: 63999.64 | G9: 67723.22 | H9: =G9/F9-1 -> 0.058181265 | I9: =G9-F9 -> 3723.58 | J9: =VLOOKUP(B9,'תקציב '!$B:$S,9,0)*1 -> 177087.3 | K9: =G9/J9-1 -> -0.61757156 | L9: =G9-J9 -> -109364.08
A10: 101 - Factory customers | B10: לקוחות מפעל | C10: לקוחות מפעל | D10: ISRAEL | E10: 13321.91 | F10: 9192.17 | G10: 6761.44 | H10: =G10/F10-1 -> -0.26443484 | I10: =G10-F10 -> -2430.73 | J10: =VLOOKUP(B10,'תקציב '!$B:$S,9,0)*1 -> 16587.302 | K10: =G10/J10-1 -> -0.59237252 | L10: =G10-J10 -> -9825.8616
A11: 109 - Private Shops | B11: חנויות פרטיות | C11: חנויות פרטיות | D11: ISRAEL | E11: 11738.24 | F11: 4288.26 | G11: 8984.58 | H11: =G11/F11-1 -> 1.0951575 | I11: =G11-F11 -> 4696.32 | J11: =VLOOKUP(B11,'תקציב '!$B:$S,9,0)*1 -> 8730.1587 | K11: =G11/J11-1 -> 0.0291428 | L11: =G11-J11 -> 254.42127
A12: 105 - Pedicure Salons | B12: מכוני פדיקור | C12: מכוני פדיקור | D12: ISRAEL | E12: 0 | F12: 1244.84 | G12: 1658.99 | H12: =G12/F12-1 -> 0.33269336 | I12: =G12-F12 -> 414.15 | J12: =VLOOKUP(B12,'תקציב '!$B:$S,9,0)*1 -> 0 | L12: =G12-J12 -> 1658.99
A13: 104 - Sports Shop | B13: חנויות נעליים | C13: חנויות נעליים | D13: ISRAEL | E13: 0 | F13: 0 | H13: =IFERROR(G13/F13-1,"-") -> - | I13: =G13-F13 -> 0 | J13: =VLOOKUP(B13,'תקציב '!$B:$S,9,0)*1 -> 0 | K13: =IFERROR(G13/J13-1,"-") -> - | L13: =G13-J13 -> 0
A14: 106 - Hospitals | B14: בתי חולים ושרות | C14: בתי חולים ושרות | D14: ISRAEL | E14: 4579.64 | F14: 0 | H14: =IFERROR(G14/F14-1,"-") -> - | I14: =G14-F14 -> 0 | J14: =VLOOKUP(B14,'תקציב '!$B:$S,9,0)*1 -> 50000 | K14: =G14/J14-1 -> -1 | L14: =G14-J14 -> -50000
A15: 103 - Physiotherapy institutes | B15: מכוני פיזיותרפיה | C15: מכוני פיזיותרפיה | D15: ISRAEL | E15: 5235.63 | F15: 17697.58 | G15: 15643.41 | H15: =G15/F15-1 -> -0.11607067 | I15: =G15-F15 -> -2054.17 | J15: =VLOOKUP(B15,'תקציב '!$B:$S,9,0)*1 -> 17460.317 | K15: =G15/J15-1 -> -0.10405925 | L15: =G15-J15 -> -1816.9075
B16: סה"כ ישראל ללא אונליין | E16: =SUM(E3:E15)+E50 -> 1314879.4 | F16: =SUM(F3:F15)+F50 -> 1222204.2 | G16: =SUM(G3:G15)+G50 -> 1374966.4 | H16: =G16/F16-1 -> 0.12498908 | I16: =SUM(I3:I15)+I50 -> 152762.18 | J16: =SUM(J3:J15)+J50 -> 1832388.9 | K16: =G16/J16-1 -> -0.24963177 | L16: =SUM(L3:L15)+L50 -> -457422.48
A17: 114 - IL online | B17: לקוחות אינטרנט | C17: לקוחות אינטרנט | D17: ISRAEL | E17: 52569.54 | F17: 128892.76 | G17: 423398.06 | H17: =G17/F17-1 -> 2.2848863 | I17: =G17-F17 -> 294505.3 | J17: =VLOOKUP(B17,'תקציב '!$B:$S,9,0)*1 -> 888273.73 | K17: =G17/J17-1 -> -0.52334731 | L17: =G17-J17 -> -464875.67
A18: 115-SuperPharm Online | B18: סופר פארם מרקט פלייס | C18: סופר פארם מרקט פלייס | D18: ISRAEL | E18: 5374.81 | F18: 4432.93 | G18: 1069.29 | H18: =G18/F18-1 -> -0.75878482 | I18: =G18-F18 -> -3363.64 | J18: =VLOOKUP(B18,'תקציב '!$B:$S,9,0)*1 -> 2536.9283 | K18: =G18/J18-1 -> -0.57850997 | L18: =G18-J18 -> -1467.6383
B19: סה"כ ישראל | E19: =E16+E17+E18 -> 1372823.8 | F19: =F16+F17+F18 -> 1355529.9 | G19: =G16+G17+G18 -> 1799433.8 | H19: =G19/F19-1 -> 0.32747625 | I19: =I16+I17+I18 -> 443903.84 | J19: =J16+J17+J18 -> 2723199.5 | K19: =G19/J19-1 -> -0.33922075 | L19: =L16+L17+L18 -> -923765.79
A20: 301 - Amazon | B20: Total - 301 - Amazon | C20: AMAZON | D20: USA | E20: 371311.12 | F20: 68328.76 | G20: 229029.21 | H20: =G20/F20-1 -> 2.3518713 | I20: =G20-F20 -> 160700.45 | J20: =VLOOKUP(B20,'תקציב '!$B:$S,9,0)*1 -> 428463.75 | K20: =G20/J20-1 -> -0.46546421 | L20: =G20-J20 -> -199434.54
A21: 202 - Super-Pharm POLAND | B21: Total - 202 - Super-Pharm POLAND | C21: SUPER PHARM POLAND | D21: POLAND | E21: 0 | F21: 0 | H21: =IFERROR(G21/F21-1,"-") -> - | I21: =G21-F21 -> 0 | J21: =VLOOKUP(B21,'תקציב '!$B:$S,9,0)*1 -> 0 | K21: =IFERROR(G21/J21-1,"-") -> - | L21: =G21-J21 -> 0
A22: 203 - Ortho- Partner ag SWITZERLAND | B22: Total - 203 - Ortho- Partner ag SWITZERLAND | C22: ORTHO- PARTNER AG. | D22: SWITZERLAND | E22: 14810.7 | F22: 0 | G22: 55255.27 | H22: =IFERROR(G22/F22-1,"-") -> - | I22: =G22-F22 -> 55255.27 | J22: =VLOOKUP(B22,'תקציב '!$B:$S,9,0)*1 -> 35000 | K22: =G22/J22-1 -> 0.578722 | L22: =G22-J22 -> 20255.27
A23: 204 - Sanaflex Anatomic GREECE | B23: Total - 204 - Sanaflex Anatomic GREECE | C23: SANAFLEX ANATOMIC | D23: GREECE | E23: 83128.56 | F23: 0 | G23: 147489.2 | H23: =IFERROR(G23/F23-1,"-") -> - | I23: =G23-F23 -> 147489.2 | J23: =VLOOKUP(B23,'תקציב '!$B:$S,9,0)*1 -> 0 | K23: =IFERROR(G23/J23-1,"-") -> - | L23: =G23-J23 -> 147489.2
A24: 205 - Health Care Prod. Gmbh GERMANY | B24: Total - 205 - Health Care Prod. Gmbh GERMANY | C24: HEALTH CARE PROD. GMBH | D24: GERMANY | E24: 14559.92 | F24: 0 | G24: 15795 | I24: =G24-F24 -> 15795 | J24: =VLOOKUP(B24,'תקציב '!$B:$S,9,0)*1 -> 10000 | K24: =G24/J24-1 -> 0.5795 | L24: =G24-J24 -> 5795
A25: 206 - Orthomed Ltd BULGARIA | B25: Total - 206 - Orthomed Ltd BULGARIA | C25: ORTHOMED LTD | D25: BULGARIA | E25: 65362.29 | F25: 0 | H25: =IFERROR(G25/F25-1,"-") -> - | I25: =G25-F25 -> 0 | J25: =VLOOKUP(B25,'תקציב '!$B:$S,9,0)*1 -> 5000 | K25: =G25/J25-1 -> -1 | L25: =G25-J25 -> -5000
A26: 207 - Salus HUNGARY | B26: Total - 207 - Salus HUNGARY | C26: SALUS | D26: HUNGARY | E26: 0 | F26: 0.33 | H26: =G26/F26-1 -> -1 | I26: =G26-F26 -> -0.33 | J26: =VLOOKUP(B26,'תקציב '!$B:$S,9,0)*1 -> 0 | K26: =IFERROR(G26/J26-1,"-") -> - | L26: =G26-J26 -> 0
A27: 216 - Max Konnaris CYPRUS | B27: Total - 216 - Max Konnaris CYPRUS | C27: MAX KONNARIS LTD | D27: CYPRUS | E27: 37671.79 | F27: 0 | H27: =IFERROR(G27/F27-1,"-") -> - | I27: =G27-F27 -> 0 | J27: =VLOOKUP(B27,'תקציב '!$B:$S,9,0)*1 -> 40000 | K27: =G27/J27-1 -> -1 | L27: =G27-J27 -> -40000
A28: 208 - Medipal Company NABLUS | B28: Total - 208 - Medipal Company NABLUS | C28: MEDIPAL COMPANY | D28: NABLUS | E28: 0 | F28: 0 | H28: =IFERROR(G28/F28-1,"-") -> - | I28: =G28-F28 -> 0 | J28: =VLOOKUP(B28,'תקציב '!$B:$S,9,0)*1 -> 0 | K28: =IFERROR(G28/J28-1,"-") -> - | L28: =G28-J28 -> 0
A29: 209 - Ortoprofil Prod ROMANIA | B29: Total - 209 - Ortoprofil Prod ROMANIA | C29: ORTOPROFIL PROD. ROMANIA | D29: ROMANIA | E29: 37331.12 | F29: 53.7 | G29: 57084.96 | H29: =G29/F29-1 -> 1062.0346 | I29: =G29-F29 -> 57031.26 | J29: =VLOOKUP(B29,'תקציב '!$B:$S,9,0)*1 -> 39765.076 | K29: =G29/J29-1 -> 0.43555516 | L29: =G29-J29 -> 17319.884
A30: 210 - Oy. Ea. Ab. FINLAND | B30: Total - 210 - Oy. Ea. Ab. FINLAND | C30: OY. EA. AB. | D30: FINLAND | E30: 0 | F30: 0 | H30: =IFERROR(G30/F30-1,"-") -> - | I30: =G30-F30 -> 0 | J30: =VLOOKUP(B30,'תקציב '!$B:$S,9,0)*1 -> 0 | K30: =IFERROR(G30/J30-1,"-") -> - | L30: =G30-J30 -> 0
A31: 201- Seven Gear FINLAND oy | B31: Total - 201- Seven Gear FINLAND oy | C31: SEVEN GEAR | D31: FINLAND | E31: 0 | F31: 0 | H31: =IFERROR(G31/F31-1,"-") -> - | I31: =G31-F31 -> 0 | J31: =VLOOKUP(B31,'תקציב '!$B:$S,9,0)*1 -> 0 | K31: =IFERROR(G31/J31-1,"-") -> - | L31: =G31-J31 -> 0
A32: 211 - Pharmag Lachmair Ges. Mbh AUSTRIA | B32: 211 - Pharmag Lachmair Ges. Mbh AUSTRIA | C32: PHARMAG LACHMAIR GES. MBH | D32: AUSTRIA | E32: 0 | F32: 0 | H32: =IFERROR(G32/F32-1,"-") -> - | I32: =G32-F32 -> 0 | J32: =VLOOKUP(B32,'תקציב '!$B:$S,9,0)*1 -> 0 | K32: =IFERROR(G32/J32-1,"-") -> - | L32: =G32-J32 -> 0
C33: REMEDICARE B.V. | D33: HOLLAND | H33: =IFERROR(G33/F33-1,"-") -> - | I33: =G33-F33 -> 0 | K33: =IFERROR(G33/J33-1,"-") -> - | L33: =G33-J33 -> 0
A34: 213 - E.f.m.o. SPAIN | B34: Total - 213 - E.f.m.o. SPAIN | C34: E.F.M.O. | D34: SPAIN | E34: 0 | F34: 0 | H34: =IFERROR(G34/F34-1,"-") -> - | I34: =G34-F34 -> 0 | J34: =VLOOKUP(B34,'תקציב '!$B:$S,9,0)*1 -> 0 | K34: =IFERROR(G34/J34-1,"-") -> - | L34: =G34-J34 -> 0
A35: 214 - Alfred Gera& Sons Ltd. MALTA | B35: Total - 214 - Alfred Gera& Sons Ltd. MALTA | C35: ALFRED GERA | D35: MALTA | E35: 0 | F35: 0 | H35: =IFERROR(G35/F35-1,"-") -> - | I35: =G35-F35 -> 0 | J35: =VLOOKUP(B35,'תקציב '!$B:$S,9,0)*1 -> 0 | K35: =IFERROR(G35/J35-1,"-") -> - | L35: =G35-J35 -> 0
A36: 212 - Quadrifoglio Medical ROMANIA | B36: 212 - Quadrifoglio Medical ROMANIA | C36: QUADRIFOGLIO MEDICAL | D36: ROMANIA | E36: 0 | F36: 0 | H36: =IFERROR(G36/F36-1,"-") -> - | I36: =G36-F36 -> 0 | K36: =IFERROR(G36/J36-1,"-") -> - | L36: =G36-J36 -> 0
A37: 215 - Young In Healthcare Co. SOUTH KOREA | B37: 215 - Young In Healthcare Co. SOUTH KOREA | C37: YOUNG IN HEALTHCARE CO., | D37: KOREA | E37: 22310.96 | F37: 0 | H37: =IFERROR(G37/F37-1,"-") -> - | I37: =G37-F37 -> 0 | K37: =IFERROR(G37/J37-1,"-") -> - | L37: =G37-J37 -> 0
A38: 200 - ROW : 217 - N3W FOODS USA | B38: 200 - ROW : 217 - N3W FOODS USA | C38: HANS | D38: USA | E38: 0 | F38: 0 | H38: =IFERROR(G38/F38-1,"-") -> - | I38: =G38-F38 -> 0 | J38: =VLOOKUP(B38,'תקציב '!$B:$S,9,0)*1 -> 0 | K38: =IFERROR(G38/J38-1,"-") -> - | L38: =G38-J38 -> 0
B39: NEW DISTRIBUTORS | C39: NEW DISTRIBUTORS | H39: =IFERROR(G39/F39-1,"-") -> - | I39: =G39-F39 -> 0 | J39: =VLOOKUP(B39,'תקציב '!$B:$S,9,0)*1 -> 200000 | K39: =G39/J39-1 -> -1 | L39: =G39-J39 -> -200000
B40: סה"כ חו"ל | E40: =SUM(E20:E39)+E51+E52 -> 646486.46 | F40: =SUM(F20:F39)+F51+F52 -> 68382.79 | G40: =SUM(G20:G39)+G51+G52 -> 504653.64 | H40: =G40/F40-1 -> 6.379834 | I40: =SUM(I20:I39)+I51+I52 -> 436270.85 | J40: =SUM(J20:J39)+J51+J52 -> 758228.83 | K40: =G40/J40-1 -> -0.33443095 | L40: =SUM(L20:L39)+L51+L52 -> -253575.19
B41: סה"כ מכירות | E41: =E40+E19 -> 2019310.3 | F41: =F40+F19 -> 1423912.7 | G41: =G40+G19 -> 2304087.4 | H41: =G41/F41-1 -> 0.6181381 | I41: =I40+I19 -> 880174.69 | J41: =J40+J19 -> 3481428.4 | K41: =G41/J41-1 -> -0.33817757 | L41: =L40+L19 -> -1177341
B42: אחוז מכירות חו"ל מסה"כ מכירות | E42: =E40/E41 -> 0.32015212 | F42: =F40/F41 -> 0.048024566 | G42: =G40/G41 -> 0.21902539 | J42: =J41-'תקציב '!J41*1 -> 0
E43: 0
B50: מכבי | C50: מכבי | D50: ISRAEL | G50: 0 | H50: =IFERROR(G50/F50-1,"-") -> - | I50: =G50-F50 -> 0 | K50: =IFERROR(G50/J50-1,"-") -> - | L50: =G50-J50 -> 0
B51: BAKU | C51: BAKU | D51: AZERBAIJAN | G51: 0 | H51: =IFERROR(G51/F51-1,"-") -> - | I51: =G51-F51 -> 0 | K51: =IFERROR(G51/J51-1,"-") -> - | L51: =G51-J51 -> 0
B52: MEXICO | C52: MEXICO | D52: MEXICO | G52: 0 | H52: =IFERROR(G52/F52-1,"-") -> - | I52: =G52-F52 -> 0 | K52: =IFERROR(G52/J52-1,"-") -> - | L52: =G52-J52 -> 0

Sheet 7
C1: דוח מכירות יולי 2026 | D1: דוח מכירות יולי 2026
A2: # | E2: ארץ | F2: 7.2024 | G2: 7.2025 | H2: 7.2026 | I2: SOB | J2: % מול 2025 | K2: כספי מול 2025 | M2: תקציב | N2: % מול תקציב | O2: % ביצוע | P2: כספי מול תקציב | R2: מטרה | S2: % מול מטרה | T2: % ביצוע | U2: כספי מול מטרה | X2: 7.2026
A3: 5 | B3: 111 - Superpharm Life | C3: סופר פארם לייף | D3: סופר פארם לייף | E3: ISRAEL | F3: 214594.9 | G3: 83088 | H3: 73969 | I3: =H3/$H$19 -> 0.044046021 | J3: =IFERROR(H3/G3-1,"-") -> -0.10975111 | K3: =H3-G3 -> -9119 | M3: =VLOOKUP(C3,'תקציב '!$B:$S,10,0)*1 -> 235079.37 | N3: =IFERROR(H3/M3-1,"-") -> -0.68534456 | O3: =IFERROR(H3/M3,"-") -> 0.31465544 | P3: =H3-M3 -> -161110.37 | R3: 200000 | S3: =IFERROR(H3/R3-1,"-") -> -0.630155 | T3: =IFERROR(H3/R3,"-") -> 0.369845 | U3: =H3-R3 -> -126031 | X3: 73969 | Y3: =H3-X3 -> 0 | Z3: =IFERROR((H3/X3)-1,"-") -> 0
A4: 1 | B4: סופרפארם | C4: סופרפארם | D4: סופרפארם | E4: ISRAEL | F4: 502006.14 | G4: 486312.52 | H4: 453851.22 | I4: =H4/$H$19 -> 0.27025294 | J4: =IFERROR(H4/G4-1,"-") -> -0.066749883 | K4: =H4-G4 -> -32461.304 | M4: =VLOOKUP(C4,'תקציב '!$B:$S,10,0)*1 -> 605698.41 | N4: =IFERROR(H4/M4-1,"-") -> -0.2506977 | O4: =IFERROR(H4/M4,"-") -> 0.7493023 | P4: =H4-M4 -> -151847.2 | R4: 550000 | S4: =IFERROR(H4/R4-1,"-") -> -0.17481597 | T4: =IFERROR(H4/R4,"-") -> 0.82518403 | U4: =H4-R4 -> -96148.784 | X4: 443876.46 | Y4: =H4-X4 -> 9974.752 | Z4: =IFERROR((H4/X4)-1,"-") -> 0.02247191
A5: 7 | B5: BE | C5: BE | D5: BE | E5: ISRAEL | F5: 95719.442 | G5: 59921.68 | H5: 72470.216 | I5: =H5/$H$19 -> 0.043153546 | J5: =IFERROR(H5/G5-1,"-") -> 0.20941562 | K5: =H5-G5 -> 12548.536 | M5: =VLOOKUP(C5,'תקציב '!$B:$S,10,0)*1 -> 78571.429 | N5: =IFERROR(H5/M5-1,"-") -> -0.077651796 | O5: =IFERROR(H5/M5,"-") -> 0.9223482 | P5: =H5-M5 -> -6101.2126 | R5: 100000 | S5: =IFERROR(H5/R5-1,"-") -> -0.27529784 | T5: =IFERROR(H5/R5,"-") -> 0.72470216 | U5: =H5-R5 -> -27529.784 | X5: 70877.464 | Y5: =H5-X5 -> 1592.752 | Z5: =IFERROR((H5/X5)-1,"-") -> 0.02247191
A6: 4 | B6: בתי מרקחת | C6: בתי מרקחת | D6: בתי מרקחת | E6: ISRAEL | F6: 157377.7 | G6: 221525.16 | H6: 152144.32 | I6: =H6/$H$19 -> 0.09059676 | J6: =IFERROR(H6/G6-1,"-") -> -0.31319622 | K6: =H6-G6 -> -69380.842 | M6: =VLOOKUP(B6,'תקציב '!$B:$S,10,0)*1 -> 170873.02 | N6: =IFERROR(H6/M6-1,"-") -> -0.10960594 | O6: =IFERROR(H6/M6,"-") -> 0.89039406 | P6: =H6-M6 -> -18728.698 | R6: 200000 | S6: =IFERROR(H6/R6-1,"-") -> -0.23927841 | T6: =IFERROR(H6/R6,"-") -> 0.76072159 | U6: =H6-R6 -> -47855.682 | X6: 149138.68 | Y6: =H6-X6 -> 3005.636 | Z6: =IFERROR((H6/X6)-1,"-") -> 0.020153296
A7: 3 | B7: 112 - Kupat Holim Clalit | C7: כללית | D7: כללית | E7: ISRAEL | F7: 326042 | G7: 329541.7 | H7: 392888.3 | I7: =H7/$H$19 -> 0.2339516 | J7: =IFERROR(H7/G7-1,"-") -> 0.19222636 | K7: =H7-G7 -> 63346.6 | M7: =VLOOKUP(C7,'תקציב '!$B:$S,10,0)*1 -> 365000 | N7: =IFERROR(H7/M7-1,"-") -> 0.076406301 | O7: =IFERROR(H7/M7,"-") -> 1.0764063 | P7: =H7-M7 -> 27888.3 | R7: 330000 | S7: =IFERROR(H7/R7-1,"-") -> 0.19057061 | T7: =IFERROR(H7/R7,"-") -> 1.1905706 | U7: =H7-R7 -> 62888.3 | X7: 392888.3 | Y7: =H7-X7 -> 0 | Z7: =IFERROR((H7/X7)-1,"-") -> 0
A8: 8 | B8: 113 - Kupat Holim Meuhedet | C8: מאוחדת | D8: מאוחדת | E8: ISRAEL | F8: 79041.44 | G8: 95914.88 | H8: 49165.266 | I8: =H8/$H$19 -> 0.029276242 | J8: =IFERROR(H8/G8-1,"-") -> -0.48740731 | K8: =H8-G8 -> -46749.614 | M8: =VLOOKUP(C8,'תקציב '!$B:$S,10,0)*1 -> 107301.59 | N8: =IFERROR(H8/M8-1,"-") -> -0.54180299 | O8: =IFERROR(H8/M8,"-") -> 0.45819701 | P8: =H8-M8 -> -58136.321 | R8: 100000 | S8: =IFERROR(H8/R8-1,"-") -> -0.50834734 | T8: =IFERROR(H8/R8,"-") -> 0.49165266 | U8: =H8-R8 -> -50834.734 | X8: 47990.774 | Y8: =H8-X8 -> 1174.492 | Z8: =IFERROR((H8/X8)-1,"-") -> 0.024473287
A9: 6 | B9: 102 - Orthopedic institutes | C9: מכוני אורטופדיה | D9: מכוני אורטופדיה | E9: ISRAEL | F9: 76209.32 | G9: 81305.01 | H9: 65635.87 | I9: =H9/$H$19 -> 0.039083926 | J9: =IFERROR(H9/G9-1,"-") -> -0.19272047 | K9: =H9-G9 -> -15669.14 | M9: =VLOOKUP(C9,'תקציב '!$B:$S,10,0)*1 -> 177087.3 | N9: =IFERROR(H9/M9-1,"-") -> -0.62935869 | O9: =IFERROR(H9/M9,"-") -> 0.37064131 | P9: =H9-M9 -> -111451.43 | R9: 100000 | S9: =IFERROR(H9/R9-1,"-") -> -0.3436413 | T9: =IFERROR(H9/R9,"-") -> 0.6563587 | U9: =H9-R9 -> -34364.13 | X9: 65635.87 | Y9: =H9-X9 -> 0 | Z9: =IFERROR((H9/X9)-1,"-") -> 0
A10: 10 | B10: 101 - Factory customers | C10: לקוחות מפעל | D10: לקוחות מפעל | E10: ISRAEL | F10: 27532.1 | G10: 10971.32 | H10: 5105.8 | I10: =H10/$H$19 -> 0.00304033 | J10: =IFERROR(H10/G10-1,"-") -> -0.534623 | K10: =H10-G10 -> -5865.52 | M10: =VLOOKUP(C10,'תקציב '!$B:$S,10,0)*1 -> 16587.302 | N10: =IFERROR(H10/M10-1,"-") -> -0.69218622 | O10: =IFERROR(H10/M10,"-") -> 0.30781378 | P10: =H10-M10 -> -11481.502 | R10: 15000 | S10: =IFERROR(H10/R10-1,"-") -> -0.65961333 | T10: =IFERROR(H10/R10,"-") -> 0.34038667 | U10: =H10-R10 -> -9894.2 | X10: 5105.8 | Y10: =H10-X10 -> 0 | Z10: =IFERROR((H10/X10)-1,"-") -> 0
A11: 11 | B11: 109 - Private Shops | C11: חנויות פרטיות | D11: חנויות פרטיות | E11: ISRAEL | F11: 8417.71 | G11: 4990.47 | H11: 3863.17 | I11: =H11/$H$19 -> 0.0023003862 | J11: =IFERROR(H11/G11-1,"-") -> -0.22589055 | K11: =H11-G11 -> -1127.3 | M11: =VLOOKUP(C11,'תקציב '!$B:$S,10,0)*1 -> 8730.1587 | N11: =IFERROR(H11/M11-1,"-") -> -0.55749144 | O11: =IFERROR(H11/M11,"-") -> 0.44250856 | P11: =H11-M11 -> -4866.9887 | R11: 10000 | S11: =IFERROR(H11/R11-1,"-") -> -0.613683 | T11: =IFERROR(H11/R11,"-") -> 0.386317 | U11: =H11-R11 -> -6136.83 | X11: 3863.17 | Y11: =H11-X11 -> 0 | Z11: =IFERROR((H11/X11)-1,"-") -> 0
A12: 14 | B12: 105 - Pedicure Salons | C12: מכוני פדיקור | D12: מכוני פדיקור | E12: ISRAEL | F12: 679.3 | G12: 0 | H12: 0 | I12: =H12/$H$19 -> 0 | J12: =IFERROR(H12/G12-1,"-") -> - | K12: =H12-G12 -> 0 | M12: =VLOOKUP(C12,'תקציב '!$B:$S,10,0)*1 -> 0 | N12: =IFERROR(H12/M12-1,"-") -> - | O12: =IFERROR(H12/M12,"-") -> - | P12: =H12-M12 -> 0 | R12: 5000 | S12: =IFERROR(H12/R12-1,"-") -> -1 | T12: =IFERROR(H12/R12,"-") -> 0 | U12: =H12-R12 -> -5000 | X12: 0 | Y12: =H12-X12 -> 0 | Z12: =IFERROR((H12/X12)-1,"-") -> -
A13: 15 | B13: 104 - Sports Shop | C13: חנויות נעליים | D13: חנויות נעליים | E13: ISRAEL | F13: 0 | G13: 0 | H13: 0 | I13: =H13/$H$19 -> 0 | J13: =IFERROR(H13/G13-1,"-") -> - | K13: =H13-G13 -> 0 | M13: =VLOOKUP(C13,'תקציב '!$B:$S,10,0)*1 -> 0 | N13: =IFERROR(H13/M13-1,"-") -> - | O13: =IFERROR(H13/M13,"-") -> - | P13: =H13-M13 -> 0 | R13: 5000 | S13: =IFERROR(H13/R13-1,"-") -> -1 | T13: =IFERROR(H13/R13,"-") -> 0 | U13: =H13-R13 -> -5000 | X13: 0 | Y13: =H13-X13 -> 0 | Z13: =IFERROR((H13/X13)-1,"-") -> -
A14: 13 | B14: 106 - Hospitals | C14: בתי חולים ושרות | D14: בתי חולים ושרות | E14: ISRAEL | F14: 0 | G14: 651.15 | H14: 478.2 | I14: =H14/$H$19 -> 0.00028475182 | J14: =IFERROR(H14/G14-1,"-") -> -0.265607 | K14: =H14-G14 -> -172.95 | M14: =VLOOKUP(C14,'תקציב '!$B:$S,10,0)*1 -> 50000 | N14: =IFERROR(H14/M14-1,"-") -> -0.990436 | O14: =IFERROR(H14/M14,"-") -> 0.009564 | P14: =H14-M14 -> -49521.8 | R14: 5000 | S14: =IFERROR(H14/R14-1,"-") -> -0.90436 | T14: =IFERROR(H14/R14,"-") -> 0.09564 | U14: =H14-R14 -> -4521.8 | X14: 478.2 | Y14: =H14-X14 -> 0 | Z14: =IFERROR((H14/X14)-1,"-") -> 0
A15: 9 | B15: 103 - Physiotherapy institutes | C15: מכוני פיזיותרפיה | D15: מכוני פיזיותרפיה | E15: ISRAEL | F15: 16671.18 | G15: 7828.72 | H15: 10025.73 | I15: =H15/$H$19 -> 0.0059699808 | J15: =IFERROR(H15/G15-1,"-") -> 0.28063464 | K15: =H15-G15 -> 2197.01 | M15: =VLOOKUP(C15,'תקציב '!$B:$S,10,0)*1 -> 17460.317 | N15: =IFERROR(H15/M15-1,"-") -> -0.4257991 | O15: =IFERROR(H15/M15,"-") -> 0.5742009 | P15: =H15-M15 -> -7434.5875 | R15: 25000 | S15: =IFERROR(H15/R15-1,"-") -> -0.5989708 | T15: =IFERROR(H15/R15,"-") -> 0.4010292 | U15: =H15-R15 -> -14974.27 | X15: 10025.73 | Y15: =H15-X15 -> 0 | Z15: =IFERROR((H15/X15)-1,"-") -> 0
D16: סה"כ ישראל ללא אונליין | F16: =SUM(F3:F15)+F50 -> 1504291.2 | G16: =SUM(G3:G15)+G50 -> 1382050.6 | H16: =SUM(H3:H15)+H50 -> 1279597.1 | I16: =H16/$H$19 -> 0.76195649 | J16: =IFERROR(H16/G16-1,"-") -> -0.074131528 | K16: =SUM(K3:K15)+K50 -> -102453.52 | M16: =SUM(M3:M15)+M50 -> 1832388.9 | N16: =IFERROR(H16/M16-1,"-") -> -0.30167821 | O16: =IFERROR(H16/M16,"-") -> 0.69832179 | P16: =SUM(P3:P15)+P50 -> -552791.8 | R16: =SUM(R3:R15)+R50 -> 1645000 | S16: =IFERROR(H16/R16-1,"-") -> -0.22212943 | T16: =IFERROR(H16/R16,"-") -> 0.77787057 | U16: =H16-R16 -> -365402.91 | X16: =SUM(X3:X15)+X50 -> 1263849.5 | Y16: =H16-X16 -> 15747.632 | Z16: =IFERROR((H16/X16)-1,"-") -> 0.012460054
A17: 2 | B17: 114 - IL online | C17: לקוחות אינטרנט | D17: לקוחות אינטרנט | E17: ISRAEL | F17: 56033.81 | G17: 163496.62 | H17: 398018.33 | I17: =H17/$H$19 -> 0.23700636 | J17: =IFERROR(H17/G17-1,"-") -> 1.4344132 | K17: =H17-G17 -> 234521.71 | M17: =VLOOKUP(C17,'תקציב '!$B:$S,10,0)*1 -> 977100.85 | N17: =IFERROR(H17/M17-1,"-") -> -0.59265379 | O17: =IFERROR(H17/M17,"-") -> 0.40734621 | P17: =H17-M17 -> -579082.52 | R17: 450000 | S17: =IFERROR(H17/R17-1,"-") -> -0.11551482 | T17: =IFERROR(H17/R17,"-") -> 0.88448518 | U17: =H17-R17 -> -51981.67 | X17: 398018.33 | Y17: =H17-X17 -> 0 | Z17: =IFERROR((H17/X17)-1,"-") -> 0
A18: 12 | B18: 115-SuperPharm Online | C18: סופר פארם מרקט פלייס | D18: סופר פארם מרקט פלייס | E18: ISRAEL | F18: 1788.03 | G18: 1318.12 | H18: 1741.74 | I18: =H18/$H$19 -> 0.0010371469 | J18: =IFERROR(H18/G18-1,"-") -> 0.32138197 | K18: =H18-G18 -> 423.62 | M18: =VLOOKUP(C18,'תקציב '!$B:$S,10,0)*1 -> 2536.9283 | N18: =IFERROR(H18/M18-1,"-") -> -0.31344533 | O18: =IFERROR(H18/M18,"-") -> 0.68655467 | P18: =H18-M18 -> -795.18833 | R18: 5000 | S18: =IFERROR(H18/R18-1,"-") -> -0.651652 | T18: =IFERROR(H18/R18,"-") -> 0.348348 | U18: =H18-R18 -> -3258.26 | X18: 1741.74 | Y18: =H18-X18 -> 0 | Z18: =IFERROR((H18/X18)-1,"-") -> 0
D19: סה"כ ישראל | F19: =F16+F17+F18 -> 1562113.1 | G19: =G16+G17+G18 -> 1546865.4 | H19: =H16+H17+H18 -> 1679357.2 | I19: =H19/$H$41 -> 0.76817283 | J19: =IFERROR(H19/G19-1,"-") -> 0.085651803 | K19: =K16+K17+K18 -> 132491.81 | M19: =M16+M17+M18 -> 2812026.7 | N19: =IFERROR(H19/M19-1,"-") -> -0.40279473 | O19: =IFERROR(H19/M19,"-") -> 0.59720527 | P19: =P16+P17+P18 -> -1132669.5 | R19: =R16+R17+R18 -> 2100000 | S19: =IFERROR(H19/R19-1,"-") -> -0.20030612 | T19: =IFERROR(H19/R19,"-") -> 0.79969388 | U19: =H19-R19 -> -420642.84 | X19: =X16+X17+X18 -> 1663609.5 | Y19: =H19-X19 -> 15747.632 | Z19: =IFERROR((H19/X19)-1,"-") -> 0.0094659424
A20: 50 | B20: 301 - Amazon | C20: Total - 301 - Amazon | D20: AMAZON | E20: USA | F20: 316462.25 | G20: 353503.85 | H20: 223994.55 | I20: =H20/$H$40 -> 0.44196614 | J20: =IFERROR(H20/G20-1,"-") -> -0.36635895 | K20: =H20-G20 -> -129509.3 | M20: =VLOOKUP(C20,'תקציב '!$B:$S,10,0)*1 -> 461212.92 | N20: =IFERROR(H20/M20-1,"-") -> -0.51433591 | O20: =IFERROR(H20/M20,"-") -> 0.48566409 | P20: =H20-M20 -> -237218.37 | R20: 265966.8 | S20: =IFERROR(H20/R20-1,"-") -> -0.15781011 | T20: =IFERROR(H20/R20,"-") -> 0.84218989 | U20: =H20-R20 -> -41972.25 | X20: 223994.55 | Y20: =H20-X20 -> 0 | Z20: =IFERROR((H20/X20)-1,"-") -> 0
A21: 20 | B21: 202 - Super-Pharm POLAND | C21: Total - 202 - Super-Pharm POLAND | D21: SUPER PHARM POLAND | E21: POLAND | F21: 143527.77 | G21: 187405.66 | H21: 0 | I21: =H21/$H$40 -> 0 | J21: =IFERROR(H21/G21-1,"-") -> -1 | K21: =H21-G21 -> -187405.66 | M21: =VLOOKUP(C21,'תקציב '!$B:$S,10,0)*1 -> 205800 | N21: =IFERROR(H21/M21-1,"-") -> -1 | O21: =IFERROR(H21/M21,"-") -> 0 | P21: =H21-M21 -> -205800 | R21: 0 | S21: =IFERROR(H21/R21-1,"-") -> - | T21: =IFERROR(H21/R21,"-") -> - | U21: =H21-R21 -> 0 | X21: 0 | Y21: =H21-X21 -> 0 | Z21: =IFERROR((H21/X21)-1,"-") -> -
A22: 21 | B22: 203 - Ortho- Partner ag SWITZERLAND | C22: Total - 203 - Ortho- Partner ag SWITZERLAND | D22: ORTHO- PARTNER AG. | E22: SWITZERLAND | F22: 61466.82 | G22: 194396.85 | H22: 0 | I22: =H22/$H$40 -> 0 | J22: =IFERROR(H22/G22-1,"-") -> -1 | K22: =H22-G22 -> -194396.85 | M22: =VLOOKUP(C22,'תקציב '!$B:$S,10,0)*1 -> 13390 | N22: =IFERROR(H22/M22-1,"-") -> -1 | O22: =IFERROR(H22/M22,"-") -> 0 | P22: =H22-M22 -> -13390 | R22: 0 | S22: =IFERROR(H22/R22-1,"-") -> - | T22: =IFERROR(H22/R22,"-") -> - | U22: =H22-R22 -> 0 | X22: 0 | Y22: =H22-X22 -> 0 | Z22: =IFERROR((H22/X22)-1,"-") -> -
A23: 22 | B23: 204 - Sanaflex Anatomic GREECE | C23: Total - 204 - Sanaflex Anatomic GREECE | D23: SANAFLEX ANATOMIC | E23: GREECE | F23: 90587.54 | G23: 87907.48 | H23: 0 | I23: =H23/$H$40 -> 0 | J23: =IFERROR(H23/G23-1,"-") -> -1 | K23: =H23-G23 -> -87907.48 | M23: =VLOOKUP(C23,'תקציב '!$B:$S,10,0)*1 -> 85000 | N23: =IFERROR(H23/M23-1,"-") -> -1 | O23: =IFERROR(H23/M23,"-") -> 0 | P23: =H23-M23 -> -85000 | R23: 0 | S23: =IFERROR(H23/R23-1,"-") -> - | T23: =IFERROR(H23/R23,"-") -> - | U23: =H23-R23 -> 0 | X23: 0 | Y23: =H23-X23 -> 0 | Z23: =IFERROR((H23/X23)-1,"-") -> -
A24: 23 | B24: 205 - Health Care Prod. Gmbh GERMANY | C24: Total - 205 - Health Care Prod. Gmbh GERMANY | D24: HEALTH CARE PROD. GMBH | E24: GERMANY | F24: 16222.13 | G24: 30796.16 | H24: 19451.36 | I24: =H24/$H$40 -> 0.038379695 | J24: =IFERROR(H24/G24-1,"-") -> -0.36838359 | K24: =H24-G24 -> -11344.8 | M24: =VLOOKUP(C24,'תקציב '!$B:$S,10,0)*1 -> 17000 | N24: =IFERROR(H24/M24-1,"-") -> 0.14419765 | O24: =IFERROR(H24/M24,"-") -> 1.1441976 | P24: =H24-M24 -> 2451.36 | R24: 20000 | S24: =IFERROR(H24/R24-1,"-") -> -0.027432 | T24: =IFERROR(H24/R24,"-") -> 0.972568 | U24: =H24-R24 -> -548.64 | X24: 19451.36 | Y24: =H24-X24 -> 0 | Z24: =IFERROR((H24/X24)-1,"-") -> 0
A25: 24 | B25: 206 - Orthomed Ltd BULGARIA | C25: Total - 206 - Orthomed Ltd BULGARIA | D25: ORTHOMED LTD | E25: BULGARIA | F25: 0 | G25: 0 | H25: 0 | I25: =H25/$H$40 -> 0 | J25: =IFERROR(H25/G25-1,"-") -> - | K25: =H25-G25 -> 0 | M25: =VLOOKUP(C25,'תקציב '!$B:$S,10,0)*1 -> 5000 | N25: =IFERROR(H25/M25-1,"-") -> -1 | O25: =IFERROR(H25/M25,"-") -> 0 | P25: =H25-M25 -> -5000 | R25: 0 | S25: =IFERROR(H25/R25-1,"-") -> - | T25: =IFERROR(H25/R25,"-") -> - | U25: =H25-R25 -> 0 | X25: 0 | Y25: =H25-X25 -> 0 | Z25: =IFERROR((H25/X25)-1,"-") -> -
A26: 25 | B26: 207 - Salus HUNGARY | C26: Total - 207 - Salus HUNGARY | D26: SALUS | E26: HUNGARY | F26: 0 | G26: 0 | H26: 221407.78 | I26: =H26/$H$40 -> 0.43686215 | J26: =IFERROR(H26/G26-1,"-") -> - | K26: =H26-G26 -> 221407.78 | M26: =VLOOKUP(C26,'תקציב '!$B:$S,10,0)*1 -> 150000 | N26: =IFERROR(H26/M26-1,"-") -> 0.47605187 | O26: =IFERROR(H26/M26,"-") -> 1.4760519 | P26: =H26-M26 -> 71407.78 | R26: 240000 | S26: =IFERROR(H26/R26-1,"-") -> -0.077467583 | T26: =IFERROR(H26/R26,"-") -> 0.92253242 | U26: =H26-R26 -> -18592.22 | X26: 221407.78 | Y26: =H26-X26 -> 0 | Z26: =IFERROR((H26/X26)-1,"-") -> 0
A27: 26 | B27: 216 - Max Konnaris CYPRUS | C27: Total - 216 - Max Konnaris CYPRUS | D27: MAX KONNARIS LTD | E27: CYPRUS | F27: 609.99 | G27: 31010.8 | H27: 0 | I27: =H27/$H$40 -> 0 | J27: =IFERROR(H27/G27-1,"-") -> -1 | K27: =H27-G27 -> -31010.8 | M27: =VLOOKUP(C27,'תקציב '!$B:$S,10,0)*1 -> 0 | N27: =IFERROR(H27/M27-1,"-") -> - | O27: =IFERROR(H27/M27,"-") -> - | P27: =H27-M27 -> 0 | R27: 0 | S27: =IFERROR(H27/R27-1,"-") -> - | T27: =IFERROR(H27/R27,"-") -> - | U27: =H27-R27 -> 0 | X27: 0 | Y27: =H27-X27 -> 0 | Z27: =IFERROR((H27/X27)-1,"-") -> -
A28: 27 | B28: 208 - Medipal Company NABLUS | C28: Total - 208 - Medipal Company NABLUS | D28: MEDIPAL COMPANY | E28: NABLUS | F28: 0 | G28: 0 | H28: 0 | I28: =H28/$H$40 -> 0 | J28: =IFERROR(H28/G28-1,"-") -> - | K28: =H28-G28 -> 0 | M28: =VLOOKUP(C28,'תקציב '!$B:$S,10,0)*1 -> 0 | N28: =IFERROR(H28/M28-1,"-") -> - | O28: =IFERROR(H28/M28,"-") -> - | P28: =H28-M28 -> 0 | R28: 0 | S28: =IFERROR(H28/R28-1,"-") -> - | T28: =IFERROR(H28/R28,"-") -> - | U28: =H28-R28 -> 0 | X28: 0 | Y28: =H28-X28 -> 0 | Z28: =IFERROR((H28/X28)-1,"-") -> -
A29: 28 | B29: 209 - Ortoprofil Prod ROMANIA | C29: Total - 209 - Ortoprofil Prod ROMANIA | D29: ORTOPROFIL PROD. ROMANIA | E29: ROMANIA | F29: 27604.14 | G29: 56344.52 | H29: 41960.14 | I29: =H29/$H$40 -> 0.082792019 | J29: =IFERROR(H29/G29-1,"-") -> -0.25529333 | K29: =H29-G29 -> -14384.38 | M29: =VLOOKUP(C29,'תקציב '!$B:$S,10,0)*1 -> 39765.076 | N29: =IFERROR(H29/M29-1,"-") -> 0.0552008 | O29: =IFERROR(H29/M29,"-") -> 1.0552008 | P29: =H29-M29 -> 2195.064 | R29: 40000 | S29: =IFERROR(H29/R29-1,"-") -> 0.0490035 | T29: =IFERROR(H29/R29,"-") -> 1.0490035 | U29: =H29-R29 -> 1960.14 | X29: 41960.14 | Y29: =H29-X29 -> 0 | Z29: =IFERROR((H29/X29)-1,"-") -> 0
A30: 29 | B30: 210 - Oy. Ea. Ab. FINLAND | C30: Total - 210 - Oy. Ea. Ab. FINLAND | D30: OY. EA. AB. | E30: FINLAND | F30: 0 | G30: 0 | H30: 0 | I30: =H30/$H$40 -> 0 | J30: =IFERROR(H30/G30-1,"-") -> - | K30: =H30-G30 -> 0 | M30: =VLOOKUP(C30,'תקציב '!$B:$S,10,0)*1 -> 0 | N30: =IFERROR(H30/M30-1,"-") -> - | O30: =IFERROR(H30/M30,"-") -> - | P30: =H30-M30 -> 0 | R30: 0 | S30: =IFERROR(H30/R30-1,"-") -> - | T30: =IFERROR(H30/R30,"-") -> - | U30: =H30-R30 -> 0 | X30: 0 | Y30: =H30-X30 -> 0 | Z30: =IFERROR((H30/X30)-1,"-") -> -
A31: 30 | B31: 201- Seven Gear FINLAND oy | C31: Total - 201- Seven Gear FINLAND oy | D31: SEVEN GEAR | E31: FINLAND | F31: 0 | G31: 0 | H31: 0 | I31: =H31/$H$40 -> 0 | J31: =IFERROR(H31/G31-1,"-") -> - | K31: =H31-G31 -> 0 | M31: =VLOOKUP(C31,'תקציב '!$B:$S,10,0)*1 -> 20000 | N31: =IFERROR(H31/M31-1,"-") -> -1 | O31: =IFERROR(H31/M31,"-") -> 0 | P31: =H31-M31 -> -20000 | R31: 0 | S31: =IFERROR(H31/R31-1,"-") -> - | T31: =IFERROR(H31/R31,"-") -> - | U31: =H31-R31 -> 0 | X31: 0 | Y31: =H31-X31 -> 0 | Z31: =IFERROR((H31/X31)-1,"-") -> -
A32: 31 | B32: 211 - Pharmag Lachmair Ges. Mbh AUSTRIA | C32: 211 - Pharmag Lachmair Ges. Mbh AUSTRIA | D32: PHARMAG LACHMAIR GES. MBH | E32: AUSTRIA | F32: 0 | G32: 15559.58 | H32: 0 | I32: =H32/$H$40 -> 0 | J32: =IFERROR(H32/G32-1,"-") -> -1 | K32: =H32-G32 -> -15559.58 | M32: =VLOOKUP(C32,'תקציב '!$B:$S,10,0)*1 -> 18000 | N32: =IFERROR(H32/M32-1,"-") -> -1 | O32: =IFERROR(H32/M32,"-") -> 0 | P32: =H32-M32 -> -18000 | R32: 0 | S32: =IFERROR(H32/R32-1,"-") -> - | T32: =IFERROR(H32/R32,"-") -> - | U32: =H32-R32 -> 0 | X32: 0 | Y32: =H32-X32 -> 0 | Z32: =IFERROR((H32/X32)-1,"-") -> -
D33: REMEDICARE B.V. | E33: HOLLAND | H33: 0 | I33: =H33/$H$40 -> 0 | J33: =IFERROR(H33/G33-1,"-") -> - | K33: =H33-G33 -> 0 | N33: =IFERROR(H33/M33-1,"-") -> - | O33: =IFERROR(H33/M33,"-") -> - | P33: =H33-M33 -> 0 | R33: 0 | S33: =IFERROR(H33/R33-1,"-") -> - | T33: =IFERROR(H33/R33,"-") -> - | U33: =H33-R33 -> 0 | X33: 0 | Y33: =H33-X33 -> 0 | Z33: =IFERROR((H33/X33)-1,"-") -> -
A34: 32 | B34: 213 - E.f.m.o. SPAIN | C34: Total - 213 - E.f.m.o. SPAIN | D34: E.F.M.O. | E34: SPAIN | F34: 13897.42 | G34: 0 | H34: 0 | I34: =H34/$H$40 -> 0 | J34: =IFERROR(H34/G34-1,"-") -> - | K34: =H34-G34 -> 0 | M34: =VLOOKUP(C34,'תקציב '!$B:$S,10,0)*1 -> 0 | N34: =IFERROR(H34/M34-1,"-") -> - | O34: =IFERROR(H34/M34,"-") -> - | P34: =H34-M34 -> 0 | R34: 0 | S34: =IFERROR(H34/R34-1,"-") -> - | T34: =IFERROR(H34/R34,"-") -> - | U34: =H34-R34 -> 0 | X34: 0 | Y34: =H34-X34 -> 0 | Z34: =IFERROR((H34/X34)-1,"-") -> -
A35: 33 | B35: 214 - Alfred Gera& Sons Ltd. MALTA | C35: Total - 214 - Alfred Gera& Sons Ltd. MALTA | D35: ALFRED GERA | E35: MALTA | F35: 0 | G35: 0 | H35: 0 | I35: =H35/$H$40 -> 0 | J35: =IFERROR(H35/G35-1,"-") -> - | K35: =H35-G35 -> 0 | M35: =VLOOKUP(C35,'תקציב '!$B:$S,10,0)*1 -> 0 | N35: =IFERROR(H35/M35-1,"-") -> - | O35: =IFERROR(H35/M35,"-") -> - | P35: =H35-M35 -> 0 | R35: 0 | S35: =IFERROR(H35/R35-1,"-") -> - | T35: =IFERROR(H35/R35,"-") -> - | U35: =H35-R35 -> 0 | X35: 0 | Y35: =H35-X35 -> 0 | Z35: =IFERROR((H35/X35)-1,"-") -> -
B36: 212 - Quadrifoglio Medical ROMANIA | C36: 212 - Quadrifoglio Medical ROMANIA | D36: QUADRIFOGLIO MEDICAL | E36: ROMANIA | F36: 0 | G36: 0 | H36: 0 | I36: =H36/$H$40 -> 0 | J36: =IFERROR(H36/G36-1,"-") -> - | K36: =H36-G36 -> 0 | N36: =IFERROR(H36/M36-1,"-") -> - | O36: =IFERROR(H36/M36,"-") -> - | P36: =H36-M36 -> 0 | R36: 0 | S36: =IFERROR(H36/R36-1,"-") -> - | T36: =IFERROR(H36/R36,"-") -> - | U36: =H36-R36 -> 0 | X36: 0 | Y36: =H36-X36 -> 0 | Z36: =IFERROR((H36/X36)-1,"-") -> -
A37: 34 | B37: 215 - Young In Healthcare Co. SOUTH KOREA | C37: 215 - Young In Healthcare Co. SOUTH KOREA | D37: YOUNG IN HEALTHCARE CO., | E37: KOREA | F37: 0 | G37: 0 | H37: 0 | I37: =H37/$H$40 -> 0 | J37: =IFERROR(H37/G37-1,"-") -> - | K37: =H37-G37 -> 0 | N37: =IFERROR(H37/M37-1,"-") -> - | O37: =IFERROR(H37/M37,"-") -> - | P37: =H37-M37 -> 0 | R37: 0 | S37: =IFERROR(H37/R37-1,"-") -> - | T37: =IFERROR(H37/R37,"-") -> - | U37: =H37-R37 -> 0 | X37: 0 | Y37: =H37-X37 -> 0 | Z37: =IFERROR((H37/X37)-1,"-") -> -
A38: 35 | B38: 200 - ROW : 217 - N3W FOODS USA | C38: 200 - ROW : 217 - N3W FOODS USA | D38: HANS | E38: USA | F38: 0 | G38: 0 | H38: 0 | I38: =H38/$H$40 -> 0 | J38: =IFERROR(H38/G38-1,"-") -> - | K38: =H38-G38 -> 0 | M38: =VLOOKUP(C38,'תקציב '!$B:$S,10,0)*1 -> 0 | N38: =IFERROR(H38/M38-1,"-") -> - | O38: =IFERROR(H38/M38,"-") -> - | P38: =H38-M38 -> 0 | R38: 0 | S38: =IFERROR(H38/R38-1,"-") -> - | T38: =IFERROR(H38/R38,"-") -> - | U38: =H38-R38 -> 0 | X38: 0 | Y38: =H38-X38 -> 0 | Z38: =IFERROR((H38/X38)-1,"-") -> -
A39: 36 | B39: NEW DISTRIBUTORS | C39: NEW DISTRIBUTORS | D39: NEW DISTRIBUTORS | H39: 0 | I39: =H39/$H$40 -> 0 | J39: =IFERROR(H39/G39-1,"-") -> - | K39: =H39-G39 -> 0 | M39: =VLOOKUP(C39,'תקציב '!$B:$S,10,0)*1 -> 0 | N39: =IFERROR(H39/M39-1,"-") -> - | O39: =IFERROR(H39/M39,"-") -> - | P39: =H39-M39 -> 0 | R39: 0 | S39: =IFERROR(H39/R39-1,"-") -> - | T39: =IFERROR(H39/R39,"-") -> - | U39: =H39-R39 -> 0 | X39: 0 | Y39: =H39-X39 -> 0 | Z39: =IFERROR((H39/X39)-1,"-") -> -
D40: סה"כ חו"ל | F40: =SUM(F20:F39)+F51+F52 -> 670378.06 | G40: =SUM(G20:G39)+G51+G52 -> 956924.9 | H40: =SUM(H20:H39)+H51+H52 -> 506813.83 | I40: =H40/$H$41 -> 0.23182717 | J40: =IFERROR(H40/G40-1,"-") -> -0.47037241 | K40: =SUM(K20:K39)+K51+K52 -> -450111.07 | M40: =SUM(M20:M39)+M51+M52 -> 1015168 | N40: =IFERROR(H40/M40-1,"-") -> -0.50075866 | O40: =IFERROR(H40/M40,"-") -> 0.49924134 | P40: =SUM(P20:P39)+P51+P52 -> -508354.16 | R40: =SUM(R20:R39)+R51+R52 -> 565966.8 | S40: =IFERROR(H40/R40-1,"-") -> -0.10451668 | T40: =IFERROR(H40/R40,"-") -> 0.89548332 | U40: =H40-R40 -> -59152.97 | X40: =SUM(X20:X39)+X51+X52 -> 506813.83 | Y40: =H40-X40 -> 0 | Z40: =IFERROR((H40/X40)-1,"-") -> 0
