Workbook

Sheet סהכ
B1: דוח מכירות אוגוסט 2026
A2: # | B2: 46265 | C2: 8.2026
A3: 5 | B3: סופר פארם לייף | C3: =SUMIF(Pplay1!$F$3:$F$15,A3,Pplay1!$H$3:$H$15)+SUMIF(ריכוז!$B$3:$B$30,A3,ריכוז!$C$3:$C$30) -> 299421.55
A4: 1 | B4: סופרפארם | C4: =SUMIF(Pplay1!$F$3:$F$15,A4,Pplay1!$H$3:$H$15)+SUMIF(ריכוז!$B$3:$B$30,A4,ריכוז!$C$3:$C$30) -> 588822.69
A5: 7 | B5: BE | C5: =SUMIF(Pplay1!$F$3:$F$15,A5,Pplay1!$H$3:$H$15)+SUMIF(ריכוז!$B$3:$B$30,A5,ריכוז!$C$3:$C$30) -> 70518.812
A6: 4 | B6: בתי מרקחת | C6: =SUMIF(Pplay1!$F$3:$F$15,A6,Pplay1!$H$3:$H$15)+SUMIF(ריכוז!$B$3:$B$30,A6,ריכוז!$C$3:$C$30) -> 160218.08
A7: 3 | B7: כללית | C7: =SUMIF(Pplay1!$F$3:$F$15,A7,Pplay1!$H$3:$H$15)+SUMIF(ריכוז!$B$3:$B$30,A7,ריכוז!$C$3:$C$30) -> 295436
A8: 8 | B8: מאוחדת | C8: =SUMIF(Pplay1!$F$3:$F$15,A8,Pplay1!$H$3:$H$15)+SUMIF(ריכוז!$B$3:$B$30,A8,ריכוז!$C$3:$C$30) -> 73310.601
A9: 6 | B9: מכוני אורטופדיה | C9: =SUMIF(Pplay1!$F$3:$F$15,A9,Pplay1!$H$3:$H$15)+SUMIF(ריכוז!$B$3:$B$30,A9,ריכוז!$C$3:$C$30) -> 76847.55
A10: 10 | B10: לקוחות מפעל | C10: =SUMIF(Pplay1!$F$3:$F$15,A10,Pplay1!$H$3:$H$15)+SUMIF(ריכוז!$B$3:$B$30,A10,ריכוז!$C$3:$C$30) -> 4321.85
A11: 11 | B11: חנויות פרטיות | C11: =SUMIF(Pplay1!$F$3:$F$15,A11,Pplay1!$H$3:$H$15)+SUMIF(ריכוז!$B$3:$B$30,A11,ריכוז!$C$3:$C$30) -> 2043.68
A12: 14 | B12: מכוני פדיקור | C12: =SUMIF(Pplay1!$F$3:$F$15,A12,Pplay1!$H$3:$H$15)+SUMIF(ריכוז!$B$3:$B$30,A12,ריכוז!$C$3:$C$30) -> 728.87
A13: 15 | B13: חנויות נעליים | C13: =SUMIF(Pplay1!$F$3:$F$15,A13,Pplay1!$H$3:$H$15)+SUMIF(ריכוז!$B$3:$B$30,A13,ריכוז!$C$3:$C$30) -> 0
A14: 13 | B14: בתי חולים ושרות | C14: =SUMIF(Pplay1!$F$3:$F$15,A14,Pplay1!$H$3:$H$15)+SUMIF(ריכוז!$B$3:$B$30,A14,ריכוז!$C$3:$C$30) -> 0
A15: 9 | B15: מכוני פיזיותרפיה | C15: =SUMIF(Pplay1!$F$3:$F$15,A15,Pplay1!$H$3:$H$15)+SUMIF(ריכוז!$B$3:$B$30,A15,ריכוז!$C$3:$C$30) -> 10118.69
B16: סה"כ ישראל ללא אונליין | C16: =SUM(C3:C15) -> 1581788.4
A17: 2 | B17: לקוחות אינטרנט | C17: =SUMIF(Pplay1!$F$3:$F$15,A17,Pplay1!$H$3:$H$15)+SUMIF(ריכוז!$B$3:$B$30,A17,ריכוז!$C$3:$C$30) -> 391167.74
A18: 12 | B18: סופר פארם מרקט פלייס | C18: =SUMIF(Pplay1!$F$3:$F$15,A18,Pplay1!$H$3:$H$15)+SUMIF(ריכוז!$B$3:$B$30,A18,ריכוז!$C$3:$C$30) -> 1484.7
B19: סה"כ ישראל | C19: =C18+C17+C16 -> 1974440.8
A20: 50 | B20: AMAZON | C20: =(Amazon_מקור!B3+Amazon_מקור!B4)*3 -> 202592.25
A21: 20 | B21: SUPER PHARM POLAND | C21: =SUMIF(Pplay1!$F$3:$F$15,A21,Pplay1!$H$3:$H$15)+SUMIF(ריכוז!$B$3:$B$30,A21,ריכוז!$C$3:$C$30) -> 132101.57
A22: 21 | B22: ORTHO- PARTNER AG. | C22: =SUMIF(Pplay1!$F$3:$F$15,A22,Pplay1!$H$3:$H$15)+SUMIF(ריכוז!$B$3:$B$30,A22,ריכוז!$C$3:$C$30) -> 10986.57
A23: 22 | B23: SANAFLEX ANATOMIC | C23: =SUMIF(Pplay1!$F$3:$F$15,A23,Pplay1!$H$3:$H$15)+SUMIF(ריכוז!$B$3:$B$30,A23,ריכוז!$C$3:$C$30) -> 0
A24: 23 | B24: HEALTH CARE PROD. GMBH | C24: =SUMIF(Pplay1!$F$3:$F$15,A24,Pplay1!$H$3:$H$15)+SUMIF(ריכוז!$B$3:$B$30,A24,ריכוז!$C$3:$C$30) -> 0
A25: 24 | B25: ORTHOMED LTD | C25: =SUMIF(Pplay1!$F$3:$F$15,A25,Pplay1!$H$3:$H$15)+SUMIF(ריכוז!$B$3:$B$30,A25,ריכוז!$C$3:$C$30) -> 0
A26: 25 | B26: SALUS | C26: =SUMIF(Pplay1!$F$3:$F$15,A26,Pplay1!$H$3:$H$15)+SUMIF(ריכוז!$B$3:$B$30,A26,ריכוז!$C$3:$C$30) -> 0
A27: 26 | B27: MAX KONNARIS LTD | C27: =SUMIF(Pplay1!$F$3:$F$15,A27,Pplay1!$H$3:$H$15)+SUMIF(ריכוז!$B$3:$B$30,A27,ריכוז!$C$3:$C$30) -> 0
A28: 27 | B28: MEDIPAL COMPANY | C28: =SUMIF(Pplay1!$F$3:$F$15,A28,Pplay1!$H$3:$H$15)+SUMIF(ריכוז!$B$3:$B$30,A28,ריכוז!$C$3:$C$30) -> 0
A29: 28 | B29: ORTOPROFIL PROD. ROMANIA | C29: =SUMIF(Pplay1!$F$3:$F$15,A29,Pplay1!$H$3:$H$15)+SUMIF(ריכוז!$B$3:$B$30,A29,ריכוז!$C$3:$C$30) -> 30237.69
A30: 29 | B30: OY. EA. AB. | C30: =SUMIF(Pplay1!$F$3:$F$15,A30,Pplay1!$H$3:$H$15)+SUMIF(ריכוז!$B$3:$B$30,A30,ריכוז!$C$3:$C$30) -> 0
A31: 30 | B31: SEVEN GEAR | C31: =SUMIF(Pplay1!$F$3:$F$15,A31,Pplay1!$H$3:$H$15)+SUMIF(ריכוז!$B$3:$B$30,A31,ריכוז!$C$3:$C$30) -> 0
A32: 31 | B32: PHARMAG LACHMAIR GES. MBH | C32: =SUMIF(Pplay1!$F$3:$F$15,A32,Pplay1!$H$3:$H$15)+SUMIF(ריכוז!$B$3:$B$30,A32,ריכוז!$C$3:$C$30) -> 10037.15
... A39: 36 | B39: NEW DISTRIBUTORS | C39: =SUMIF(Pplay1!$F$3:$F$15,A39,Pplay1!$H$3:$H$15)+SUMIF(ריכוז!$B$3:$B$30,A39,ריכוז!$C$3:$C$30) -> 0
B40: סה"כ חו"ל | C40: =SUM(C20:C39) -> 430411
B41: סה"כ מכירות | C41: =C40+C19 -> 2404851.8

Sheet Pplay1
A1: מקרא | F1: עמודות מחושבות (נוספו)
B2: בתי מרקחת | C2: BE | D2: סופר פארם | E2: מאוחדת | F2: לקוח # | G2: סכום גולמי (PPLAY1) | H2: מכר נטו
A3: 0בתי מרקחת | B3: 4 | F3: =IF(B3<>"",B3,IF(C3<>"",C3,IF(D3<>"",D3,IF(E3<>"",E3,"")))) -> 4 | G3: =IFERROR(INDEX(PPLAY1_מקור!$B:$B,MATCH(A3,PPLAY1_מקור!$A:$A,0)),"") -> 153826.9 | H3: =IF(G3="","",G3*0.91) -> 139982.48
A4: 0מפיצי משנה | B4: 4 | F4: =IF(B4<>"",B4,IF(C4<>"",C4,IF(D4<>"",D4,IF(E4<>"",E4,"")))) -> 4 | G4: =IFERROR(INDEX(PPLAY1_מקור!$B:$B,MATCH(A4,PPLAY1_מקור!$A:$A,0)),"") -> 687.8 | H4: =IF(G4="","",G4*0.91) -> 625.898
A5: 0פארמים | F5: =IF(B5<>"",B5,IF(C5<>"",C5,IF(D5<>"",D5,IF(E5<>"",E5,"")))) | G5: =IFERROR(INDEX(PPLAY1_מקור!$B:$B,MATCH(A5,PPLAY1_מקור!$A:$A,0)),"") -> 728176.7 | H5: =IF(G5="","",G5*0.91) -> 662640.8
A6: אילת BE | C6: 7 | F6: =IF(B6<>"",B6,IF(C6<>"",C6,IF(D6<>"",D6,IF(E6<>"",E6,"")))) -> 7 | G6: =IFERROR(INDEX(PPLAY1_מקור!$B:$B,MATCH(A6,PPLAY1_מקור!$A:$A,0)),"") -> 3583.7 | H6: =IF(G6="","",G6*0.91) -> 3261.167
A7: גוד פארם | B7: 4 | F7: =IF(B7<>"",B7,IF(C7<>"",C7,IF(D7<>"",D7,IF(E7<>"",E7,"")))) -> 4 | G7: =IFERROR(INDEX(PPLAY1_מקור!$B:$B,MATCH(A7,PPLAY1_מקור!$A:$A,0)),"") -> 58.9 | H7: =IF(G7="","",G7*0.91) -> 53.599
A8: גוד פארם מרכז | B8: 4 | F8: =IF(B8<>"",B8,IF(C8<>"",C8,IF(D8<>"",D8,IF(E8<>"",E8,"")))) -> 4 | G8: =IFERROR(INDEX(PPLAY1_מקור!$B:$B,MATCH(A8,PPLAY1_מקור!$A:$A,0)),"") -> 3566.8 | H8: =IF(G8="","",G8*0.91) -> 3245.788
A9: הפרכל הפרפארם | C9: 7 | F9: =IF(B9<>"",B9,IF(C9<>"",C9,IF(D9<>"",D9,IF(E9<>"",E9,"")))) -> 7 | G9: =IFERROR(INDEX(PPLAY1_מקור!$B:$B,MATCH(A9,PPLAY1_מקור!$A:$A,0)),"") -> 526.9 | H9: =IF(G9="","",G9*0.91) -> 479.479
A10: סופרפארם | D10: 1 | F10: =IF(B10<>"",B10,IF(C10<>"",C10,IF(D10<>"",D10,IF(E10<>"",E10,"")))) -> 1 | G10: =IFERROR(INDEX(PPLAY1_מקור!$B:$B,MATCH(A10,PPLAY1_מקור!$A:$A,0)),"") -> 647057.9 | H10: =IF(G10="","",G10*0.91) -> 588822.69
A11: שופרסל BE | C11: 7 | F11: =IF(B11<>"",B11,IF(C11<>"",C11,IF(D11<>"",D11,IF(E11<>"",E11,"")))) -> 7 | G11: =IFERROR(INDEX(PPLAY1_מקור!$B:$B,MATCH(A11,PPLAY1_מקור!$A:$A,0)),"") -> 90634.6 | H11: =IF(G11="","",G11*0.91) -> 82477.486
A12: 0צרכנים פרטיים | B12: 4 | F12: =IF(B12<>"",B12,IF(C12<>"",C12,IF(D12<>"",D12,IF(E12<>"",E12,"")))) -> 4 | G12: =IFERROR(INDEX(PPLAY1_מקור!$B:$B,MATCH(A12,PPLAY1_מקור!$A:$A,0)),"") | H12: =IF(G12="","",G12*0.91)
A13: 0קופות חולים | E13: 8 | F13: =IF(B13<>"",B13,IF(C13<>"",C13,IF(D13<>"",D13,IF(E13<>"",E13,"")))) -> 8 | G13: =IFERROR(INDEX(PPLAY1_מקור!$B:$B,MATCH(A13,PPLAY1_מקור!$A:$A,0)),"") -> 80561.1 | H13: =IF(G13="","",G13*0.91) -> 73310.601
A14: 0שונות | B14: 4 | F14: =IF(B14<>"",B14,IF(C14<>"",C14,IF(D14<>"",D14,IF(E14<>"",E14,"")))) -> 4 | G14: =IFERROR(INDEX(PPLAY1_מקור!$B:$B,MATCH(A14,PPLAY1_מקור!$A:$A,0)),"") | H14: =IF(G14="","",G14*0.91)
A15: זיכויים BE | C15: 7 | F15: =IF(B15<>"",B15,IF(C15<>"",C15,IF(D15<>"",D15,IF(E15<>"",E15,"")))) -> 7 | G15: =IFERROR(INDEX(PPLAY1_מקור!$B:$B,MATCH(A15,PPLAY1_מקור!$A:$A,0)),"") -> -17252 | H15: =IF(G15="","",G15*0.91) -> -15699.32

Sheet ריכוז
A1: מקרא | C1: סכום מכירות (NetSuite)
A3: 102 - Orthopedic institutes | B3: 6 | C3: =IFERROR(INDEX(NetSuite_מקור!$D:$D,MATCH(A3,NetSuite_מקור!$A:$A,0)),"") -> 76847.55
A4: 111 - Superpharm Life | B4: 5 | C4: =IFERROR(INDEX(NetSuite_מקור!$D:$D,MATCH(A4,NetSuite_מקור!$A:$A,0)),"") -> 299421.55
A5: 103 - Physiotherapy institutes | B5: 9 | C5: =IFERROR(INDEX(NetSuite_מקור!$D:$D,MATCH(A5,NetSuite_מקור!$A:$A,0)),"") -> 10118.69
A6: 109 - Private Shops | B6: 11 | C6: =IFERROR(INDEX(NetSuite_מקור!$D:$D,MATCH(A6,NetSuite_מקור!$A:$A,0)),"") -> 2043.68
A7: 101 - Factory customers | B7: 10 | C7: =IFERROR(INDEX(NetSuite_מקור!$D:$D,MATCH(A7,NetSuite_מקור!$A:$A,0)),"") -> 4321.85
A8: 107 - Pharmacies | B8: 4 | C8: =IFERROR(INDEX(NetSuite_מקור!$D:$D,MATCH(A8,NetSuite_מקור!$A:$A,0)),"") -> 16310.32
A9: 106 - Hospitals | B9: 13 | C9: =IFERROR(INDEX(NetSuite_מקור!$D:$D,MATCH(A9,NetSuite_מקור!$A:$A,0)),"")
A10: 113 - Kupat Holim Meuhedet | B10: 8 | C10: =IFERROR(INDEX(NetSuite_מקור!$D:$D,MATCH(A10,NetSuite_מקור!$A:$A,0)),"")
A11: 112 - Kupat Holim Clalit | B11: 3 | C11: =IFERROR(INDEX(NetSuite_מקור!$D:$D,MATCH(A11,NetSuite_מקור!$A:$A,0)),"") -> 295436
A12: 114 - IL online | B12: 2 | C12: =IFERROR(INDEX(NetSuite_מקור!$D:$D,MATCH(A12,NetSuite_מקור!$A:$A,0)),"") -> 391167.74
A13: 115-SuperPharm Online | B13: 12 | C13: =IFERROR(INDEX(NetSuite_מקור!$D:$D,MATCH(A13,NetSuite_מקור!$A:$A,0)),"") -> 1484.7
A14: 205 - Health Care Prod. Gmbh GERMANY | B14: 23 | C14: =IFERROR(INDEX(NetSuite_מקור!$D:$D,MATCH(A14,NetSuite_מקור!$A:$A,0)),"")
... A30: 105 - Pedicure Salons | B30: 14 | C30: =IFERROR(INDEX(NetSuite_מקור!$D:$D,MATCH(A30,NetSuite_מקור!$A:$A,0)),"") -> 728.87

Sheet PPLAY1_מקור
A1: Source: השוואת שני קבצי PPlay1-style באותה תקופה (2026/Aug, MTD) — PPlay1.xlsx (16474ed3), נוצר 01/09/2026 07:55:23, ו-PPlay2.xlsx (5f51f181), נוצר 02/09/2026 12:21:23. בדיקה הראתה: זהו אותו דוח ("PPlay1 of uriel (Reporter)"), אותה תקופה מדווחת (2026/Aug) — לא מקור/גרסה שונים מבחינה מבנית, אלא שתי משיכות (snapshots) עוקבות של אותו דוח חי, יום אחרי יום, כאשר סכומי אוגוסט ממשיכים לגדול גם אחרי סגירת החודש (חשבוניות מאוחרות שנרשמות בתחילת ספטמבר על תקופת אוגוסט). 6 מתוך 11 שורות זהות לחלוטין בין הקבצים (ללא שינוי: אילת BE, גוד פארם, גוד פארם מרכז, הפרכל הפרפארם, זיכויים BE, 0מפיצי משנה); 5 שורות עלו (0בתי מרקחת +4,922.3, 0פארמים +50,152.4, סופרפארם +46,493.6, שופרסל BE +3,658.8, 0קופות חולים +5,041.8; שורת המטה "Customers" עלתה מ-903,136.0 ל-963,252.5, הפרש +60,116.5). קובץ זה (טסט) משתמש ב-PPlay2 (המשיכה המאוחרת יותר, 02/09) כמקור הסמכותי לנתוני PPLAY1, ומוסיף לראשונה את שורת "זיכויים BE" (₪-17,252.0, זהה בשני הקבצים) — עד כה שורה זו הוחרגה כי שמה לא תאם אף ערך במקרא הקבוע; לפי הנחיה מפורשת של המשתמש (02/09/2026) היא נכללת כעת ומשויכת ל-BE (לקוח #7) בגיליון Pplay1, ומופחתת מסך ה-BE (הערך שלילי במקור, ולכן החיבור הרגיל ב-SUMIF מפחית אותו אוטומטית — אין צורך בלוגיקת חיסור נפרדת). ראו גיליון PPlay_diff להשוואה המלאה שורה-שורה בין שני הקבצים. הערת שקיפות טכנית: קובץ PPlay2 הגיע עם ערך צבע לא-תקני (rgb="auto") בתוך xl/styles.xml, שגרם ל-openpyxl לזרוק שגיאת קריאה — תוקן ידנית (הוחלף ל-FF000000) לפני הקריאה, ללא צורך ב-LibreOffice. גיליונות NetSuite_מקור ו-Amazon_מקור לא רועננו בקובץ טסט זה — לא נמסרו קבצי NetSuite/Amazon חדשים הפעם (רק שני קבצי PPlay); הם נשארו בדיוק כפי שהיו בקובץ 2026-08-31.xlsx (סגירת אוגוסט מלאה, MTD 1-31 באוגוסט) — לכן קובץ זה אינו "דוח יומי" מלא/עדכני, אלא בדיקה ממוקדת לזרימת PPLAY1+BE בלבד. מכר נטו = עמודה B × 0.91 (מקדם קבוע, מאושר ב-kirill.md). | B1: 2026/Aug (סכום גולמי, MTD) | C1: מכר נטו | D1: הערה
A2: 0בתי מרקחת | B2: 153826.9 | C2: =B2*0.91 -> 139982.48
A3: 0מפיצי משנה | B3: 687.8 | C3: =B3*0.91 -> 625.898
A4: 0פארמים | B4: 728176.7 | C4: =B4*0.91 -> 662640.8
A5: אילת BE | B5: 3583.7 | C5: =B5*0.91 -> 3261.167
A6: גוד פארם | B6: 58.9 | C6: =B6*0.91 -> 53.599
A7: גוד פארם מרכז | B7: 3566.8 | C7: =B7*0.91 -> 3245.788
A8: הפרכל הפרפארם | B8: 526.9 | C8: =B8*0.91 -> 479.479
A9: סופרפארם | B9: 647057.9 | C9: =B9*0.91 -> 588822.69
A10: שופרסל BE | B10: 90634.6 | C10: =B10*0.91 -> 82477.486
A11: 0קופות חולים | B11: 80561.1 | C11: =B11*0.91 -> 73310.601
A12: זיכויים BE | B12: -17252 | C12: =B12*0.91 -> -15699.32 | D12: נכלל לראשונה בקובץ זה (טסט, 02/09/2026), לפי הנחיה מפורשת של המשתמש: לשייך ל-BE (לקוח #7) בגיליון Pplay1 ולהפחית מסך ה-BE. בעבר הוחרג כי שמו לא תאם אף ערך במקרא. הערך שלילי במקור וזהה בין PPlay1 ל-PPlay2 (₪-17,252.0, ללא שינוי בין שתי המשיכות).

Sheet PPlay_diff
A1: השוואה בין שני קבצי המקור שנמסרו 02/09/2026: PPlay1.xlsx (16474ed3, נוצר 01/09/2026 07:55:23) מול PPlay2.xlsx (5f51f181, נוצר 02/09/2026 12:21:23). שניהם אותו דוח ("PPlay1 of uriel (Reporter)"), אותה תקופה מדווחת 2026/Aug — הפרש הזמן בין שתי המשיכות (כ-28 שעות) מסביר את העלייה בסכומים המצטברים (חשבוניות אוגוסט שנרשמו בתחילת ספטמבר). ערכי הקלט (עמודות B-C) הוזנו ידנית מהקבצים המקוריים (input, פונט כחול) — עמודת ההפרש (D) מחושבת בנוסחה חיה.
A2: קטגוריה | B2: PPlay1 (01/09 07:55) | C2: PPlay2 (02/09 12:21) | D2: הפרש (PPlay2-PPlay1) | E2: הערה
A3: Customers (שורת-אב, לא מסוכמת) | B3: 903136 | C3: 963252.5 | D3: =C3-B3 -> 60116.5 | E3: שורת מטה-דוח — אינה שווה לסכום שורות הקטגוריה (ר' PPLAY1_מקור)
A4: 0בתי מרקחת | B4: 148904.6 | C4: 153826.9 | D4: =C4-B4 -> 4922.3
A5: 0מפיצי משנה | B5: 687.8 | C5: 687.8 | D5: =C5-B5 -> 0 | E5: ללא שינוי
A6: 0פארמים | B6: 678024.3 | C6: 728176.7 | D6: =C6-B6 -> 50152.4
A7: אילת BE | B7: 3583.7 | C7: 3583.7 | D7: =C7-B7 -> 0 | E7: ללא שינוי
A8: גוד פארם | B8: 58.9 | C8: 58.9 | D8: =C8-B8 -> 0 | E8: ללא שינוי
A9: גוד פארם מרכז | B9: 3566.8 | C9: 3566.8 | D9: =C9-B9 -> 0 | E9: ללא שינוי
A10: הפרכל הפרפארם | B10: 526.9 | C10: 526.9 | D10: =C10-B10 -> 0 | E10: ללא שינוי
A11: זיכויים BE | B11: -17252 | C11: -17252 | D11: =C11-B11 -> 0 | E11: ללא שינוי — נכלל כעת (ר' Pplay1!A15, PPLAY1_מקור!A12)
A12: סופרפארם | B12: 600564.3 | C12: 647057.9 | D12: =C12-B12 -> 46493.6
A13: שופרסל BE | B13: 86975.8 | C13: 90634.6 | D13: =C13-B13 -> 3658.8
A14: 0קופות חולים | B14: 75519.3 | C14: 80561.1 | D14: =C14-B14 -> 5041.8
A16: סה"כ שורות קטגוריה (ללא "Customers") | B16: =SUM(B4:B14) -> 1581160.4 | C16: =SUM(C4:C14) -> 1691429.3 | D16: =SUM(D4:D14) -> 110268.9
A19: השפעת "זיכויים BE" על סך ה-BE (לקוח #7) — מכר נטו, מבוסס PPlay2 (הקובץ הראשי)
A20: BE לפני זיכויים (אילת+הפרכל+שופרסל), מכר נטו | B20: =Pplay1!H6+Pplay1!H9+Pplay1!H11 -> 86218.132
A21: זיכויים BE, מכר נטו (שלילי) | B21: =Pplay1!H15 -> -15699.32
A22: BE אחרי זיכויים, מכר נטו (= סה"כ!C5 בפועל) | B22: =SUMIF(Pplay1!$F$3:$F$15,7,Pplay1!$H$3:$H$15) -> 70518.812
A23: בדיקת עקביות: (לפני) + (זיכויים) - (אחרי) — חייב להיות 0 | B23: =B20+B21-B22 -> 0

Sheet NetSuite_מקור
A1: Source: CustomSalesbyCustomerSummary736.xls (e9fe2585), Meditex Group IL, Custom Sales by Customer Summary, 01 August 2026 - 31 August 2026 (סגירת אוגוסט מלאה), נמסר בבוקר שלמחרת (01/09/2026) ונשמר תחת תאריך התוכן 31/08/2026, לפי הבהרת המשתמש. הקובץ הוא בפועל SpreadsheetML XML עם סיומת .xls (לא בינארי) — נפרס ישירות עם xml.etree.ElementTree ללא צורך ב-LibreOffice (שבור בסביבה ברמת תשתית). נשלפו 16 שורות הסיכום (קטגוריה) שיש להן מכירות עד כה החודש, מתוך 28 הקטגוריות במקרא "ריכוז" (12 הקטגוריות הנותרות אין להן מכירות עדיין החודש — תקין ל-MTD, לא נתון חסר). לעומת 30/08, אותן 16 קטגוריות בדיוק — עלייה טבעית בסכומים המצטברים בכל השורות (כעת סגורים לכל החודש). לא יובאו שורות פירוט חשבוניות/לקוחות-בת מהדוח הגולמי (2,380 שורות בקובץ המקור), לפי מוסכמת עבודה. סה"כ שורת "Total" בדוח הגולמי המלא: ₪1,325,699.70 — תואם בדיוק לסכום 16 שורות הקטגוריה שנשלפו, ובוצעה גם בדיקה מלאה שאין שורת "Total -" נוספת מחוץ ל-28 המקרא — לא נמצאה חריגה.
A2: Customer | D2: Sales
A3: 102 - Orthopedic institutes | D3: 76847.55
A4: 111 - Superpharm Life | D4: 299421.55
A5: 103 - Physiotherapy institutes | D5: 10118.69
A6: 101 - Factory customers | D6: 4321.85
A7: 107 - Pharmacies | D7: 16310.32
A8: 112 - Kupat Holim Clalit | D8: 295436
A9: 114 - IL online | D9: 391167.74
A10: 115-SuperPharm Online | D10: 1484.7
A11: 202 - Super-Pharm POLAND | D11: 132101.57
A12: 214 - Alfred Gera& Sons Ltd. MALTA | D12: 26105.72
A13: 213 - E.f.m.o. SPAIN | D13: 18350.05
A14: 209 - Ortoprofil Prod ROMANIA | D14: 30237.69
... A18: 211 - Pharmag Lachmair Ges. Mbh AUSTRIA | D18: 10037.15

Sheet Amazon_מקור
A1: Source: צילום מסך שסופק על ידי המשתמש (ראובן), לוח בקרה Sellerboard "Month to date, 1-31 August 2026" (סגירת אוגוסט מלאה — נלקח בבוקר שלמחרת, 01/09/2026, ונשמר תחת תאריך התוכן 31/08/2026 לפי הבהרת המשתמש). אין קובץ תמונה מקורי בהישג יד — הנתונים נמסרו כתמלול טקסטואלי מדויק של צילום המסך בהודעת המשתמש (לא כקובץ מצורף). נתונים נוספים בצילום (לא בשימוש בנוסחה): Sales -8.2% מול תקופה קודמת, Orders/Units 2,333/2,396, Refunds 182, Est. payout $25,150.65, Gross profit $11,915.79, Net profit $11,915.79 (-2.8%) — כפי שמוצג בצילום המקור (Net profit זהה ל-Gross profit בתמונה, תמלול מדויק).
A2: תיאור | B2: סכום ($) | C2: הערה
A3: Sales | B3: 72936.43 | C3: משמש בנוסחת סהכ!C20: =(Sales+Refund cost)×3
A4: Refund cost | B4: -5405.68 | C4: מכפיל ×3 לפי הנחיית המשתמש (לא מתועד במקור התמונה)
