Workbook

Sheet סהכ
B1: דוח מכירות יולי 2026
A2: # | B2: 46238 | C2: 7.2026
A3: 5 | B3: סופר פארם לייף | C3: =IF(COUNTIF(Pplay1!$F$3:$F$14,A3)+COUNTIF(ריכוז!$B$3:$B$16,A3)=0,"",SUMIF(Pplay1!$F$3:$F$14,A3,Pplay1!$H$3:$H$14)+SUMIF(ריכוז!$B$3:$B$16,A3,ריכוז!$C$3:$C$16)) -> 73969
A4: 1 | B4: סופרפארם | C4: =IF(COUNTIF(Pplay1!$F$3:$F$14,A4)+COUNTIF(ריכוז!$B$3:$B$16,A4)=0,"",SUMIF(Pplay1!$F$3:$F$14,A4,Pplay1!$H$3:$H$14)+SUMIF(ריכוז!$B$3:$B$16,A4,ריכוז!$C$3:$C$16)) -> 453851.22
A5: 7 | B5: BE | C5: =IF(COUNTIF(Pplay1!$F$3:$F$14,A5)+COUNTIF(ריכוז!$B$3:$B$16,A5)=0,"",SUMIF(Pplay1!$F$3:$F$14,A5,Pplay1!$H$3:$H$14)+SUMIF(ריכוז!$B$3:$B$16,A5,ריכוז!$C$3:$C$16)) -> 72470.216
A6: 4 | B6: בתי מרקחת | C6: =IF(COUNTIF(Pplay1!$F$3:$F$14,A6)+COUNTIF(ריכוז!$B$3:$B$16,A6)=0,"",SUMIF(Pplay1!$F$3:$F$14,A6,Pplay1!$H$3:$H$14)+SUMIF(ריכוז!$B$3:$B$16,A6,ריכוז!$C$3:$C$16)) -> 152144.32
A7: 3 | B7: כללית | C7: =IF(COUNTIF(Pplay1!$F$3:$F$14,A7)+COUNTIF(ריכוז!$B$3:$B$16,A7)=0,"",SUMIF(Pplay1!$F$3:$F$14,A7,Pplay1!$H$3:$H$14)+SUMIF(ריכוז!$B$3:$B$16,A7,ריכוז!$C$3:$C$16)) -> 392888.3
A8: 8 | B8: מאוחדת | C8: =IF(COUNTIF(Pplay1!$F$3:$F$14,A8)+COUNTIF(ריכוז!$B$3:$B$16,A8)=0,"",SUMIF(Pplay1!$F$3:$F$14,A8,Pplay1!$H$3:$H$14)+SUMIF(ריכוז!$B$3:$B$16,A8,ריכוז!$C$3:$C$16)) -> 49165.266
A9: 6 | B9: מכוני אורטופדיה | C9: =IF(COUNTIF(Pplay1!$F$3:$F$14,A9)+COUNTIF(ריכוז!$B$3:$B$16,A9)=0,"",SUMIF(Pplay1!$F$3:$F$14,A9,Pplay1!$H$3:$H$14)+SUMIF(ריכוז!$B$3:$B$16,A9,ריכוז!$C$3:$C$16)) -> 65635.87
A10: 10 | B10: לקוחות מפעל | C10: =IF(COUNTIF(Pplay1!$F$3:$F$14,A10)+COUNTIF(ריכוז!$B$3:$B$16,A10)=0,"",SUMIF(Pplay1!$F$3:$F$14,A10,Pplay1!$H$3:$H$14)+SUMIF(ריכוז!$B$3:$B$16,A10,ריכוז!$C$3:$C$16)) -> 5105.8
A11: 11 | B11: חנויות פרטיות | C11: =IF(COUNTIF(Pplay1!$F$3:$F$14,A11)+COUNTIF(ריכוז!$B$3:$B$16,A11)=0,"",SUMIF(Pplay1!$F$3:$F$14,A11,Pplay1!$H$3:$H$14)+SUMIF(ריכוז!$B$3:$B$16,A11,ריכוז!$C$3:$C$16)) -> 3863.17
A12: 14 | B12: מכוני פדיקור | C12: =IF(COUNTIF(Pplay1!$F$3:$F$14,A12)+COUNTIF(ריכוז!$B$3:$B$16,A12)=0,"",SUMIF(Pplay1!$F$3:$F$14,A12,Pplay1!$H$3:$H$14)+SUMIF(ריכוז!$B$3:$B$16,A12,ריכוז!$C$3:$C$16))
A13: 15 | B13: חנויות נעליים | C13: =IF(COUNTIF(Pplay1!$F$3:$F$14,A13)+COUNTIF(ריכוז!$B$3:$B$16,A13)=0,"",SUMIF(Pplay1!$F$3:$F$14,A13,Pplay1!$H$3:$H$14)+SUMIF(ריכוז!$B$3:$B$16,A13,ריכוז!$C$3:$C$16))
A14: 13 | B14: בתי חולים ושרות | C14: =IF(COUNTIF(Pplay1!$F$3:$F$14,A14)+COUNTIF(ריכוז!$B$3:$B$16,A14)=0,"",SUMIF(Pplay1!$F$3:$F$14,A14,Pplay1!$H$3:$H$14)+SUMIF(ריכוז!$B$3:$B$16,A14,ריכוז!$C$3:$C$16)) -> 478.2
A15: 9 | B15: מכוני פיזיותרפיה | C15: =IF(COUNTIF(Pplay1!$F$3:$F$14,A15)+COUNTIF(ריכוז!$B$3:$B$16,A15)=0,"",SUMIF(Pplay1!$F$3:$F$14,A15,Pplay1!$H$3:$H$14)+SUMIF(ריכוז!$B$3:$B$16,A15,ריכוז!$C$3:$C$16)) -> 10025.73
B16: סה"כ ישראל ללא אונליין | C16: =SUM(C3:C15) -> 1279597.1
A17: 2 | B17: לקוחות אינטרנט | C17: =IF(COUNTIF(Pplay1!$F$3:$F$14,A17)+COUNTIF(ריכוז!$B$3:$B$16,A17)=0,"",SUMIF(Pplay1!$F$3:$F$14,A17,Pplay1!$H$3:$H$14)+SUMIF(ריכוז!$B$3:$B$16,A17,ריכוז!$C$3:$C$16)) -> 398018.33
A18: 12 | B18: סופר פארם מרקט פלייס | C18: =IF(COUNTIF(Pplay1!$F$3:$F$14,A18)+COUNTIF(ריכוז!$B$3:$B$16,A18)=0,"",SUMIF(Pplay1!$F$3:$F$14,A18,Pplay1!$H$3:$H$14)+SUMIF(ריכוז!$B$3:$B$16,A18,ריכוז!$C$3:$C$16)) -> 1741.74
B19: סה"כ ישראל | C19: =C18+C17+C16 -> 1679357.2
A20: 50 | B20: AMAZON | C20: =(Amazon_מקור!B3+Amazon_מקור!B4)*3 -> 223994.55
A21: 20 | B21: SUPER PHARM POLAND | C21: =IF(COUNTIF(Pplay1!$F$3:$F$14,A21)+COUNTIF(ריכוז!$B$3:$B$16,A21)=0,"",SUMIF(Pplay1!$F$3:$F$14,A21,Pplay1!$H$3:$H$14)+SUMIF(ריכוז!$B$3:$B$16,A21,ריכוז!$C$3:$C$16))
A22: 21 | B22: ORTHO- PARTNER AG. | C22: =IF(COUNTIF(Pplay1!$F$3:$F$14,A22)+COUNTIF(ריכוז!$B$3:$B$16,A22)=0,"",SUMIF(Pplay1!$F$3:$F$14,A22,Pplay1!$H$3:$H$14)+SUMIF(ריכוז!$B$3:$B$16,A22,ריכוז!$C$3:$C$16))
A23: 22 | B23: SANAFLEX ANATOMIC | C23: =IF(COUNTIF(Pplay1!$F$3:$F$14,A23)+COUNTIF(ריכוז!$B$3:$B$16,A23)=0,"",SUMIF(Pplay1!$F$3:$F$14,A23,Pplay1!$H$3:$H$14)+SUMIF(ריכוז!$B$3:$B$16,A23,ריכוז!$C$3:$C$16))
A24: 23 | B24: HEALTH CARE PROD. GMBH | C24: =IF(COUNTIF(Pplay1!$F$3:$F$14,A24)+COUNTIF(ריכוז!$B$3:$B$16,A24)=0,"",SUMIF(Pplay1!$F$3:$F$14,A24,Pplay1!$H$3:$H$14)+SUMIF(ריכוז!$B$3:$B$16,A24,ריכוז!$C$3:$C$16)) -> 19451.36
A25: 24 | B25: ORTHOMED LTD | C25: =IF(COUNTIF(Pplay1!$F$3:$F$14,A25)+COUNTIF(ריכוז!$B$3:$B$16,A25)=0,"",SUMIF(Pplay1!$F$3:$F$14,A25,Pplay1!$H$3:$H$14)+SUMIF(ריכוז!$B$3:$B$16,A25,ריכוז!$C$3:$C$16))
A26: 25 | B26: SALUS | C26: =IF(COUNTIF(Pplay1!$F$3:$F$14,A26)+COUNTIF(ריכוז!$B$3:$B$16,A26)=0,"",SUMIF(Pplay1!$F$3:$F$14,A26,Pplay1!$H$3:$H$14)+SUMIF(ריכוז!$B$3:$B$16,A26,ריכוז!$C$3:$C$16)) -> 221407.78
A27: 26 | B27: MAX KONNARIS LTD | C27: =IF(COUNTIF(Pplay1!$F$3:$F$14,A27)+COUNTIF(ריכוז!$B$3:$B$16,A27)=0,"",SUMIF(Pplay1!$F$3:$F$14,A27,Pplay1!$H$3:$H$14)+SUMIF(ריכוז!$B$3:$B$16,A27,ריכוז!$C$3:$C$16))
A28: 27 | B28: MEDIPAL COMPANY | C28: =IF(COUNTIF(Pplay1!$F$3:$F$14,A28)+COUNTIF(ריכוז!$B$3:$B$16,A28)=0,"",SUMIF(Pplay1!$F$3:$F$14,A28,Pplay1!$H$3:$H$14)+SUMIF(ריכוז!$B$3:$B$16,A28,ריכוז!$C$3:$C$16))
A29: 28 | B29: ORTOPROFIL PROD. ROMANIA | C29: =IF(COUNTIF(Pplay1!$F$3:$F$14,A29)+COUNTIF(ריכוז!$B$3:$B$16,A29)=0,"",SUMIF(Pplay1!$F$3:$F$14,A29,Pplay1!$H$3:$H$14)+SUMIF(ריכוז!$B$3:$B$16,A29,ריכוז!$C$3:$C$16)) -> 41960.14
A30: 29 | B30: OY. EA. AB. | C30: =IF(COUNTIF(Pplay1!$F$3:$F$14,A30)+COUNTIF(ריכוז!$B$3:$B$16,A30)=0,"",SUMIF(Pplay1!$F$3:$F$14,A30,Pplay1!$H$3:$H$14)+SUMIF(ריכוז!$B$3:$B$16,A30,ריכוז!$C$3:$C$16))
A31: 30 | B31: SEVEN GEAR | C31: =IF(COUNTIF(Pplay1!$F$3:$F$14,A31)+COUNTIF(ריכוז!$B$3:$B$16,A31)=0,"",SUMIF(Pplay1!$F$3:$F$14,A31,Pplay1!$H$3:$H$14)+SUMIF(ריכוז!$B$3:$B$16,A31,ריכוז!$C$3:$C$16))
A32: 31 | B32: PHARMAG LACHMAIR GES. MBH | C32: =IF(COUNTIF(Pplay1!$F$3:$F$14,A32)+COUNTIF(ריכוז!$B$3:$B$16,A32)=0,"",SUMIF(Pplay1!$F$3:$F$14,A32,Pplay1!$H$3:$H$14)+SUMIF(ריכוז!$B$3:$B$16,A32,ריכוז!$C$3:$C$16))
... A39: 36 | B39: NEW DISTRIBUTORS | C39: =IF(COUNTIF(Pplay1!$F$3:$F$14,A39)+COUNTIF(ריכוז!$B$3:$B$16,A39)=0,"",SUMIF(Pplay1!$F$3:$F$14,A39,Pplay1!$H$3:$H$14)+SUMIF(ריכוז!$B$3:$B$16,A39,ריכוז!$C$3:$C$16))
B40: סה"כ חו"ל | C40: =SUM(C20:C39) -> 506813.83
B41: סה"כ מכירות | C41: =C40+C19 -> 2186171

Sheet PPLAY1_מקור
A1: תיאור | B1: 2026/Jul (סכום גולמי) | C1: מכר נטו | D1: הערה
A2: Customers | B2: 787381.7 | C2: =B2*0.91 -> 716517.35 | D2: Source: PPlay0208 - שוחזר מהמקור.xlsx (גיליון Pplay1). מכר נטו = עמודה B × 0.91 (מקדם לפי הנחיית המשתמש). עדכון: המקדם תוקן מ-0.89 (שגוי, בגרסה קודמת) ל-0.91 (הערך הנכון) — בבנייה מחדש מלאה של דוח יולי 2026.
A3: 0בתי מרקחת | B3: 149239.8 | C3: =B3*0.91 -> 135808.22
A4: 0מפיצי משנה | B4: 703.1 | C4: =B4*0.91 -> 639.821
A5: 0פארמים | B5: 579463.6 | C5: =B5*0.91 -> 527311.88
A6: אילת BE | B6: 7133 | C6: =B6*0.91 -> 6491.03
A7: גוד פארם | B7: 895.1 | C7: =B7*0.91 -> 814.541
A8: גוד פארם מרכז | B8: 193.3 | C8: =B8*0.91 -> 175.903
A9: הפרכל הפרפארם | B9: 612.2 | C9: =B9*0.91 -> 557.102
A10: סופרפארם | B10: 498737.6 | C10: =B10*0.91 -> 453851.22
A11: שופרסל BE | B11: 71892.4 | C11: =B11*0.91 -> 65422.084
A12: 0צרכנים פרטיים | B12: 74.3 | C12: =B12*0.91 -> 67.613
A13: 0קופות חולים | B13: 58724.6 | C13: =B13*0.91 -> 53439.386
A14: 0שונות | B14: -823.8 | C14: =B14*0.91 -> -749.658

Sheet NetSuite_מקור
A1: Source: CustomSalesbyCustomerSummary497.xlsx (Meditex Group IL, Custom Sales by Customer Summary, 01 July 2026 - 31 July 2026) — נשלפו רק 14 שורות הסיכום (קטגוריה) התואמות Exact Match למקרא בגיליון "ריכוז". לא יובאו שורות פירוט חשבוניות/לקוחות-בת מהדוח הגולמי, לפי מוסכמת עבודה. סה"כ הדוח הגולמי המלא (כל השורות, כולל אלה שלא נשלפות לכאן): 1,245,659.18.
A2: Customer | D2: Sales
A3: 102 - Orthopedic institutes | D3: 65635.87
A4: 111 - Superpharm Life | D4: 73969
A5: 103 - Physiotherapy institutes | D5: 10025.73
A6: 109 - Private Shops | D6: 3863.17
A7: 101 - Factory customers | D7: 5105.8
A8: 107 - Pharmacies | D8: 15387.88
A9: 106 - Hospitals | D9: 478.2
A10: 113 - Kupat Holim Meuhedet | D10: -4274.12
A11: 112 - Kupat Holim Clalit | D11: 392888.3
A12: 114 - IL online | D12: 398018.33
A13: 115-SuperPharm Online | D13: 1741.74
A14: 205 - Health Care Prod. Gmbh GERMANY | D14: 19451.36
... A16: 209 - Ortoprofil Prod ROMANIA | D16: 41960.14

Sheet Amazon_מקור
A1: Source: צילום מסך שסופק על ידי המשתמש, לוח בקרה Amazon Seller Central (Sales / Refund cost), נמסר 02/08/2026. אין קובץ מקור — נתון ידני מתועד. Refund cost השתנה מול הריצה הקודמת (01/08/2026): היה -5,069.77, כעת -4,974.75. Sales זהה: 79,639.60. בבנייה מחדש זו (04/08/2026) לא נמסרו קובץ/תמונה חדשים — נעשה שימוש חוזר באותם ערכים שנמסרו ב-02/08/2026.
A2: תיאור | B2: סכום ($) | C2: הערה
A3: Sales | B3: 79639.6 | C3: משמש בנוסחת סהכ!C20: =(Sales+Refund cost)×3
A4: Refund cost | B4: -4974.75 | C4: מכפיל ×3 לפי הנחיית המשתמש (לא מתועד במקור התמונה)

Sheet Pplay1
A1: מקרא | F1: עמודות מחושבות (נוספו)
B2: בתי מרקחת | C2: BE | D2: סופר פארם | E2: מאוחדת | F2: לקוח # | G2: סכום גולמי (PPLAY1) | H2: מכר נטו
A3: 0בתי מרקחת | B3: 4 | F3: =IF(B3<>"",B3,IF(C3<>"",C3,IF(D3<>"",D3,IF(E3<>"",E3,"")))) -> 4 | G3: =IFERROR(INDEX(PPLAY1_מקור!$B:$B,MATCH(A3,PPLAY1_מקור!$A:$A,0)),"") -> 149239.8 | H3: =IF(G3="","",G3*0.91) -> 135808.22
A4: 0מפיצי משנה | B4: 4 | F4: =IF(B4<>"",B4,IF(C4<>"",C4,IF(D4<>"",D4,IF(E4<>"",E4,"")))) -> 4 | G4: =IFERROR(INDEX(PPLAY1_מקור!$B:$B,MATCH(A4,PPLAY1_מקור!$A:$A,0)),"") -> 703.1 | H4: =IF(G4="","",G4*0.91) -> 639.821
A5: 0פארמים | F5: =IF(B5<>"",B5,IF(C5<>"",C5,IF(D5<>"",D5,IF(E5<>"",E5,"")))) | G5: =IFERROR(INDEX(PPLAY1_מקור!$B:$B,MATCH(A5,PPLAY1_מקור!$A:$A,0)),"") -> 579463.6 | H5: =IF(G5="","",G5*0.91) -> 527311.88
A6: אילת BE | C6: 7 | F6: =IF(B6<>"",B6,IF(C6<>"",C6,IF(D6<>"",D6,IF(E6<>"",E6,"")))) -> 7 | G6: =IFERROR(INDEX(PPLAY1_מקור!$B:$B,MATCH(A6,PPLAY1_מקור!$A:$A,0)),"") -> 7133 | H6: =IF(G6="","",G6*0.91) -> 6491.03
A7: גוד פארם | B7: 4 | F7: =IF(B7<>"",B7,IF(C7<>"",C7,IF(D7<>"",D7,IF(E7<>"",E7,"")))) -> 4 | G7: =IFERROR(INDEX(PPLAY1_מקור!$B:$B,MATCH(A7,PPLAY1_מקור!$A:$A,0)),"") -> 895.1 | H7: =IF(G7="","",G7*0.91) -> 814.541
A8: גוד פארם מרכז | B8: 4 | F8: =IF(B8<>"",B8,IF(C8<>"",C8,IF(D8<>"",D8,IF(E8<>"",E8,"")))) -> 4 | G8: =IFERROR(INDEX(PPLAY1_מקור!$B:$B,MATCH(A8,PPLAY1_מקור!$A:$A,0)),"") -> 193.3 | H8: =IF(G8="","",G8*0.91) -> 175.903
A9: הפרכל הפרפארם | C9: 7 | F9: =IF(B9<>"",B9,IF(C9<>"",C9,IF(D9<>"",D9,IF(E9<>"",E9,"")))) -> 7 | G9: =IFERROR(INDEX(PPLAY1_מקור!$B:$B,MATCH(A9,PPLAY1_מקור!$A:$A,0)),"") -> 612.2 | H9: =IF(G9="","",G9*0.91) -> 557.102
A10: סופרפארם | D10: 1 | F10: =IF(B10<>"",B10,IF(C10<>"",C10,IF(D10<>"",D10,IF(E10<>"",E10,"")))) -> 1 | G10: =IFERROR(INDEX(PPLAY1_מקור!$B:$B,MATCH(A10,PPLAY1_מקור!$A:$A,0)),"") -> 498737.6 | H10: =IF(G10="","",G10*0.91) -> 453851.22
A11: שופרסל BE | C11: 7 | F11: =IF(B11<>"",B11,IF(C11<>"",C11,IF(D11<>"",D11,IF(E11<>"",E11,"")))) -> 7 | G11: =IFERROR(INDEX(PPLAY1_מקור!$B:$B,MATCH(A11,PPLAY1_מקור!$A:$A,0)),"") -> 71892.4 | H11: =IF(G11="","",G11*0.91) -> 65422.084
A12: 0צרכנים פרטיים | B12: 4 | F12: =IF(B12<>"",B12,IF(C12<>"",C12,IF(D12<>"",D12,IF(E12<>"",E12,"")))) -> 4 | G12: =IFERROR(INDEX(PPLAY1_מקור!$B:$B,MATCH(A12,PPLAY1_מקור!$A:$A,0)),"") -> 74.3 | H12: =IF(G12="","",G12*0.91) -> 67.613
A13: 0קופות חולים | E13: 8 | F13: =IF(B13<>"",B13,IF(C13<>"",C13,IF(D13<>"",D13,IF(E13<>"",E13,"")))) -> 8 | G13: =IFERROR(INDEX(PPLAY1_מקור!$B:$B,MATCH(A13,PPLAY1_מקור!$A:$A,0)),"") -> 58724.6 | H13: =IF(G13="","",G13*0.91) -> 53439.386
A14: 0שונות | B14: 4 | F14: =IF(B14<>"",B14,IF(C14<>"",C14,IF(D14<>"",D14,IF(E14<>"",E14,"")))) -> 4 | G14: =IFERROR(INDEX(PPLAY1_מקור!$B:$B,MATCH(A14,PPLAY1_מקור!$A:$A,0)),"") -> -823.8 | H14: =IF(G14="","",G14*0.91) -> -749.658

Sheet ריכוז
A1: מקרא | C1: סכום מכירות (NetSuite)
A3: 102 - Orthopedic institutes | B3: 6 | C3: =IFERROR(INDEX(NetSuite_מקור!$D:$D,MATCH(A3,NetSuite_מקור!$A:$A,0)),"") -> 65635.87
A4: 111 - Superpharm Life | B4: 5 | C4: =IFERROR(INDEX(NetSuite_מקור!$D:$D,MATCH(A4,NetSuite_מקור!$A:$A,0)),"") -> 73969
A5: 103 - Physiotherapy institutes | B5: 9 | C5: =IFERROR(INDEX(NetSuite_מקור!$D:$D,MATCH(A5,NetSuite_מקור!$A:$A,0)),"") -> 10025.73
A6: 109 - Private Shops | B6: 11 | C6: =IFERROR(INDEX(NetSuite_מקור!$D:$D,MATCH(A6,NetSuite_מקור!$A:$A,0)),"") -> 3863.17
A7: 101 - Factory customers | B7: 10 | C7: =IFERROR(INDEX(NetSuite_מקור!$D:$D,MATCH(A7,NetSuite_מקור!$A:$A,0)),"") -> 5105.8
A8: 107 - Pharmacies | B8: 4 | C8: =IFERROR(INDEX(NetSuite_מקור!$D:$D,MATCH(A8,NetSuite_מקור!$A:$A,0)),"") -> 15387.88
A9: 106 - Hospitals | B9: 13 | C9: =IFERROR(INDEX(NetSuite_מקור!$D:$D,MATCH(A9,NetSuite_מקור!$A:$A,0)),"") -> 478.2
A10: 113 - Kupat Holim Meuhedet | B10: 8 | C10: =IFERROR(INDEX(NetSuite_מקור!$D:$D,MATCH(A10,NetSuite_מקור!$A:$A,0)),"") -> -4274.12
A11: 112 - Kupat Holim Clalit | B11: 3 | C11: =IFERROR(INDEX(NetSuite_מקור!$D:$D,MATCH(A11,NetSuite_מקור!$A:$A,0)),"") -> 392888.3
A12: 114 - IL online | B12: 2 | C12: =IFERROR(INDEX(NetSuite_מקור!$D:$D,MATCH(A12,NetSuite_מקור!$A:$A,0)),"") -> 398018.33
A13: 115-SuperPharm Online | B13: 12 | C13: =IFERROR(INDEX(NetSuite_מקור!$D:$D,MATCH(A13,NetSuite_מקור!$A:$A,0)),"") -> 1741.74
A14: 205 - Health Care Prod. Gmbh GERMANY | B14: 23 | C14: =IFERROR(INDEX(NetSuite_מקור!$D:$D,MATCH(A14,NetSuite_מקור!$A:$A,0)),"") -> 19451.36
... A16: 209 - Ortoprofil Prod ROMANIA | B16: 28 | C16: =IFERROR(INDEX(NetSuite_מקור!$D:$D,MATCH(A16,NetSuite_מקור!$A:$A,0)),"") -> 41960.14
